ISO-10303-21;
HEADER;
FILE_DESCRIPTION(('KiCad electronic assembly'),'2;1');
FILE_NAME('lux_et_portabilis.step','2026-03-05T00:33:31',('Pcbnew'),(
    'Kicad'),'Open CASCADE STEP processor 7.9','KiCad to STEP converter'
  ,'Unknown');
FILE_SCHEMA(('AUTOMOTIVE_DESIGN { 1 0 10303 214 1 1 1 1 }'));
ENDSEC;
DATA;
#1 = APPLICATION_PROTOCOL_DEFINITION('international standard',
  'automotive_design',2000,#2);
#2 = APPLICATION_CONTEXT(
  'core data for automotive mechanical design processes');
#3 = SHAPE_DEFINITION_REPRESENTATION(#4,#10);
#4 = PRODUCT_DEFINITION_SHAPE('','',#5);
#5 = PRODUCT_DEFINITION('design','',#6,#9);
#6 = PRODUCT_DEFINITION_FORMATION('','',#7);
#7 = PRODUCT('lux_et_portabilis 1','lux_et_portabilis 1','',(#8));
#8 = PRODUCT_CONTEXT('',#2,'mechanical');
#9 = PRODUCT_DEFINITION_CONTEXT('part definition',#2,'design');
#10 = SHAPE_REPRESENTATION('',(#11,#15,#19,#23,#27,#31,#35,#39,#43,#47,
    #51,#55,#59,#63,#67,#71,#75,#79,#83,#87,#91,#95,#99,#103,#107),#111
  );
#11 = AXIS2_PLACEMENT_3D('',#12,#13,#14);
#12 = CARTESIAN_POINT('',(0.,0.,0.));
#13 = DIRECTION('',(0.,0.,1.));
#14 = DIRECTION('',(1.,0.,-0.));
#15 = AXIS2_PLACEMENT_3D('',#16,#17,#18);
#16 = CARTESIAN_POINT('',(48.2,-15.05,1.595));
#17 = DIRECTION('',(-0.,0.,1.));
#18 = DIRECTION('',(1.110223024625E-16,-1.,0.));
#19 = AXIS2_PLACEMENT_3D('',#20,#21,#22);
#20 = CARTESIAN_POINT('',(8.2,-31.6,1.595));
#21 = DIRECTION('',(0.,-0.,1.));
#22 = DIRECTION('',(1.110223024625E-16,1.,0.));
#23 = AXIS2_PLACEMENT_3D('',#24,#25,#26);
#24 = CARTESIAN_POINT('',(22.95,-5.1,1.595));
#25 = DIRECTION('',(0.,0.,1.));
#26 = DIRECTION('',(1.,0.,0.));
#27 = AXIS2_PLACEMENT_3D('',#28,#29,#30);
#28 = CARTESIAN_POINT('',(14.0125,-18.1,1.595));
#29 = DIRECTION('',(0.,0.,1.));
#30 = DIRECTION('',(-1.,1.224646799147E-16,0.));
#31 = AXIS2_PLACEMENT_3D('',#32,#33,#34);
#32 = CARTESIAN_POINT('',(13.5125,-20.9,1.595));
#33 = DIRECTION('',(0.,0.,1.));
#34 = DIRECTION('',(-1.,1.224646799147E-16,0.));
#35 = AXIS2_PLACEMENT_3D('',#36,#37,#38);
#36 = CARTESIAN_POINT('',(14.5,-33.925,1.595));
#37 = DIRECTION('',(-0.,0.,1.));
#38 = DIRECTION('',(1.110223024625E-16,-1.,0.));
#39 = AXIS2_PLACEMENT_3D('',#40,#41,#42);
#40 = CARTESIAN_POINT('',(20.6,-10.,1.595));
#41 = DIRECTION('',(0.,0.,1.));
#42 = DIRECTION('',(1.,0.,0.));
#43 = AXIS2_PLACEMENT_3D('',#44,#45,#46);
#44 = CARTESIAN_POINT('',(8.4,-15.5,1.595));
#45 = DIRECTION('',(0.,-0.,1.));
#46 = DIRECTION('',(1.110223024625E-16,1.,0.));
#47 = AXIS2_PLACEMENT_3D('',#48,#49,#50);
#48 = CARTESIAN_POINT('',(14.,-12.9625,1.595));
#49 = DIRECTION('',(0.,-0.,1.));
#50 = DIRECTION('',(1.110223024625E-16,1.,0.));
#51 = AXIS2_PLACEMENT_3D('',#52,#53,#54);
#52 = CARTESIAN_POINT('',(47.0125,-21.,1.595));
#53 = DIRECTION('',(0.,0.,1.));
#54 = DIRECTION('',(-1.,1.224646799147E-16,0.));
#55 = AXIS2_PLACEMENT_3D('',#56,#57,#58);
#56 = CARTESIAN_POINT('',(45.9125,-18.6,1.595));
#57 = DIRECTION('',(0.,0.,1.));
#58 = DIRECTION('',(-1.,1.224646799147E-16,0.));
#59 = AXIS2_PLACEMENT_3D('',#60,#61,#62);
#60 = CARTESIAN_POINT('',(20.9875,-15.5,1.595));
#61 = DIRECTION('',(0.,0.,1.));
#62 = DIRECTION('',(-1.,1.224646799147E-16,0.));
#63 = AXIS2_PLACEMENT_3D('',#64,#65,#66);
#64 = CARTESIAN_POINT('',(11.6125,-10.7,1.595));
#65 = DIRECTION('',(0.,0.,1.));
#66 = DIRECTION('',(1.,0.,0.));
#67 = AXIS2_PLACEMENT_3D('',#68,#69,#70);
#68 = CARTESIAN_POINT('',(17.6,-24.4125,1.595));
#69 = DIRECTION('',(0.,-0.,1.));
#70 = DIRECTION('',(1.110223024625E-16,1.,0.));
#71 = AXIS2_PLACEMENT_3D('',#72,#73,#74);
#72 = CARTESIAN_POINT('',(20.,-34.2,1.595));
#73 = DIRECTION('',(-0.,0.,1.));
#74 = DIRECTION('',(1.110223024625E-16,-1.,0.));
#75 = AXIS2_PLACEMENT_3D('',#76,#77,#78);
#76 = CARTESIAN_POINT('',(0.7,-8.,1.595));
#77 = DIRECTION('',(0.,0.,1.));
#78 = DIRECTION('',(1.,0.,0.));
#79 = AXIS2_PLACEMENT_3D('',#80,#81,#82);
#80 = CARTESIAN_POINT('',(2.9,-26.,1.595));
#81 = DIRECTION('',(0.,-0.,1.));
#82 = DIRECTION('',(1.110223024625E-16,1.,0.));
#83 = AXIS2_PLACEMENT_3D('',#84,#85,#86);
#84 = CARTESIAN_POINT('',(20.9875,-18.,1.595));
#85 = DIRECTION('',(0.,0.,1.));
#86 = DIRECTION('',(-1.,1.224646799147E-16,0.));
#87 = AXIS2_PLACEMENT_3D('',#88,#89,#90);
#88 = CARTESIAN_POINT('',(48.2,-27.45,1.595));
#89 = DIRECTION('',(-0.,0.,1.));
#90 = DIRECTION('',(1.110223024625E-16,-1.,0.));
#91 = AXIS2_PLACEMENT_3D('',#92,#93,#94);
#92 = CARTESIAN_POINT('',(14.0125,-16.1,1.595));
#93 = DIRECTION('',(0.,0.,1.));
#94 = DIRECTION('',(1.,0.,0.));
#95 = AXIS2_PLACEMENT_3D('',#96,#97,#98);
#96 = CARTESIAN_POINT('',(8.2,-26.05,1.595));
#97 = DIRECTION('',(0.,-0.,1.));
#98 = DIRECTION('',(1.110223024625E-16,1.,0.));
#99 = AXIS2_PLACEMENT_3D('',#100,#101,#102);
#100 = CARTESIAN_POINT('',(19.05,-6.,1.595));
#101 = DIRECTION('',(0.,0.,1.));
#102 = DIRECTION('',(1.,0.,0.));
#103 = AXIS2_PLACEMENT_3D('',#104,#105,#106);
#104 = CARTESIAN_POINT('',(11.8,-33.925,1.595));
#105 = DIRECTION('',(-0.,0.,1.));
#106 = DIRECTION('',(1.110223024625E-16,-1.,0.));
#107 = AXIS2_PLACEMENT_3D('',#108,#109,#110);
#108 = CARTESIAN_POINT('',(0.,0.,0.));
#109 = DIRECTION('',(0.,0.,1.));
#110 = DIRECTION('',(1.,0.,-0.));
#111 = ( GEOMETRIC_REPRESENTATION_CONTEXT(3) 
GLOBAL_UNCERTAINTY_ASSIGNED_CONTEXT((#115)) GLOBAL_UNIT_ASSIGNED_CONTEXT
((#112,#113,#114)) REPRESENTATION_CONTEXT('Context #1',
  '3D Context with UNIT and UNCERTAINTY') );
#112 = ( LENGTH_UNIT() NAMED_UNIT(*) SI_UNIT(.MILLI.,.METRE.) );
#113 = ( NAMED_UNIT(*) PLANE_ANGLE_UNIT() SI_UNIT($,.RADIAN.) );
#114 = ( NAMED_UNIT(*) SI_UNIT($,.STERADIAN.) SOLID_ANGLE_UNIT() );
#115 = UNCERTAINTY_MEASURE_WITH_UNIT(LENGTH_MEASURE(2.E-07),#112,
  'distance_accuracy_value','confusion accuracy');
#116 = PRODUCT_RELATED_PRODUCT_CATEGORY('part',$,(#7));
#117 = SHAPE_DEFINITION_REPRESENTATION(#118,#124);
#118 = PRODUCT_DEFINITION_SHAPE('','',#119);
#119 = PRODUCT_DEFINITION('design','',#120,#123);
#120 = PRODUCT_DEFINITION_FORMATION('','',#121);
#121 = PRODUCT('C_0805_2012Metric','C_0805_2012Metric','',(#122));
#122 = PRODUCT_CONTEXT('',#2,'mechanical');
#123 = PRODUCT_DEFINITION_CONTEXT('part definition',#2,'design');
#124 = ADVANCED_BREP_SHAPE_REPRESENTATION('',(#11,#125),#979);
#125 = MANIFOLD_SOLID_BREP('',#126);
#126 = CLOSED_SHELL('',(#127,#203,#234,#259,#284,#308,#332,#357,#382,
    #399,#485,#517,#541,#566,#590,#615,#639,#664,#681,#767,#798,#823,
    #848,#872,#896,#921,#946,#963));
#127 = ADVANCED_FACE('',(#128),#198,.F.);
#128 = FACE_BOUND('',#129,.F.);
#129 = EDGE_LOOP('',(#130,#140,#149,#157,#166,#174,#183,#191));
#130 = ORIENTED_EDGE('',*,*,#131,.F.);
#131 = EDGE_CURVE('',#132,#134,#136,.T.);
#132 = VERTEX_POINT('',#133);
#133 = CARTESIAN_POINT('',(-1.,-0.625,4.E-02));
#134 = VERTEX_POINT('',#135);
#135 = CARTESIAN_POINT('',(-1.,-0.625,1.21));
#136 = LINE('',#137,#138);
#137 = CARTESIAN_POINT('',(-1.,-0.625,0.));
#138 = VECTOR('',#139,1.);
#139 = DIRECTION('',(0.,0.,1.));
#140 = ORIENTED_EDGE('',*,*,#141,.T.);
#141 = EDGE_CURVE('',#132,#142,#144,.T.);
#142 = VERTEX_POINT('',#143);
#143 = CARTESIAN_POINT('',(-1.,-0.585,0.));
#144 = CIRCLE('',#145,4.E-02);
#145 = AXIS2_PLACEMENT_3D('',#146,#147,#148);
#146 = CARTESIAN_POINT('',(-1.,-0.585,4.E-02));
#147 = DIRECTION('',(1.,0.,-0.));
#148 = DIRECTION('',(0.,0.,1.));
#149 = ORIENTED_EDGE('',*,*,#150,.T.);
#150 = EDGE_CURVE('',#142,#151,#153,.T.);
#151 = VERTEX_POINT('',#152);
#152 = CARTESIAN_POINT('',(-1.,0.585,0.));
#153 = LINE('',#154,#155);
#154 = CARTESIAN_POINT('',(-1.,-0.625,0.));
#155 = VECTOR('',#156,1.);
#156 = DIRECTION('',(0.,1.,0.));
#157 = ORIENTED_EDGE('',*,*,#158,.F.);
#158 = EDGE_CURVE('',#159,#151,#161,.T.);
#159 = VERTEX_POINT('',#160);
#160 = CARTESIAN_POINT('',(-1.,0.625,4.E-02));
#161 = CIRCLE('',#162,4.E-02);
#162 = AXIS2_PLACEMENT_3D('',#163,#164,#165);
#163 = CARTESIAN_POINT('',(-1.,0.585,4.E-02));
#164 = DIRECTION('',(-1.,0.,0.));
#165 = DIRECTION('',(0.,0.,1.));
#166 = ORIENTED_EDGE('',*,*,#167,.T.);
#167 = EDGE_CURVE('',#159,#168,#170,.T.);
#168 = VERTEX_POINT('',#169);
#169 = CARTESIAN_POINT('',(-1.,0.625,1.21));
#170 = LINE('',#171,#172);
#171 = CARTESIAN_POINT('',(-1.,0.625,0.));
#172 = VECTOR('',#173,1.);
#173 = DIRECTION('',(0.,0.,1.));
#174 = ORIENTED_EDGE('',*,*,#175,.T.);
#175 = EDGE_CURVE('',#168,#176,#178,.T.);
#176 = VERTEX_POINT('',#177);
#177 = CARTESIAN_POINT('',(-1.,0.585,1.25));
#178 = CIRCLE('',#179,4.E-02);
#179 = AXIS2_PLACEMENT_3D('',#180,#181,#182);
#180 = CARTESIAN_POINT('',(-1.,0.585,1.21));
#181 = DIRECTION('',(1.,0.,-0.));
#182 = DIRECTION('',(0.,0.,1.));
#183 = ORIENTED_EDGE('',*,*,#184,.F.);
#184 = EDGE_CURVE('',#185,#176,#187,.T.);
#185 = VERTEX_POINT('',#186);
#186 = CARTESIAN_POINT('',(-1.,-0.585,1.25));
#187 = LINE('',#188,#189);
#188 = CARTESIAN_POINT('',(-1.,-0.625,1.25));
#189 = VECTOR('',#190,1.);
#190 = DIRECTION('',(0.,1.,0.));
#191 = ORIENTED_EDGE('',*,*,#192,.F.);
#192 = EDGE_CURVE('',#134,#185,#193,.T.);
#193 = CIRCLE('',#194,4.E-02);
#194 = AXIS2_PLACEMENT_3D('',#195,#196,#197);
#195 = CARTESIAN_POINT('',(-1.,-0.585,1.21));
#196 = DIRECTION('',(-1.,0.,0.));
#197 = DIRECTION('',(0.,0.,1.));
#198 = PLANE('',#199);
#199 = AXIS2_PLACEMENT_3D('',#200,#201,#202);
#200 = CARTESIAN_POINT('',(-1.,-0.625,0.));
#201 = DIRECTION('',(1.,0.,0.));
#202 = DIRECTION('',(0.,0.,1.));
#203 = ADVANCED_FACE('',(#204),#229,.F.);
#204 = FACE_BOUND('',#205,.F.);
#205 = EDGE_LOOP('',(#206,#216,#222,#223));
#206 = ORIENTED_EDGE('',*,*,#207,.F.);
#207 = EDGE_CURVE('',#208,#210,#212,.T.);
#208 = VERTEX_POINT('',#209);
#209 = CARTESIAN_POINT('',(-0.6,-0.625,4.E-02));
#210 = VERTEX_POINT('',#211);
#211 = CARTESIAN_POINT('',(-0.6,-0.625,1.21));
#212 = LINE('',#213,#214);
#213 = CARTESIAN_POINT('',(-0.6,-0.625,0.));
#214 = VECTOR('',#215,1.);
#215 = DIRECTION('',(0.,0.,1.));
#216 = ORIENTED_EDGE('',*,*,#217,.F.);
#217 = EDGE_CURVE('',#132,#208,#218,.T.);
#218 = LINE('',#219,#220);
#219 = CARTESIAN_POINT('',(-1.,-0.625,4.E-02));
#220 = VECTOR('',#221,1.);
#221 = DIRECTION('',(1.,0.,0.));
#222 = ORIENTED_EDGE('',*,*,#131,.T.);
#223 = ORIENTED_EDGE('',*,*,#224,.T.);
#224 = EDGE_CURVE('',#134,#210,#225,.T.);
#225 = LINE('',#226,#227);
#226 = CARTESIAN_POINT('',(-1.,-0.625,1.21));
#227 = VECTOR('',#228,1.);
#228 = DIRECTION('',(1.,0.,0.));
#229 = PLANE('',#230);
#230 = AXIS2_PLACEMENT_3D('',#231,#232,#233);
#231 = CARTESIAN_POINT('',(-1.,-0.625,0.));
#232 = DIRECTION('',(0.,1.,0.));
#233 = DIRECTION('',(0.,-0.,1.));
#234 = ADVANCED_FACE('',(#235),#254,.T.);
#235 = FACE_BOUND('',#236,.T.);
#236 = EDGE_LOOP('',(#237,#238,#246,#253));
#237 = ORIENTED_EDGE('',*,*,#141,.T.);
#238 = ORIENTED_EDGE('',*,*,#239,.T.);
#239 = EDGE_CURVE('',#142,#240,#242,.T.);
#240 = VERTEX_POINT('',#241);
#241 = CARTESIAN_POINT('',(-0.6,-0.585,0.));
#242 = LINE('',#243,#244);
#243 = CARTESIAN_POINT('',(-1.,-0.585,0.));
#244 = VECTOR('',#245,1.);
#245 = DIRECTION('',(1.,0.,0.));
#246 = ORIENTED_EDGE('',*,*,#247,.F.);
#247 = EDGE_CURVE('',#208,#240,#248,.T.);
#248 = CIRCLE('',#249,4.E-02);
#249 = AXIS2_PLACEMENT_3D('',#250,#251,#252);
#250 = CARTESIAN_POINT('',(-0.6,-0.585,4.E-02));
#251 = DIRECTION('',(1.,0.,-0.));
#252 = DIRECTION('',(0.,0.,1.));
#253 = ORIENTED_EDGE('',*,*,#217,.F.);
#254 = CYLINDRICAL_SURFACE('',#255,4.E-02);
#255 = AXIS2_PLACEMENT_3D('',#256,#257,#258);
#256 = CARTESIAN_POINT('',(-1.,-0.585,4.E-02));
#257 = DIRECTION('',(1.,0.,0.));
#258 = DIRECTION('',(0.,-1.,0.));
#259 = ADVANCED_FACE('',(#260),#279,.T.);
#260 = FACE_BOUND('',#261,.T.);
#261 = EDGE_LOOP('',(#262,#263,#272,#278));
#262 = ORIENTED_EDGE('',*,*,#224,.T.);
#263 = ORIENTED_EDGE('',*,*,#264,.T.);
#264 = EDGE_CURVE('',#210,#265,#267,.T.);
#265 = VERTEX_POINT('',#266);
#266 = CARTESIAN_POINT('',(-0.6,-0.585,1.25));
#267 = CIRCLE('',#268,4.E-02);
#268 = AXIS2_PLACEMENT_3D('',#269,#270,#271);
#269 = CARTESIAN_POINT('',(-0.6,-0.585,1.21));
#270 = DIRECTION('',(-1.,0.,0.));
#271 = DIRECTION('',(0.,0.,1.));
#272 = ORIENTED_EDGE('',*,*,#273,.F.);
#273 = EDGE_CURVE('',#185,#265,#274,.T.);
#274 = LINE('',#275,#276);
#275 = CARTESIAN_POINT('',(-1.,-0.585,1.25));
#276 = VECTOR('',#277,1.);
#277 = DIRECTION('',(1.,0.,0.));
#278 = ORIENTED_EDGE('',*,*,#192,.F.);
#279 = CYLINDRICAL_SURFACE('',#280,4.E-02);
#280 = AXIS2_PLACEMENT_3D('',#281,#282,#283);
#281 = CARTESIAN_POINT('',(-1.,-0.585,1.21));
#282 = DIRECTION('',(1.,0.,0.));
#283 = DIRECTION('',(0.,-1.,0.));
#284 = ADVANCED_FACE('',(#285),#303,.F.);
#285 = FACE_BOUND('',#286,.F.);
#286 = EDGE_LOOP('',(#287,#288,#289,#297));
#287 = ORIENTED_EDGE('',*,*,#150,.F.);
#288 = ORIENTED_EDGE('',*,*,#239,.T.);
#289 = ORIENTED_EDGE('',*,*,#290,.T.);
#290 = EDGE_CURVE('',#240,#291,#293,.T.);
#291 = VERTEX_POINT('',#292);
#292 = CARTESIAN_POINT('',(-0.6,0.585,0.));
#293 = LINE('',#294,#295);
#294 = CARTESIAN_POINT('',(-0.6,-0.625,0.));
#295 = VECTOR('',#296,1.);
#296 = DIRECTION('',(0.,1.,0.));
#297 = ORIENTED_EDGE('',*,*,#298,.F.);
#298 = EDGE_CURVE('',#151,#291,#299,.T.);
#299 = LINE('',#300,#301);
#300 = CARTESIAN_POINT('',(-1.,0.585,0.));
#301 = VECTOR('',#302,1.);
#302 = DIRECTION('',(1.,0.,0.));
#303 = PLANE('',#304);
#304 = AXIS2_PLACEMENT_3D('',#305,#306,#307);
#305 = CARTESIAN_POINT('',(-1.,-0.625,0.));
#306 = DIRECTION('',(0.,0.,1.));
#307 = DIRECTION('',(1.,0.,-0.));
#308 = ADVANCED_FACE('',(#309),#327,.T.);
#309 = FACE_BOUND('',#310,.T.);
#310 = EDGE_LOOP('',(#311,#312,#313,#321));
#311 = ORIENTED_EDGE('',*,*,#184,.F.);
#312 = ORIENTED_EDGE('',*,*,#273,.T.);
#313 = ORIENTED_EDGE('',*,*,#314,.T.);
#314 = EDGE_CURVE('',#265,#315,#317,.T.);
#315 = VERTEX_POINT('',#316);
#316 = CARTESIAN_POINT('',(-0.6,0.585,1.25));
#317 = LINE('',#318,#319);
#318 = CARTESIAN_POINT('',(-0.6,-0.625,1.25));
#319 = VECTOR('',#320,1.);
#320 = DIRECTION('',(0.,1.,0.));
#321 = ORIENTED_EDGE('',*,*,#322,.F.);
#322 = EDGE_CURVE('',#176,#315,#323,.T.);
#323 = LINE('',#324,#325);
#324 = CARTESIAN_POINT('',(-1.,0.585,1.25));
#325 = VECTOR('',#326,1.);
#326 = DIRECTION('',(1.,0.,0.));
#327 = PLANE('',#328);
#328 = AXIS2_PLACEMENT_3D('',#329,#330,#331);
#329 = CARTESIAN_POINT('',(-1.,-0.625,1.25));
#330 = DIRECTION('',(0.,0.,1.));
#331 = DIRECTION('',(1.,0.,-0.));
#332 = ADVANCED_FACE('',(#333),#352,.T.);
#333 = FACE_BOUND('',#334,.T.);
#334 = EDGE_LOOP('',(#335,#343,#350,#351));
#335 = ORIENTED_EDGE('',*,*,#336,.T.);
#336 = EDGE_CURVE('',#159,#337,#339,.T.);
#337 = VERTEX_POINT('',#338);
#338 = CARTESIAN_POINT('',(-0.6,0.625,4.E-02));
#339 = LINE('',#340,#341);
#340 = CARTESIAN_POINT('',(-1.,0.625,4.E-02));
#341 = VECTOR('',#342,1.);
#342 = DIRECTION('',(1.,0.,0.));
#343 = ORIENTED_EDGE('',*,*,#344,.T.);
#344 = EDGE_CURVE('',#337,#291,#345,.T.);
#345 = CIRCLE('',#346,4.E-02);
#346 = AXIS2_PLACEMENT_3D('',#347,#348,#349);
#347 = CARTESIAN_POINT('',(-0.6,0.585,4.E-02));
#348 = DIRECTION('',(-1.,0.,0.));
#349 = DIRECTION('',(0.,0.,1.));
#350 = ORIENTED_EDGE('',*,*,#298,.F.);
#351 = ORIENTED_EDGE('',*,*,#158,.F.);
#352 = CYLINDRICAL_SURFACE('',#353,4.E-02);
#353 = AXIS2_PLACEMENT_3D('',#354,#355,#356);
#354 = CARTESIAN_POINT('',(-1.,0.585,4.E-02));
#355 = DIRECTION('',(1.,0.,0.));
#356 = DIRECTION('',(-0.,1.,0.));
#357 = ADVANCED_FACE('',(#358),#377,.T.);
#358 = FACE_BOUND('',#359,.T.);
#359 = EDGE_LOOP('',(#360,#361,#362,#371));
#360 = ORIENTED_EDGE('',*,*,#175,.T.);
#361 = ORIENTED_EDGE('',*,*,#322,.T.);
#362 = ORIENTED_EDGE('',*,*,#363,.F.);
#363 = EDGE_CURVE('',#364,#315,#366,.T.);
#364 = VERTEX_POINT('',#365);
#365 = CARTESIAN_POINT('',(-0.6,0.625,1.21));
#366 = CIRCLE('',#367,4.E-02);
#367 = AXIS2_PLACEMENT_3D('',#368,#369,#370);
#368 = CARTESIAN_POINT('',(-0.6,0.585,1.21));
#369 = DIRECTION('',(1.,0.,-0.));
#370 = DIRECTION('',(0.,0.,1.));
#371 = ORIENTED_EDGE('',*,*,#372,.F.);
#372 = EDGE_CURVE('',#168,#364,#373,.T.);
#373 = LINE('',#374,#375);
#374 = CARTESIAN_POINT('',(-1.,0.625,1.21));
#375 = VECTOR('',#376,1.);
#376 = DIRECTION('',(1.,0.,0.));
#377 = CYLINDRICAL_SURFACE('',#378,4.E-02);
#378 = AXIS2_PLACEMENT_3D('',#379,#380,#381);
#379 = CARTESIAN_POINT('',(-1.,0.585,1.21));
#380 = DIRECTION('',(1.,0.,0.));
#381 = DIRECTION('',(-0.,1.,0.));
#382 = ADVANCED_FACE('',(#383),#394,.T.);
#383 = FACE_BOUND('',#384,.T.);
#384 = EDGE_LOOP('',(#385,#391,#392,#393));
#385 = ORIENTED_EDGE('',*,*,#386,.F.);
#386 = EDGE_CURVE('',#337,#364,#387,.T.);
#387 = LINE('',#388,#389);
#388 = CARTESIAN_POINT('',(-0.6,0.625,0.));
#389 = VECTOR('',#390,1.);
#390 = DIRECTION('',(0.,0.,1.));
#391 = ORIENTED_EDGE('',*,*,#336,.F.);
#392 = ORIENTED_EDGE('',*,*,#167,.T.);
#393 = ORIENTED_EDGE('',*,*,#372,.T.);
#394 = PLANE('',#395);
#395 = AXIS2_PLACEMENT_3D('',#396,#397,#398);
#396 = CARTESIAN_POINT('',(-1.,0.625,0.));
#397 = DIRECTION('',(0.,1.,0.));
#398 = DIRECTION('',(0.,-0.,1.));
#399 = ADVANCED_FACE('',(#400,#410),#480,.T.);
#400 = FACE_BOUND('',#401,.T.);
#401 = EDGE_LOOP('',(#402,#403,#404,#405,#406,#407,#408,#409));
#402 = ORIENTED_EDGE('',*,*,#207,.F.);
#403 = ORIENTED_EDGE('',*,*,#247,.T.);
#404 = ORIENTED_EDGE('',*,*,#290,.T.);
#405 = ORIENTED_EDGE('',*,*,#344,.F.);
#406 = ORIENTED_EDGE('',*,*,#386,.T.);
#407 = ORIENTED_EDGE('',*,*,#363,.T.);
#408 = ORIENTED_EDGE('',*,*,#314,.F.);
#409 = ORIENTED_EDGE('',*,*,#264,.F.);
#410 = FACE_BOUND('',#411,.T.);
#411 = EDGE_LOOP('',(#412,#423,#431,#440,#448,#457,#465,#474));
#412 = ORIENTED_EDGE('',*,*,#413,.F.);
#413 = EDGE_CURVE('',#414,#416,#418,.T.);
#414 = VERTEX_POINT('',#415);
#415 = CARTESIAN_POINT('',(-0.6,-0.585,8.E-02));
#416 = VERTEX_POINT('',#417);
#417 = CARTESIAN_POINT('',(-0.6,-0.545,4.E-02));
#418 = CIRCLE('',#419,4.E-02);
#419 = AXIS2_PLACEMENT_3D('',#420,#421,#422);
#420 = CARTESIAN_POINT('',(-0.6,-0.545,8.E-02));
#421 = DIRECTION('',(1.,0.,-0.));
#422 = DIRECTION('',(0.,0.,1.));
#423 = ORIENTED_EDGE('',*,*,#424,.T.);
#424 = EDGE_CURVE('',#414,#425,#427,.T.);
#425 = VERTEX_POINT('',#426);
#426 = CARTESIAN_POINT('',(-0.6,-0.585,1.17));
#427 = LINE('',#428,#429);
#428 = CARTESIAN_POINT('',(-0.6,-0.585,4.E-02));
#429 = VECTOR('',#430,1.);
#430 = DIRECTION('',(0.,0.,1.));
#431 = ORIENTED_EDGE('',*,*,#432,.T.);
#432 = EDGE_CURVE('',#425,#433,#435,.T.);
#433 = VERTEX_POINT('',#434);
#434 = CARTESIAN_POINT('',(-0.6,-0.545,1.21));
#435 = CIRCLE('',#436,4.E-02);
#436 = AXIS2_PLACEMENT_3D('',#437,#438,#439);
#437 = CARTESIAN_POINT('',(-0.6,-0.545,1.17));
#438 = DIRECTION('',(-1.,0.,0.));
#439 = DIRECTION('',(0.,0.,1.));
#440 = ORIENTED_EDGE('',*,*,#441,.T.);
#441 = EDGE_CURVE('',#433,#442,#444,.T.);
#442 = VERTEX_POINT('',#443);
#443 = CARTESIAN_POINT('',(-0.6,0.545,1.21));
#444 = LINE('',#445,#446);
#445 = CARTESIAN_POINT('',(-0.6,-0.585,1.21));
#446 = VECTOR('',#447,1.);
#447 = DIRECTION('',(0.,1.,0.));
#448 = ORIENTED_EDGE('',*,*,#449,.F.);
#449 = EDGE_CURVE('',#450,#442,#452,.T.);
#450 = VERTEX_POINT('',#451);
#451 = CARTESIAN_POINT('',(-0.6,0.585,1.17));
#452 = CIRCLE('',#453,4.E-02);
#453 = AXIS2_PLACEMENT_3D('',#454,#455,#456);
#454 = CARTESIAN_POINT('',(-0.6,0.545,1.17));
#455 = DIRECTION('',(1.,0.,-0.));
#456 = DIRECTION('',(0.,0.,1.));
#457 = ORIENTED_EDGE('',*,*,#458,.F.);
#458 = EDGE_CURVE('',#459,#450,#461,.T.);
#459 = VERTEX_POINT('',#460);
#460 = CARTESIAN_POINT('',(-0.6,0.585,8.E-02));
#461 = LINE('',#462,#463);
#462 = CARTESIAN_POINT('',(-0.6,0.585,4.E-02));
#463 = VECTOR('',#464,1.);
#464 = DIRECTION('',(0.,0.,1.));
#465 = ORIENTED_EDGE('',*,*,#466,.T.);
#466 = EDGE_CURVE('',#459,#467,#469,.T.);
#467 = VERTEX_POINT('',#468);
#468 = CARTESIAN_POINT('',(-0.6,0.545,4.E-02));
#469 = CIRCLE('',#470,4.E-02);
#470 = AXIS2_PLACEMENT_3D('',#471,#472,#473);
#471 = CARTESIAN_POINT('',(-0.6,0.545,8.E-02));
#472 = DIRECTION('',(-1.,0.,0.));
#473 = DIRECTION('',(0.,0.,1.));
#474 = ORIENTED_EDGE('',*,*,#475,.F.);
#475 = EDGE_CURVE('',#416,#467,#476,.T.);
#476 = LINE('',#477,#478);
#477 = CARTESIAN_POINT('',(-0.6,-0.585,4.E-02));
#478 = VECTOR('',#479,1.);
#479 = DIRECTION('',(0.,1.,0.));
#480 = PLANE('',#481);
#481 = AXIS2_PLACEMENT_3D('',#482,#483,#484);
#482 = CARTESIAN_POINT('',(-0.6,-0.625,0.));
#483 = DIRECTION('',(1.,0.,0.));
#484 = DIRECTION('',(0.,0.,1.));
#485 = ADVANCED_FACE('',(#486),#512,.T.);
#486 = FACE_BOUND('',#487,.T.);
#487 = EDGE_LOOP('',(#488,#489,#497,#506));
#488 = ORIENTED_EDGE('',*,*,#413,.T.);
#489 = ORIENTED_EDGE('',*,*,#490,.T.);
#490 = EDGE_CURVE('',#416,#491,#493,.T.);
#491 = VERTEX_POINT('',#492);
#492 = CARTESIAN_POINT('',(0.6,-0.545,4.E-02));
#493 = LINE('',#494,#495);
#494 = CARTESIAN_POINT('',(-0.6,-0.545,4.E-02));
#495 = VECTOR('',#496,1.);
#496 = DIRECTION('',(1.,0.,0.));
#497 = ORIENTED_EDGE('',*,*,#498,.F.);
#498 = EDGE_CURVE('',#499,#491,#501,.T.);
#499 = VERTEX_POINT('',#500);
#500 = CARTESIAN_POINT('',(0.6,-0.585,8.E-02));
#501 = CIRCLE('',#502,4.E-02);
#502 = AXIS2_PLACEMENT_3D('',#503,#504,#505);
#503 = CARTESIAN_POINT('',(0.6,-0.545,8.E-02));
#504 = DIRECTION('',(1.,0.,-0.));
#505 = DIRECTION('',(0.,0.,1.));
#506 = ORIENTED_EDGE('',*,*,#507,.F.);
#507 = EDGE_CURVE('',#414,#499,#508,.T.);
#508 = LINE('',#509,#510);
#509 = CARTESIAN_POINT('',(-0.6,-0.585,8.E-02));
#510 = VECTOR('',#511,1.);
#511 = DIRECTION('',(1.,0.,0.));
#512 = CYLINDRICAL_SURFACE('',#513,4.E-02);
#513 = AXIS2_PLACEMENT_3D('',#514,#515,#516);
#514 = CARTESIAN_POINT('',(-0.6,-0.545,8.E-02));
#515 = DIRECTION('',(1.,0.,0.));
#516 = DIRECTION('',(0.,-1.,0.));
#517 = ADVANCED_FACE('',(#518),#536,.F.);
#518 = FACE_BOUND('',#519,.F.);
#519 = EDGE_LOOP('',(#520,#521,#522,#530));
#520 = ORIENTED_EDGE('',*,*,#475,.F.);
#521 = ORIENTED_EDGE('',*,*,#490,.T.);
#522 = ORIENTED_EDGE('',*,*,#523,.T.);
#523 = EDGE_CURVE('',#491,#524,#526,.T.);
#524 = VERTEX_POINT('',#525);
#525 = CARTESIAN_POINT('',(0.6,0.545,4.E-02));
#526 = LINE('',#527,#528);
#527 = CARTESIAN_POINT('',(0.6,-0.585,4.E-02));
#528 = VECTOR('',#529,1.);
#529 = DIRECTION('',(0.,1.,0.));
#530 = ORIENTED_EDGE('',*,*,#531,.F.);
#531 = EDGE_CURVE('',#467,#524,#532,.T.);
#532 = LINE('',#533,#534);
#533 = CARTESIAN_POINT('',(-0.6,0.545,4.E-02));
#534 = VECTOR('',#535,1.);
#535 = DIRECTION('',(1.,0.,0.));
#536 = PLANE('',#537);
#537 = AXIS2_PLACEMENT_3D('',#538,#539,#540);
#538 = CARTESIAN_POINT('',(-0.6,-0.585,4.E-02));
#539 = DIRECTION('',(0.,0.,1.));
#540 = DIRECTION('',(1.,0.,-0.));
#541 = ADVANCED_FACE('',(#542),#561,.T.);
#542 = FACE_BOUND('',#543,.T.);
#543 = EDGE_LOOP('',(#544,#552,#559,#560));
#544 = ORIENTED_EDGE('',*,*,#545,.T.);
#545 = EDGE_CURVE('',#459,#546,#548,.T.);
#546 = VERTEX_POINT('',#547);
#547 = CARTESIAN_POINT('',(0.6,0.585,8.E-02));
#548 = LINE('',#549,#550);
#549 = CARTESIAN_POINT('',(-0.6,0.585,8.E-02));
#550 = VECTOR('',#551,1.);
#551 = DIRECTION('',(1.,0.,0.));
#552 = ORIENTED_EDGE('',*,*,#553,.T.);
#553 = EDGE_CURVE('',#546,#524,#554,.T.);
#554 = CIRCLE('',#555,4.E-02);
#555 = AXIS2_PLACEMENT_3D('',#556,#557,#558);
#556 = CARTESIAN_POINT('',(0.6,0.545,8.E-02));
#557 = DIRECTION('',(-1.,0.,0.));
#558 = DIRECTION('',(0.,0.,1.));
#559 = ORIENTED_EDGE('',*,*,#531,.F.);
#560 = ORIENTED_EDGE('',*,*,#466,.F.);
#561 = CYLINDRICAL_SURFACE('',#562,4.E-02);
#562 = AXIS2_PLACEMENT_3D('',#563,#564,#565);
#563 = CARTESIAN_POINT('',(-0.6,0.545,8.E-02));
#564 = DIRECTION('',(1.,0.,0.));
#565 = DIRECTION('',(-0.,1.,0.));
#566 = ADVANCED_FACE('',(#567),#585,.T.);
#567 = FACE_BOUND('',#568,.T.);
#568 = EDGE_LOOP('',(#569,#577,#578,#579));
#569 = ORIENTED_EDGE('',*,*,#570,.F.);
#570 = EDGE_CURVE('',#546,#571,#573,.T.);
#571 = VERTEX_POINT('',#572);
#572 = CARTESIAN_POINT('',(0.6,0.585,1.17));
#573 = LINE('',#574,#575);
#574 = CARTESIAN_POINT('',(0.6,0.585,4.E-02));
#575 = VECTOR('',#576,1.);
#576 = DIRECTION('',(0.,0.,1.));
#577 = ORIENTED_EDGE('',*,*,#545,.F.);
#578 = ORIENTED_EDGE('',*,*,#458,.T.);
#579 = ORIENTED_EDGE('',*,*,#580,.T.);
#580 = EDGE_CURVE('',#450,#571,#581,.T.);
#581 = LINE('',#582,#583);
#582 = CARTESIAN_POINT('',(-0.6,0.585,1.17));
#583 = VECTOR('',#584,1.);
#584 = DIRECTION('',(1.,0.,0.));
#585 = PLANE('',#586);
#586 = AXIS2_PLACEMENT_3D('',#587,#588,#589);
#587 = CARTESIAN_POINT('',(-0.6,0.585,4.E-02));
#588 = DIRECTION('',(0.,1.,0.));
#589 = DIRECTION('',(0.,-0.,1.));
#590 = ADVANCED_FACE('',(#591),#610,.T.);
#591 = FACE_BOUND('',#592,.T.);
#592 = EDGE_LOOP('',(#593,#594,#602,#609));
#593 = ORIENTED_EDGE('',*,*,#449,.T.);
#594 = ORIENTED_EDGE('',*,*,#595,.T.);
#595 = EDGE_CURVE('',#442,#596,#598,.T.);
#596 = VERTEX_POINT('',#597);
#597 = CARTESIAN_POINT('',(0.6,0.545,1.21));
#598 = LINE('',#599,#600);
#599 = CARTESIAN_POINT('',(-0.6,0.545,1.21));
#600 = VECTOR('',#601,1.);
#601 = DIRECTION('',(1.,0.,0.));
#602 = ORIENTED_EDGE('',*,*,#603,.F.);
#603 = EDGE_CURVE('',#571,#596,#604,.T.);
#604 = CIRCLE('',#605,4.E-02);
#605 = AXIS2_PLACEMENT_3D('',#606,#607,#608);
#606 = CARTESIAN_POINT('',(0.6,0.545,1.17));
#607 = DIRECTION('',(1.,0.,-0.));
#608 = DIRECTION('',(0.,0.,1.));
#609 = ORIENTED_EDGE('',*,*,#580,.F.);
#610 = CYLINDRICAL_SURFACE('',#611,4.E-02);
#611 = AXIS2_PLACEMENT_3D('',#612,#613,#614);
#612 = CARTESIAN_POINT('',(-0.6,0.545,1.17));
#613 = DIRECTION('',(1.,0.,0.));
#614 = DIRECTION('',(-0.,1.,0.));
#615 = ADVANCED_FACE('',(#616),#634,.T.);
#616 = FACE_BOUND('',#617,.T.);
#617 = EDGE_LOOP('',(#618,#619,#627,#633));
#618 = ORIENTED_EDGE('',*,*,#441,.F.);
#619 = ORIENTED_EDGE('',*,*,#620,.T.);
#620 = EDGE_CURVE('',#433,#621,#623,.T.);
#621 = VERTEX_POINT('',#622);
#622 = CARTESIAN_POINT('',(0.6,-0.545,1.21));
#623 = LINE('',#624,#625);
#624 = CARTESIAN_POINT('',(-0.6,-0.545,1.21));
#625 = VECTOR('',#626,1.);
#626 = DIRECTION('',(1.,0.,0.));
#627 = ORIENTED_EDGE('',*,*,#628,.T.);
#628 = EDGE_CURVE('',#621,#596,#629,.T.);
#629 = LINE('',#630,#631);
#630 = CARTESIAN_POINT('',(0.6,-0.585,1.21));
#631 = VECTOR('',#632,1.);
#632 = DIRECTION('',(0.,1.,0.));
#633 = ORIENTED_EDGE('',*,*,#595,.F.);
#634 = PLANE('',#635);
#635 = AXIS2_PLACEMENT_3D('',#636,#637,#638);
#636 = CARTESIAN_POINT('',(-0.6,-0.585,1.21));
#637 = DIRECTION('',(0.,0.,1.));
#638 = DIRECTION('',(1.,0.,-0.));
#639 = ADVANCED_FACE('',(#640),#659,.T.);
#640 = FACE_BOUND('',#641,.T.);
#641 = EDGE_LOOP('',(#642,#650,#657,#658));
#642 = ORIENTED_EDGE('',*,*,#643,.T.);
#643 = EDGE_CURVE('',#425,#644,#646,.T.);
#644 = VERTEX_POINT('',#645);
#645 = CARTESIAN_POINT('',(0.6,-0.585,1.17));
#646 = LINE('',#647,#648);
#647 = CARTESIAN_POINT('',(-0.6,-0.585,1.17));
#648 = VECTOR('',#649,1.);
#649 = DIRECTION('',(1.,0.,0.));
#650 = ORIENTED_EDGE('',*,*,#651,.T.);
#651 = EDGE_CURVE('',#644,#621,#652,.T.);
#652 = CIRCLE('',#653,4.E-02);
#653 = AXIS2_PLACEMENT_3D('',#654,#655,#656);
#654 = CARTESIAN_POINT('',(0.6,-0.545,1.17));
#655 = DIRECTION('',(-1.,0.,0.));
#656 = DIRECTION('',(0.,0.,1.));
#657 = ORIENTED_EDGE('',*,*,#620,.F.);
#658 = ORIENTED_EDGE('',*,*,#432,.F.);
#659 = CYLINDRICAL_SURFACE('',#660,4.E-02);
#660 = AXIS2_PLACEMENT_3D('',#661,#662,#663);
#661 = CARTESIAN_POINT('',(-0.6,-0.545,1.17));
#662 = DIRECTION('',(1.,0.,0.));
#663 = DIRECTION('',(0.,-1.,0.));
#664 = ADVANCED_FACE('',(#665),#676,.F.);
#665 = FACE_BOUND('',#666,.F.);
#666 = EDGE_LOOP('',(#667,#673,#674,#675));
#667 = ORIENTED_EDGE('',*,*,#668,.F.);
#668 = EDGE_CURVE('',#499,#644,#669,.T.);
#669 = LINE('',#670,#671);
#670 = CARTESIAN_POINT('',(0.6,-0.585,4.E-02));
#671 = VECTOR('',#672,1.);
#672 = DIRECTION('',(0.,0.,1.));
#673 = ORIENTED_EDGE('',*,*,#507,.F.);
#674 = ORIENTED_EDGE('',*,*,#424,.T.);
#675 = ORIENTED_EDGE('',*,*,#643,.T.);
#676 = PLANE('',#677);
#677 = AXIS2_PLACEMENT_3D('',#678,#679,#680);
#678 = CARTESIAN_POINT('',(-0.6,-0.585,4.E-02));
#679 = DIRECTION('',(0.,1.,0.));
#680 = DIRECTION('',(0.,-0.,1.));
#681 = ADVANCED_FACE('',(#682,#752),#762,.F.);
#682 = FACE_BOUND('',#683,.F.);
#683 = EDGE_LOOP('',(#684,#694,#703,#711,#720,#728,#737,#745));
#684 = ORIENTED_EDGE('',*,*,#685,.F.);
#685 = EDGE_CURVE('',#686,#688,#690,.T.);
#686 = VERTEX_POINT('',#687);
#687 = CARTESIAN_POINT('',(0.6,-0.625,4.E-02));
#688 = VERTEX_POINT('',#689);
#689 = CARTESIAN_POINT('',(0.6,-0.625,1.21));
#690 = LINE('',#691,#692);
#691 = CARTESIAN_POINT('',(0.6,-0.625,0.));
#692 = VECTOR('',#693,1.);
#693 = DIRECTION('',(0.,0.,1.));
#694 = ORIENTED_EDGE('',*,*,#695,.T.);
#695 = EDGE_CURVE('',#686,#696,#698,.T.);
#696 = VERTEX_POINT('',#697);
#697 = CARTESIAN_POINT('',(0.6,-0.585,0.));
#698 = CIRCLE('',#699,4.E-02);
#699 = AXIS2_PLACEMENT_3D('',#700,#701,#702);
#700 = CARTESIAN_POINT('',(0.6,-0.585,4.E-02));
#701 = DIRECTION('',(1.,0.,-0.));
#702 = DIRECTION('',(0.,0.,1.));
#703 = ORIENTED_EDGE('',*,*,#704,.T.);
#704 = EDGE_CURVE('',#696,#705,#707,.T.);
#705 = VERTEX_POINT('',#706);
#706 = CARTESIAN_POINT('',(0.6,0.585,0.));
#707 = LINE('',#708,#709);
#708 = CARTESIAN_POINT('',(0.6,-0.625,0.));
#709 = VECTOR('',#710,1.);
#710 = DIRECTION('',(0.,1.,0.));
#711 = ORIENTED_EDGE('',*,*,#712,.F.);
#712 = EDGE_CURVE('',#713,#705,#715,.T.);
#713 = VERTEX_POINT('',#714);
#714 = CARTESIAN_POINT('',(0.6,0.625,4.E-02));
#715 = CIRCLE('',#716,4.E-02);
#716 = AXIS2_PLACEMENT_3D('',#717,#718,#719);
#717 = CARTESIAN_POINT('',(0.6,0.585,4.E-02));
#718 = DIRECTION('',(-1.,0.,0.));
#719 = DIRECTION('',(0.,0.,1.));
#720 = ORIENTED_EDGE('',*,*,#721,.T.);
#721 = EDGE_CURVE('',#713,#722,#724,.T.);
#722 = VERTEX_POINT('',#723);
#723 = CARTESIAN_POINT('',(0.6,0.625,1.21));
#724 = LINE('',#725,#726);
#725 = CARTESIAN_POINT('',(0.6,0.625,0.));
#726 = VECTOR('',#727,1.);
#727 = DIRECTION('',(0.,0.,1.));
#728 = ORIENTED_EDGE('',*,*,#729,.T.);
#729 = EDGE_CURVE('',#722,#730,#732,.T.);
#730 = VERTEX_POINT('',#731);
#731 = CARTESIAN_POINT('',(0.6,0.585,1.25));
#732 = CIRCLE('',#733,4.E-02);
#733 = AXIS2_PLACEMENT_3D('',#734,#735,#736);
#734 = CARTESIAN_POINT('',(0.6,0.585,1.21));
#735 = DIRECTION('',(1.,0.,-0.));
#736 = DIRECTION('',(0.,0.,1.));
#737 = ORIENTED_EDGE('',*,*,#738,.F.);
#738 = EDGE_CURVE('',#739,#730,#741,.T.);
#739 = VERTEX_POINT('',#740);
#740 = CARTESIAN_POINT('',(0.6,-0.585,1.25));
#741 = LINE('',#742,#743);
#742 = CARTESIAN_POINT('',(0.6,-0.625,1.25));
#743 = VECTOR('',#744,1.);
#744 = DIRECTION('',(0.,1.,0.));
#745 = ORIENTED_EDGE('',*,*,#746,.F.);
#746 = EDGE_CURVE('',#688,#739,#747,.T.);
#747 = CIRCLE('',#748,4.E-02);
#748 = AXIS2_PLACEMENT_3D('',#749,#750,#751);
#749 = CARTESIAN_POINT('',(0.6,-0.585,1.21));
#750 = DIRECTION('',(-1.,0.,0.));
#751 = DIRECTION('',(0.,0.,1.));
#752 = FACE_BOUND('',#753,.F.);
#753 = EDGE_LOOP('',(#754,#755,#756,#757,#758,#759,#760,#761));
#754 = ORIENTED_EDGE('',*,*,#498,.F.);
#755 = ORIENTED_EDGE('',*,*,#668,.T.);
#756 = ORIENTED_EDGE('',*,*,#651,.T.);
#757 = ORIENTED_EDGE('',*,*,#628,.T.);
#758 = ORIENTED_EDGE('',*,*,#603,.F.);
#759 = ORIENTED_EDGE('',*,*,#570,.F.);
#760 = ORIENTED_EDGE('',*,*,#553,.T.);
#761 = ORIENTED_EDGE('',*,*,#523,.F.);
#762 = PLANE('',#763);
#763 = AXIS2_PLACEMENT_3D('',#764,#765,#766);
#764 = CARTESIAN_POINT('',(0.6,-0.625,0.));
#765 = DIRECTION('',(1.,0.,0.));
#766 = DIRECTION('',(0.,0.,1.));
#767 = ADVANCED_FACE('',(#768),#793,.F.);
#768 = FACE_BOUND('',#769,.F.);
#769 = EDGE_LOOP('',(#770,#780,#786,#787));
#770 = ORIENTED_EDGE('',*,*,#771,.F.);
#771 = EDGE_CURVE('',#772,#774,#776,.T.);
#772 = VERTEX_POINT('',#773);
#773 = CARTESIAN_POINT('',(1.,-0.625,4.E-02));
#774 = VERTEX_POINT('',#775);
#775 = CARTESIAN_POINT('',(1.,-0.625,1.21));
#776 = LINE('',#777,#778);
#777 = CARTESIAN_POINT('',(1.,-0.625,0.));
#778 = VECTOR('',#779,1.);
#779 = DIRECTION('',(0.,0.,1.));
#780 = ORIENTED_EDGE('',*,*,#781,.F.);
#781 = EDGE_CURVE('',#686,#772,#782,.T.);
#782 = LINE('',#783,#784);
#783 = CARTESIAN_POINT('',(0.6,-0.625,4.E-02));
#784 = VECTOR('',#785,1.);
#785 = DIRECTION('',(1.,0.,0.));
#786 = ORIENTED_EDGE('',*,*,#685,.T.);
#787 = ORIENTED_EDGE('',*,*,#788,.T.);
#788 = EDGE_CURVE('',#688,#774,#789,.T.);
#789 = LINE('',#790,#791);
#790 = CARTESIAN_POINT('',(0.6,-0.625,1.21));
#791 = VECTOR('',#792,1.);
#792 = DIRECTION('',(1.,0.,0.));
#793 = PLANE('',#794);
#794 = AXIS2_PLACEMENT_3D('',#795,#796,#797);
#795 = CARTESIAN_POINT('',(0.6,-0.625,0.));
#796 = DIRECTION('',(0.,1.,0.));
#797 = DIRECTION('',(0.,-0.,1.));
#798 = ADVANCED_FACE('',(#799),#818,.T.);
#799 = FACE_BOUND('',#800,.T.);
#800 = EDGE_LOOP('',(#801,#802,#810,#817));
#801 = ORIENTED_EDGE('',*,*,#695,.T.);
#802 = ORIENTED_EDGE('',*,*,#803,.T.);
#803 = EDGE_CURVE('',#696,#804,#806,.T.);
#804 = VERTEX_POINT('',#805);
#805 = CARTESIAN_POINT('',(1.,-0.585,0.));
#806 = LINE('',#807,#808);
#807 = CARTESIAN_POINT('',(0.6,-0.585,0.));
#808 = VECTOR('',#809,1.);
#809 = DIRECTION('',(1.,0.,0.));
#810 = ORIENTED_EDGE('',*,*,#811,.F.);
#811 = EDGE_CURVE('',#772,#804,#812,.T.);
#812 = CIRCLE('',#813,4.E-02);
#813 = AXIS2_PLACEMENT_3D('',#814,#815,#816);
#814 = CARTESIAN_POINT('',(1.,-0.585,4.E-02));
#815 = DIRECTION('',(1.,0.,-0.));
#816 = DIRECTION('',(0.,0.,1.));
#817 = ORIENTED_EDGE('',*,*,#781,.F.);
#818 = CYLINDRICAL_SURFACE('',#819,4.E-02);
#819 = AXIS2_PLACEMENT_3D('',#820,#821,#822);
#820 = CARTESIAN_POINT('',(0.6,-0.585,4.E-02));
#821 = DIRECTION('',(1.,0.,0.));
#822 = DIRECTION('',(0.,-1.,0.));
#823 = ADVANCED_FACE('',(#824),#843,.T.);
#824 = FACE_BOUND('',#825,.T.);
#825 = EDGE_LOOP('',(#826,#827,#836,#842));
#826 = ORIENTED_EDGE('',*,*,#788,.T.);
#827 = ORIENTED_EDGE('',*,*,#828,.T.);
#828 = EDGE_CURVE('',#774,#829,#831,.T.);
#829 = VERTEX_POINT('',#830);
#830 = CARTESIAN_POINT('',(1.,-0.585,1.25));
#831 = CIRCLE('',#832,4.E-02);
#832 = AXIS2_PLACEMENT_3D('',#833,#834,#835);
#833 = CARTESIAN_POINT('',(1.,-0.585,1.21));
#834 = DIRECTION('',(-1.,0.,0.));
#835 = DIRECTION('',(0.,0.,1.));
#836 = ORIENTED_EDGE('',*,*,#837,.F.);
#837 = EDGE_CURVE('',#739,#829,#838,.T.);
#838 = LINE('',#839,#840);
#839 = CARTESIAN_POINT('',(0.6,-0.585,1.25));
#840 = VECTOR('',#841,1.);
#841 = DIRECTION('',(1.,0.,0.));
#842 = ORIENTED_EDGE('',*,*,#746,.F.);
#843 = CYLINDRICAL_SURFACE('',#844,4.E-02);
#844 = AXIS2_PLACEMENT_3D('',#845,#846,#847);
#845 = CARTESIAN_POINT('',(0.6,-0.585,1.21));
#846 = DIRECTION('',(1.,0.,0.));
#847 = DIRECTION('',(0.,-1.,0.));
#848 = ADVANCED_FACE('',(#849),#867,.F.);
#849 = FACE_BOUND('',#850,.F.);
#850 = EDGE_LOOP('',(#851,#852,#853,#861));
#851 = ORIENTED_EDGE('',*,*,#704,.F.);
#852 = ORIENTED_EDGE('',*,*,#803,.T.);
#853 = ORIENTED_EDGE('',*,*,#854,.T.);
#854 = EDGE_CURVE('',#804,#855,#857,.T.);
#855 = VERTEX_POINT('',#856);
#856 = CARTESIAN_POINT('',(1.,0.585,0.));
#857 = LINE('',#858,#859);
#858 = CARTESIAN_POINT('',(1.,-0.625,0.));
#859 = VECTOR('',#860,1.);
#860 = DIRECTION('',(0.,1.,0.));
#861 = ORIENTED_EDGE('',*,*,#862,.F.);
#862 = EDGE_CURVE('',#705,#855,#863,.T.);
#863 = LINE('',#864,#865);
#864 = CARTESIAN_POINT('',(0.6,0.585,0.));
#865 = VECTOR('',#866,1.);
#866 = DIRECTION('',(1.,0.,0.));
#867 = PLANE('',#868);
#868 = AXIS2_PLACEMENT_3D('',#869,#870,#871);
#869 = CARTESIAN_POINT('',(0.6,-0.625,0.));
#870 = DIRECTION('',(0.,0.,1.));
#871 = DIRECTION('',(1.,0.,-0.));
#872 = ADVANCED_FACE('',(#873),#891,.T.);
#873 = FACE_BOUND('',#874,.T.);
#874 = EDGE_LOOP('',(#875,#876,#877,#885));
#875 = ORIENTED_EDGE('',*,*,#738,.F.);
#876 = ORIENTED_EDGE('',*,*,#837,.T.);
#877 = ORIENTED_EDGE('',*,*,#878,.T.);
#878 = EDGE_CURVE('',#829,#879,#881,.T.);
#879 = VERTEX_POINT('',#880);
#880 = CARTESIAN_POINT('',(1.,0.585,1.25));
#881 = LINE('',#882,#883);
#882 = CARTESIAN_POINT('',(1.,-0.625,1.25));
#883 = VECTOR('',#884,1.);
#884 = DIRECTION('',(0.,1.,0.));
#885 = ORIENTED_EDGE('',*,*,#886,.F.);
#886 = EDGE_CURVE('',#730,#879,#887,.T.);
#887 = LINE('',#888,#889);
#888 = CARTESIAN_POINT('',(0.6,0.585,1.25));
#889 = VECTOR('',#890,1.);
#890 = DIRECTION('',(1.,0.,0.));
#891 = PLANE('',#892);
#892 = AXIS2_PLACEMENT_3D('',#893,#894,#895);
#893 = CARTESIAN_POINT('',(0.6,-0.625,1.25));
#894 = DIRECTION('',(0.,0.,1.));
#895 = DIRECTION('',(1.,0.,-0.));
#896 = ADVANCED_FACE('',(#897),#916,.T.);
#897 = FACE_BOUND('',#898,.T.);
#898 = EDGE_LOOP('',(#899,#907,#914,#915));
#899 = ORIENTED_EDGE('',*,*,#900,.T.);
#900 = EDGE_CURVE('',#713,#901,#903,.T.);
#901 = VERTEX_POINT('',#902);
#902 = CARTESIAN_POINT('',(1.,0.625,4.E-02));
#903 = LINE('',#904,#905);
#904 = CARTESIAN_POINT('',(0.6,0.625,4.E-02));
#905 = VECTOR('',#906,1.);
#906 = DIRECTION('',(1.,0.,0.));
#907 = ORIENTED_EDGE('',*,*,#908,.T.);
#908 = EDGE_CURVE('',#901,#855,#909,.T.);
#909 = CIRCLE('',#910,4.E-02);
#910 = AXIS2_PLACEMENT_3D('',#911,#912,#913);
#911 = CARTESIAN_POINT('',(1.,0.585,4.E-02));
#912 = DIRECTION('',(-1.,0.,0.));
#913 = DIRECTION('',(0.,0.,1.));
#914 = ORIENTED_EDGE('',*,*,#862,.F.);
#915 = ORIENTED_EDGE('',*,*,#712,.F.);
#916 = CYLINDRICAL_SURFACE('',#917,4.E-02);
#917 = AXIS2_PLACEMENT_3D('',#918,#919,#920);
#918 = CARTESIAN_POINT('',(0.6,0.585,4.E-02));
#919 = DIRECTION('',(1.,0.,0.));
#920 = DIRECTION('',(-0.,1.,0.));
#921 = ADVANCED_FACE('',(#922),#941,.T.);
#922 = FACE_BOUND('',#923,.T.);
#923 = EDGE_LOOP('',(#924,#925,#926,#935));
#924 = ORIENTED_EDGE('',*,*,#729,.T.);
#925 = ORIENTED_EDGE('',*,*,#886,.T.);
#926 = ORIENTED_EDGE('',*,*,#927,.F.);
#927 = EDGE_CURVE('',#928,#879,#930,.T.);
#928 = VERTEX_POINT('',#929);
#929 = CARTESIAN_POINT('',(1.,0.625,1.21));
#930 = CIRCLE('',#931,4.E-02);
#931 = AXIS2_PLACEMENT_3D('',#932,#933,#934);
#932 = CARTESIAN_POINT('',(1.,0.585,1.21));
#933 = DIRECTION('',(1.,0.,-0.));
#934 = DIRECTION('',(0.,0.,1.));
#935 = ORIENTED_EDGE('',*,*,#936,.F.);
#936 = EDGE_CURVE('',#722,#928,#937,.T.);
#937 = LINE('',#938,#939);
#938 = CARTESIAN_POINT('',(0.6,0.625,1.21));
#939 = VECTOR('',#940,1.);
#940 = DIRECTION('',(1.,0.,0.));
#941 = CYLINDRICAL_SURFACE('',#942,4.E-02);
#942 = AXIS2_PLACEMENT_3D('',#943,#944,#945);
#943 = CARTESIAN_POINT('',(0.6,0.585,1.21));
#944 = DIRECTION('',(1.,0.,0.));
#945 = DIRECTION('',(-0.,1.,0.));
#946 = ADVANCED_FACE('',(#947),#958,.T.);
#947 = FACE_BOUND('',#948,.T.);
#948 = EDGE_LOOP('',(#949,#955,#956,#957));
#949 = ORIENTED_EDGE('',*,*,#950,.F.);
#950 = EDGE_CURVE('',#901,#928,#951,.T.);
#951 = LINE('',#952,#953);
#952 = CARTESIAN_POINT('',(1.,0.625,0.));
#953 = VECTOR('',#954,1.);
#954 = DIRECTION('',(0.,0.,1.));
#955 = ORIENTED_EDGE('',*,*,#900,.F.);
#956 = ORIENTED_EDGE('',*,*,#721,.T.);
#957 = ORIENTED_EDGE('',*,*,#936,.T.);
#958 = PLANE('',#959);
#959 = AXIS2_PLACEMENT_3D('',#960,#961,#962);
#960 = CARTESIAN_POINT('',(0.6,0.625,0.));
#961 = DIRECTION('',(0.,1.,0.));
#962 = DIRECTION('',(0.,-0.,1.));
#963 = ADVANCED_FACE('',(#964),#974,.T.);
#964 = FACE_BOUND('',#965,.T.);
#965 = EDGE_LOOP('',(#966,#967,#968,#969,#970,#971,#972,#973));
#966 = ORIENTED_EDGE('',*,*,#771,.F.);
#967 = ORIENTED_EDGE('',*,*,#811,.T.);
#968 = ORIENTED_EDGE('',*,*,#854,.T.);
#969 = ORIENTED_EDGE('',*,*,#908,.F.);
#970 = ORIENTED_EDGE('',*,*,#950,.T.);
#971 = ORIENTED_EDGE('',*,*,#927,.T.);
#972 = ORIENTED_EDGE('',*,*,#878,.F.);
#973 = ORIENTED_EDGE('',*,*,#828,.F.);
#974 = PLANE('',#975);
#975 = AXIS2_PLACEMENT_3D('',#976,#977,#978);
#976 = CARTESIAN_POINT('',(1.,-0.625,0.));
#977 = DIRECTION('',(1.,0.,0.));
#978 = DIRECTION('',(0.,0.,1.));
#979 = ( GEOMETRIC_REPRESENTATION_CONTEXT(3) 
GLOBAL_UNCERTAINTY_ASSIGNED_CONTEXT((#983)) GLOBAL_UNIT_ASSIGNED_CONTEXT
((#980,#981,#982)) REPRESENTATION_CONTEXT('Context #1',
  '3D Context with UNIT and UNCERTAINTY') );
#980 = ( LENGTH_UNIT() NAMED_UNIT(*) SI_UNIT(.MILLI.,.METRE.) );
#981 = ( NAMED_UNIT(*) PLANE_ANGLE_UNIT() SI_UNIT($,.RADIAN.) );
#982 = ( NAMED_UNIT(*) SI_UNIT($,.STERADIAN.) SOLID_ANGLE_UNIT() );
#983 = UNCERTAINTY_MEASURE_WITH_UNIT(LENGTH_MEASURE(1.E-07),#980,
  'distance_accuracy_value','confusion accuracy');
#984 = CONTEXT_DEPENDENT_SHAPE_REPRESENTATION(#985,#987);
#985 = ( REPRESENTATION_RELATIONSHIP('','',#124,#10) 
REPRESENTATION_RELATIONSHIP_WITH_TRANSFORMATION(#986) 
SHAPE_REPRESENTATION_RELATIONSHIP() );
#986 = ITEM_DEFINED_TRANSFORMATION('','',#11,#15);
#987 = PRODUCT_DEFINITION_SHAPE('Placement','Placement of an item',#988
  );
#988 = NEXT_ASSEMBLY_USAGE_OCCURRENCE('1','C7','',#5,#119,$);
#989 = PRODUCT_RELATED_PRODUCT_CATEGORY('part',$,(#121));
#990 = SHAPE_DEFINITION_REPRESENTATION(#991,#997);
#991 = PRODUCT_DEFINITION_SHAPE('','',#992);
#992 = PRODUCT_DEFINITION('design','',#993,#996);
#993 = PRODUCT_DEFINITION_FORMATION('','',#994);
#994 = PRODUCT('D_SMA','D_SMA','',(#995));
#995 = PRODUCT_CONTEXT('',#2,'mechanical');
#996 = PRODUCT_DEFINITION_CONTEXT('part definition',#2,'design');
#997 = ADVANCED_BREP_SHAPE_REPRESENTATION('',(#11,#998),#2206);
#998 = MANIFOLD_SOLID_BREP('',#999);
#999 = CLOSED_SHELL('',(#1000,#1040,#1123,#1148,#1223,#1240,#1257,#1274,
    #1291,#1308,#1324,#1371,#1406,#1445,#1474,#1513,#1542,#1596,#1639,
    #1662,#1685,#1708,#1759,#1782,#1799,#1873,#1897,#1964,#1976,#1988,
    #2005,#2034,#2057,#2080,#2097,#2119,#2131,#2148,#2165,#2182,#2194));
#1000 = ADVANCED_FACE('',(#1001),#1035,.T.);
#1001 = FACE_BOUND('',#1002,.T.);
#1002 = EDGE_LOOP('',(#1003,#1013,#1021,#1029));
#1003 = ORIENTED_EDGE('',*,*,#1004,.T.);
#1004 = EDGE_CURVE('',#1005,#1007,#1009,.T.);
#1005 = VERTEX_POINT('',#1006);
#1006 = CARTESIAN_POINT('',(1.14,0.75,0.));
#1007 = VERTEX_POINT('',#1008);
#1008 = CARTESIAN_POINT('',(2.353333333333,0.75,-2.775557561563E-17));
#1009 = LINE('',#1010,#1011);
#1010 = CARTESIAN_POINT('',(2.28,0.75,0.));
#1011 = VECTOR('',#1012,1.);
#1012 = DIRECTION('',(1.,-3.445092848398E-16,0.));
#1013 = ORIENTED_EDGE('',*,*,#1014,.T.);
#1014 = EDGE_CURVE('',#1007,#1015,#1017,.T.);
#1015 = VERTEX_POINT('',#1016);
#1016 = CARTESIAN_POINT('',(2.353333333333,-0.75,-2.775557561563E-17));
#1017 = LINE('',#1018,#1019);
#1018 = CARTESIAN_POINT('',(2.353333333333,0.75,-2.775557561563E-17));
#1019 = VECTOR('',#1020,1.);
#1020 = DIRECTION('',(-3.445092848398E-16,-1.,0.));
#1021 = ORIENTED_EDGE('',*,*,#1022,.T.);
#1022 = EDGE_CURVE('',#1015,#1023,#1025,.T.);
#1023 = VERTEX_POINT('',#1024);
#1024 = CARTESIAN_POINT('',(1.14,-0.75,0.));
#1025 = LINE('',#1026,#1027);
#1026 = CARTESIAN_POINT('',(2.28,-0.75,0.));
#1027 = VECTOR('',#1028,1.);
#1028 = DIRECTION('',(-1.,3.445092848398E-16,0.));
#1029 = ORIENTED_EDGE('',*,*,#1030,.T.);
#1030 = EDGE_CURVE('',#1023,#1005,#1031,.T.);
#1031 = LINE('',#1032,#1033);
#1032 = CARTESIAN_POINT('',(1.14,-0.75,0.));
#1033 = VECTOR('',#1034,1.);
#1034 = DIRECTION('',(3.445092848398E-16,1.,0.));
#1035 = PLANE('',#1036);
#1036 = AXIS2_PLACEMENT_3D('',#1037,#1038,#1039);
#1037 = CARTESIAN_POINT('',(1.746666666667,-5.821951347626E-16,
    -7.671995716851E-18));
#1038 = DIRECTION('',(-1.332277103521E-17,5.237186372803E-33,-1.));
#1039 = DIRECTION('',(1.,-2.22044604925E-16,-1.332277103521E-17));
#1040 = ADVANCED_FACE('',(#1041),#1118,.T.);
#1041 = FACE_BOUND('',#1042,.T.);
#1042 = EDGE_LOOP('',(#1043,#1053,#1060,#1061,#1069,#1077,#1087,#1095,
    #1103,#1111));
#1043 = ORIENTED_EDGE('',*,*,#1044,.F.);
#1044 = EDGE_CURVE('',#1045,#1047,#1049,.T.);
#1045 = VERTEX_POINT('',#1046);
#1046 = CARTESIAN_POINT('',(2.5,0.75,0.146666666667));
#1047 = VERTEX_POINT('',#1048);
#1048 = CARTESIAN_POINT('',(2.5,0.75,0.842343333333));
#1049 = LINE('',#1050,#1051);
#1050 = CARTESIAN_POINT('',(2.5,0.75,0.));
#1051 = VECTOR('',#1052,1.);
#1052 = DIRECTION('',(0.,0.,1.));
#1053 = ORIENTED_EDGE('',*,*,#1054,.T.);
#1054 = EDGE_CURVE('',#1045,#1007,#1055,.T.);
#1055 = CIRCLE('',#1056,0.146666666667);
#1056 = AXIS2_PLACEMENT_3D('',#1057,#1058,#1059);
#1057 = CARTESIAN_POINT('',(2.353333333333,0.75,0.146666666667));
#1058 = DIRECTION('',(3.445092848398E-16,1.,-0.));
#1059 = DIRECTION('',(0.,0.,1.));
#1060 = ORIENTED_EDGE('',*,*,#1004,.F.);
#1061 = ORIENTED_EDGE('',*,*,#1062,.T.);
#1062 = EDGE_CURVE('',#1005,#1063,#1065,.T.);
#1063 = VERTEX_POINT('',#1064);
#1064 = CARTESIAN_POINT('',(1.14,0.75,0.22));
#1065 = LINE('',#1066,#1067);
#1066 = CARTESIAN_POINT('',(1.14,0.75,0.));
#1067 = VECTOR('',#1068,1.);
#1068 = DIRECTION('',(0.,0.,1.));
#1069 = ORIENTED_EDGE('',*,*,#1070,.F.);
#1070 = EDGE_CURVE('',#1071,#1063,#1073,.T.);
#1071 = VERTEX_POINT('',#1072);
#1072 = CARTESIAN_POINT('',(2.225259344883,0.75,0.22));
#1073 = LINE('',#1074,#1075);
#1074 = CARTESIAN_POINT('',(2.108163247245,0.75,0.22));
#1075 = VECTOR('',#1076,1.);
#1076 = DIRECTION('',(-1.,4.514825988711E-16,0.));
#1077 = ORIENTED_EDGE('',*,*,#1078,.T.);
#1078 = EDGE_CURVE('',#1071,#1079,#1081,.T.);
#1079 = VERTEX_POINT('',#1080);
#1080 = CARTESIAN_POINT('',(2.225413939802,0.75,0.2222));
#1081 = B_SPLINE_CURVE_WITH_KNOTS('',4,(#1082,#1083,#1084,#1085,#1086),
  .UNSPECIFIED.,.F.,.F.,(5,5),(0.,1.),.PIECEWISE_BEZIER_KNOTS.);
#1082 = CARTESIAN_POINT('',(2.225259344883,0.75,0.22));
#1083 = CARTESIAN_POINT('',(2.238768685756,0.75,0.412247910026));
#1084 = CARTESIAN_POINT('',(2.25227825666,0.75,0.604499093572));
#1085 = CARTESIAN_POINT('',(2.265788033788,0.75,0.796753211837));
#1086 = CARTESIAN_POINT('',(2.279297998531,0.75,0.98901));
#1087 = ORIENTED_EDGE('',*,*,#1088,.T.);
#1088 = EDGE_CURVE('',#1079,#1089,#1091,.T.);
#1089 = VERTEX_POINT('',#1090);
#1090 = CARTESIAN_POINT('',(2.28,0.75,0.2222));
#1091 = LINE('',#1092,#1093);
#1092 = CARTESIAN_POINT('',(1.14,0.75,0.2222));
#1093 = VECTOR('',#1094,1.);
#1094 = DIRECTION('',(1.,-3.445092848398E-16,0.));
#1095 = ORIENTED_EDGE('',*,*,#1096,.T.);
#1096 = EDGE_CURVE('',#1089,#1097,#1099,.T.);
#1097 = VERTEX_POINT('',#1098);
#1098 = CARTESIAN_POINT('',(2.28,0.75,0.98901));
#1099 = LINE('',#1100,#1101);
#1100 = CARTESIAN_POINT('',(2.28,0.75,0.));
#1101 = VECTOR('',#1102,1.);
#1102 = DIRECTION('',(0.,0.,1.));
#1103 = ORIENTED_EDGE('',*,*,#1104,.T.);
#1104 = EDGE_CURVE('',#1097,#1105,#1107,.T.);
#1105 = VERTEX_POINT('',#1106);
#1106 = CARTESIAN_POINT('',(2.353333333333,0.75,0.98901));
#1107 = LINE('',#1108,#1109);
#1108 = CARTESIAN_POINT('',(2.28,0.75,0.98901));
#1109 = VECTOR('',#1110,1.);
#1110 = DIRECTION('',(1.,-3.445092848398E-16,0.));
#1111 = ORIENTED_EDGE('',*,*,#1112,.F.);
#1112 = EDGE_CURVE('',#1047,#1105,#1113,.T.);
#1113 = CIRCLE('',#1114,0.146666666667);
#1114 = AXIS2_PLACEMENT_3D('',#1115,#1116,#1117);
#1115 = CARTESIAN_POINT('',(2.353333333333,0.75,0.842343333333));
#1116 = DIRECTION('',(-3.445092848398E-16,-1.,0.));
#1117 = DIRECTION('',(0.,0.,1.));
#1118 = PLANE('',#1119);
#1119 = AXIS2_PLACEMENT_3D('',#1120,#1121,#1122);
#1120 = CARTESIAN_POINT('',(1.991067149606,0.75,0.303091083877));
#1121 = DIRECTION('',(4.514825988711E-16,1.,5.822139933717E-17));
#1122 = DIRECTION('',(-1.,4.514825988711E-16,0.));
#1123 = ADVANCED_FACE('',(#1124),#1143,.T.);
#1124 = FACE_BOUND('',#1125,.T.);
#1125 = EDGE_LOOP('',(#1126,#1134,#1141,#1142));
#1126 = ORIENTED_EDGE('',*,*,#1127,.T.);
#1127 = EDGE_CURVE('',#1045,#1128,#1130,.T.);
#1128 = VERTEX_POINT('',#1129);
#1129 = CARTESIAN_POINT('',(2.5,-0.75,0.146666666667));
#1130 = LINE('',#1131,#1132);
#1131 = CARTESIAN_POINT('',(2.5,0.75,0.146666666667));
#1132 = VECTOR('',#1133,1.);
#1133 = DIRECTION('',(-3.445092848398E-16,-1.,0.));
#1134 = ORIENTED_EDGE('',*,*,#1135,.T.);
#1135 = EDGE_CURVE('',#1128,#1015,#1136,.T.);
#1136 = CIRCLE('',#1137,0.146666666667);
#1137 = AXIS2_PLACEMENT_3D('',#1138,#1139,#1140);
#1138 = CARTESIAN_POINT('',(2.353333333333,-0.75,0.146666666667));
#1139 = DIRECTION('',(3.445092848398E-16,1.,-0.));
#1140 = DIRECTION('',(0.,0.,1.));
#1141 = ORIENTED_EDGE('',*,*,#1014,.F.);
#1142 = ORIENTED_EDGE('',*,*,#1054,.F.);
#1143 = CYLINDRICAL_SURFACE('',#1144,0.146666666667);
#1144 = AXIS2_PLACEMENT_3D('',#1145,#1146,#1147);
#1145 = CARTESIAN_POINT('',(2.353333333333,0.75,0.146666666667));
#1146 = DIRECTION('',(-3.445092848398E-16,-1.,0.));
#1147 = DIRECTION('',(1.,-3.445092848398E-16,0.));
#1148 = ADVANCED_FACE('',(#1149),#1218,.T.);
#1149 = FACE_BOUND('',#1150,.T.);
#1150 = EDGE_LOOP('',(#1151,#1152,#1160,#1169,#1177,#1185,#1193,#1203,
    #1211,#1217));
#1151 = ORIENTED_EDGE('',*,*,#1135,.F.);
#1152 = ORIENTED_EDGE('',*,*,#1153,.T.);
#1153 = EDGE_CURVE('',#1128,#1154,#1156,.T.);
#1154 = VERTEX_POINT('',#1155);
#1155 = CARTESIAN_POINT('',(2.5,-0.75,0.842343333333));
#1156 = LINE('',#1157,#1158);
#1157 = CARTESIAN_POINT('',(2.5,-0.75,0.));
#1158 = VECTOR('',#1159,1.);
#1159 = DIRECTION('',(0.,0.,1.));
#1160 = ORIENTED_EDGE('',*,*,#1161,.T.);
#1161 = EDGE_CURVE('',#1154,#1162,#1164,.T.);
#1162 = VERTEX_POINT('',#1163);
#1163 = CARTESIAN_POINT('',(2.353333333333,-0.75,0.98901));
#1164 = CIRCLE('',#1165,0.146666666667);
#1165 = AXIS2_PLACEMENT_3D('',#1166,#1167,#1168);
#1166 = CARTESIAN_POINT('',(2.353333333333,-0.75,0.842343333333));
#1167 = DIRECTION('',(-3.445092848398E-16,-1.,0.));
#1168 = DIRECTION('',(0.,0.,1.));
#1169 = ORIENTED_EDGE('',*,*,#1170,.T.);
#1170 = EDGE_CURVE('',#1162,#1171,#1173,.T.);
#1171 = VERTEX_POINT('',#1172);
#1172 = CARTESIAN_POINT('',(2.28,-0.75,0.98901));
#1173 = LINE('',#1174,#1175);
#1174 = CARTESIAN_POINT('',(2.5,-0.75,0.98901));
#1175 = VECTOR('',#1176,1.);
#1176 = DIRECTION('',(-1.,3.445092848398E-16,0.));
#1177 = ORIENTED_EDGE('',*,*,#1178,.F.);
#1178 = EDGE_CURVE('',#1179,#1171,#1181,.T.);
#1179 = VERTEX_POINT('',#1180);
#1180 = CARTESIAN_POINT('',(2.28,-0.75,0.2222));
#1181 = LINE('',#1182,#1183);
#1182 = CARTESIAN_POINT('',(2.28,-0.75,0.));
#1183 = VECTOR('',#1184,1.);
#1184 = DIRECTION('',(0.,0.,1.));
#1185 = ORIENTED_EDGE('',*,*,#1186,.T.);
#1186 = EDGE_CURVE('',#1179,#1187,#1189,.T.);
#1187 = VERTEX_POINT('',#1188);
#1188 = CARTESIAN_POINT('',(2.225413939802,-0.75,0.2222));
#1189 = LINE('',#1190,#1191);
#1190 = CARTESIAN_POINT('',(2.28,-0.75,0.2222));
#1191 = VECTOR('',#1192,1.);
#1192 = DIRECTION('',(-1.,3.445092848398E-16,0.));
#1193 = ORIENTED_EDGE('',*,*,#1194,.F.);
#1194 = EDGE_CURVE('',#1195,#1187,#1197,.T.);
#1195 = VERTEX_POINT('',#1196);
#1196 = CARTESIAN_POINT('',(2.225259344883,-0.75,0.22));
#1197 = B_SPLINE_CURVE_WITH_KNOTS('',4,(#1198,#1199,#1200,#1201,#1202),
  .UNSPECIFIED.,.F.,.F.,(5,5),(0.,1.),.PIECEWISE_BEZIER_KNOTS.);
#1198 = CARTESIAN_POINT('',(2.225259344883,-0.75,0.22));
#1199 = CARTESIAN_POINT('',(2.238768685756,-0.75,0.412247910026));
#1200 = CARTESIAN_POINT('',(2.25227825666,-0.75,0.604499093572));
#1201 = CARTESIAN_POINT('',(2.265788033788,-0.75,0.796753211837));
#1202 = CARTESIAN_POINT('',(2.279297998531,-0.75,0.98901));
#1203 = ORIENTED_EDGE('',*,*,#1204,.F.);
#1204 = EDGE_CURVE('',#1205,#1195,#1207,.T.);
#1205 = VERTEX_POINT('',#1206);
#1206 = CARTESIAN_POINT('',(1.14,-0.75,0.22));
#1207 = LINE('',#1208,#1209);
#1208 = CARTESIAN_POINT('',(2.108163247245,-0.75,0.22));
#1209 = VECTOR('',#1210,1.);
#1210 = DIRECTION('',(1.,-2.844998265321E-16,-0.));
#1211 = ORIENTED_EDGE('',*,*,#1212,.F.);
#1212 = EDGE_CURVE('',#1023,#1205,#1213,.T.);
#1213 = LINE('',#1214,#1215);
#1214 = CARTESIAN_POINT('',(1.14,-0.75,0.));
#1215 = VECTOR('',#1216,1.);
#1216 = DIRECTION('',(0.,0.,1.));
#1217 = ORIENTED_EDGE('',*,*,#1022,.F.);
#1218 = PLANE('',#1219);
#1219 = AXIS2_PLACEMENT_3D('',#1220,#1221,#1222);
#1220 = CARTESIAN_POINT('',(1.991067149606,-0.75,0.303091083877));
#1221 = DIRECTION('',(-2.844998265321E-16,-1.,-7.396066644327E-17));
#1222 = DIRECTION('',(1.642256696039E-32,7.396066644327E-17,-1.));
#1223 = ADVANCED_FACE('',(#1224),#1235,.T.);
#1224 = FACE_BOUND('',#1225,.T.);
#1225 = EDGE_LOOP('',(#1226,#1227,#1228,#1234));
#1226 = ORIENTED_EDGE('',*,*,#1030,.F.);
#1227 = ORIENTED_EDGE('',*,*,#1212,.T.);
#1228 = ORIENTED_EDGE('',*,*,#1229,.F.);
#1229 = EDGE_CURVE('',#1063,#1205,#1230,.T.);
#1230 = LINE('',#1231,#1232);
#1231 = CARTESIAN_POINT('',(1.14,-1.022629672442,0.22));
#1232 = VECTOR('',#1233,1.);
#1233 = DIRECTION('',(-3.445092848398E-16,-1.,0.));
#1234 = ORIENTED_EDGE('',*,*,#1062,.F.);
#1235 = PLANE('',#1236);
#1236 = AXIS2_PLACEMENT_3D('',#1237,#1238,#1239);
#1237 = CARTESIAN_POINT('',(1.14,-0.75,0.));
#1238 = DIRECTION('',(-1.,3.445092848398E-16,0.));
#1239 = DIRECTION('',(3.445092848398E-16,1.,0.));
#1240 = ADVANCED_FACE('',(#1241),#1252,.T.);
#1241 = FACE_BOUND('',#1242,.T.);
#1242 = EDGE_LOOP('',(#1243,#1244,#1250,#1251));
#1243 = ORIENTED_EDGE('',*,*,#1044,.T.);
#1244 = ORIENTED_EDGE('',*,*,#1245,.T.);
#1245 = EDGE_CURVE('',#1047,#1154,#1246,.T.);
#1246 = LINE('',#1247,#1248);
#1247 = CARTESIAN_POINT('',(2.5,0.75,0.842343333333));
#1248 = VECTOR('',#1249,1.);
#1249 = DIRECTION('',(-3.445092848398E-16,-1.,0.));
#1250 = ORIENTED_EDGE('',*,*,#1153,.F.);
#1251 = ORIENTED_EDGE('',*,*,#1127,.F.);
#1252 = PLANE('',#1253);
#1253 = AXIS2_PLACEMENT_3D('',#1254,#1255,#1256);
#1254 = CARTESIAN_POINT('',(2.5,0.75,0.));
#1255 = DIRECTION('',(1.,-3.445092848398E-16,0.));
#1256 = DIRECTION('',(-3.445092848398E-16,-1.,0.));
#1257 = ADVANCED_FACE('',(#1258),#1269,.T.);
#1258 = FACE_BOUND('',#1259,.T.);
#1259 = EDGE_LOOP('',(#1260,#1261,#1267,#1268));
#1260 = ORIENTED_EDGE('',*,*,#1112,.T.);
#1261 = ORIENTED_EDGE('',*,*,#1262,.T.);
#1262 = EDGE_CURVE('',#1105,#1162,#1263,.T.);
#1263 = LINE('',#1264,#1265);
#1264 = CARTESIAN_POINT('',(2.353333333333,0.75,0.98901));
#1265 = VECTOR('',#1266,1.);
#1266 = DIRECTION('',(-3.445092848398E-16,-1.,0.));
#1267 = ORIENTED_EDGE('',*,*,#1161,.F.);
#1268 = ORIENTED_EDGE('',*,*,#1245,.F.);
#1269 = CYLINDRICAL_SURFACE('',#1270,0.146666666667);
#1270 = AXIS2_PLACEMENT_3D('',#1271,#1272,#1273);
#1271 = CARTESIAN_POINT('',(2.353333333333,0.75,0.842343333333));
#1272 = DIRECTION('',(-3.445092848398E-16,-1.,0.));
#1273 = DIRECTION('',(1.,-3.445092848398E-16,0.));
#1274 = ADVANCED_FACE('',(#1275),#1286,.F.);
#1275 = FACE_BOUND('',#1276,.F.);
#1276 = EDGE_LOOP('',(#1277,#1278,#1279,#1280));
#1277 = ORIENTED_EDGE('',*,*,#1104,.T.);
#1278 = ORIENTED_EDGE('',*,*,#1262,.T.);
#1279 = ORIENTED_EDGE('',*,*,#1170,.T.);
#1280 = ORIENTED_EDGE('',*,*,#1281,.T.);
#1281 = EDGE_CURVE('',#1171,#1097,#1282,.T.);
#1282 = LINE('',#1283,#1284);
#1283 = CARTESIAN_POINT('',(2.28,-0.75,0.98901));
#1284 = VECTOR('',#1285,1.);
#1285 = DIRECTION('',(3.445092848398E-16,1.,0.));
#1286 = PLANE('',#1287);
#1287 = AXIS2_PLACEMENT_3D('',#1288,#1289,#1290);
#1288 = CARTESIAN_POINT('',(2.39,-6.661338147751E-16,0.98901));
#1289 = DIRECTION('',(0.,0.,-1.));
#1290 = DIRECTION('',(3.445092848398E-16,1.,0.));
#1291 = ADVANCED_FACE('',(#1292),#1303,.T.);
#1292 = FACE_BOUND('',#1293,.T.);
#1293 = EDGE_LOOP('',(#1294,#1300,#1301,#1302));
#1294 = ORIENTED_EDGE('',*,*,#1295,.T.);
#1295 = EDGE_CURVE('',#1089,#1179,#1296,.T.);
#1296 = LINE('',#1297,#1298);
#1297 = CARTESIAN_POINT('',(2.28,0.75,0.2222));
#1298 = VECTOR('',#1299,1.);
#1299 = DIRECTION('',(-3.445092848398E-16,-1.,0.));
#1300 = ORIENTED_EDGE('',*,*,#1178,.T.);
#1301 = ORIENTED_EDGE('',*,*,#1281,.T.);
#1302 = ORIENTED_EDGE('',*,*,#1096,.F.);
#1303 = PLANE('',#1304);
#1304 = AXIS2_PLACEMENT_3D('',#1305,#1306,#1307);
#1305 = CARTESIAN_POINT('',(2.28,-0.75,0.));
#1306 = DIRECTION('',(-1.,3.445092848398E-16,0.));
#1307 = DIRECTION('',(3.445092848398E-16,1.,0.));
#1308 = ADVANCED_FACE('',(#1309),#1319,.F.);
#1309 = FACE_BOUND('',#1310,.F.);
#1310 = EDGE_LOOP('',(#1311,#1316,#1317,#1318));
#1311 = ORIENTED_EDGE('',*,*,#1312,.F.);
#1312 = EDGE_CURVE('',#1079,#1187,#1313,.T.);
#1313 = B_SPLINE_CURVE_WITH_KNOTS('',1,(#1314,#1315),.UNSPECIFIED.,.F.,
  .F.,(2,2),(0.,1.),.PIECEWISE_BEZIER_KNOTS.);
#1314 = CARTESIAN_POINT('',(2.225413939802,0.75,0.2222));
#1315 = CARTESIAN_POINT('',(2.225413939802,-0.75,0.2222));
#1316 = ORIENTED_EDGE('',*,*,#1088,.T.);
#1317 = ORIENTED_EDGE('',*,*,#1295,.T.);
#1318 = ORIENTED_EDGE('',*,*,#1186,.T.);
#1319 = PLANE('',#1320);
#1320 = AXIS2_PLACEMENT_3D('',#1321,#1322,#1323);
#1321 = CARTESIAN_POINT('',(1.71,-5.551115123126E-16,0.2222));
#1322 = DIRECTION('',(0.,0.,-1.));
#1323 = DIRECTION('',(3.445092848398E-16,1.,0.));
#1324 = ADVANCED_FACE('',(#1325),#1366,.T.);
#1325 = FACE_BOUND('',#1326,.T.);
#1326 = EDGE_LOOP('',(#1327,#1336,#1342,#1343,#1344,#1345,#1353,#1360));
#1327 = ORIENTED_EDGE('',*,*,#1328,.F.);
#1328 = EDGE_CURVE('',#1329,#1331,#1333,.T.);
#1329 = VERTEX_POINT('',#1330);
#1330 = CARTESIAN_POINT('',(2.225259344883,-1.295259344883,0.22));
#1331 = VERTEX_POINT('',#1332);
#1332 = CARTESIAN_POINT('',(2.28,-1.35,0.999));
#1333 = B_SPLINE_CURVE_WITH_KNOTS('',1,(#1334,#1335),.UNSPECIFIED.,.F.,
  .F.,(2,2),(0.,1.),.PIECEWISE_BEZIER_KNOTS.);
#1334 = CARTESIAN_POINT('',(2.225259344883,-1.295259344883,0.22));
#1335 = CARTESIAN_POINT('',(2.28,-1.35,0.999));
#1336 = ORIENTED_EDGE('',*,*,#1337,.T.);
#1337 = EDGE_CURVE('',#1329,#1195,#1338,.T.);
#1338 = LINE('',#1339,#1340);
#1339 = CARTESIAN_POINT('',(2.225259344883,-1.295259344883,0.22));
#1340 = VECTOR('',#1341,1.);
#1341 = DIRECTION('',(2.22044604925E-16,1.,0.));
#1342 = ORIENTED_EDGE('',*,*,#1194,.T.);
#1343 = ORIENTED_EDGE('',*,*,#1312,.F.);
#1344 = ORIENTED_EDGE('',*,*,#1078,.F.);
#1345 = ORIENTED_EDGE('',*,*,#1346,.T.);
#1346 = EDGE_CURVE('',#1071,#1347,#1349,.T.);
#1347 = VERTEX_POINT('',#1348);
#1348 = CARTESIAN_POINT('',(2.225259344883,1.295259344883,0.22));
#1349 = LINE('',#1350,#1351);
#1350 = CARTESIAN_POINT('',(2.225259344883,-1.295259344883,0.22));
#1351 = VECTOR('',#1352,1.);
#1352 = DIRECTION('',(2.22044604925E-16,1.,0.));
#1353 = ORIENTED_EDGE('',*,*,#1354,.T.);
#1354 = EDGE_CURVE('',#1347,#1355,#1357,.T.);
#1355 = VERTEX_POINT('',#1356);
#1356 = CARTESIAN_POINT('',(2.28,1.35,0.999));
#1357 = B_SPLINE_CURVE_WITH_KNOTS('',1,(#1358,#1359),.UNSPECIFIED.,.F.,
  .F.,(2,2),(0.,1.),.PIECEWISE_BEZIER_KNOTS.);
#1358 = CARTESIAN_POINT('',(2.225259344883,1.295259344883,0.22));
#1359 = CARTESIAN_POINT('',(2.28,1.35,0.999));
#1360 = ORIENTED_EDGE('',*,*,#1361,.F.);
#1361 = EDGE_CURVE('',#1331,#1355,#1362,.T.);
#1362 = LINE('',#1363,#1364);
#1363 = CARTESIAN_POINT('',(2.28,-1.35,0.999));
#1364 = VECTOR('',#1365,1.);
#1365 = DIRECTION('',(2.22044604925E-16,1.,0.));
#1366 = B_SPLINE_SURFACE_WITH_KNOTS('',1,1,(
    (#1367,#1368)
    ,(#1369,#1370
    )),.UNSPECIFIED.,.F.,.F.,.F.,(2,2),(2,2),(0.,2.7),(0.,1.),
  .PIECEWISE_BEZIER_KNOTS.);
#1367 = CARTESIAN_POINT('',(2.225259344883,-1.295259344883,0.22));
#1368 = CARTESIAN_POINT('',(2.28,-1.35,0.999));
#1369 = CARTESIAN_POINT('',(2.225259344883,1.295259344883,0.22));
#1370 = CARTESIAN_POINT('',(2.28,1.35,0.999));
#1371 = ADVANCED_FACE('',(#1372),#1401,.T.);
#1372 = FACE_BOUND('',#1373,.T.);
#1373 = EDGE_LOOP('',(#1374,#1375,#1383,#1391,#1397,#1398,#1399,#1400));
#1374 = ORIENTED_EDGE('',*,*,#1337,.F.);
#1375 = ORIENTED_EDGE('',*,*,#1376,.F.);
#1376 = EDGE_CURVE('',#1377,#1329,#1379,.T.);
#1377 = VERTEX_POINT('',#1378);
#1378 = CARTESIAN_POINT('',(1.1,-1.295259344883,0.22));
#1379 = LINE('',#1380,#1381);
#1380 = CARTESIAN_POINT('',(-2.225259344883,-1.295259344883,0.22));
#1381 = VECTOR('',#1382,1.);
#1382 = DIRECTION('',(1.,-2.22044604925E-16,0.));
#1383 = ORIENTED_EDGE('',*,*,#1384,.T.);
#1384 = EDGE_CURVE('',#1377,#1385,#1387,.T.);
#1385 = VERTEX_POINT('',#1386);
#1386 = CARTESIAN_POINT('',(1.1,1.295259344883,0.22));
#1387 = LINE('',#1388,#1389);
#1388 = CARTESIAN_POINT('',(1.1,-1.295259344883,0.22));
#1389 = VECTOR('',#1390,1.);
#1390 = DIRECTION('',(2.22044604925E-16,1.,0.));
#1391 = ORIENTED_EDGE('',*,*,#1392,.F.);
#1392 = EDGE_CURVE('',#1347,#1385,#1393,.T.);
#1393 = LINE('',#1394,#1395);
#1394 = CARTESIAN_POINT('',(2.225259344883,1.295259344883,0.22));
#1395 = VECTOR('',#1396,1.);
#1396 = DIRECTION('',(-1.,2.22044604925E-16,0.));
#1397 = ORIENTED_EDGE('',*,*,#1346,.F.);
#1398 = ORIENTED_EDGE('',*,*,#1070,.T.);
#1399 = ORIENTED_EDGE('',*,*,#1229,.T.);
#1400 = ORIENTED_EDGE('',*,*,#1204,.T.);
#1401 = PLANE('',#1402);
#1402 = AXIS2_PLACEMENT_3D('',#1403,#1404,#1405);
#1403 = CARTESIAN_POINT('',(2.225259344883,-1.295259344883,0.22));
#1404 = DIRECTION('',(0.,0.,-1.));
#1405 = DIRECTION('',(-0.864253276514,0.503056929218,0.));
#1406 = ADVANCED_FACE('',(#1407),#1440,.T.);
#1407 = FACE_BOUND('',#1408,.T.);
#1408 = EDGE_LOOP('',(#1409,#1419,#1425,#1426,#1427,#1435));
#1409 = ORIENTED_EDGE('',*,*,#1410,.T.);
#1410 = EDGE_CURVE('',#1411,#1413,#1415,.T.);
#1411 = VERTEX_POINT('',#1412);
#1412 = CARTESIAN_POINT('',(-2.225259344883,-1.295259344883,0.22));
#1413 = VERTEX_POINT('',#1414);
#1414 = CARTESIAN_POINT('',(-1.1,-1.295259344883,0.22));
#1415 = LINE('',#1416,#1417);
#1416 = CARTESIAN_POINT('',(-2.225259344883,-1.295259344883,0.22));
#1417 = VECTOR('',#1418,1.);
#1418 = DIRECTION('',(1.,-2.22044604925E-16,0.));
#1419 = ORIENTED_EDGE('',*,*,#1420,.T.);
#1420 = EDGE_CURVE('',#1413,#1377,#1421,.T.);
#1421 = LINE('',#1422,#1423);
#1422 = CARTESIAN_POINT('',(-1.1,-1.295259344883,0.22));
#1423 = VECTOR('',#1424,1.);
#1424 = DIRECTION('',(1.,-2.22044604925E-16,0.));
#1425 = ORIENTED_EDGE('',*,*,#1376,.T.);
#1426 = ORIENTED_EDGE('',*,*,#1328,.T.);
#1427 = ORIENTED_EDGE('',*,*,#1428,.F.);
#1428 = EDGE_CURVE('',#1429,#1331,#1431,.T.);
#1429 = VERTEX_POINT('',#1430);
#1430 = CARTESIAN_POINT('',(-2.28,-1.35,0.999));
#1431 = LINE('',#1432,#1433);
#1432 = CARTESIAN_POINT('',(-2.28,-1.35,0.999));
#1433 = VECTOR('',#1434,1.);
#1434 = DIRECTION('',(1.,-2.22044604925E-16,0.));
#1435 = ORIENTED_EDGE('',*,*,#1436,.F.);
#1436 = EDGE_CURVE('',#1411,#1429,#1437,.T.);
#1437 = B_SPLINE_CURVE_WITH_KNOTS('',1,(#1438,#1439),.UNSPECIFIED.,.F.,
  .F.,(2,2),(0.,1.),.PIECEWISE_BEZIER_KNOTS.);
#1438 = CARTESIAN_POINT('',(-2.225259344883,-1.295259344883,0.22));
#1439 = CARTESIAN_POINT('',(-2.28,-1.35,0.999));
#1440 = B_SPLINE_SURFACE_WITH_KNOTS('',1,1,(
    (#1441,#1442)
    ,(#1443,#1444
    )),.UNSPECIFIED.,.F.,.F.,.F.,(2,2),(2,2),(0.,4.56),(0.,1.),
  .PIECEWISE_BEZIER_KNOTS.);
#1441 = CARTESIAN_POINT('',(-2.225259344883,-1.295259344883,0.22));
#1442 = CARTESIAN_POINT('',(-2.28,-1.35,0.999));
#1443 = CARTESIAN_POINT('',(2.225259344883,-1.295259344883,0.22));
#1444 = CARTESIAN_POINT('',(2.28,-1.35,0.999));
#1445 = ADVANCED_FACE('',(#1446),#1469,.T.);
#1446 = FACE_BOUND('',#1447,.T.);
#1447 = EDGE_LOOP('',(#1448,#1449,#1456,#1464));
#1448 = ORIENTED_EDGE('',*,*,#1361,.T.);
#1449 = ORIENTED_EDGE('',*,*,#1450,.T.);
#1450 = EDGE_CURVE('',#1355,#1451,#1453,.T.);
#1451 = VERTEX_POINT('',#1452);
#1452 = CARTESIAN_POINT('',(2.194199820414,1.264199820414,2.22));
#1453 = B_SPLINE_CURVE_WITH_KNOTS('',1,(#1454,#1455),.UNSPECIFIED.,.F.,
  .F.,(2,2),(0.,1.),.PIECEWISE_BEZIER_KNOTS.);
#1454 = CARTESIAN_POINT('',(2.28,1.35,0.999));
#1455 = CARTESIAN_POINT('',(2.194199820414,1.264199820414,2.22));
#1456 = ORIENTED_EDGE('',*,*,#1457,.F.);
#1457 = EDGE_CURVE('',#1458,#1451,#1460,.T.);
#1458 = VERTEX_POINT('',#1459);
#1459 = CARTESIAN_POINT('',(2.194199820414,-1.264199820414,2.22));
#1460 = LINE('',#1461,#1462);
#1461 = CARTESIAN_POINT('',(2.194199820414,-1.264199820414,2.22));
#1462 = VECTOR('',#1463,1.);
#1463 = DIRECTION('',(2.22044604925E-16,1.,0.));
#1464 = ORIENTED_EDGE('',*,*,#1465,.F.);
#1465 = EDGE_CURVE('',#1331,#1458,#1466,.T.);
#1466 = B_SPLINE_CURVE_WITH_KNOTS('',1,(#1467,#1468),.UNSPECIFIED.,.F.,
  .F.,(2,2),(0.,1.),.PIECEWISE_BEZIER_KNOTS.);
#1467 = CARTESIAN_POINT('',(2.28,-1.35,0.999));
#1468 = CARTESIAN_POINT('',(2.194199820414,-1.264199820414,2.22));
#1469 = B_SPLINE_SURFACE_WITH_KNOTS('',1,1,(
    (#1470,#1471)
    ,(#1472,#1473
    )),.UNSPECIFIED.,.F.,.F.,.F.,(2,2),(2,2),(0.,2.7),(0.,1.),
  .PIECEWISE_BEZIER_KNOTS.);
#1470 = CARTESIAN_POINT('',(2.28,-1.35,0.999));
#1471 = CARTESIAN_POINT('',(2.194199820414,-1.264199820414,2.22));
#1472 = CARTESIAN_POINT('',(2.28,1.35,0.999));
#1473 = CARTESIAN_POINT('',(2.194199820414,1.264199820414,2.22));
#1474 = ADVANCED_FACE('',(#1475),#1508,.T.);
#1475 = FACE_BOUND('',#1476,.T.);
#1476 = EDGE_LOOP('',(#1477,#1478,#1486,#1494,#1501,#1507));
#1477 = ORIENTED_EDGE('',*,*,#1392,.T.);
#1478 = ORIENTED_EDGE('',*,*,#1479,.T.);
#1479 = EDGE_CURVE('',#1385,#1480,#1482,.T.);
#1480 = VERTEX_POINT('',#1481);
#1481 = CARTESIAN_POINT('',(-1.1,1.295259344883,0.22));
#1482 = LINE('',#1483,#1484);
#1483 = CARTESIAN_POINT('',(1.1,1.295259344883,0.22));
#1484 = VECTOR('',#1485,1.);
#1485 = DIRECTION('',(-1.,2.22044604925E-16,0.));
#1486 = ORIENTED_EDGE('',*,*,#1487,.T.);
#1487 = EDGE_CURVE('',#1480,#1488,#1490,.T.);
#1488 = VERTEX_POINT('',#1489);
#1489 = CARTESIAN_POINT('',(-2.225259344883,1.295259344883,0.22));
#1490 = LINE('',#1491,#1492);
#1491 = CARTESIAN_POINT('',(2.225259344883,1.295259344883,0.22));
#1492 = VECTOR('',#1493,1.);
#1493 = DIRECTION('',(-1.,2.22044604925E-16,0.));
#1494 = ORIENTED_EDGE('',*,*,#1495,.T.);
#1495 = EDGE_CURVE('',#1488,#1496,#1498,.T.);
#1496 = VERTEX_POINT('',#1497);
#1497 = CARTESIAN_POINT('',(-2.28,1.35,0.999));
#1498 = B_SPLINE_CURVE_WITH_KNOTS('',1,(#1499,#1500),.UNSPECIFIED.,.F.,
  .F.,(2,2),(0.,1.),.PIECEWISE_BEZIER_KNOTS.);
#1499 = CARTESIAN_POINT('',(-2.225259344883,1.295259344883,0.22));
#1500 = CARTESIAN_POINT('',(-2.28,1.35,0.999));
#1501 = ORIENTED_EDGE('',*,*,#1502,.F.);
#1502 = EDGE_CURVE('',#1355,#1496,#1503,.T.);
#1503 = LINE('',#1504,#1505);
#1504 = CARTESIAN_POINT('',(2.28,1.35,0.999));
#1505 = VECTOR('',#1506,1.);
#1506 = DIRECTION('',(-1.,2.22044604925E-16,0.));
#1507 = ORIENTED_EDGE('',*,*,#1354,.F.);
#1508 = B_SPLINE_SURFACE_WITH_KNOTS('',1,1,(
    (#1509,#1510)
    ,(#1511,#1512
    )),.UNSPECIFIED.,.F.,.F.,.F.,(2,2),(2,2),(0.,4.56),(0.,1.),
  .PIECEWISE_BEZIER_KNOTS.);
#1509 = CARTESIAN_POINT('',(2.225259344883,1.295259344883,0.22));
#1510 = CARTESIAN_POINT('',(2.28,1.35,0.999));
#1511 = CARTESIAN_POINT('',(-2.225259344883,1.295259344883,0.22));
#1512 = CARTESIAN_POINT('',(-2.28,1.35,0.999));
#1513 = ADVANCED_FACE('',(#1514),#1537,.T.);
#1514 = FACE_BOUND('',#1515,.T.);
#1515 = EDGE_LOOP('',(#1516,#1526,#1531,#1532));
#1516 = ORIENTED_EDGE('',*,*,#1517,.T.);
#1517 = EDGE_CURVE('',#1518,#1520,#1522,.T.);
#1518 = VERTEX_POINT('',#1519);
#1519 = CARTESIAN_POINT('',(1.1,-1.279799853066,0.));
#1520 = VERTEX_POINT('',#1521);
#1521 = CARTESIAN_POINT('',(1.1,1.279799853066,0.));
#1522 = LINE('',#1523,#1524);
#1523 = CARTESIAN_POINT('',(1.1,-1.279799853066,0.));
#1524 = VECTOR('',#1525,1.);
#1525 = DIRECTION('',(2.22044604925E-16,1.,0.));
#1526 = ORIENTED_EDGE('',*,*,#1527,.T.);
#1527 = EDGE_CURVE('',#1520,#1385,#1528,.T.);
#1528 = B_SPLINE_CURVE_WITH_KNOTS('',1,(#1529,#1530),.UNSPECIFIED.,.F.,
  .F.,(2,2),(0.,1.),.PIECEWISE_BEZIER_KNOTS.);
#1529 = CARTESIAN_POINT('',(1.1,1.279799853066,0.));
#1530 = CARTESIAN_POINT('',(1.1,1.295259344883,0.22));
#1531 = ORIENTED_EDGE('',*,*,#1384,.F.);
#1532 = ORIENTED_EDGE('',*,*,#1533,.F.);
#1533 = EDGE_CURVE('',#1518,#1377,#1534,.T.);
#1534 = B_SPLINE_CURVE_WITH_KNOTS('',1,(#1535,#1536),.UNSPECIFIED.,.F.,
  .F.,(2,2),(0.,1.),.PIECEWISE_BEZIER_KNOTS.);
#1535 = CARTESIAN_POINT('',(1.1,-1.279799853066,0.));
#1536 = CARTESIAN_POINT('',(1.1,-1.295259344883,0.22));
#1537 = B_SPLINE_SURFACE_WITH_KNOTS('',1,1,(
    (#1538,#1539)
    ,(#1540,#1541
    )),.UNSPECIFIED.,.F.,.F.,.F.,(2,2),(2,2),(0.,2.590518689767),(0.,1.)
  ,.PIECEWISE_BEZIER_KNOTS.);
#1538 = CARTESIAN_POINT('',(1.1,-1.279799853066,0.));
#1539 = CARTESIAN_POINT('',(1.1,-1.295259344883,0.22));
#1540 = CARTESIAN_POINT('',(1.1,1.279799853066,0.));
#1541 = CARTESIAN_POINT('',(1.1,1.295259344883,0.22));
#1542 = ADVANCED_FACE('',(#1543),#1591,.T.);
#1543 = FACE_BOUND('',#1544,.T.);
#1544 = EDGE_LOOP('',(#1545,#1546,#1552,#1553,#1561,#1569,#1577,#1585));
#1545 = ORIENTED_EDGE('',*,*,#1487,.F.);
#1546 = ORIENTED_EDGE('',*,*,#1547,.T.);
#1547 = EDGE_CURVE('',#1480,#1413,#1548,.T.);
#1548 = LINE('',#1549,#1550);
#1549 = CARTESIAN_POINT('',(-1.1,1.295259344883,0.22));
#1550 = VECTOR('',#1551,1.);
#1551 = DIRECTION('',(-2.22044604925E-16,-1.,0.));
#1552 = ORIENTED_EDGE('',*,*,#1410,.F.);
#1553 = ORIENTED_EDGE('',*,*,#1554,.F.);
#1554 = EDGE_CURVE('',#1555,#1411,#1557,.T.);
#1555 = VERTEX_POINT('',#1556);
#1556 = CARTESIAN_POINT('',(-2.225259344883,-0.75,0.22));
#1557 = LINE('',#1558,#1559);
#1558 = CARTESIAN_POINT('',(-2.225259344883,1.295259344883,0.22));
#1559 = VECTOR('',#1560,1.);
#1560 = DIRECTION('',(-2.22044604925E-16,-1.,0.));
#1561 = ORIENTED_EDGE('',*,*,#1562,.T.);
#1562 = EDGE_CURVE('',#1555,#1563,#1565,.T.);
#1563 = VERTEX_POINT('',#1564);
#1564 = CARTESIAN_POINT('',(-1.14,-0.75,0.22));
#1565 = LINE('',#1566,#1567);
#1566 = CARTESIAN_POINT('',(0.117096097639,-0.75,0.22));
#1567 = VECTOR('',#1568,1.);
#1568 = DIRECTION('',(1.,-2.22044604925E-16,0.));
#1569 = ORIENTED_EDGE('',*,*,#1570,.T.);
#1570 = EDGE_CURVE('',#1563,#1571,#1573,.T.);
#1571 = VERTEX_POINT('',#1572);
#1572 = CARTESIAN_POINT('',(-1.14,0.75,0.22));
#1573 = LINE('',#1574,#1575);
#1574 = CARTESIAN_POINT('',(-1.14,-0.272629672442,0.22));
#1575 = VECTOR('',#1576,1.);
#1576 = DIRECTION('',(2.22044604925E-16,1.,0.));
#1577 = ORIENTED_EDGE('',*,*,#1578,.T.);
#1578 = EDGE_CURVE('',#1571,#1579,#1581,.T.);
#1579 = VERTEX_POINT('',#1580);
#1580 = CARTESIAN_POINT('',(-2.225259344883,0.75,0.22));
#1581 = LINE('',#1582,#1583);
#1582 = CARTESIAN_POINT('',(0.117096097639,0.75,0.22));
#1583 = VECTOR('',#1584,1.);
#1584 = DIRECTION('',(-1.,2.22044604925E-16,0.));
#1585 = ORIENTED_EDGE('',*,*,#1586,.F.);
#1586 = EDGE_CURVE('',#1488,#1579,#1587,.T.);
#1587 = LINE('',#1588,#1589);
#1588 = CARTESIAN_POINT('',(-2.225259344883,1.295259344883,0.22));
#1589 = VECTOR('',#1590,1.);
#1590 = DIRECTION('',(-2.22044604925E-16,-1.,0.));
#1591 = PLANE('',#1592);
#1592 = AXIS2_PLACEMENT_3D('',#1593,#1594,#1595);
#1593 = CARTESIAN_POINT('',(2.225259344883,-1.295259344883,0.22));
#1594 = DIRECTION('',(0.,0.,-1.));
#1595 = DIRECTION('',(-0.864253276514,0.503056929218,0.));
#1596 = ADVANCED_FACE('',(#1597),#1634,.T.);
#1597 = FACE_BOUND('',#1598,.T.);
#1598 = EDGE_LOOP('',(#1599,#1600,#1601,#1611,#1618,#1626,#1627,#1628));
#1599 = ORIENTED_EDGE('',*,*,#1495,.F.);
#1600 = ORIENTED_EDGE('',*,*,#1586,.T.);
#1601 = ORIENTED_EDGE('',*,*,#1602,.T.);
#1602 = EDGE_CURVE('',#1579,#1603,#1605,.T.);
#1603 = VERTEX_POINT('',#1604);
#1604 = CARTESIAN_POINT('',(-2.225413939802,0.75,0.2222));
#1605 = B_SPLINE_CURVE_WITH_KNOTS('',4,(#1606,#1607,#1608,#1609,#1610),
  .UNSPECIFIED.,.F.,.F.,(5,5),(0.,1.),.PIECEWISE_BEZIER_KNOTS.);
#1606 = CARTESIAN_POINT('',(-2.225259344883,0.75,0.22));
#1607 = CARTESIAN_POINT('',(-2.238768685756,0.75,0.412247910026));
#1608 = CARTESIAN_POINT('',(-2.25227825666,0.75,0.604499093572));
#1609 = CARTESIAN_POINT('',(-2.265788033788,0.75,0.796753211837));
#1610 = CARTESIAN_POINT('',(-2.279297998531,0.75,0.98901));
#1611 = ORIENTED_EDGE('',*,*,#1612,.F.);
#1612 = EDGE_CURVE('',#1613,#1603,#1615,.T.);
#1613 = VERTEX_POINT('',#1614);
#1614 = CARTESIAN_POINT('',(-2.225413939802,-0.75,0.2222));
#1615 = B_SPLINE_CURVE_WITH_KNOTS('',1,(#1616,#1617),.UNSPECIFIED.,.F.,
  .F.,(2,2),(0.,1.),.PIECEWISE_BEZIER_KNOTS.);
#1616 = CARTESIAN_POINT('',(-2.225413939802,-0.75,0.2222));
#1617 = CARTESIAN_POINT('',(-2.225413939802,0.75,0.2222));
#1618 = ORIENTED_EDGE('',*,*,#1619,.F.);
#1619 = EDGE_CURVE('',#1555,#1613,#1620,.T.);
#1620 = B_SPLINE_CURVE_WITH_KNOTS('',4,(#1621,#1622,#1623,#1624,#1625),
  .UNSPECIFIED.,.F.,.F.,(5,5),(0.,1.),.PIECEWISE_BEZIER_KNOTS.);
#1621 = CARTESIAN_POINT('',(-2.225259344883,-0.75,0.22));
#1622 = CARTESIAN_POINT('',(-2.238768685756,-0.75,0.412247910026));
#1623 = CARTESIAN_POINT('',(-2.25227825666,-0.75,0.604499093572));
#1624 = CARTESIAN_POINT('',(-2.265788033788,-0.75,0.796753211837));
#1625 = CARTESIAN_POINT('',(-2.279297998531,-0.75,0.98901));
#1626 = ORIENTED_EDGE('',*,*,#1554,.T.);
#1627 = ORIENTED_EDGE('',*,*,#1436,.T.);
#1628 = ORIENTED_EDGE('',*,*,#1629,.F.);
#1629 = EDGE_CURVE('',#1496,#1429,#1630,.T.);
#1630 = LINE('',#1631,#1632);
#1631 = CARTESIAN_POINT('',(-2.28,1.35,0.999));
#1632 = VECTOR('',#1633,1.);
#1633 = DIRECTION('',(-2.22044604925E-16,-1.,0.));
#1634 = B_SPLINE_SURFACE_WITH_KNOTS('',1,1,(
    (#1635,#1636)
    ,(#1637,#1638
    )),.UNSPECIFIED.,.F.,.F.,.F.,(2,2),(2,2),(0.,2.7),(0.,1.),
  .PIECEWISE_BEZIER_KNOTS.);
#1635 = CARTESIAN_POINT('',(-2.225259344883,1.295259344883,0.22));
#1636 = CARTESIAN_POINT('',(-2.28,1.35,0.999));
#1637 = CARTESIAN_POINT('',(-2.225259344883,-1.295259344883,0.22));
#1638 = CARTESIAN_POINT('',(-2.28,-1.35,0.999));
#1639 = ADVANCED_FACE('',(#1640),#1657,.T.);
#1640 = FACE_BOUND('',#1641,.T.);
#1641 = EDGE_LOOP('',(#1642,#1650,#1651,#1652));
#1642 = ORIENTED_EDGE('',*,*,#1643,.T.);
#1643 = EDGE_CURVE('',#1644,#1518,#1646,.T.);
#1644 = VERTEX_POINT('',#1645);
#1645 = CARTESIAN_POINT('',(-1.1,-1.279799853066,0.));
#1646 = LINE('',#1647,#1648);
#1647 = CARTESIAN_POINT('',(-1.1,-1.279799853066,0.));
#1648 = VECTOR('',#1649,1.);
#1649 = DIRECTION('',(1.,-2.22044604925E-16,0.));
#1650 = ORIENTED_EDGE('',*,*,#1533,.T.);
#1651 = ORIENTED_EDGE('',*,*,#1420,.F.);
#1652 = ORIENTED_EDGE('',*,*,#1653,.F.);
#1653 = EDGE_CURVE('',#1644,#1413,#1654,.T.);
#1654 = B_SPLINE_CURVE_WITH_KNOTS('',1,(#1655,#1656),.UNSPECIFIED.,.F.,
  .F.,(2,2),(0.,1.),.PIECEWISE_BEZIER_KNOTS.);
#1655 = CARTESIAN_POINT('',(-1.1,-1.279799853066,0.));
#1656 = CARTESIAN_POINT('',(-1.1,-1.295259344883,0.22));
#1657 = PLANE('',#1658);
#1658 = AXIS2_PLACEMENT_3D('',#1659,#1660,#1661);
#1659 = CARTESIAN_POINT('',(-1.1,-1.295259344883,0.22));
#1660 = DIRECTION('',(-2.214984063823E-16,-0.997540140447,
    -7.009756199374E-02));
#1661 = DIRECTION('',(1.,-2.22044604925E-16,-1.177128382009E-30));
#1662 = ADVANCED_FACE('',(#1663),#1680,.T.);
#1663 = FACE_BOUND('',#1664,.T.);
#1664 = EDGE_LOOP('',(#1665,#1666,#1667,#1675));
#1665 = ORIENTED_EDGE('',*,*,#1428,.T.);
#1666 = ORIENTED_EDGE('',*,*,#1465,.T.);
#1667 = ORIENTED_EDGE('',*,*,#1668,.F.);
#1668 = EDGE_CURVE('',#1669,#1458,#1671,.T.);
#1669 = VERTEX_POINT('',#1670);
#1670 = CARTESIAN_POINT('',(-2.194199820414,-1.264199820414,2.22));
#1671 = LINE('',#1672,#1673);
#1672 = CARTESIAN_POINT('',(-2.194199820414,-1.264199820414,2.22));
#1673 = VECTOR('',#1674,1.);
#1674 = DIRECTION('',(1.,-2.22044604925E-16,0.));
#1675 = ORIENTED_EDGE('',*,*,#1676,.F.);
#1676 = EDGE_CURVE('',#1429,#1669,#1677,.T.);
#1677 = B_SPLINE_CURVE_WITH_KNOTS('',1,(#1678,#1679),.UNSPECIFIED.,.F.,
  .F.,(2,2),(0.,1.),.PIECEWISE_BEZIER_KNOTS.);
#1678 = CARTESIAN_POINT('',(-2.28,-1.35,0.999));
#1679 = CARTESIAN_POINT('',(-2.194199820414,-1.264199820414,2.22));
#1680 = B_SPLINE_SURFACE_WITH_KNOTS('',1,1,(
    (#1681,#1682)
    ,(#1683,#1684
    )),.UNSPECIFIED.,.F.,.F.,.F.,(2,2),(2,2),(0.,4.56),(0.,1.),
  .PIECEWISE_BEZIER_KNOTS.);
#1681 = CARTESIAN_POINT('',(-2.28,-1.35,0.999));
#1682 = CARTESIAN_POINT('',(-2.194199820414,-1.264199820414,2.22));
#1683 = CARTESIAN_POINT('',(2.28,-1.35,0.999));
#1684 = CARTESIAN_POINT('',(2.194199820414,-1.264199820414,2.22));
#1685 = ADVANCED_FACE('',(#1686),#1703,.T.);
#1686 = FACE_BOUND('',#1687,.T.);
#1687 = EDGE_LOOP('',(#1688,#1689,#1696,#1702));
#1688 = ORIENTED_EDGE('',*,*,#1502,.T.);
#1689 = ORIENTED_EDGE('',*,*,#1690,.T.);
#1690 = EDGE_CURVE('',#1496,#1691,#1693,.T.);
#1691 = VERTEX_POINT('',#1692);
#1692 = CARTESIAN_POINT('',(-2.194199820414,1.264199820414,2.22));
#1693 = B_SPLINE_CURVE_WITH_KNOTS('',1,(#1694,#1695),.UNSPECIFIED.,.F.,
  .F.,(2,2),(0.,1.),.PIECEWISE_BEZIER_KNOTS.);
#1694 = CARTESIAN_POINT('',(-2.28,1.35,0.999));
#1695 = CARTESIAN_POINT('',(-2.194199820414,1.264199820414,2.22));
#1696 = ORIENTED_EDGE('',*,*,#1697,.F.);
#1697 = EDGE_CURVE('',#1451,#1691,#1698,.T.);
#1698 = LINE('',#1699,#1700);
#1699 = CARTESIAN_POINT('',(2.194199820414,1.264199820414,2.22));
#1700 = VECTOR('',#1701,1.);
#1701 = DIRECTION('',(-1.,2.22044604925E-16,0.));
#1702 = ORIENTED_EDGE('',*,*,#1450,.F.);
#1703 = B_SPLINE_SURFACE_WITH_KNOTS('',1,1,(
    (#1704,#1705)
    ,(#1706,#1707
    )),.UNSPECIFIED.,.F.,.F.,.F.,(2,2),(2,2),(0.,4.56),(0.,1.),
  .PIECEWISE_BEZIER_KNOTS.);
#1704 = CARTESIAN_POINT('',(2.28,1.35,0.999));
#1705 = CARTESIAN_POINT('',(2.194199820414,1.264199820414,2.22));
#1706 = CARTESIAN_POINT('',(-2.28,1.35,0.999));
#1707 = CARTESIAN_POINT('',(-2.194199820414,1.264199820414,2.22));
#1708 = ADVANCED_FACE('',(#1709,#1720),#1754,.F.);
#1709 = FACE_BOUND('',#1710,.F.);
#1710 = EDGE_LOOP('',(#1711,#1712,#1713,#1719));
#1711 = ORIENTED_EDGE('',*,*,#1457,.F.);
#1712 = ORIENTED_EDGE('',*,*,#1668,.F.);
#1713 = ORIENTED_EDGE('',*,*,#1714,.F.);
#1714 = EDGE_CURVE('',#1691,#1669,#1715,.T.);
#1715 = LINE('',#1716,#1717);
#1716 = CARTESIAN_POINT('',(-2.194199820414,1.264199820414,2.22));
#1717 = VECTOR('',#1718,1.);
#1718 = DIRECTION('',(-2.22044604925E-16,-1.,0.));
#1719 = ORIENTED_EDGE('',*,*,#1697,.F.);
#1720 = FACE_BOUND('',#1721,.F.);
#1721 = EDGE_LOOP('',(#1722,#1732,#1740,#1748));
#1722 = ORIENTED_EDGE('',*,*,#1723,.T.);
#1723 = EDGE_CURVE('',#1724,#1726,#1728,.T.);
#1724 = VERTEX_POINT('',#1725);
#1725 = CARTESIAN_POINT('',(-1.508399640828,1.178399640828,2.22));
#1726 = VERTEX_POINT('',#1727);
#1727 = CARTESIAN_POINT('',(-2.108399640828,1.178399640828,2.22));
#1728 = LINE('',#1729,#1730);
#1729 = CARTESIAN_POINT('',(-1.508399640828,1.178399640828,2.22));
#1730 = VECTOR('',#1731,1.);
#1731 = DIRECTION('',(-1.,2.22044604925E-16,0.));
#1732 = ORIENTED_EDGE('',*,*,#1733,.T.);
#1733 = EDGE_CURVE('',#1726,#1734,#1736,.T.);
#1734 = VERTEX_POINT('',#1735);
#1735 = CARTESIAN_POINT('',(-2.108399640828,-1.178399640828,2.22));
#1736 = LINE('',#1737,#1738);
#1737 = CARTESIAN_POINT('',(-2.108399640828,1.178399640828,2.22));
#1738 = VECTOR('',#1739,1.);
#1739 = DIRECTION('',(-2.22044604925E-16,-1.,0.));
#1740 = ORIENTED_EDGE('',*,*,#1741,.T.);
#1741 = EDGE_CURVE('',#1734,#1742,#1744,.T.);
#1742 = VERTEX_POINT('',#1743);
#1743 = CARTESIAN_POINT('',(-1.508399640828,-1.178399640828,2.22));
#1744 = LINE('',#1745,#1746);
#1745 = CARTESIAN_POINT('',(-2.108399640828,-1.178399640828,2.22));
#1746 = VECTOR('',#1747,1.);
#1747 = DIRECTION('',(1.,-2.22044604925E-16,0.));
#1748 = ORIENTED_EDGE('',*,*,#1749,.T.);
#1749 = EDGE_CURVE('',#1742,#1724,#1750,.T.);
#1750 = LINE('',#1751,#1752);
#1751 = CARTESIAN_POINT('',(-1.508399640828,-1.178399640828,2.22));
#1752 = VECTOR('',#1753,1.);
#1753 = DIRECTION('',(2.22044604925E-16,1.,0.));
#1754 = PLANE('',#1755);
#1755 = AXIS2_PLACEMENT_3D('',#1756,#1757,#1758);
#1756 = CARTESIAN_POINT('',(2.194199820414,-1.264199820414,2.22));
#1757 = DIRECTION('',(0.,0.,-1.));
#1758 = DIRECTION('',(-0.866473406918,0.499223231735,0.));
#1759 = ADVANCED_FACE('',(#1760),#1777,.T.);
#1760 = FACE_BOUND('',#1761,.T.);
#1761 = EDGE_LOOP('',(#1762,#1770,#1775,#1776));
#1762 = ORIENTED_EDGE('',*,*,#1763,.T.);
#1763 = EDGE_CURVE('',#1520,#1764,#1766,.T.);
#1764 = VERTEX_POINT('',#1765);
#1765 = CARTESIAN_POINT('',(-1.1,1.279799853066,0.));
#1766 = LINE('',#1767,#1768);
#1767 = CARTESIAN_POINT('',(1.1,1.279799853066,0.));
#1768 = VECTOR('',#1769,1.);
#1769 = DIRECTION('',(-1.,2.22044604925E-16,0.));
#1770 = ORIENTED_EDGE('',*,*,#1771,.T.);
#1771 = EDGE_CURVE('',#1764,#1480,#1772,.T.);
#1772 = B_SPLINE_CURVE_WITH_KNOTS('',1,(#1773,#1774),.UNSPECIFIED.,.F.,
  .F.,(2,2),(0.,1.),.PIECEWISE_BEZIER_KNOTS.);
#1773 = CARTESIAN_POINT('',(-1.1,1.279799853066,0.));
#1774 = CARTESIAN_POINT('',(-1.1,1.295259344883,0.22));
#1775 = ORIENTED_EDGE('',*,*,#1479,.F.);
#1776 = ORIENTED_EDGE('',*,*,#1527,.F.);
#1777 = PLANE('',#1778);
#1778 = AXIS2_PLACEMENT_3D('',#1779,#1780,#1781);
#1779 = CARTESIAN_POINT('',(1.1,1.295259344883,0.22));
#1780 = DIRECTION('',(2.214984063823E-16,0.997540140447,
    -7.009756199374E-02));
#1781 = DIRECTION('',(-1.,2.22044604925E-16,-1.177128382009E-30));
#1782 = ADVANCED_FACE('',(#1783),#1794,.T.);
#1783 = FACE_BOUND('',#1784,.F.);
#1784 = EDGE_LOOP('',(#1785,#1786,#1787,#1793));
#1785 = ORIENTED_EDGE('',*,*,#1517,.T.);
#1786 = ORIENTED_EDGE('',*,*,#1763,.T.);
#1787 = ORIENTED_EDGE('',*,*,#1788,.T.);
#1788 = EDGE_CURVE('',#1764,#1644,#1789,.T.);
#1789 = LINE('',#1790,#1791);
#1790 = CARTESIAN_POINT('',(-1.1,1.279799853066,0.));
#1791 = VECTOR('',#1792,1.);
#1792 = DIRECTION('',(-2.22044604925E-16,-1.,0.));
#1793 = ORIENTED_EDGE('',*,*,#1643,.T.);
#1794 = PLANE('',#1795);
#1795 = AXIS2_PLACEMENT_3D('',#1796,#1797,#1798);
#1796 = CARTESIAN_POINT('',(1.1,-1.279799853066,0.));
#1797 = DIRECTION('',(0.,0.,-1.));
#1798 = DIRECTION('',(-0.651825367196,0.758369099238,0.));
#1799 = ADVANCED_FACE('',(#1800),#1868,.T.);
#1800 = FACE_BOUND('',#1801,.T.);
#1801 = EDGE_LOOP('',(#1802,#1813,#1821,#1830,#1838,#1846,#1852,#1853,
    #1854,#1862));
#1802 = ORIENTED_EDGE('',*,*,#1803,.F.);
#1803 = EDGE_CURVE('',#1804,#1806,#1808,.T.);
#1804 = VERTEX_POINT('',#1805);
#1805 = CARTESIAN_POINT('',(-2.5,0.75,0.146666666667));
#1806 = VERTEX_POINT('',#1807);
#1807 = CARTESIAN_POINT('',(-2.353333333333,0.75,-2.775557561563E-17));
#1808 = CIRCLE('',#1809,0.146666666667);
#1809 = AXIS2_PLACEMENT_3D('',#1810,#1811,#1812);
#1810 = CARTESIAN_POINT('',(-2.353333333333,0.75,0.146666666667));
#1811 = DIRECTION('',(-2.22044604925E-16,-1.,0.));
#1812 = DIRECTION('',(0.,0.,1.));
#1813 = ORIENTED_EDGE('',*,*,#1814,.T.);
#1814 = EDGE_CURVE('',#1804,#1815,#1817,.T.);
#1815 = VERTEX_POINT('',#1816);
#1816 = CARTESIAN_POINT('',(-2.5,0.75,0.842343333333));
#1817 = LINE('',#1818,#1819);
#1818 = CARTESIAN_POINT('',(-2.5,0.75,0.));
#1819 = VECTOR('',#1820,1.);
#1820 = DIRECTION('',(0.,0.,1.));
#1821 = ORIENTED_EDGE('',*,*,#1822,.T.);
#1822 = EDGE_CURVE('',#1815,#1823,#1825,.T.);
#1823 = VERTEX_POINT('',#1824);
#1824 = CARTESIAN_POINT('',(-2.353333333333,0.75,0.98901));
#1825 = CIRCLE('',#1826,0.146666666667);
#1826 = AXIS2_PLACEMENT_3D('',#1827,#1828,#1829);
#1827 = CARTESIAN_POINT('',(-2.353333333333,0.75,0.842343333333));
#1828 = DIRECTION('',(2.22044604925E-16,1.,-0.));
#1829 = DIRECTION('',(0.,0.,1.));
#1830 = ORIENTED_EDGE('',*,*,#1831,.T.);
#1831 = EDGE_CURVE('',#1823,#1832,#1834,.T.);
#1832 = VERTEX_POINT('',#1833);
#1833 = CARTESIAN_POINT('',(-2.28,0.75,0.98901));
#1834 = LINE('',#1835,#1836);
#1835 = CARTESIAN_POINT('',(-2.5,0.75,0.98901));
#1836 = VECTOR('',#1837,1.);
#1837 = DIRECTION('',(1.,-2.22044604925E-16,0.));
#1838 = ORIENTED_EDGE('',*,*,#1839,.F.);
#1839 = EDGE_CURVE('',#1840,#1832,#1842,.T.);
#1840 = VERTEX_POINT('',#1841);
#1841 = CARTESIAN_POINT('',(-2.28,0.75,0.2222));
#1842 = LINE('',#1843,#1844);
#1843 = CARTESIAN_POINT('',(-2.28,0.75,0.));
#1844 = VECTOR('',#1845,1.);
#1845 = DIRECTION('',(0.,0.,1.));
#1846 = ORIENTED_EDGE('',*,*,#1847,.T.);
#1847 = EDGE_CURVE('',#1840,#1603,#1848,.T.);
#1848 = LINE('',#1849,#1850);
#1849 = CARTESIAN_POINT('',(-2.28,0.75,0.2222));
#1850 = VECTOR('',#1851,1.);
#1851 = DIRECTION('',(1.,-2.22044604925E-16,0.));
#1852 = ORIENTED_EDGE('',*,*,#1602,.F.);
#1853 = ORIENTED_EDGE('',*,*,#1578,.F.);
#1854 = ORIENTED_EDGE('',*,*,#1855,.F.);
#1855 = EDGE_CURVE('',#1856,#1571,#1858,.T.);
#1856 = VERTEX_POINT('',#1857);
#1857 = CARTESIAN_POINT('',(-1.14,0.75,0.));
#1858 = LINE('',#1859,#1860);
#1859 = CARTESIAN_POINT('',(-1.14,0.75,0.));
#1860 = VECTOR('',#1861,1.);
#1861 = DIRECTION('',(0.,0.,1.));
#1862 = ORIENTED_EDGE('',*,*,#1863,.F.);
#1863 = EDGE_CURVE('',#1806,#1856,#1864,.T.);
#1864 = LINE('',#1865,#1866);
#1865 = CARTESIAN_POINT('',(-2.28,0.75,0.));
#1866 = VECTOR('',#1867,1.);
#1867 = DIRECTION('',(1.,-2.22044604925E-16,0.));
#1868 = PLANE('',#1869);
#1869 = AXIS2_PLACEMENT_3D('',#1870,#1871,#1872);
#1870 = CARTESIAN_POINT('',(-1.991067149606,0.75,0.303091083877));
#1871 = DIRECTION('',(2.22044604925E-16,1.,-7.960022943413E-32));
#1872 = DIRECTION('',(-1.,2.22044604925E-16,0.));
#1873 = ADVANCED_FACE('',(#1874),#1892,.T.);
#1874 = FACE_BOUND('',#1875,.T.);
#1875 = EDGE_LOOP('',(#1876,#1884,#1885,#1886));
#1876 = ORIENTED_EDGE('',*,*,#1877,.F.);
#1877 = EDGE_CURVE('',#1856,#1878,#1880,.T.);
#1878 = VERTEX_POINT('',#1879);
#1879 = CARTESIAN_POINT('',(-1.14,-0.75,0.));
#1880 = LINE('',#1881,#1882);
#1881 = CARTESIAN_POINT('',(-1.14,0.75,0.));
#1882 = VECTOR('',#1883,1.);
#1883 = DIRECTION('',(-2.22044604925E-16,-1.,0.));
#1884 = ORIENTED_EDGE('',*,*,#1855,.T.);
#1885 = ORIENTED_EDGE('',*,*,#1570,.F.);
#1886 = ORIENTED_EDGE('',*,*,#1887,.F.);
#1887 = EDGE_CURVE('',#1878,#1563,#1888,.T.);
#1888 = LINE('',#1889,#1890);
#1889 = CARTESIAN_POINT('',(-1.14,-0.75,0.));
#1890 = VECTOR('',#1891,1.);
#1891 = DIRECTION('',(0.,0.,1.));
#1892 = PLANE('',#1893);
#1893 = AXIS2_PLACEMENT_3D('',#1894,#1895,#1896);
#1894 = CARTESIAN_POINT('',(-1.14,0.75,0.));
#1895 = DIRECTION('',(1.,-2.22044604925E-16,0.));
#1896 = DIRECTION('',(-2.22044604925E-16,-1.,0.));
#1897 = ADVANCED_FACE('',(#1898),#1959,.T.);
#1898 = FACE_BOUND('',#1899,.T.);
#1899 = EDGE_LOOP('',(#1900,#1910,#1919,#1925,#1926,#1927,#1928,#1936,
    #1944,#1952));
#1900 = ORIENTED_EDGE('',*,*,#1901,.F.);
#1901 = EDGE_CURVE('',#1902,#1904,#1906,.T.);
#1902 = VERTEX_POINT('',#1903);
#1903 = CARTESIAN_POINT('',(-2.5,-0.75,0.146666666667));
#1904 = VERTEX_POINT('',#1905);
#1905 = CARTESIAN_POINT('',(-2.5,-0.75,0.842343333333));
#1906 = LINE('',#1907,#1908);
#1907 = CARTESIAN_POINT('',(-2.5,-0.75,0.));
#1908 = VECTOR('',#1909,1.);
#1909 = DIRECTION('',(0.,0.,1.));
#1910 = ORIENTED_EDGE('',*,*,#1911,.T.);
#1911 = EDGE_CURVE('',#1902,#1912,#1914,.T.);
#1912 = VERTEX_POINT('',#1913);
#1913 = CARTESIAN_POINT('',(-2.353333333333,-0.75,-2.775557561563E-17));
#1914 = CIRCLE('',#1915,0.146666666667);
#1915 = AXIS2_PLACEMENT_3D('',#1916,#1917,#1918);
#1916 = CARTESIAN_POINT('',(-2.353333333333,-0.75,0.146666666667));
#1917 = DIRECTION('',(-2.22044604925E-16,-1.,0.));
#1918 = DIRECTION('',(0.,0.,1.));
#1919 = ORIENTED_EDGE('',*,*,#1920,.F.);
#1920 = EDGE_CURVE('',#1878,#1912,#1921,.T.);
#1921 = LINE('',#1922,#1923);
#1922 = CARTESIAN_POINT('',(-2.28,-0.75,0.));
#1923 = VECTOR('',#1924,1.);
#1924 = DIRECTION('',(-1.,2.22044604925E-16,0.));
#1925 = ORIENTED_EDGE('',*,*,#1887,.T.);
#1926 = ORIENTED_EDGE('',*,*,#1562,.F.);
#1927 = ORIENTED_EDGE('',*,*,#1619,.T.);
#1928 = ORIENTED_EDGE('',*,*,#1929,.T.);
#1929 = EDGE_CURVE('',#1613,#1930,#1932,.T.);
#1930 = VERTEX_POINT('',#1931);
#1931 = CARTESIAN_POINT('',(-2.28,-0.75,0.2222));
#1932 = LINE('',#1933,#1934);
#1933 = CARTESIAN_POINT('',(-1.14,-0.75,0.2222));
#1934 = VECTOR('',#1935,1.);
#1935 = DIRECTION('',(-1.,2.22044604925E-16,0.));
#1936 = ORIENTED_EDGE('',*,*,#1937,.T.);
#1937 = EDGE_CURVE('',#1930,#1938,#1940,.T.);
#1938 = VERTEX_POINT('',#1939);
#1939 = CARTESIAN_POINT('',(-2.28,-0.75,0.98901));
#1940 = LINE('',#1941,#1942);
#1941 = CARTESIAN_POINT('',(-2.28,-0.75,0.));
#1942 = VECTOR('',#1943,1.);
#1943 = DIRECTION('',(0.,0.,1.));
#1944 = ORIENTED_EDGE('',*,*,#1945,.T.);
#1945 = EDGE_CURVE('',#1938,#1946,#1948,.T.);
#1946 = VERTEX_POINT('',#1947);
#1947 = CARTESIAN_POINT('',(-2.353333333333,-0.75,0.98901));
#1948 = LINE('',#1949,#1950);
#1949 = CARTESIAN_POINT('',(-2.28,-0.75,0.98901));
#1950 = VECTOR('',#1951,1.);
#1951 = DIRECTION('',(-1.,2.22044604925E-16,0.));
#1952 = ORIENTED_EDGE('',*,*,#1953,.F.);
#1953 = EDGE_CURVE('',#1904,#1946,#1954,.T.);
#1954 = CIRCLE('',#1955,0.146666666667);
#1955 = AXIS2_PLACEMENT_3D('',#1956,#1957,#1958);
#1956 = CARTESIAN_POINT('',(-2.353333333333,-0.75,0.842343333333));
#1957 = DIRECTION('',(2.22044604925E-16,1.,-0.));
#1958 = DIRECTION('',(0.,0.,1.));
#1959 = PLANE('',#1960);
#1960 = AXIS2_PLACEMENT_3D('',#1961,#1962,#1963);
#1961 = CARTESIAN_POINT('',(-1.991067149606,-0.75,0.303091083877));
#1962 = DIRECTION('',(-2.22044604925E-16,-1.,-0.));
#1963 = DIRECTION('',(0.,0.,-1.));
#1964 = ADVANCED_FACE('',(#1965),#1971,.T.);
#1965 = FACE_BOUND('',#1966,.T.);
#1966 = EDGE_LOOP('',(#1967,#1968,#1969,#1970));
#1967 = ORIENTED_EDGE('',*,*,#1788,.T.);
#1968 = ORIENTED_EDGE('',*,*,#1653,.T.);
#1969 = ORIENTED_EDGE('',*,*,#1547,.F.);
#1970 = ORIENTED_EDGE('',*,*,#1771,.F.);
#1971 = B_SPLINE_SURFACE_WITH_KNOTS('',1,1,(
    (#1972,#1973)
    ,(#1974,#1975
    )),.UNSPECIFIED.,.F.,.F.,.F.,(2,2),(2,2),(0.,2.590518689767),(0.,1.)
  ,.PIECEWISE_BEZIER_KNOTS.);
#1972 = CARTESIAN_POINT('',(-1.1,1.279799853066,0.));
#1973 = CARTESIAN_POINT('',(-1.1,1.295259344883,0.22));
#1974 = CARTESIAN_POINT('',(-1.1,-1.279799853066,0.));
#1975 = CARTESIAN_POINT('',(-1.1,-1.295259344883,0.22));
#1976 = ADVANCED_FACE('',(#1977),#1983,.T.);
#1977 = FACE_BOUND('',#1978,.T.);
#1978 = EDGE_LOOP('',(#1979,#1980,#1981,#1982));
#1979 = ORIENTED_EDGE('',*,*,#1629,.T.);
#1980 = ORIENTED_EDGE('',*,*,#1676,.T.);
#1981 = ORIENTED_EDGE('',*,*,#1714,.F.);
#1982 = ORIENTED_EDGE('',*,*,#1690,.F.);
#1983 = B_SPLINE_SURFACE_WITH_KNOTS('',1,1,(
    (#1984,#1985)
    ,(#1986,#1987
    )),.UNSPECIFIED.,.F.,.F.,.F.,(2,2),(2,2),(0.,2.7),(0.,1.),
  .PIECEWISE_BEZIER_KNOTS.);
#1984 = CARTESIAN_POINT('',(-2.28,1.35,0.999));
#1985 = CARTESIAN_POINT('',(-2.194199820414,1.264199820414,2.22));
#1986 = CARTESIAN_POINT('',(-2.28,-1.35,0.999));
#1987 = CARTESIAN_POINT('',(-2.194199820414,-1.264199820414,2.22));
#1988 = ADVANCED_FACE('',(#1989),#2000,.F.);
#1989 = FACE_BOUND('',#1990,.F.);
#1990 = EDGE_LOOP('',(#1991,#1992,#1993,#1999));
#1991 = ORIENTED_EDGE('',*,*,#1612,.F.);
#1992 = ORIENTED_EDGE('',*,*,#1929,.T.);
#1993 = ORIENTED_EDGE('',*,*,#1994,.T.);
#1994 = EDGE_CURVE('',#1930,#1840,#1995,.T.);
#1995 = LINE('',#1996,#1997);
#1996 = CARTESIAN_POINT('',(-2.28,-0.75,0.2222));
#1997 = VECTOR('',#1998,1.);
#1998 = DIRECTION('',(2.22044604925E-16,1.,0.));
#1999 = ORIENTED_EDGE('',*,*,#1847,.T.);
#2000 = PLANE('',#2001);
#2001 = AXIS2_PLACEMENT_3D('',#2002,#2003,#2004);
#2002 = CARTESIAN_POINT('',(-1.71,4.440892098501E-16,0.2222));
#2003 = DIRECTION('',(0.,-0.,-1.));
#2004 = DIRECTION('',(-2.22044604925E-16,-1.,0.));
#2005 = ADVANCED_FACE('',(#2006),#2029,.F.);
#2006 = FACE_BOUND('',#2007,.F.);
#2007 = EDGE_LOOP('',(#2008,#2018,#2023,#2024));
#2008 = ORIENTED_EDGE('',*,*,#2009,.T.);
#2009 = EDGE_CURVE('',#2010,#2012,#2014,.T.);
#2010 = VERTEX_POINT('',#2011);
#2011 = CARTESIAN_POINT('',(-1.508399640828,1.178399640828,2.2178));
#2012 = VERTEX_POINT('',#2013);
#2013 = CARTESIAN_POINT('',(-2.108399640828,1.178399640828,2.2178));
#2014 = LINE('',#2015,#2016);
#2015 = CARTESIAN_POINT('',(-1.508399640828,1.178399640828,2.2178));
#2016 = VECTOR('',#2017,1.);
#2017 = DIRECTION('',(-1.,2.22044604925E-16,0.));
#2018 = ORIENTED_EDGE('',*,*,#2019,.T.);
#2019 = EDGE_CURVE('',#2012,#1726,#2020,.T.);
#2020 = B_SPLINE_CURVE_WITH_KNOTS('',1,(#2021,#2022),.UNSPECIFIED.,.F.,
  .F.,(2,2),(0.,1.),.PIECEWISE_BEZIER_KNOTS.);
#2021 = CARTESIAN_POINT('',(-2.108399640828,1.178399640828,2.2178));
#2022 = CARTESIAN_POINT('',(-2.108399640828,1.178399640828,2.22));
#2023 = ORIENTED_EDGE('',*,*,#1723,.F.);
#2024 = ORIENTED_EDGE('',*,*,#2025,.F.);
#2025 = EDGE_CURVE('',#2010,#1724,#2026,.T.);
#2026 = B_SPLINE_CURVE_WITH_KNOTS('',1,(#2027,#2028),.UNSPECIFIED.,.F.,
  .F.,(2,2),(0.,1.),.PIECEWISE_BEZIER_KNOTS.);
#2027 = CARTESIAN_POINT('',(-1.508399640828,1.178399640828,2.2178));
#2028 = CARTESIAN_POINT('',(-1.508399640828,1.178399640828,2.22));
#2029 = PLANE('',#2030);
#2030 = AXIS2_PLACEMENT_3D('',#2031,#2032,#2033);
#2031 = CARTESIAN_POINT('',(-1.508399640828,1.178399640828,2.22));
#2032 = DIRECTION('',(2.22044604925E-16,1.,0.));
#2033 = DIRECTION('',(-1.,2.22044604925E-16,0.));
#2034 = ADVANCED_FACE('',(#2035),#2052,.F.);
#2035 = FACE_BOUND('',#2036,.F.);
#2036 = EDGE_LOOP('',(#2037,#2045,#2046,#2047));
#2037 = ORIENTED_EDGE('',*,*,#2038,.T.);
#2038 = EDGE_CURVE('',#2039,#2010,#2041,.T.);
#2039 = VERTEX_POINT('',#2040);
#2040 = CARTESIAN_POINT('',(-1.508399640828,-1.178399640828,2.2178));
#2041 = LINE('',#2042,#2043);
#2042 = CARTESIAN_POINT('',(-1.508399640828,-1.178399640828,2.2178));
#2043 = VECTOR('',#2044,1.);
#2044 = DIRECTION('',(2.22044604925E-16,1.,0.));
#2045 = ORIENTED_EDGE('',*,*,#2025,.T.);
#2046 = ORIENTED_EDGE('',*,*,#1749,.F.);
#2047 = ORIENTED_EDGE('',*,*,#2048,.F.);
#2048 = EDGE_CURVE('',#2039,#1742,#2049,.T.);
#2049 = B_SPLINE_CURVE_WITH_KNOTS('',1,(#2050,#2051),.UNSPECIFIED.,.F.,
  .F.,(2,2),(0.,1.),.PIECEWISE_BEZIER_KNOTS.);
#2050 = CARTESIAN_POINT('',(-1.508399640828,-1.178399640828,2.2178));
#2051 = CARTESIAN_POINT('',(-1.508399640828,-1.178399640828,2.22));
#2052 = PLANE('',#2053);
#2053 = AXIS2_PLACEMENT_3D('',#2054,#2055,#2056);
#2054 = CARTESIAN_POINT('',(-1.508399640828,-1.178399640828,2.22));
#2055 = DIRECTION('',(1.,-2.22044604925E-16,0.));
#2056 = DIRECTION('',(2.22044604925E-16,1.,0.));
#2057 = ADVANCED_FACE('',(#2058),#2075,.F.);
#2058 = FACE_BOUND('',#2059,.F.);
#2059 = EDGE_LOOP('',(#2060,#2068,#2069,#2070));
#2060 = ORIENTED_EDGE('',*,*,#2061,.T.);
#2061 = EDGE_CURVE('',#2062,#2039,#2064,.T.);
#2062 = VERTEX_POINT('',#2063);
#2063 = CARTESIAN_POINT('',(-2.108399640828,-1.178399640828,2.2178));
#2064 = LINE('',#2065,#2066);
#2065 = CARTESIAN_POINT('',(-2.108399640828,-1.178399640828,2.2178));
#2066 = VECTOR('',#2067,1.);
#2067 = DIRECTION('',(1.,-2.22044604925E-16,0.));
#2068 = ORIENTED_EDGE('',*,*,#2048,.T.);
#2069 = ORIENTED_EDGE('',*,*,#1741,.F.);
#2070 = ORIENTED_EDGE('',*,*,#2071,.F.);
#2071 = EDGE_CURVE('',#2062,#1734,#2072,.T.);
#2072 = B_SPLINE_CURVE_WITH_KNOTS('',1,(#2073,#2074),.UNSPECIFIED.,.F.,
  .F.,(2,2),(0.,1.),.PIECEWISE_BEZIER_KNOTS.);
#2073 = CARTESIAN_POINT('',(-2.108399640828,-1.178399640828,2.2178));
#2074 = CARTESIAN_POINT('',(-2.108399640828,-1.178399640828,2.22));
#2075 = PLANE('',#2076);
#2076 = AXIS2_PLACEMENT_3D('',#2077,#2078,#2079);
#2077 = CARTESIAN_POINT('',(-2.108399640828,-1.178399640828,2.22));
#2078 = DIRECTION('',(-2.22044604925E-16,-1.,0.));
#2079 = DIRECTION('',(1.,-2.22044604925E-16,0.));
#2080 = ADVANCED_FACE('',(#2081),#2092,.F.);
#2081 = FACE_BOUND('',#2082,.F.);
#2082 = EDGE_LOOP('',(#2083,#2089,#2090,#2091));
#2083 = ORIENTED_EDGE('',*,*,#2084,.T.);
#2084 = EDGE_CURVE('',#2012,#2062,#2085,.T.);
#2085 = LINE('',#2086,#2087);
#2086 = CARTESIAN_POINT('',(-2.108399640828,1.178399640828,2.2178));
#2087 = VECTOR('',#2088,1.);
#2088 = DIRECTION('',(-2.22044604925E-16,-1.,0.));
#2089 = ORIENTED_EDGE('',*,*,#2071,.T.);
#2090 = ORIENTED_EDGE('',*,*,#1733,.F.);
#2091 = ORIENTED_EDGE('',*,*,#2019,.F.);
#2092 = PLANE('',#2093);
#2093 = AXIS2_PLACEMENT_3D('',#2094,#2095,#2096);
#2094 = CARTESIAN_POINT('',(-2.108399640828,1.178399640828,2.22));
#2095 = DIRECTION('',(-1.,2.22044604925E-16,0.));
#2096 = DIRECTION('',(-2.22044604925E-16,-1.,0.));
#2097 = ADVANCED_FACE('',(#2098),#2114,.T.);
#2098 = FACE_BOUND('',#2099,.T.);
#2099 = EDGE_LOOP('',(#2100,#2106,#2107,#2113));
#2100 = ORIENTED_EDGE('',*,*,#2101,.T.);
#2101 = EDGE_CURVE('',#1902,#1804,#2102,.T.);
#2102 = LINE('',#2103,#2104);
#2103 = CARTESIAN_POINT('',(-2.5,-0.75,0.146666666667));
#2104 = VECTOR('',#2105,1.);
#2105 = DIRECTION('',(2.22044604925E-16,1.,0.));
#2106 = ORIENTED_EDGE('',*,*,#1803,.T.);
#2107 = ORIENTED_EDGE('',*,*,#2108,.F.);
#2108 = EDGE_CURVE('',#1912,#1806,#2109,.T.);
#2109 = LINE('',#2110,#2111);
#2110 = CARTESIAN_POINT('',(-2.353333333333,-0.75,-2.775557561563E-17));
#2111 = VECTOR('',#2112,1.);
#2112 = DIRECTION('',(2.22044604925E-16,1.,0.));
#2113 = ORIENTED_EDGE('',*,*,#1911,.F.);
#2114 = CYLINDRICAL_SURFACE('',#2115,0.146666666667);
#2115 = AXIS2_PLACEMENT_3D('',#2116,#2117,#2118);
#2116 = CARTESIAN_POINT('',(-2.353333333333,-0.75,0.146666666667));
#2117 = DIRECTION('',(2.22044604925E-16,1.,0.));
#2118 = DIRECTION('',(-1.,2.22044604925E-16,0.));
#2119 = ADVANCED_FACE('',(#2120),#2126,.T.);
#2120 = FACE_BOUND('',#2121,.T.);
#2121 = EDGE_LOOP('',(#2122,#2123,#2124,#2125));
#2122 = ORIENTED_EDGE('',*,*,#1920,.T.);
#2123 = ORIENTED_EDGE('',*,*,#2108,.T.);
#2124 = ORIENTED_EDGE('',*,*,#1863,.T.);
#2125 = ORIENTED_EDGE('',*,*,#1877,.T.);
#2126 = PLANE('',#2127);
#2127 = AXIS2_PLACEMENT_3D('',#2128,#2129,#2130);
#2128 = CARTESIAN_POINT('',(-1.746666666667,3.878379099357E-16,
    -7.671995716851E-18));
#2129 = DIRECTION('',(1.332277103521E-17,-2.579688262589E-33,-1.));
#2130 = DIRECTION('',(1.,-2.22044604925E-16,1.332277103521E-17));
#2131 = ADVANCED_FACE('',(#2132),#2143,.T.);
#2132 = FACE_BOUND('',#2133,.T.);
#2133 = EDGE_LOOP('',(#2134,#2135,#2136,#2142));
#2134 = ORIENTED_EDGE('',*,*,#1994,.T.);
#2135 = ORIENTED_EDGE('',*,*,#1839,.T.);
#2136 = ORIENTED_EDGE('',*,*,#2137,.T.);
#2137 = EDGE_CURVE('',#1832,#1938,#2138,.T.);
#2138 = LINE('',#2139,#2140);
#2139 = CARTESIAN_POINT('',(-2.28,0.75,0.98901));
#2140 = VECTOR('',#2141,1.);
#2141 = DIRECTION('',(-2.22044604925E-16,-1.,0.));
#2142 = ORIENTED_EDGE('',*,*,#1937,.F.);
#2143 = PLANE('',#2144);
#2144 = AXIS2_PLACEMENT_3D('',#2145,#2146,#2147);
#2145 = CARTESIAN_POINT('',(-2.28,0.75,0.));
#2146 = DIRECTION('',(1.,-2.22044604925E-16,0.));
#2147 = DIRECTION('',(-2.22044604925E-16,-1.,0.));
#2148 = ADVANCED_FACE('',(#2149),#2160,.F.);
#2149 = FACE_BOUND('',#2150,.F.);
#2150 = EDGE_LOOP('',(#2151,#2152,#2158,#2159));
#2151 = ORIENTED_EDGE('',*,*,#1945,.T.);
#2152 = ORIENTED_EDGE('',*,*,#2153,.T.);
#2153 = EDGE_CURVE('',#1946,#1823,#2154,.T.);
#2154 = LINE('',#2155,#2156);
#2155 = CARTESIAN_POINT('',(-2.353333333333,-0.75,0.98901));
#2156 = VECTOR('',#2157,1.);
#2157 = DIRECTION('',(2.22044604925E-16,1.,0.));
#2158 = ORIENTED_EDGE('',*,*,#1831,.T.);
#2159 = ORIENTED_EDGE('',*,*,#2137,.T.);
#2160 = PLANE('',#2161);
#2161 = AXIS2_PLACEMENT_3D('',#2162,#2163,#2164);
#2162 = CARTESIAN_POINT('',(-2.39,4.440892098501E-16,0.98901));
#2163 = DIRECTION('',(0.,-0.,-1.));
#2164 = DIRECTION('',(-2.22044604925E-16,-1.,0.));
#2165 = ADVANCED_FACE('',(#2166),#2177,.T.);
#2166 = FACE_BOUND('',#2167,.T.);
#2167 = EDGE_LOOP('',(#2168,#2169,#2170,#2171));
#2168 = ORIENTED_EDGE('',*,*,#1953,.T.);
#2169 = ORIENTED_EDGE('',*,*,#2153,.T.);
#2170 = ORIENTED_EDGE('',*,*,#1822,.F.);
#2171 = ORIENTED_EDGE('',*,*,#2172,.F.);
#2172 = EDGE_CURVE('',#1904,#1815,#2173,.T.);
#2173 = LINE('',#2174,#2175);
#2174 = CARTESIAN_POINT('',(-2.5,-0.75,0.842343333333));
#2175 = VECTOR('',#2176,1.);
#2176 = DIRECTION('',(2.22044604925E-16,1.,0.));
#2177 = CYLINDRICAL_SURFACE('',#2178,0.146666666667);
#2178 = AXIS2_PLACEMENT_3D('',#2179,#2180,#2181);
#2179 = CARTESIAN_POINT('',(-2.353333333333,-0.75,0.842343333333));
#2180 = DIRECTION('',(2.22044604925E-16,1.,0.));
#2181 = DIRECTION('',(-1.,2.22044604925E-16,0.));
#2182 = ADVANCED_FACE('',(#2183),#2189,.T.);
#2183 = FACE_BOUND('',#2184,.T.);
#2184 = EDGE_LOOP('',(#2185,#2186,#2187,#2188));
#2185 = ORIENTED_EDGE('',*,*,#1901,.T.);
#2186 = ORIENTED_EDGE('',*,*,#2172,.T.);
#2187 = ORIENTED_EDGE('',*,*,#1814,.F.);
#2188 = ORIENTED_EDGE('',*,*,#2101,.F.);
#2189 = PLANE('',#2190);
#2190 = AXIS2_PLACEMENT_3D('',#2191,#2192,#2193);
#2191 = CARTESIAN_POINT('',(-2.5,-0.75,0.));
#2192 = DIRECTION('',(-1.,2.22044604925E-16,0.));
#2193 = DIRECTION('',(2.22044604925E-16,1.,0.));
#2194 = ADVANCED_FACE('',(#2195),#2201,.F.);
#2195 = FACE_BOUND('',#2196,.T.);
#2196 = EDGE_LOOP('',(#2197,#2198,#2199,#2200));
#2197 = ORIENTED_EDGE('',*,*,#2038,.T.);
#2198 = ORIENTED_EDGE('',*,*,#2009,.T.);
#2199 = ORIENTED_EDGE('',*,*,#2084,.T.);
#2200 = ORIENTED_EDGE('',*,*,#2061,.T.);
#2201 = PLANE('',#2202);
#2202 = AXIS2_PLACEMENT_3D('',#2203,#2204,#2205);
#2203 = CARTESIAN_POINT('',(-1.508399640828,-1.178399640828,2.2178));
#2204 = DIRECTION('',(0.,0.,-1.));
#2205 = DIRECTION('',(-0.246713052972,0.969088576701,0.));
#2206 = ( GEOMETRIC_REPRESENTATION_CONTEXT(3) 
GLOBAL_UNCERTAINTY_ASSIGNED_CONTEXT((#2210)) 
GLOBAL_UNIT_ASSIGNED_CONTEXT((#2207,#2208,#2209)) REPRESENTATION_CONTEXT
('Context #1','3D Context with UNIT and UNCERTAINTY') );
#2207 = ( LENGTH_UNIT() NAMED_UNIT(*) SI_UNIT(.MILLI.,.METRE.) );
#2208 = ( NAMED_UNIT(*) PLANE_ANGLE_UNIT() SI_UNIT($,.RADIAN.) );
#2209 = ( NAMED_UNIT(*) SI_UNIT($,.STERADIAN.) SOLID_ANGLE_UNIT() );
#2210 = UNCERTAINTY_MEASURE_WITH_UNIT(LENGTH_MEASURE(1.E-07),#2207,
  'distance_accuracy_value','confusion accuracy');
#2211 = CONTEXT_DEPENDENT_SHAPE_REPRESENTATION(#2212,#2214);
#2212 = ( REPRESENTATION_RELATIONSHIP('','',#997,#10) 
REPRESENTATION_RELATIONSHIP_WITH_TRANSFORMATION(#2213) 
SHAPE_REPRESENTATION_RELATIONSHIP() );
#2213 = ITEM_DEFINED_TRANSFORMATION('','',#11,#19);
#2214 = PRODUCT_DEFINITION_SHAPE('Placement','Placement of an item',
  #2215);
#2215 = NEXT_ASSEMBLY_USAGE_OCCURRENCE('2','D1','',#5,#992,$);
#2216 = PRODUCT_RELATED_PRODUCT_CATEGORY('part',$,(#994));
#2217 = CONTEXT_DEPENDENT_SHAPE_REPRESENTATION(#2218,#2220);
#2218 = ( REPRESENTATION_RELATIONSHIP('','',#124,#10) 
REPRESENTATION_RELATIONSHIP_WITH_TRANSFORMATION(#2219) 
SHAPE_REPRESENTATION_RELATIONSHIP() );
#2219 = ITEM_DEFINED_TRANSFORMATION('','',#11,#23);
#2220 = PRODUCT_DEFINITION_SHAPE('Placement','Placement of an item',
  #2221);
#2221 = NEXT_ASSEMBLY_USAGE_OCCURRENCE('3','C6','',#5,#119,$);
#2222 = SHAPE_DEFINITION_REPRESENTATION(#2223,#2229);
#2223 = PRODUCT_DEFINITION_SHAPE('','',#2224);
#2224 = PRODUCT_DEFINITION('design','',#2225,#2228);
#2225 = PRODUCT_DEFINITION_FORMATION('','',#2226);
#2226 = PRODUCT('R_0805_2012Metric','R_0805_2012Metric','',(#2227));
#2227 = PRODUCT_CONTEXT('',#2,'mechanical');
#2228 = PRODUCT_DEFINITION_CONTEXT('part definition',#2,'design');
#2229 = ADVANCED_BREP_SHAPE_REPRESENTATION('',(#11,#2230),#3020);
#2230 = MANIFOLD_SOLID_BREP('',#2231);
#2231 = CLOSED_SHELL('',(#2232,#2272,#2355,#2380,#2405,#2472,#2489,#2506
    ,#2555,#2572,#2589,#2638,#2655,#2724,#2755,#2779,#2848,#2872,#2889,
    #2906,#2923,#2940,#2957,#2974,#2991,#3008));
#2232 = ADVANCED_FACE('',(#2233),#2267,.F.);
#2233 = FACE_BOUND('',#2234,.F.);
#2234 = EDGE_LOOP('',(#2235,#2245,#2253,#2261));
#2235 = ORIENTED_EDGE('',*,*,#2236,.F.);
#2236 = EDGE_CURVE('',#2237,#2239,#2241,.T.);
#2237 = VERTEX_POINT('',#2238);
#2238 = CARTESIAN_POINT('',(-1.,-0.6,4.5E-02));
#2239 = VERTEX_POINT('',#2240);
#2240 = CARTESIAN_POINT('',(-1.,-0.6,0.405));
#2241 = LINE('',#2242,#2243);
#2242 = CARTESIAN_POINT('',(-1.,-0.6,0.));
#2243 = VECTOR('',#2244,1.);
#2244 = DIRECTION('',(0.,0.,1.));
#2245 = ORIENTED_EDGE('',*,*,#2246,.T.);
#2246 = EDGE_CURVE('',#2237,#2247,#2249,.T.);
#2247 = VERTEX_POINT('',#2248);
#2248 = CARTESIAN_POINT('',(-1.,0.6,4.5E-02));
#2249 = LINE('',#2250,#2251);
#2250 = CARTESIAN_POINT('',(-1.,-0.6,4.5E-02));
#2251 = VECTOR('',#2252,1.);
#2252 = DIRECTION('',(0.,1.,0.));
#2253 = ORIENTED_EDGE('',*,*,#2254,.T.);
#2254 = EDGE_CURVE('',#2247,#2255,#2257,.T.);
#2255 = VERTEX_POINT('',#2256);
#2256 = CARTESIAN_POINT('',(-1.,0.6,0.405));
#2257 = LINE('',#2258,#2259);
#2258 = CARTESIAN_POINT('',(-1.,0.6,0.));
#2259 = VECTOR('',#2260,1.);
#2260 = DIRECTION('',(0.,0.,1.));
#2261 = ORIENTED_EDGE('',*,*,#2262,.F.);
#2262 = EDGE_CURVE('',#2239,#2255,#2263,.T.);
#2263 = LINE('',#2264,#2265);
#2264 = CARTESIAN_POINT('',(-1.,-0.6,0.405));
#2265 = VECTOR('',#2266,1.);
#2266 = DIRECTION('',(0.,1.,0.));
#2267 = PLANE('',#2268);
#2268 = AXIS2_PLACEMENT_3D('',#2269,#2270,#2271);
#2269 = CARTESIAN_POINT('',(-1.,-0.6,0.));
#2270 = DIRECTION('',(1.,0.,0.));
#2271 = DIRECTION('',(0.,0.,1.));
#2272 = ADVANCED_FACE('',(#2273),#2350,.F.);
#2273 = FACE_BOUND('',#2274,.F.);
#2274 = EDGE_LOOP('',(#2275,#2285,#2292,#2293,#2302,#2310,#2319,#2327,
    #2335,#2343));
#2275 = ORIENTED_EDGE('',*,*,#2276,.F.);
#2276 = EDGE_CURVE('',#2277,#2279,#2281,.T.);
#2277 = VERTEX_POINT('',#2278);
#2278 = CARTESIAN_POINT('',(-0.955,-0.6,-2.775557561563E-17));
#2279 = VERTEX_POINT('',#2280);
#2280 = CARTESIAN_POINT('',(-0.745,-0.6,-2.775557561563E-17));
#2281 = LINE('',#2282,#2283);
#2282 = CARTESIAN_POINT('',(-1.,-0.6,0.));
#2283 = VECTOR('',#2284,1.);
#2284 = DIRECTION('',(1.,0.,0.));
#2285 = ORIENTED_EDGE('',*,*,#2286,.F.);
#2286 = EDGE_CURVE('',#2237,#2277,#2287,.T.);
#2287 = CIRCLE('',#2288,4.5E-02);
#2288 = AXIS2_PLACEMENT_3D('',#2289,#2290,#2291);
#2289 = CARTESIAN_POINT('',(-0.955,-0.6,4.5E-02));
#2290 = DIRECTION('',(0.,-1.,0.));
#2291 = DIRECTION('',(0.,0.,1.));
#2292 = ORIENTED_EDGE('',*,*,#2236,.T.);
#2293 = ORIENTED_EDGE('',*,*,#2294,.T.);
#2294 = EDGE_CURVE('',#2239,#2295,#2297,.T.);
#2295 = VERTEX_POINT('',#2296);
#2296 = CARTESIAN_POINT('',(-0.955,-0.6,0.45));
#2297 = CIRCLE('',#2298,4.5E-02);
#2298 = AXIS2_PLACEMENT_3D('',#2299,#2300,#2301);
#2299 = CARTESIAN_POINT('',(-0.955,-0.6,0.405));
#2300 = DIRECTION('',(0.,1.,0.));
#2301 = DIRECTION('',(0.,-0.,1.));
#2302 = ORIENTED_EDGE('',*,*,#2303,.T.);
#2303 = EDGE_CURVE('',#2295,#2304,#2306,.T.);
#2304 = VERTEX_POINT('',#2305);
#2305 = CARTESIAN_POINT('',(-0.745,-0.6,0.45));
#2306 = LINE('',#2307,#2308);
#2307 = CARTESIAN_POINT('',(-1.,-0.6,0.45));
#2308 = VECTOR('',#2309,1.);
#2309 = DIRECTION('',(1.,0.,0.));
#2310 = ORIENTED_EDGE('',*,*,#2311,.F.);
#2311 = EDGE_CURVE('',#2312,#2304,#2314,.T.);
#2312 = VERTEX_POINT('',#2313);
#2313 = CARTESIAN_POINT('',(-0.7,-0.6,0.405));
#2314 = CIRCLE('',#2315,4.5E-02);
#2315 = AXIS2_PLACEMENT_3D('',#2316,#2317,#2318);
#2316 = CARTESIAN_POINT('',(-0.745,-0.6,0.405));
#2317 = DIRECTION('',(0.,-1.,0.));
#2318 = DIRECTION('',(0.,0.,1.));
#2319 = ORIENTED_EDGE('',*,*,#2320,.F.);
#2320 = EDGE_CURVE('',#2321,#2312,#2323,.T.);
#2321 = VERTEX_POINT('',#2322);
#2322 = CARTESIAN_POINT('',(-0.955,-0.6,0.405));
#2323 = LINE('',#2324,#2325);
#2324 = CARTESIAN_POINT('',(-0.955,-0.6,0.405));
#2325 = VECTOR('',#2326,1.);
#2326 = DIRECTION('',(1.,0.,0.));
#2327 = ORIENTED_EDGE('',*,*,#2328,.F.);
#2328 = EDGE_CURVE('',#2329,#2321,#2331,.T.);
#2329 = VERTEX_POINT('',#2330);
#2330 = CARTESIAN_POINT('',(-0.955,-0.6,4.5E-02));
#2331 = LINE('',#2332,#2333);
#2332 = CARTESIAN_POINT('',(-0.955,-0.6,4.5E-02));
#2333 = VECTOR('',#2334,1.);
#2334 = DIRECTION('',(0.,0.,1.));
#2335 = ORIENTED_EDGE('',*,*,#2336,.T.);
#2336 = EDGE_CURVE('',#2329,#2337,#2339,.T.);
#2337 = VERTEX_POINT('',#2338);
#2338 = CARTESIAN_POINT('',(-0.7,-0.6,4.5E-02));
#2339 = LINE('',#2340,#2341);
#2340 = CARTESIAN_POINT('',(-0.955,-0.6,4.5E-02));
#2341 = VECTOR('',#2342,1.);
#2342 = DIRECTION('',(1.,0.,0.));
#2343 = ORIENTED_EDGE('',*,*,#2344,.T.);
#2344 = EDGE_CURVE('',#2337,#2279,#2345,.T.);
#2345 = CIRCLE('',#2346,4.5E-02);
#2346 = AXIS2_PLACEMENT_3D('',#2347,#2348,#2349);
#2347 = CARTESIAN_POINT('',(-0.745,-0.6,4.5E-02));
#2348 = DIRECTION('',(0.,1.,0.));
#2349 = DIRECTION('',(0.,-0.,1.));
#2350 = PLANE('',#2351);
#2351 = AXIS2_PLACEMENT_3D('',#2352,#2353,#2354);
#2352 = CARTESIAN_POINT('',(-1.,-0.6,0.));
#2353 = DIRECTION('',(0.,1.,0.));
#2354 = DIRECTION('',(0.,-0.,1.));
#2355 = ADVANCED_FACE('',(#2356),#2375,.T.);
#2356 = FACE_BOUND('',#2357,.T.);
#2357 = EDGE_LOOP('',(#2358,#2359,#2368,#2374));
#2358 = ORIENTED_EDGE('',*,*,#2246,.T.);
#2359 = ORIENTED_EDGE('',*,*,#2360,.T.);
#2360 = EDGE_CURVE('',#2247,#2361,#2363,.T.);
#2361 = VERTEX_POINT('',#2362);
#2362 = CARTESIAN_POINT('',(-0.955,0.6,-2.775557561563E-17));
#2363 = CIRCLE('',#2364,4.5E-02);
#2364 = AXIS2_PLACEMENT_3D('',#2365,#2366,#2367);
#2365 = CARTESIAN_POINT('',(-0.955,0.6,4.5E-02));
#2366 = DIRECTION('',(0.,-1.,0.));
#2367 = DIRECTION('',(0.,0.,1.));
#2368 = ORIENTED_EDGE('',*,*,#2369,.F.);
#2369 = EDGE_CURVE('',#2277,#2361,#2370,.T.);
#2370 = LINE('',#2371,#2372);
#2371 = CARTESIAN_POINT('',(-0.955,-0.6,-2.775557561563E-17));
#2372 = VECTOR('',#2373,1.);
#2373 = DIRECTION('',(0.,1.,0.));
#2374 = ORIENTED_EDGE('',*,*,#2286,.F.);
#2375 = CYLINDRICAL_SURFACE('',#2376,4.5E-02);
#2376 = AXIS2_PLACEMENT_3D('',#2377,#2378,#2379);
#2377 = CARTESIAN_POINT('',(-0.955,-0.6,4.5E-02));
#2378 = DIRECTION('',(0.,1.,0.));
#2379 = DIRECTION('',(-1.,0.,0.));
#2380 = ADVANCED_FACE('',(#2381),#2400,.T.);
#2381 = FACE_BOUND('',#2382,.T.);
#2382 = EDGE_LOOP('',(#2383,#2384,#2392,#2399));
#2383 = ORIENTED_EDGE('',*,*,#2294,.T.);
#2384 = ORIENTED_EDGE('',*,*,#2385,.T.);
#2385 = EDGE_CURVE('',#2295,#2386,#2388,.T.);
#2386 = VERTEX_POINT('',#2387);
#2387 = CARTESIAN_POINT('',(-0.955,0.6,0.45));
#2388 = LINE('',#2389,#2390);
#2389 = CARTESIAN_POINT('',(-0.955,-0.6,0.45));
#2390 = VECTOR('',#2391,1.);
#2391 = DIRECTION('',(0.,1.,0.));
#2392 = ORIENTED_EDGE('',*,*,#2393,.F.);
#2393 = EDGE_CURVE('',#2255,#2386,#2394,.T.);
#2394 = CIRCLE('',#2395,4.5E-02);
#2395 = AXIS2_PLACEMENT_3D('',#2396,#2397,#2398);
#2396 = CARTESIAN_POINT('',(-0.955,0.6,0.405));
#2397 = DIRECTION('',(0.,1.,0.));
#2398 = DIRECTION('',(0.,-0.,1.));
#2399 = ORIENTED_EDGE('',*,*,#2262,.F.);
#2400 = CYLINDRICAL_SURFACE('',#2401,4.5E-02);
#2401 = AXIS2_PLACEMENT_3D('',#2402,#2403,#2404);
#2402 = CARTESIAN_POINT('',(-0.955,-0.6,0.405));
#2403 = DIRECTION('',(0.,1.,0.));
#2404 = DIRECTION('',(-1.,0.,0.));
#2405 = ADVANCED_FACE('',(#2406),#2467,.T.);
#2406 = FACE_BOUND('',#2407,.T.);
#2407 = EDGE_LOOP('',(#2408,#2416,#2417,#2418,#2419,#2427,#2436,#2444,
    #2452,#2460));
#2408 = ORIENTED_EDGE('',*,*,#2409,.F.);
#2409 = EDGE_CURVE('',#2361,#2410,#2412,.T.);
#2410 = VERTEX_POINT('',#2411);
#2411 = CARTESIAN_POINT('',(-0.745,0.6,-2.775557561563E-17));
#2412 = LINE('',#2413,#2414);
#2413 = CARTESIAN_POINT('',(-1.,0.6,0.));
#2414 = VECTOR('',#2415,1.);
#2415 = DIRECTION('',(1.,0.,0.));
#2416 = ORIENTED_EDGE('',*,*,#2360,.F.);
#2417 = ORIENTED_EDGE('',*,*,#2254,.T.);
#2418 = ORIENTED_EDGE('',*,*,#2393,.T.);
#2419 = ORIENTED_EDGE('',*,*,#2420,.T.);
#2420 = EDGE_CURVE('',#2386,#2421,#2423,.T.);
#2421 = VERTEX_POINT('',#2422);
#2422 = CARTESIAN_POINT('',(-0.745,0.6,0.45));
#2423 = LINE('',#2424,#2425);
#2424 = CARTESIAN_POINT('',(-1.,0.6,0.45));
#2425 = VECTOR('',#2426,1.);
#2426 = DIRECTION('',(1.,0.,0.));
#2427 = ORIENTED_EDGE('',*,*,#2428,.F.);
#2428 = EDGE_CURVE('',#2429,#2421,#2431,.T.);
#2429 = VERTEX_POINT('',#2430);
#2430 = CARTESIAN_POINT('',(-0.7,0.6,0.405));
#2431 = CIRCLE('',#2432,4.5E-02);
#2432 = AXIS2_PLACEMENT_3D('',#2433,#2434,#2435);
#2433 = CARTESIAN_POINT('',(-0.745,0.6,0.405));
#2434 = DIRECTION('',(0.,-1.,0.));
#2435 = DIRECTION('',(0.,0.,1.));
#2436 = ORIENTED_EDGE('',*,*,#2437,.F.);
#2437 = EDGE_CURVE('',#2438,#2429,#2440,.T.);
#2438 = VERTEX_POINT('',#2439);
#2439 = CARTESIAN_POINT('',(-0.955,0.6,0.405));
#2440 = LINE('',#2441,#2442);
#2441 = CARTESIAN_POINT('',(-0.955,0.6,0.405));
#2442 = VECTOR('',#2443,1.);
#2443 = DIRECTION('',(1.,0.,0.));
#2444 = ORIENTED_EDGE('',*,*,#2445,.F.);
#2445 = EDGE_CURVE('',#2446,#2438,#2448,.T.);
#2446 = VERTEX_POINT('',#2447);
#2447 = CARTESIAN_POINT('',(-0.955,0.6,4.5E-02));
#2448 = LINE('',#2449,#2450);
#2449 = CARTESIAN_POINT('',(-0.955,0.6,4.5E-02));
#2450 = VECTOR('',#2451,1.);
#2451 = DIRECTION('',(0.,0.,1.));
#2452 = ORIENTED_EDGE('',*,*,#2453,.T.);
#2453 = EDGE_CURVE('',#2446,#2454,#2456,.T.);
#2454 = VERTEX_POINT('',#2455);
#2455 = CARTESIAN_POINT('',(-0.7,0.6,4.5E-02));
#2456 = LINE('',#2457,#2458);
#2457 = CARTESIAN_POINT('',(-0.955,0.6,4.5E-02));
#2458 = VECTOR('',#2459,1.);
#2459 = DIRECTION('',(1.,0.,0.));
#2460 = ORIENTED_EDGE('',*,*,#2461,.T.);
#2461 = EDGE_CURVE('',#2454,#2410,#2462,.T.);
#2462 = CIRCLE('',#2463,4.5E-02);
#2463 = AXIS2_PLACEMENT_3D('',#2464,#2465,#2466);
#2464 = CARTESIAN_POINT('',(-0.745,0.6,4.5E-02));
#2465 = DIRECTION('',(0.,1.,0.));
#2466 = DIRECTION('',(0.,-0.,1.));
#2467 = PLANE('',#2468);
#2468 = AXIS2_PLACEMENT_3D('',#2469,#2470,#2471);
#2469 = CARTESIAN_POINT('',(-1.,0.6,0.));
#2470 = DIRECTION('',(0.,1.,0.));
#2471 = DIRECTION('',(0.,-0.,1.));
#2472 = ADVANCED_FACE('',(#2473),#2484,.F.);
#2473 = FACE_BOUND('',#2474,.F.);
#2474 = EDGE_LOOP('',(#2475,#2476,#2477,#2478));
#2475 = ORIENTED_EDGE('',*,*,#2409,.F.);
#2476 = ORIENTED_EDGE('',*,*,#2369,.F.);
#2477 = ORIENTED_EDGE('',*,*,#2276,.T.);
#2478 = ORIENTED_EDGE('',*,*,#2479,.T.);
#2479 = EDGE_CURVE('',#2279,#2410,#2480,.T.);
#2480 = LINE('',#2481,#2482);
#2481 = CARTESIAN_POINT('',(-0.745,-0.6,-2.775557561563E-17));
#2482 = VECTOR('',#2483,1.);
#2483 = DIRECTION('',(0.,1.,0.));
#2484 = PLANE('',#2485);
#2485 = AXIS2_PLACEMENT_3D('',#2486,#2487,#2488);
#2486 = CARTESIAN_POINT('',(-1.,-0.6,0.));
#2487 = DIRECTION('',(0.,0.,1.));
#2488 = DIRECTION('',(1.,0.,-0.));
#2489 = ADVANCED_FACE('',(#2490),#2501,.T.);
#2490 = FACE_BOUND('',#2491,.T.);
#2491 = EDGE_LOOP('',(#2492,#2493,#2494,#2495));
#2492 = ORIENTED_EDGE('',*,*,#2344,.T.);
#2493 = ORIENTED_EDGE('',*,*,#2479,.T.);
#2494 = ORIENTED_EDGE('',*,*,#2461,.F.);
#2495 = ORIENTED_EDGE('',*,*,#2496,.F.);
#2496 = EDGE_CURVE('',#2337,#2454,#2497,.T.);
#2497 = LINE('',#2498,#2499);
#2498 = CARTESIAN_POINT('',(-0.7,-0.6,4.5E-02));
#2499 = VECTOR('',#2500,1.);
#2500 = DIRECTION('',(0.,1.,0.));
#2501 = CYLINDRICAL_SURFACE('',#2502,4.5E-02);
#2502 = AXIS2_PLACEMENT_3D('',#2503,#2504,#2505);
#2503 = CARTESIAN_POINT('',(-0.745,-0.6,4.5E-02));
#2504 = DIRECTION('',(0.,1.,0.));
#2505 = DIRECTION('',(1.,0.,0.));
#2506 = ADVANCED_FACE('',(#2507),#2550,.F.);
#2507 = FACE_BOUND('',#2508,.F.);
#2508 = EDGE_LOOP('',(#2509,#2510,#2511,#2512,#2520,#2528,#2536,#2544));
#2509 = ORIENTED_EDGE('',*,*,#2336,.F.);
#2510 = ORIENTED_EDGE('',*,*,#2328,.T.);
#2511 = ORIENTED_EDGE('',*,*,#2320,.T.);
#2512 = ORIENTED_EDGE('',*,*,#2513,.T.);
#2513 = EDGE_CURVE('',#2312,#2514,#2516,.T.);
#2514 = VERTEX_POINT('',#2515);
#2515 = CARTESIAN_POINT('',(0.7,-0.6,0.405));
#2516 = LINE('',#2517,#2518);
#2517 = CARTESIAN_POINT('',(-0.7,-0.6,0.405));
#2518 = VECTOR('',#2519,1.);
#2519 = DIRECTION('',(1.,0.,0.));
#2520 = ORIENTED_EDGE('',*,*,#2521,.T.);
#2521 = EDGE_CURVE('',#2514,#2522,#2524,.T.);
#2522 = VERTEX_POINT('',#2523);
#2523 = CARTESIAN_POINT('',(0.955,-0.6,0.405));
#2524 = LINE('',#2525,#2526);
#2525 = CARTESIAN_POINT('',(-0.955,-0.6,0.405));
#2526 = VECTOR('',#2527,1.);
#2527 = DIRECTION('',(1.,0.,0.));
#2528 = ORIENTED_EDGE('',*,*,#2529,.F.);
#2529 = EDGE_CURVE('',#2530,#2522,#2532,.T.);
#2530 = VERTEX_POINT('',#2531);
#2531 = CARTESIAN_POINT('',(0.955,-0.6,4.5E-02));
#2532 = LINE('',#2533,#2534);
#2533 = CARTESIAN_POINT('',(0.955,-0.6,4.5E-02));
#2534 = VECTOR('',#2535,1.);
#2535 = DIRECTION('',(0.,0.,1.));
#2536 = ORIENTED_EDGE('',*,*,#2537,.F.);
#2537 = EDGE_CURVE('',#2538,#2530,#2540,.T.);
#2538 = VERTEX_POINT('',#2539);
#2539 = CARTESIAN_POINT('',(0.7,-0.6,4.5E-02));
#2540 = LINE('',#2541,#2542);
#2541 = CARTESIAN_POINT('',(-0.955,-0.6,4.5E-02));
#2542 = VECTOR('',#2543,1.);
#2543 = DIRECTION('',(1.,0.,0.));
#2544 = ORIENTED_EDGE('',*,*,#2545,.F.);
#2545 = EDGE_CURVE('',#2337,#2538,#2546,.T.);
#2546 = LINE('',#2547,#2548);
#2547 = CARTESIAN_POINT('',(-0.955,-0.6,4.5E-02));
#2548 = VECTOR('',#2549,1.);
#2549 = DIRECTION('',(1.,0.,0.));
#2550 = PLANE('',#2551);
#2551 = AXIS2_PLACEMENT_3D('',#2552,#2553,#2554);
#2552 = CARTESIAN_POINT('',(-0.955,-0.6,4.5E-02));
#2553 = DIRECTION('',(0.,1.,0.));
#2554 = DIRECTION('',(0.,-0.,1.));
#2555 = ADVANCED_FACE('',(#2556),#2567,.T.);
#2556 = FACE_BOUND('',#2557,.T.);
#2557 = EDGE_LOOP('',(#2558,#2559,#2560,#2561));
#2558 = ORIENTED_EDGE('',*,*,#2420,.F.);
#2559 = ORIENTED_EDGE('',*,*,#2385,.F.);
#2560 = ORIENTED_EDGE('',*,*,#2303,.T.);
#2561 = ORIENTED_EDGE('',*,*,#2562,.T.);
#2562 = EDGE_CURVE('',#2304,#2421,#2563,.T.);
#2563 = LINE('',#2564,#2565);
#2564 = CARTESIAN_POINT('',(-0.745,-0.6,0.45));
#2565 = VECTOR('',#2566,1.);
#2566 = DIRECTION('',(0.,1.,0.));
#2567 = PLANE('',#2568);
#2568 = AXIS2_PLACEMENT_3D('',#2569,#2570,#2571);
#2569 = CARTESIAN_POINT('',(-1.,-0.6,0.45));
#2570 = DIRECTION('',(0.,0.,1.));
#2571 = DIRECTION('',(1.,0.,-0.));
#2572 = ADVANCED_FACE('',(#2573),#2584,.T.);
#2573 = FACE_BOUND('',#2574,.T.);
#2574 = EDGE_LOOP('',(#2575,#2581,#2582,#2583));
#2575 = ORIENTED_EDGE('',*,*,#2576,.T.);
#2576 = EDGE_CURVE('',#2312,#2429,#2577,.T.);
#2577 = LINE('',#2578,#2579);
#2578 = CARTESIAN_POINT('',(-0.7,-0.6,0.405));
#2579 = VECTOR('',#2580,1.);
#2580 = DIRECTION('',(0.,1.,0.));
#2581 = ORIENTED_EDGE('',*,*,#2428,.T.);
#2582 = ORIENTED_EDGE('',*,*,#2562,.F.);
#2583 = ORIENTED_EDGE('',*,*,#2311,.F.);
#2584 = CYLINDRICAL_SURFACE('',#2585,4.5E-02);
#2585 = AXIS2_PLACEMENT_3D('',#2586,#2587,#2588);
#2586 = CARTESIAN_POINT('',(-0.745,-0.6,0.405));
#2587 = DIRECTION('',(0.,1.,0.));
#2588 = DIRECTION('',(1.,0.,0.));
#2589 = ADVANCED_FACE('',(#2590),#2633,.T.);
#2590 = FACE_BOUND('',#2591,.T.);
#2591 = EDGE_LOOP('',(#2592,#2593,#2594,#2595,#2603,#2611,#2619,#2627));
#2592 = ORIENTED_EDGE('',*,*,#2453,.F.);
#2593 = ORIENTED_EDGE('',*,*,#2445,.T.);
#2594 = ORIENTED_EDGE('',*,*,#2437,.T.);
#2595 = ORIENTED_EDGE('',*,*,#2596,.T.);
#2596 = EDGE_CURVE('',#2429,#2597,#2599,.T.);
#2597 = VERTEX_POINT('',#2598);
#2598 = CARTESIAN_POINT('',(0.7,0.6,0.405));
#2599 = LINE('',#2600,#2601);
#2600 = CARTESIAN_POINT('',(-0.7,0.6,0.405));
#2601 = VECTOR('',#2602,1.);
#2602 = DIRECTION('',(1.,0.,0.));
#2603 = ORIENTED_EDGE('',*,*,#2604,.T.);
#2604 = EDGE_CURVE('',#2597,#2605,#2607,.T.);
#2605 = VERTEX_POINT('',#2606);
#2606 = CARTESIAN_POINT('',(0.955,0.6,0.405));
#2607 = LINE('',#2608,#2609);
#2608 = CARTESIAN_POINT('',(-0.955,0.6,0.405));
#2609 = VECTOR('',#2610,1.);
#2610 = DIRECTION('',(1.,0.,0.));
#2611 = ORIENTED_EDGE('',*,*,#2612,.F.);
#2612 = EDGE_CURVE('',#2613,#2605,#2615,.T.);
#2613 = VERTEX_POINT('',#2614);
#2614 = CARTESIAN_POINT('',(0.955,0.6,4.5E-02));
#2615 = LINE('',#2616,#2617);
#2616 = CARTESIAN_POINT('',(0.955,0.6,4.5E-02));
#2617 = VECTOR('',#2618,1.);
#2618 = DIRECTION('',(0.,0.,1.));
#2619 = ORIENTED_EDGE('',*,*,#2620,.F.);
#2620 = EDGE_CURVE('',#2621,#2613,#2623,.T.);
#2621 = VERTEX_POINT('',#2622);
#2622 = CARTESIAN_POINT('',(0.7,0.6,4.5E-02));
#2623 = LINE('',#2624,#2625);
#2624 = CARTESIAN_POINT('',(-0.955,0.6,4.5E-02));
#2625 = VECTOR('',#2626,1.);
#2626 = DIRECTION('',(1.,0.,0.));
#2627 = ORIENTED_EDGE('',*,*,#2628,.F.);
#2628 = EDGE_CURVE('',#2454,#2621,#2629,.T.);
#2629 = LINE('',#2630,#2631);
#2630 = CARTESIAN_POINT('',(-0.955,0.6,4.5E-02));
#2631 = VECTOR('',#2632,1.);
#2632 = DIRECTION('',(1.,0.,0.));
#2633 = PLANE('',#2634);
#2634 = AXIS2_PLACEMENT_3D('',#2635,#2636,#2637);
#2635 = CARTESIAN_POINT('',(-0.955,0.6,4.5E-02));
#2636 = DIRECTION('',(0.,1.,0.));
#2637 = DIRECTION('',(0.,-0.,1.));
#2638 = ADVANCED_FACE('',(#2639),#2650,.F.);
#2639 = FACE_BOUND('',#2640,.F.);
#2640 = EDGE_LOOP('',(#2641,#2642,#2643,#2649));
#2641 = ORIENTED_EDGE('',*,*,#2496,.F.);
#2642 = ORIENTED_EDGE('',*,*,#2545,.T.);
#2643 = ORIENTED_EDGE('',*,*,#2644,.T.);
#2644 = EDGE_CURVE('',#2538,#2621,#2645,.T.);
#2645 = LINE('',#2646,#2647);
#2646 = CARTESIAN_POINT('',(0.7,-0.6,4.5E-02));
#2647 = VECTOR('',#2648,1.);
#2648 = DIRECTION('',(0.,1.,0.));
#2649 = ORIENTED_EDGE('',*,*,#2628,.F.);
#2650 = PLANE('',#2651);
#2651 = AXIS2_PLACEMENT_3D('',#2652,#2653,#2654);
#2652 = CARTESIAN_POINT('',(-0.955,-0.6,4.5E-02));
#2653 = DIRECTION('',(0.,0.,1.));
#2654 = DIRECTION('',(1.,0.,-0.));
#2655 = ADVANCED_FACE('',(#2656),#2719,.F.);
#2656 = FACE_BOUND('',#2657,.F.);
#2657 = EDGE_LOOP('',(#2658,#2668,#2675,#2676,#2677,#2678,#2687,#2695,
    #2704,#2712));
#2658 = ORIENTED_EDGE('',*,*,#2659,.F.);
#2659 = EDGE_CURVE('',#2660,#2662,#2664,.T.);
#2660 = VERTEX_POINT('',#2661);
#2661 = CARTESIAN_POINT('',(0.745,-0.6,-2.775557561563E-17));
#2662 = VERTEX_POINT('',#2663);
#2663 = CARTESIAN_POINT('',(0.955,-0.6,-2.775557561563E-17));
#2664 = LINE('',#2665,#2666);
#2665 = CARTESIAN_POINT('',(0.7,-0.6,0.));
#2666 = VECTOR('',#2667,1.);
#2667 = DIRECTION('',(1.,0.,0.));
#2668 = ORIENTED_EDGE('',*,*,#2669,.F.);
#2669 = EDGE_CURVE('',#2538,#2660,#2670,.T.);
#2670 = CIRCLE('',#2671,4.5E-02);
#2671 = AXIS2_PLACEMENT_3D('',#2672,#2673,#2674);
#2672 = CARTESIAN_POINT('',(0.745,-0.6,4.5E-02));
#2673 = DIRECTION('',(0.,-1.,0.));
#2674 = DIRECTION('',(0.,0.,1.));
#2675 = ORIENTED_EDGE('',*,*,#2537,.T.);
#2676 = ORIENTED_EDGE('',*,*,#2529,.T.);
#2677 = ORIENTED_EDGE('',*,*,#2521,.F.);
#2678 = ORIENTED_EDGE('',*,*,#2679,.T.);
#2679 = EDGE_CURVE('',#2514,#2680,#2682,.T.);
#2680 = VERTEX_POINT('',#2681);
#2681 = CARTESIAN_POINT('',(0.745,-0.6,0.45));
#2682 = CIRCLE('',#2683,4.5E-02);
#2683 = AXIS2_PLACEMENT_3D('',#2684,#2685,#2686);
#2684 = CARTESIAN_POINT('',(0.745,-0.6,0.405));
#2685 = DIRECTION('',(0.,1.,0.));
#2686 = DIRECTION('',(0.,-0.,1.));
#2687 = ORIENTED_EDGE('',*,*,#2688,.T.);
#2688 = EDGE_CURVE('',#2680,#2689,#2691,.T.);
#2689 = VERTEX_POINT('',#2690);
#2690 = CARTESIAN_POINT('',(0.955,-0.6,0.45));
#2691 = LINE('',#2692,#2693);
#2692 = CARTESIAN_POINT('',(0.7,-0.6,0.45));
#2693 = VECTOR('',#2694,1.);
#2694 = DIRECTION('',(1.,0.,0.));
#2695 = ORIENTED_EDGE('',*,*,#2696,.F.);
#2696 = EDGE_CURVE('',#2697,#2689,#2699,.T.);
#2697 = VERTEX_POINT('',#2698);
#2698 = CARTESIAN_POINT('',(1.,-0.6,0.405));
#2699 = CIRCLE('',#2700,4.5E-02);
#2700 = AXIS2_PLACEMENT_3D('',#2701,#2702,#2703);
#2701 = CARTESIAN_POINT('',(0.955,-0.6,0.405));
#2702 = DIRECTION('',(0.,-1.,0.));
#2703 = DIRECTION('',(0.,0.,1.));
#2704 = ORIENTED_EDGE('',*,*,#2705,.F.);
#2705 = EDGE_CURVE('',#2706,#2697,#2708,.T.);
#2706 = VERTEX_POINT('',#2707);
#2707 = CARTESIAN_POINT('',(1.,-0.6,4.5E-02));
#2708 = LINE('',#2709,#2710);
#2709 = CARTESIAN_POINT('',(1.,-0.6,0.));
#2710 = VECTOR('',#2711,1.);
#2711 = DIRECTION('',(0.,0.,1.));
#2712 = ORIENTED_EDGE('',*,*,#2713,.T.);
#2713 = EDGE_CURVE('',#2706,#2662,#2714,.T.);
#2714 = CIRCLE('',#2715,4.5E-02);
#2715 = AXIS2_PLACEMENT_3D('',#2716,#2717,#2718);
#2716 = CARTESIAN_POINT('',(0.955,-0.6,4.5E-02));
#2717 = DIRECTION('',(0.,1.,0.));
#2718 = DIRECTION('',(0.,-0.,1.));
#2719 = PLANE('',#2720);
#2720 = AXIS2_PLACEMENT_3D('',#2721,#2722,#2723);
#2721 = CARTESIAN_POINT('',(0.7,-0.6,0.));
#2722 = DIRECTION('',(0.,1.,0.));
#2723 = DIRECTION('',(0.,-0.,1.));
#2724 = ADVANCED_FACE('',(#2725),#2750,.F.);
#2725 = FACE_BOUND('',#2726,.F.);
#2726 = EDGE_LOOP('',(#2727,#2728,#2736,#2744));
#2727 = ORIENTED_EDGE('',*,*,#2513,.F.);
#2728 = ORIENTED_EDGE('',*,*,#2729,.T.);
#2729 = EDGE_CURVE('',#2312,#2730,#2732,.T.);
#2730 = VERTEX_POINT('',#2731);
#2731 = CARTESIAN_POINT('',(-0.7,-0.6,0.45));
#2732 = LINE('',#2733,#2734);
#2733 = CARTESIAN_POINT('',(-0.7,-0.6,0.405));
#2734 = VECTOR('',#2735,1.);
#2735 = DIRECTION('',(0.,0.,1.));
#2736 = ORIENTED_EDGE('',*,*,#2737,.T.);
#2737 = EDGE_CURVE('',#2730,#2738,#2740,.T.);
#2738 = VERTEX_POINT('',#2739);
#2739 = CARTESIAN_POINT('',(0.7,-0.6,0.45));
#2740 = LINE('',#2741,#2742);
#2741 = CARTESIAN_POINT('',(-0.7,-0.6,0.45));
#2742 = VECTOR('',#2743,1.);
#2743 = DIRECTION('',(1.,0.,0.));
#2744 = ORIENTED_EDGE('',*,*,#2745,.F.);
#2745 = EDGE_CURVE('',#2514,#2738,#2746,.T.);
#2746 = LINE('',#2747,#2748);
#2747 = CARTESIAN_POINT('',(0.7,-0.6,0.405));
#2748 = VECTOR('',#2749,1.);
#2749 = DIRECTION('',(0.,0.,1.));
#2750 = PLANE('',#2751);
#2751 = AXIS2_PLACEMENT_3D('',#2752,#2753,#2754);
#2752 = CARTESIAN_POINT('',(-0.7,-0.6,0.405));
#2753 = DIRECTION('',(0.,1.,0.));
#2754 = DIRECTION('',(0.,-0.,1.));
#2755 = ADVANCED_FACE('',(#2756),#2774,.F.);
#2756 = FACE_BOUND('',#2757,.F.);
#2757 = EDGE_LOOP('',(#2758,#2759,#2760,#2768));
#2758 = ORIENTED_EDGE('',*,*,#2729,.F.);
#2759 = ORIENTED_EDGE('',*,*,#2576,.T.);
#2760 = ORIENTED_EDGE('',*,*,#2761,.T.);
#2761 = EDGE_CURVE('',#2429,#2762,#2764,.T.);
#2762 = VERTEX_POINT('',#2763);
#2763 = CARTESIAN_POINT('',(-0.7,0.6,0.45));
#2764 = LINE('',#2765,#2766);
#2765 = CARTESIAN_POINT('',(-0.7,0.6,0.405));
#2766 = VECTOR('',#2767,1.);
#2767 = DIRECTION('',(0.,0.,1.));
#2768 = ORIENTED_EDGE('',*,*,#2769,.F.);
#2769 = EDGE_CURVE('',#2730,#2762,#2770,.T.);
#2770 = LINE('',#2771,#2772);
#2771 = CARTESIAN_POINT('',(-0.7,-0.6,0.45));
#2772 = VECTOR('',#2773,1.);
#2773 = DIRECTION('',(0.,1.,0.));
#2774 = PLANE('',#2775);
#2775 = AXIS2_PLACEMENT_3D('',#2776,#2777,#2778);
#2776 = CARTESIAN_POINT('',(-0.7,-0.6,0.405));
#2777 = DIRECTION('',(1.,0.,0.));
#2778 = DIRECTION('',(0.,0.,1.));
#2779 = ADVANCED_FACE('',(#2780),#2843,.T.);
#2780 = FACE_BOUND('',#2781,.T.);
#2781 = EDGE_LOOP('',(#2782,#2792,#2799,#2800,#2801,#2802,#2811,#2819,
    #2828,#2836));
#2782 = ORIENTED_EDGE('',*,*,#2783,.F.);
#2783 = EDGE_CURVE('',#2784,#2786,#2788,.T.);
#2784 = VERTEX_POINT('',#2785);
#2785 = CARTESIAN_POINT('',(0.745,0.6,-2.775557561563E-17));
#2786 = VERTEX_POINT('',#2787);
#2787 = CARTESIAN_POINT('',(0.955,0.6,-2.775557561563E-17));
#2788 = LINE('',#2789,#2790);
#2789 = CARTESIAN_POINT('',(0.7,0.6,0.));
#2790 = VECTOR('',#2791,1.);
#2791 = DIRECTION('',(1.,0.,0.));
#2792 = ORIENTED_EDGE('',*,*,#2793,.F.);
#2793 = EDGE_CURVE('',#2621,#2784,#2794,.T.);
#2794 = CIRCLE('',#2795,4.5E-02);
#2795 = AXIS2_PLACEMENT_3D('',#2796,#2797,#2798);
#2796 = CARTESIAN_POINT('',(0.745,0.6,4.5E-02));
#2797 = DIRECTION('',(0.,-1.,0.));
#2798 = DIRECTION('',(0.,0.,1.));
#2799 = ORIENTED_EDGE('',*,*,#2620,.T.);
#2800 = ORIENTED_EDGE('',*,*,#2612,.T.);
#2801 = ORIENTED_EDGE('',*,*,#2604,.F.);
#2802 = ORIENTED_EDGE('',*,*,#2803,.T.);
#2803 = EDGE_CURVE('',#2597,#2804,#2806,.T.);
#2804 = VERTEX_POINT('',#2805);
#2805 = CARTESIAN_POINT('',(0.745,0.6,0.45));
#2806 = CIRCLE('',#2807,4.5E-02);
#2807 = AXIS2_PLACEMENT_3D('',#2808,#2809,#2810);
#2808 = CARTESIAN_POINT('',(0.745,0.6,0.405));
#2809 = DIRECTION('',(0.,1.,0.));
#2810 = DIRECTION('',(0.,-0.,1.));
#2811 = ORIENTED_EDGE('',*,*,#2812,.T.);
#2812 = EDGE_CURVE('',#2804,#2813,#2815,.T.);
#2813 = VERTEX_POINT('',#2814);
#2814 = CARTESIAN_POINT('',(0.955,0.6,0.45));
#2815 = LINE('',#2816,#2817);
#2816 = CARTESIAN_POINT('',(0.7,0.6,0.45));
#2817 = VECTOR('',#2818,1.);
#2818 = DIRECTION('',(1.,0.,0.));
#2819 = ORIENTED_EDGE('',*,*,#2820,.F.);
#2820 = EDGE_CURVE('',#2821,#2813,#2823,.T.);
#2821 = VERTEX_POINT('',#2822);
#2822 = CARTESIAN_POINT('',(1.,0.6,0.405));
#2823 = CIRCLE('',#2824,4.5E-02);
#2824 = AXIS2_PLACEMENT_3D('',#2825,#2826,#2827);
#2825 = CARTESIAN_POINT('',(0.955,0.6,0.405));
#2826 = DIRECTION('',(0.,-1.,0.));
#2827 = DIRECTION('',(0.,0.,1.));
#2828 = ORIENTED_EDGE('',*,*,#2829,.F.);
#2829 = EDGE_CURVE('',#2830,#2821,#2832,.T.);
#2830 = VERTEX_POINT('',#2831);
#2831 = CARTESIAN_POINT('',(1.,0.6,4.5E-02));
#2832 = LINE('',#2833,#2834);
#2833 = CARTESIAN_POINT('',(1.,0.6,0.));
#2834 = VECTOR('',#2835,1.);
#2835 = DIRECTION('',(0.,0.,1.));
#2836 = ORIENTED_EDGE('',*,*,#2837,.T.);
#2837 = EDGE_CURVE('',#2830,#2786,#2838,.T.);
#2838 = CIRCLE('',#2839,4.5E-02);
#2839 = AXIS2_PLACEMENT_3D('',#2840,#2841,#2842);
#2840 = CARTESIAN_POINT('',(0.955,0.6,4.5E-02));
#2841 = DIRECTION('',(0.,1.,0.));
#2842 = DIRECTION('',(0.,-0.,1.));
#2843 = PLANE('',#2844);
#2844 = AXIS2_PLACEMENT_3D('',#2845,#2846,#2847);
#2845 = CARTESIAN_POINT('',(0.7,0.6,0.));
#2846 = DIRECTION('',(0.,1.,0.));
#2847 = DIRECTION('',(0.,-0.,1.));
#2848 = ADVANCED_FACE('',(#2849),#2867,.T.);
#2849 = FACE_BOUND('',#2850,.T.);
#2850 = EDGE_LOOP('',(#2851,#2852,#2853,#2861));
#2851 = ORIENTED_EDGE('',*,*,#2596,.F.);
#2852 = ORIENTED_EDGE('',*,*,#2761,.T.);
#2853 = ORIENTED_EDGE('',*,*,#2854,.T.);
#2854 = EDGE_CURVE('',#2762,#2855,#2857,.T.);
#2855 = VERTEX_POINT('',#2856);
#2856 = CARTESIAN_POINT('',(0.7,0.6,0.45));
#2857 = LINE('',#2858,#2859);
#2858 = CARTESIAN_POINT('',(-0.7,0.6,0.45));
#2859 = VECTOR('',#2860,1.);
#2860 = DIRECTION('',(1.,0.,0.));
#2861 = ORIENTED_EDGE('',*,*,#2862,.F.);
#2862 = EDGE_CURVE('',#2597,#2855,#2863,.T.);
#2863 = LINE('',#2864,#2865);
#2864 = CARTESIAN_POINT('',(0.7,0.6,0.405));
#2865 = VECTOR('',#2866,1.);
#2866 = DIRECTION('',(0.,0.,1.));
#2867 = PLANE('',#2868);
#2868 = AXIS2_PLACEMENT_3D('',#2869,#2870,#2871);
#2869 = CARTESIAN_POINT('',(-0.7,0.6,0.405));
#2870 = DIRECTION('',(0.,1.,0.));
#2871 = DIRECTION('',(0.,-0.,1.));
#2872 = ADVANCED_FACE('',(#2873),#2884,.T.);
#2873 = FACE_BOUND('',#2874,.T.);
#2874 = EDGE_LOOP('',(#2875,#2876,#2877,#2883));
#2875 = ORIENTED_EDGE('',*,*,#2644,.T.);
#2876 = ORIENTED_EDGE('',*,*,#2793,.T.);
#2877 = ORIENTED_EDGE('',*,*,#2878,.F.);
#2878 = EDGE_CURVE('',#2660,#2784,#2879,.T.);
#2879 = LINE('',#2880,#2881);
#2880 = CARTESIAN_POINT('',(0.745,-0.6,-2.775557561563E-17));
#2881 = VECTOR('',#2882,1.);
#2882 = DIRECTION('',(0.,1.,0.));
#2883 = ORIENTED_EDGE('',*,*,#2669,.F.);
#2884 = CYLINDRICAL_SURFACE('',#2885,4.5E-02);
#2885 = AXIS2_PLACEMENT_3D('',#2886,#2887,#2888);
#2886 = CARTESIAN_POINT('',(0.745,-0.6,4.5E-02));
#2887 = DIRECTION('',(0.,1.,0.));
#2888 = DIRECTION('',(-1.,0.,0.));
#2889 = ADVANCED_FACE('',(#2890),#2901,.F.);
#2890 = FACE_BOUND('',#2891,.F.);
#2891 = EDGE_LOOP('',(#2892,#2893,#2894,#2895));
#2892 = ORIENTED_EDGE('',*,*,#2783,.F.);
#2893 = ORIENTED_EDGE('',*,*,#2878,.F.);
#2894 = ORIENTED_EDGE('',*,*,#2659,.T.);
#2895 = ORIENTED_EDGE('',*,*,#2896,.T.);
#2896 = EDGE_CURVE('',#2662,#2786,#2897,.T.);
#2897 = LINE('',#2898,#2899);
#2898 = CARTESIAN_POINT('',(0.955,-0.6,-2.775557561563E-17));
#2899 = VECTOR('',#2900,1.);
#2900 = DIRECTION('',(0.,1.,0.));
#2901 = PLANE('',#2902);
#2902 = AXIS2_PLACEMENT_3D('',#2903,#2904,#2905);
#2903 = CARTESIAN_POINT('',(0.7,-0.6,0.));
#2904 = DIRECTION('',(0.,0.,1.));
#2905 = DIRECTION('',(1.,0.,-0.));
#2906 = ADVANCED_FACE('',(#2907),#2918,.T.);
#2907 = FACE_BOUND('',#2908,.T.);
#2908 = EDGE_LOOP('',(#2909,#2910,#2911,#2912));
#2909 = ORIENTED_EDGE('',*,*,#2713,.T.);
#2910 = ORIENTED_EDGE('',*,*,#2896,.T.);
#2911 = ORIENTED_EDGE('',*,*,#2837,.F.);
#2912 = ORIENTED_EDGE('',*,*,#2913,.F.);
#2913 = EDGE_CURVE('',#2706,#2830,#2914,.T.);
#2914 = LINE('',#2915,#2916);
#2915 = CARTESIAN_POINT('',(1.,-0.6,4.5E-02));
#2916 = VECTOR('',#2917,1.);
#2917 = DIRECTION('',(0.,1.,0.));
#2918 = CYLINDRICAL_SURFACE('',#2919,4.5E-02);
#2919 = AXIS2_PLACEMENT_3D('',#2920,#2921,#2922);
#2920 = CARTESIAN_POINT('',(0.955,-0.6,4.5E-02));
#2921 = DIRECTION('',(0.,1.,0.));
#2922 = DIRECTION('',(1.,0.,0.));
#2923 = ADVANCED_FACE('',(#2924),#2935,.T.);
#2924 = FACE_BOUND('',#2925,.T.);
#2925 = EDGE_LOOP('',(#2926,#2927,#2928,#2929));
#2926 = ORIENTED_EDGE('',*,*,#2705,.F.);
#2927 = ORIENTED_EDGE('',*,*,#2913,.T.);
#2928 = ORIENTED_EDGE('',*,*,#2829,.T.);
#2929 = ORIENTED_EDGE('',*,*,#2930,.F.);
#2930 = EDGE_CURVE('',#2697,#2821,#2931,.T.);
#2931 = LINE('',#2932,#2933);
#2932 = CARTESIAN_POINT('',(1.,-0.6,0.405));
#2933 = VECTOR('',#2934,1.);
#2934 = DIRECTION('',(0.,1.,0.));
#2935 = PLANE('',#2936);
#2936 = AXIS2_PLACEMENT_3D('',#2937,#2938,#2939);
#2937 = CARTESIAN_POINT('',(1.,-0.6,0.));
#2938 = DIRECTION('',(1.,0.,0.));
#2939 = DIRECTION('',(0.,0.,1.));
#2940 = ADVANCED_FACE('',(#2941),#2952,.T.);
#2941 = FACE_BOUND('',#2942,.T.);
#2942 = EDGE_LOOP('',(#2943,#2944,#2945,#2951));
#2943 = ORIENTED_EDGE('',*,*,#2930,.T.);
#2944 = ORIENTED_EDGE('',*,*,#2820,.T.);
#2945 = ORIENTED_EDGE('',*,*,#2946,.F.);
#2946 = EDGE_CURVE('',#2689,#2813,#2947,.T.);
#2947 = LINE('',#2948,#2949);
#2948 = CARTESIAN_POINT('',(0.955,-0.6,0.45));
#2949 = VECTOR('',#2950,1.);
#2950 = DIRECTION('',(0.,1.,0.));
#2951 = ORIENTED_EDGE('',*,*,#2696,.F.);
#2952 = CYLINDRICAL_SURFACE('',#2953,4.5E-02);
#2953 = AXIS2_PLACEMENT_3D('',#2954,#2955,#2956);
#2954 = CARTESIAN_POINT('',(0.955,-0.6,0.405));
#2955 = DIRECTION('',(0.,1.,0.));
#2956 = DIRECTION('',(1.,0.,0.));
#2957 = ADVANCED_FACE('',(#2958),#2969,.T.);
#2958 = FACE_BOUND('',#2959,.T.);
#2959 = EDGE_LOOP('',(#2960,#2961,#2967,#2968));
#2960 = ORIENTED_EDGE('',*,*,#2812,.F.);
#2961 = ORIENTED_EDGE('',*,*,#2962,.F.);
#2962 = EDGE_CURVE('',#2680,#2804,#2963,.T.);
#2963 = LINE('',#2964,#2965);
#2964 = CARTESIAN_POINT('',(0.745,-0.6,0.45));
#2965 = VECTOR('',#2966,1.);
#2966 = DIRECTION('',(0.,1.,0.));
#2967 = ORIENTED_EDGE('',*,*,#2688,.T.);
#2968 = ORIENTED_EDGE('',*,*,#2946,.T.);
#2969 = PLANE('',#2970);
#2970 = AXIS2_PLACEMENT_3D('',#2971,#2972,#2973);
#2971 = CARTESIAN_POINT('',(0.7,-0.6,0.45));
#2972 = DIRECTION('',(0.,0.,1.));
#2973 = DIRECTION('',(1.,0.,-0.));
#2974 = ADVANCED_FACE('',(#2975),#2986,.T.);
#2975 = FACE_BOUND('',#2976,.T.);
#2976 = EDGE_LOOP('',(#2977,#2978,#2979,#2980));
#2977 = ORIENTED_EDGE('',*,*,#2679,.T.);
#2978 = ORIENTED_EDGE('',*,*,#2962,.T.);
#2979 = ORIENTED_EDGE('',*,*,#2803,.F.);
#2980 = ORIENTED_EDGE('',*,*,#2981,.F.);
#2981 = EDGE_CURVE('',#2514,#2597,#2982,.T.);
#2982 = LINE('',#2983,#2984);
#2983 = CARTESIAN_POINT('',(0.7,-0.6,0.405));
#2984 = VECTOR('',#2985,1.);
#2985 = DIRECTION('',(0.,1.,0.));
#2986 = CYLINDRICAL_SURFACE('',#2987,4.5E-02);
#2987 = AXIS2_PLACEMENT_3D('',#2988,#2989,#2990);
#2988 = CARTESIAN_POINT('',(0.745,-0.6,0.405));
#2989 = DIRECTION('',(0.,1.,0.));
#2990 = DIRECTION('',(-1.,0.,0.));
#2991 = ADVANCED_FACE('',(#2992),#3003,.T.);
#2992 = FACE_BOUND('',#2993,.T.);
#2993 = EDGE_LOOP('',(#2994,#2995,#2996,#2997));
#2994 = ORIENTED_EDGE('',*,*,#2745,.F.);
#2995 = ORIENTED_EDGE('',*,*,#2981,.T.);
#2996 = ORIENTED_EDGE('',*,*,#2862,.T.);
#2997 = ORIENTED_EDGE('',*,*,#2998,.F.);
#2998 = EDGE_CURVE('',#2738,#2855,#2999,.T.);
#2999 = LINE('',#3000,#3001);
#3000 = CARTESIAN_POINT('',(0.7,-0.6,0.45));
#3001 = VECTOR('',#3002,1.);
#3002 = DIRECTION('',(0.,1.,0.));
#3003 = PLANE('',#3004);
#3004 = AXIS2_PLACEMENT_3D('',#3005,#3006,#3007);
#3005 = CARTESIAN_POINT('',(0.7,-0.6,0.405));
#3006 = DIRECTION('',(1.,0.,0.));
#3007 = DIRECTION('',(0.,0.,1.));
#3008 = ADVANCED_FACE('',(#3009),#3015,.T.);
#3009 = FACE_BOUND('',#3010,.T.);
#3010 = EDGE_LOOP('',(#3011,#3012,#3013,#3014));
#3011 = ORIENTED_EDGE('',*,*,#2769,.F.);
#3012 = ORIENTED_EDGE('',*,*,#2737,.T.);
#3013 = ORIENTED_EDGE('',*,*,#2998,.T.);
#3014 = ORIENTED_EDGE('',*,*,#2854,.F.);
#3015 = PLANE('',#3016);
#3016 = AXIS2_PLACEMENT_3D('',#3017,#3018,#3019);
#3017 = CARTESIAN_POINT('',(-0.7,-0.6,0.45));
#3018 = DIRECTION('',(0.,0.,1.));
#3019 = DIRECTION('',(1.,0.,-0.));
#3020 = ( GEOMETRIC_REPRESENTATION_CONTEXT(3) 
GLOBAL_UNCERTAINTY_ASSIGNED_CONTEXT((#3024)) 
GLOBAL_UNIT_ASSIGNED_CONTEXT((#3021,#3022,#3023)) REPRESENTATION_CONTEXT
('Context #1','3D Context with UNIT and UNCERTAINTY') );
#3021 = ( LENGTH_UNIT() NAMED_UNIT(*) SI_UNIT(.MILLI.,.METRE.) );
#3022 = ( NAMED_UNIT(*) PLANE_ANGLE_UNIT() SI_UNIT($,.RADIAN.) );
#3023 = ( NAMED_UNIT(*) SI_UNIT($,.STERADIAN.) SOLID_ANGLE_UNIT() );
#3024 = UNCERTAINTY_MEASURE_WITH_UNIT(LENGTH_MEASURE(1.E-07),#3021,
  'distance_accuracy_value','confusion accuracy');
#3025 = CONTEXT_DEPENDENT_SHAPE_REPRESENTATION(#3026,#3028);
#3026 = ( REPRESENTATION_RELATIONSHIP('','',#2229,#10) 
REPRESENTATION_RELATIONSHIP_WITH_TRANSFORMATION(#3027) 
SHAPE_REPRESENTATION_RELATIONSHIP() );
#3027 = ITEM_DEFINED_TRANSFORMATION('','',#11,#27);
#3028 = PRODUCT_DEFINITION_SHAPE('Placement','Placement of an item',
  #3029);
#3029 = NEXT_ASSEMBLY_USAGE_OCCURRENCE('4','R3','',#5,#2224,$);
#3030 = PRODUCT_RELATED_PRODUCT_CATEGORY('part',$,(#2226));
#3031 = SHAPE_DEFINITION_REPRESENTATION(#3032,#3038);
#3032 = PRODUCT_DEFINITION_SHAPE('','',#3033);
#3033 = PRODUCT_DEFINITION('design','',#3034,#3037);
#3034 = PRODUCT_DEFINITION_FORMATION('','',#3035);
#3035 = PRODUCT('R_2010_5025Metric','R_2010_5025Metric','',(#3036));
#3036 = PRODUCT_CONTEXT('',#2,'mechanical');
#3037 = PRODUCT_DEFINITION_CONTEXT('part definition',#2,'design');
#3038 = ADVANCED_BREP_SHAPE_REPRESENTATION('',(#11,#3039),#3829);
#3039 = MANIFOLD_SOLID_BREP('',#3040);
#3040 = CLOSED_SHELL('',(#3041,#3081,#3164,#3189,#3214,#3281,#3298,#3315
    ,#3364,#3381,#3398,#3447,#3464,#3533,#3564,#3588,#3657,#3681,#3698,
    #3715,#3732,#3749,#3766,#3783,#3800,#3817));
#3041 = ADVANCED_FACE('',(#3042),#3076,.F.);
#3042 = FACE_BOUND('',#3043,.F.);
#3043 = EDGE_LOOP('',(#3044,#3054,#3062,#3070));
#3044 = ORIENTED_EDGE('',*,*,#3045,.F.);
#3045 = EDGE_CURVE('',#3046,#3048,#3050,.T.);
#3046 = VERTEX_POINT('',#3047);
#3047 = CARTESIAN_POINT('',(-2.5,-1.25,6.E-02));
#3048 = VERTEX_POINT('',#3049);
#3049 = CARTESIAN_POINT('',(-2.5,-1.25,0.54));
#3050 = LINE('',#3051,#3052);
#3051 = CARTESIAN_POINT('',(-2.5,-1.25,0.));
#3052 = VECTOR('',#3053,1.);
#3053 = DIRECTION('',(0.,0.,1.));
#3054 = ORIENTED_EDGE('',*,*,#3055,.T.);
#3055 = EDGE_CURVE('',#3046,#3056,#3058,.T.);
#3056 = VERTEX_POINT('',#3057);
#3057 = CARTESIAN_POINT('',(-2.5,1.25,6.E-02));
#3058 = LINE('',#3059,#3060);
#3059 = CARTESIAN_POINT('',(-2.5,-1.25,6.E-02));
#3060 = VECTOR('',#3061,1.);
#3061 = DIRECTION('',(0.,1.,0.));
#3062 = ORIENTED_EDGE('',*,*,#3063,.T.);
#3063 = EDGE_CURVE('',#3056,#3064,#3066,.T.);
#3064 = VERTEX_POINT('',#3065);
#3065 = CARTESIAN_POINT('',(-2.5,1.25,0.54));
#3066 = LINE('',#3067,#3068);
#3067 = CARTESIAN_POINT('',(-2.5,1.25,0.));
#3068 = VECTOR('',#3069,1.);
#3069 = DIRECTION('',(0.,0.,1.));
#3070 = ORIENTED_EDGE('',*,*,#3071,.F.);
#3071 = EDGE_CURVE('',#3048,#3064,#3072,.T.);
#3072 = LINE('',#3073,#3074);
#3073 = CARTESIAN_POINT('',(-2.5,-1.25,0.54));
#3074 = VECTOR('',#3075,1.);
#3075 = DIRECTION('',(0.,1.,0.));
#3076 = PLANE('',#3077);
#3077 = AXIS2_PLACEMENT_3D('',#3078,#3079,#3080);
#3078 = CARTESIAN_POINT('',(-2.5,-1.25,0.));
#3079 = DIRECTION('',(1.,0.,0.));
#3080 = DIRECTION('',(0.,0.,1.));
#3081 = ADVANCED_FACE('',(#3082),#3159,.F.);
#3082 = FACE_BOUND('',#3083,.F.);
#3083 = EDGE_LOOP('',(#3084,#3094,#3101,#3102,#3111,#3119,#3128,#3136,
    #3144,#3152));
#3084 = ORIENTED_EDGE('',*,*,#3085,.F.);
#3085 = EDGE_CURVE('',#3086,#3088,#3090,.T.);
#3086 = VERTEX_POINT('',#3087);
#3087 = CARTESIAN_POINT('',(-2.44,-1.25,0.));
#3088 = VERTEX_POINT('',#3089);
#3089 = CARTESIAN_POINT('',(-1.96,-1.25,0.));
#3090 = LINE('',#3091,#3092);
#3091 = CARTESIAN_POINT('',(-2.5,-1.25,0.));
#3092 = VECTOR('',#3093,1.);
#3093 = DIRECTION('',(1.,0.,0.));
#3094 = ORIENTED_EDGE('',*,*,#3095,.F.);
#3095 = EDGE_CURVE('',#3046,#3086,#3096,.T.);
#3096 = CIRCLE('',#3097,6.E-02);
#3097 = AXIS2_PLACEMENT_3D('',#3098,#3099,#3100);
#3098 = CARTESIAN_POINT('',(-2.44,-1.25,6.E-02));
#3099 = DIRECTION('',(0.,-1.,0.));
#3100 = DIRECTION('',(0.,0.,1.));
#3101 = ORIENTED_EDGE('',*,*,#3045,.T.);
#3102 = ORIENTED_EDGE('',*,*,#3103,.T.);
#3103 = EDGE_CURVE('',#3048,#3104,#3106,.T.);
#3104 = VERTEX_POINT('',#3105);
#3105 = CARTESIAN_POINT('',(-2.44,-1.25,0.6));
#3106 = CIRCLE('',#3107,6.E-02);
#3107 = AXIS2_PLACEMENT_3D('',#3108,#3109,#3110);
#3108 = CARTESIAN_POINT('',(-2.44,-1.25,0.54));
#3109 = DIRECTION('',(0.,1.,0.));
#3110 = DIRECTION('',(0.,-0.,1.));
#3111 = ORIENTED_EDGE('',*,*,#3112,.T.);
#3112 = EDGE_CURVE('',#3104,#3113,#3115,.T.);
#3113 = VERTEX_POINT('',#3114);
#3114 = CARTESIAN_POINT('',(-1.96,-1.25,0.6));
#3115 = LINE('',#3116,#3117);
#3116 = CARTESIAN_POINT('',(-2.5,-1.25,0.6));
#3117 = VECTOR('',#3118,1.);
#3118 = DIRECTION('',(1.,0.,0.));
#3119 = ORIENTED_EDGE('',*,*,#3120,.F.);
#3120 = EDGE_CURVE('',#3121,#3113,#3123,.T.);
#3121 = VERTEX_POINT('',#3122);
#3122 = CARTESIAN_POINT('',(-1.9,-1.25,0.54));
#3123 = CIRCLE('',#3124,6.E-02);
#3124 = AXIS2_PLACEMENT_3D('',#3125,#3126,#3127);
#3125 = CARTESIAN_POINT('',(-1.96,-1.25,0.54));
#3126 = DIRECTION('',(0.,-1.,0.));
#3127 = DIRECTION('',(0.,0.,1.));
#3128 = ORIENTED_EDGE('',*,*,#3129,.F.);
#3129 = EDGE_CURVE('',#3130,#3121,#3132,.T.);
#3130 = VERTEX_POINT('',#3131);
#3131 = CARTESIAN_POINT('',(-2.44,-1.25,0.54));
#3132 = LINE('',#3133,#3134);
#3133 = CARTESIAN_POINT('',(-2.44,-1.25,0.54));
#3134 = VECTOR('',#3135,1.);
#3135 = DIRECTION('',(1.,0.,0.));
#3136 = ORIENTED_EDGE('',*,*,#3137,.F.);
#3137 = EDGE_CURVE('',#3138,#3130,#3140,.T.);
#3138 = VERTEX_POINT('',#3139);
#3139 = CARTESIAN_POINT('',(-2.44,-1.25,6.E-02));
#3140 = LINE('',#3141,#3142);
#3141 = CARTESIAN_POINT('',(-2.44,-1.25,6.E-02));
#3142 = VECTOR('',#3143,1.);
#3143 = DIRECTION('',(0.,0.,1.));
#3144 = ORIENTED_EDGE('',*,*,#3145,.T.);
#3145 = EDGE_CURVE('',#3138,#3146,#3148,.T.);
#3146 = VERTEX_POINT('',#3147);
#3147 = CARTESIAN_POINT('',(-1.9,-1.25,6.E-02));
#3148 = LINE('',#3149,#3150);
#3149 = CARTESIAN_POINT('',(-2.44,-1.25,6.E-02));
#3150 = VECTOR('',#3151,1.);
#3151 = DIRECTION('',(1.,0.,0.));
#3152 = ORIENTED_EDGE('',*,*,#3153,.T.);
#3153 = EDGE_CURVE('',#3146,#3088,#3154,.T.);
#3154 = CIRCLE('',#3155,6.E-02);
#3155 = AXIS2_PLACEMENT_3D('',#3156,#3157,#3158);
#3156 = CARTESIAN_POINT('',(-1.96,-1.25,6.E-02));
#3157 = DIRECTION('',(0.,1.,0.));
#3158 = DIRECTION('',(0.,-0.,1.));
#3159 = PLANE('',#3160);
#3160 = AXIS2_PLACEMENT_3D('',#3161,#3162,#3163);
#3161 = CARTESIAN_POINT('',(-2.5,-1.25,0.));
#3162 = DIRECTION('',(0.,1.,0.));
#3163 = DIRECTION('',(0.,-0.,1.));
#3164 = ADVANCED_FACE('',(#3165),#3184,.T.);
#3165 = FACE_BOUND('',#3166,.T.);
#3166 = EDGE_LOOP('',(#3167,#3168,#3177,#3183));
#3167 = ORIENTED_EDGE('',*,*,#3055,.T.);
#3168 = ORIENTED_EDGE('',*,*,#3169,.T.);
#3169 = EDGE_CURVE('',#3056,#3170,#3172,.T.);
#3170 = VERTEX_POINT('',#3171);
#3171 = CARTESIAN_POINT('',(-2.44,1.25,0.));
#3172 = CIRCLE('',#3173,6.E-02);
#3173 = AXIS2_PLACEMENT_3D('',#3174,#3175,#3176);
#3174 = CARTESIAN_POINT('',(-2.44,1.25,6.E-02));
#3175 = DIRECTION('',(0.,-1.,0.));
#3176 = DIRECTION('',(0.,0.,1.));
#3177 = ORIENTED_EDGE('',*,*,#3178,.F.);
#3178 = EDGE_CURVE('',#3086,#3170,#3179,.T.);
#3179 = LINE('',#3180,#3181);
#3180 = CARTESIAN_POINT('',(-2.44,-1.25,0.));
#3181 = VECTOR('',#3182,1.);
#3182 = DIRECTION('',(0.,1.,0.));
#3183 = ORIENTED_EDGE('',*,*,#3095,.F.);
#3184 = CYLINDRICAL_SURFACE('',#3185,6.E-02);
#3185 = AXIS2_PLACEMENT_3D('',#3186,#3187,#3188);
#3186 = CARTESIAN_POINT('',(-2.44,-1.25,6.E-02));
#3187 = DIRECTION('',(0.,1.,0.));
#3188 = DIRECTION('',(-1.,0.,0.));
#3189 = ADVANCED_FACE('',(#3190),#3209,.T.);
#3190 = FACE_BOUND('',#3191,.T.);
#3191 = EDGE_LOOP('',(#3192,#3193,#3201,#3208));
#3192 = ORIENTED_EDGE('',*,*,#3103,.T.);
#3193 = ORIENTED_EDGE('',*,*,#3194,.T.);
#3194 = EDGE_CURVE('',#3104,#3195,#3197,.T.);
#3195 = VERTEX_POINT('',#3196);
#3196 = CARTESIAN_POINT('',(-2.44,1.25,0.6));
#3197 = LINE('',#3198,#3199);
#3198 = CARTESIAN_POINT('',(-2.44,-1.25,0.6));
#3199 = VECTOR('',#3200,1.);
#3200 = DIRECTION('',(0.,1.,0.));
#3201 = ORIENTED_EDGE('',*,*,#3202,.F.);
#3202 = EDGE_CURVE('',#3064,#3195,#3203,.T.);
#3203 = CIRCLE('',#3204,6.E-02);
#3204 = AXIS2_PLACEMENT_3D('',#3205,#3206,#3207);
#3205 = CARTESIAN_POINT('',(-2.44,1.25,0.54));
#3206 = DIRECTION('',(0.,1.,0.));
#3207 = DIRECTION('',(0.,-0.,1.));
#3208 = ORIENTED_EDGE('',*,*,#3071,.F.);
#3209 = CYLINDRICAL_SURFACE('',#3210,6.E-02);
#3210 = AXIS2_PLACEMENT_3D('',#3211,#3212,#3213);
#3211 = CARTESIAN_POINT('',(-2.44,-1.25,0.54));
#3212 = DIRECTION('',(0.,1.,0.));
#3213 = DIRECTION('',(-1.,0.,0.));
#3214 = ADVANCED_FACE('',(#3215),#3276,.T.);
#3215 = FACE_BOUND('',#3216,.T.);
#3216 = EDGE_LOOP('',(#3217,#3225,#3226,#3227,#3228,#3236,#3245,#3253,
    #3261,#3269));
#3217 = ORIENTED_EDGE('',*,*,#3218,.F.);
#3218 = EDGE_CURVE('',#3170,#3219,#3221,.T.);
#3219 = VERTEX_POINT('',#3220);
#3220 = CARTESIAN_POINT('',(-1.96,1.25,0.));
#3221 = LINE('',#3222,#3223);
#3222 = CARTESIAN_POINT('',(-2.5,1.25,0.));
#3223 = VECTOR('',#3224,1.);
#3224 = DIRECTION('',(1.,0.,0.));
#3225 = ORIENTED_EDGE('',*,*,#3169,.F.);
#3226 = ORIENTED_EDGE('',*,*,#3063,.T.);
#3227 = ORIENTED_EDGE('',*,*,#3202,.T.);
#3228 = ORIENTED_EDGE('',*,*,#3229,.T.);
#3229 = EDGE_CURVE('',#3195,#3230,#3232,.T.);
#3230 = VERTEX_POINT('',#3231);
#3231 = CARTESIAN_POINT('',(-1.96,1.25,0.6));
#3232 = LINE('',#3233,#3234);
#3233 = CARTESIAN_POINT('',(-2.5,1.25,0.6));
#3234 = VECTOR('',#3235,1.);
#3235 = DIRECTION('',(1.,0.,0.));
#3236 = ORIENTED_EDGE('',*,*,#3237,.F.);
#3237 = EDGE_CURVE('',#3238,#3230,#3240,.T.);
#3238 = VERTEX_POINT('',#3239);
#3239 = CARTESIAN_POINT('',(-1.9,1.25,0.54));
#3240 = CIRCLE('',#3241,6.E-02);
#3241 = AXIS2_PLACEMENT_3D('',#3242,#3243,#3244);
#3242 = CARTESIAN_POINT('',(-1.96,1.25,0.54));
#3243 = DIRECTION('',(0.,-1.,0.));
#3244 = DIRECTION('',(0.,0.,1.));
#3245 = ORIENTED_EDGE('',*,*,#3246,.F.);
#3246 = EDGE_CURVE('',#3247,#3238,#3249,.T.);
#3247 = VERTEX_POINT('',#3248);
#3248 = CARTESIAN_POINT('',(-2.44,1.25,0.54));
#3249 = LINE('',#3250,#3251);
#3250 = CARTESIAN_POINT('',(-2.44,1.25,0.54));
#3251 = VECTOR('',#3252,1.);
#3252 = DIRECTION('',(1.,0.,0.));
#3253 = ORIENTED_EDGE('',*,*,#3254,.F.);
#3254 = EDGE_CURVE('',#3255,#3247,#3257,.T.);
#3255 = VERTEX_POINT('',#3256);
#3256 = CARTESIAN_POINT('',(-2.44,1.25,6.E-02));
#3257 = LINE('',#3258,#3259);
#3258 = CARTESIAN_POINT('',(-2.44,1.25,6.E-02));
#3259 = VECTOR('',#3260,1.);
#3260 = DIRECTION('',(0.,0.,1.));
#3261 = ORIENTED_EDGE('',*,*,#3262,.T.);
#3262 = EDGE_CURVE('',#3255,#3263,#3265,.T.);
#3263 = VERTEX_POINT('',#3264);
#3264 = CARTESIAN_POINT('',(-1.9,1.25,6.E-02));
#3265 = LINE('',#3266,#3267);
#3266 = CARTESIAN_POINT('',(-2.44,1.25,6.E-02));
#3267 = VECTOR('',#3268,1.);
#3268 = DIRECTION('',(1.,0.,0.));
#3269 = ORIENTED_EDGE('',*,*,#3270,.T.);
#3270 = EDGE_CURVE('',#3263,#3219,#3271,.T.);
#3271 = CIRCLE('',#3272,6.E-02);
#3272 = AXIS2_PLACEMENT_3D('',#3273,#3274,#3275);
#3273 = CARTESIAN_POINT('',(-1.96,1.25,6.E-02));
#3274 = DIRECTION('',(0.,1.,0.));
#3275 = DIRECTION('',(0.,-0.,1.));
#3276 = PLANE('',#3277);
#3277 = AXIS2_PLACEMENT_3D('',#3278,#3279,#3280);
#3278 = CARTESIAN_POINT('',(-2.5,1.25,0.));
#3279 = DIRECTION('',(0.,1.,0.));
#3280 = DIRECTION('',(0.,-0.,1.));
#3281 = ADVANCED_FACE('',(#3282),#3293,.F.);
#3282 = FACE_BOUND('',#3283,.F.);
#3283 = EDGE_LOOP('',(#3284,#3285,#3286,#3287));
#3284 = ORIENTED_EDGE('',*,*,#3218,.F.);
#3285 = ORIENTED_EDGE('',*,*,#3178,.F.);
#3286 = ORIENTED_EDGE('',*,*,#3085,.T.);
#3287 = ORIENTED_EDGE('',*,*,#3288,.T.);
#3288 = EDGE_CURVE('',#3088,#3219,#3289,.T.);
#3289 = LINE('',#3290,#3291);
#3290 = CARTESIAN_POINT('',(-1.96,-1.25,0.));
#3291 = VECTOR('',#3292,1.);
#3292 = DIRECTION('',(0.,1.,0.));
#3293 = PLANE('',#3294);
#3294 = AXIS2_PLACEMENT_3D('',#3295,#3296,#3297);
#3295 = CARTESIAN_POINT('',(-2.5,-1.25,0.));
#3296 = DIRECTION('',(0.,0.,1.));
#3297 = DIRECTION('',(1.,0.,-0.));
#3298 = ADVANCED_FACE('',(#3299),#3310,.T.);
#3299 = FACE_BOUND('',#3300,.T.);
#3300 = EDGE_LOOP('',(#3301,#3302,#3303,#3304));
#3301 = ORIENTED_EDGE('',*,*,#3153,.T.);
#3302 = ORIENTED_EDGE('',*,*,#3288,.T.);
#3303 = ORIENTED_EDGE('',*,*,#3270,.F.);
#3304 = ORIENTED_EDGE('',*,*,#3305,.F.);
#3305 = EDGE_CURVE('',#3146,#3263,#3306,.T.);
#3306 = LINE('',#3307,#3308);
#3307 = CARTESIAN_POINT('',(-1.9,-1.25,6.E-02));
#3308 = VECTOR('',#3309,1.);
#3309 = DIRECTION('',(0.,1.,0.));
#3310 = CYLINDRICAL_SURFACE('',#3311,6.E-02);
#3311 = AXIS2_PLACEMENT_3D('',#3312,#3313,#3314);
#3312 = CARTESIAN_POINT('',(-1.96,-1.25,6.E-02));
#3313 = DIRECTION('',(0.,1.,0.));
#3314 = DIRECTION('',(1.,0.,0.));
#3315 = ADVANCED_FACE('',(#3316),#3359,.F.);
#3316 = FACE_BOUND('',#3317,.F.);
#3317 = EDGE_LOOP('',(#3318,#3319,#3320,#3321,#3329,#3337,#3345,#3353));
#3318 = ORIENTED_EDGE('',*,*,#3145,.F.);
#3319 = ORIENTED_EDGE('',*,*,#3137,.T.);
#3320 = ORIENTED_EDGE('',*,*,#3129,.T.);
#3321 = ORIENTED_EDGE('',*,*,#3322,.T.);
#3322 = EDGE_CURVE('',#3121,#3323,#3325,.T.);
#3323 = VERTEX_POINT('',#3324);
#3324 = CARTESIAN_POINT('',(1.9,-1.25,0.54));
#3325 = LINE('',#3326,#3327);
#3326 = CARTESIAN_POINT('',(-1.9,-1.25,0.54));
#3327 = VECTOR('',#3328,1.);
#3328 = DIRECTION('',(1.,0.,0.));
#3329 = ORIENTED_EDGE('',*,*,#3330,.T.);
#3330 = EDGE_CURVE('',#3323,#3331,#3333,.T.);
#3331 = VERTEX_POINT('',#3332);
#3332 = CARTESIAN_POINT('',(2.44,-1.25,0.54));
#3333 = LINE('',#3334,#3335);
#3334 = CARTESIAN_POINT('',(-2.44,-1.25,0.54));
#3335 = VECTOR('',#3336,1.);
#3336 = DIRECTION('',(1.,0.,0.));
#3337 = ORIENTED_EDGE('',*,*,#3338,.F.);
#3338 = EDGE_CURVE('',#3339,#3331,#3341,.T.);
#3339 = VERTEX_POINT('',#3340);
#3340 = CARTESIAN_POINT('',(2.44,-1.25,6.E-02));
#3341 = LINE('',#3342,#3343);
#3342 = CARTESIAN_POINT('',(2.44,-1.25,6.E-02));
#3343 = VECTOR('',#3344,1.);
#3344 = DIRECTION('',(0.,0.,1.));
#3345 = ORIENTED_EDGE('',*,*,#3346,.F.);
#3346 = EDGE_CURVE('',#3347,#3339,#3349,.T.);
#3347 = VERTEX_POINT('',#3348);
#3348 = CARTESIAN_POINT('',(1.9,-1.25,6.E-02));
#3349 = LINE('',#3350,#3351);
#3350 = CARTESIAN_POINT('',(-2.44,-1.25,6.E-02));
#3351 = VECTOR('',#3352,1.);
#3352 = DIRECTION('',(1.,0.,0.));
#3353 = ORIENTED_EDGE('',*,*,#3354,.F.);
#3354 = EDGE_CURVE('',#3146,#3347,#3355,.T.);
#3355 = LINE('',#3356,#3357);
#3356 = CARTESIAN_POINT('',(-2.44,-1.25,6.E-02));
#3357 = VECTOR('',#3358,1.);
#3358 = DIRECTION('',(1.,0.,0.));
#3359 = PLANE('',#3360);
#3360 = AXIS2_PLACEMENT_3D('',#3361,#3362,#3363);
#3361 = CARTESIAN_POINT('',(-2.44,-1.25,6.E-02));
#3362 = DIRECTION('',(0.,1.,0.));
#3363 = DIRECTION('',(0.,-0.,1.));
#3364 = ADVANCED_FACE('',(#3365),#3376,.T.);
#3365 = FACE_BOUND('',#3366,.T.);
#3366 = EDGE_LOOP('',(#3367,#3368,#3369,#3370));
#3367 = ORIENTED_EDGE('',*,*,#3229,.F.);
#3368 = ORIENTED_EDGE('',*,*,#3194,.F.);
#3369 = ORIENTED_EDGE('',*,*,#3112,.T.);
#3370 = ORIENTED_EDGE('',*,*,#3371,.T.);
#3371 = EDGE_CURVE('',#3113,#3230,#3372,.T.);
#3372 = LINE('',#3373,#3374);
#3373 = CARTESIAN_POINT('',(-1.96,-1.25,0.6));
#3374 = VECTOR('',#3375,1.);
#3375 = DIRECTION('',(0.,1.,0.));
#3376 = PLANE('',#3377);
#3377 = AXIS2_PLACEMENT_3D('',#3378,#3379,#3380);
#3378 = CARTESIAN_POINT('',(-2.5,-1.25,0.6));
#3379 = DIRECTION('',(0.,0.,1.));
#3380 = DIRECTION('',(1.,0.,-0.));
#3381 = ADVANCED_FACE('',(#3382),#3393,.T.);
#3382 = FACE_BOUND('',#3383,.T.);
#3383 = EDGE_LOOP('',(#3384,#3390,#3391,#3392));
#3384 = ORIENTED_EDGE('',*,*,#3385,.T.);
#3385 = EDGE_CURVE('',#3121,#3238,#3386,.T.);
#3386 = LINE('',#3387,#3388);
#3387 = CARTESIAN_POINT('',(-1.9,-1.25,0.54));
#3388 = VECTOR('',#3389,1.);
#3389 = DIRECTION('',(0.,1.,0.));
#3390 = ORIENTED_EDGE('',*,*,#3237,.T.);
#3391 = ORIENTED_EDGE('',*,*,#3371,.F.);
#3392 = ORIENTED_EDGE('',*,*,#3120,.F.);
#3393 = CYLINDRICAL_SURFACE('',#3394,6.E-02);
#3394 = AXIS2_PLACEMENT_3D('',#3395,#3396,#3397);
#3395 = CARTESIAN_POINT('',(-1.96,-1.25,0.54));
#3396 = DIRECTION('',(0.,1.,0.));
#3397 = DIRECTION('',(1.,0.,0.));
#3398 = ADVANCED_FACE('',(#3399),#3442,.T.);
#3399 = FACE_BOUND('',#3400,.T.);
#3400 = EDGE_LOOP('',(#3401,#3402,#3403,#3404,#3412,#3420,#3428,#3436));
#3401 = ORIENTED_EDGE('',*,*,#3262,.F.);
#3402 = ORIENTED_EDGE('',*,*,#3254,.T.);
#3403 = ORIENTED_EDGE('',*,*,#3246,.T.);
#3404 = ORIENTED_EDGE('',*,*,#3405,.T.);
#3405 = EDGE_CURVE('',#3238,#3406,#3408,.T.);
#3406 = VERTEX_POINT('',#3407);
#3407 = CARTESIAN_POINT('',(1.9,1.25,0.54));
#3408 = LINE('',#3409,#3410);
#3409 = CARTESIAN_POINT('',(-1.9,1.25,0.54));
#3410 = VECTOR('',#3411,1.);
#3411 = DIRECTION('',(1.,0.,0.));
#3412 = ORIENTED_EDGE('',*,*,#3413,.T.);
#3413 = EDGE_CURVE('',#3406,#3414,#3416,.T.);
#3414 = VERTEX_POINT('',#3415);
#3415 = CARTESIAN_POINT('',(2.44,1.25,0.54));
#3416 = LINE('',#3417,#3418);
#3417 = CARTESIAN_POINT('',(-2.44,1.25,0.54));
#3418 = VECTOR('',#3419,1.);
#3419 = DIRECTION('',(1.,0.,0.));
#3420 = ORIENTED_EDGE('',*,*,#3421,.F.);
#3421 = EDGE_CURVE('',#3422,#3414,#3424,.T.);
#3422 = VERTEX_POINT('',#3423);
#3423 = CARTESIAN_POINT('',(2.44,1.25,6.E-02));
#3424 = LINE('',#3425,#3426);
#3425 = CARTESIAN_POINT('',(2.44,1.25,6.E-02));
#3426 = VECTOR('',#3427,1.);
#3427 = DIRECTION('',(0.,0.,1.));
#3428 = ORIENTED_EDGE('',*,*,#3429,.F.);
#3429 = EDGE_CURVE('',#3430,#3422,#3432,.T.);
#3430 = VERTEX_POINT('',#3431);
#3431 = CARTESIAN_POINT('',(1.9,1.25,6.E-02));
#3432 = LINE('',#3433,#3434);
#3433 = CARTESIAN_POINT('',(-2.44,1.25,6.E-02));
#3434 = VECTOR('',#3435,1.);
#3435 = DIRECTION('',(1.,0.,0.));
#3436 = ORIENTED_EDGE('',*,*,#3437,.F.);
#3437 = EDGE_CURVE('',#3263,#3430,#3438,.T.);
#3438 = LINE('',#3439,#3440);
#3439 = CARTESIAN_POINT('',(-2.44,1.25,6.E-02));
#3440 = VECTOR('',#3441,1.);
#3441 = DIRECTION('',(1.,0.,0.));
#3442 = PLANE('',#3443);
#3443 = AXIS2_PLACEMENT_3D('',#3444,#3445,#3446);
#3444 = CARTESIAN_POINT('',(-2.44,1.25,6.E-02));
#3445 = DIRECTION('',(0.,1.,0.));
#3446 = DIRECTION('',(0.,-0.,1.));
#3447 = ADVANCED_FACE('',(#3448),#3459,.F.);
#3448 = FACE_BOUND('',#3449,.F.);
#3449 = EDGE_LOOP('',(#3450,#3451,#3452,#3458));
#3450 = ORIENTED_EDGE('',*,*,#3305,.F.);
#3451 = ORIENTED_EDGE('',*,*,#3354,.T.);
#3452 = ORIENTED_EDGE('',*,*,#3453,.T.);
#3453 = EDGE_CURVE('',#3347,#3430,#3454,.T.);
#3454 = LINE('',#3455,#3456);
#3455 = CARTESIAN_POINT('',(1.9,-1.25,6.E-02));
#3456 = VECTOR('',#3457,1.);
#3457 = DIRECTION('',(0.,1.,0.));
#3458 = ORIENTED_EDGE('',*,*,#3437,.F.);
#3459 = PLANE('',#3460);
#3460 = AXIS2_PLACEMENT_3D('',#3461,#3462,#3463);
#3461 = CARTESIAN_POINT('',(-2.44,-1.25,6.E-02));
#3462 = DIRECTION('',(0.,0.,1.));
#3463 = DIRECTION('',(1.,0.,-0.));
#3464 = ADVANCED_FACE('',(#3465),#3528,.F.);
#3465 = FACE_BOUND('',#3466,.F.);
#3466 = EDGE_LOOP('',(#3467,#3477,#3484,#3485,#3486,#3487,#3496,#3504,
    #3513,#3521));
#3467 = ORIENTED_EDGE('',*,*,#3468,.F.);
#3468 = EDGE_CURVE('',#3469,#3471,#3473,.T.);
#3469 = VERTEX_POINT('',#3470);
#3470 = CARTESIAN_POINT('',(1.96,-1.25,0.));
#3471 = VERTEX_POINT('',#3472);
#3472 = CARTESIAN_POINT('',(2.44,-1.25,0.));
#3473 = LINE('',#3474,#3475);
#3474 = CARTESIAN_POINT('',(1.9,-1.25,0.));
#3475 = VECTOR('',#3476,1.);
#3476 = DIRECTION('',(1.,0.,0.));
#3477 = ORIENTED_EDGE('',*,*,#3478,.F.);
#3478 = EDGE_CURVE('',#3347,#3469,#3479,.T.);
#3479 = CIRCLE('',#3480,6.E-02);
#3480 = AXIS2_PLACEMENT_3D('',#3481,#3482,#3483);
#3481 = CARTESIAN_POINT('',(1.96,-1.25,6.E-02));
#3482 = DIRECTION('',(0.,-1.,0.));
#3483 = DIRECTION('',(0.,0.,1.));
#3484 = ORIENTED_EDGE('',*,*,#3346,.T.);
#3485 = ORIENTED_EDGE('',*,*,#3338,.T.);
#3486 = ORIENTED_EDGE('',*,*,#3330,.F.);
#3487 = ORIENTED_EDGE('',*,*,#3488,.T.);
#3488 = EDGE_CURVE('',#3323,#3489,#3491,.T.);
#3489 = VERTEX_POINT('',#3490);
#3490 = CARTESIAN_POINT('',(1.96,-1.25,0.6));
#3491 = CIRCLE('',#3492,6.E-02);
#3492 = AXIS2_PLACEMENT_3D('',#3493,#3494,#3495);
#3493 = CARTESIAN_POINT('',(1.96,-1.25,0.54));
#3494 = DIRECTION('',(0.,1.,0.));
#3495 = DIRECTION('',(0.,-0.,1.));
#3496 = ORIENTED_EDGE('',*,*,#3497,.T.);
#3497 = EDGE_CURVE('',#3489,#3498,#3500,.T.);
#3498 = VERTEX_POINT('',#3499);
#3499 = CARTESIAN_POINT('',(2.44,-1.25,0.6));
#3500 = LINE('',#3501,#3502);
#3501 = CARTESIAN_POINT('',(1.9,-1.25,0.6));
#3502 = VECTOR('',#3503,1.);
#3503 = DIRECTION('',(1.,0.,0.));
#3504 = ORIENTED_EDGE('',*,*,#3505,.F.);
#3505 = EDGE_CURVE('',#3506,#3498,#3508,.T.);
#3506 = VERTEX_POINT('',#3507);
#3507 = CARTESIAN_POINT('',(2.5,-1.25,0.54));
#3508 = CIRCLE('',#3509,6.E-02);
#3509 = AXIS2_PLACEMENT_3D('',#3510,#3511,#3512);
#3510 = CARTESIAN_POINT('',(2.44,-1.25,0.54));
#3511 = DIRECTION('',(0.,-1.,0.));
#3512 = DIRECTION('',(0.,0.,1.));
#3513 = ORIENTED_EDGE('',*,*,#3514,.F.);
#3514 = EDGE_CURVE('',#3515,#3506,#3517,.T.);
#3515 = VERTEX_POINT('',#3516);
#3516 = CARTESIAN_POINT('',(2.5,-1.25,6.E-02));
#3517 = LINE('',#3518,#3519);
#3518 = CARTESIAN_POINT('',(2.5,-1.25,0.));
#3519 = VECTOR('',#3520,1.);
#3520 = DIRECTION('',(0.,0.,1.));
#3521 = ORIENTED_EDGE('',*,*,#3522,.T.);
#3522 = EDGE_CURVE('',#3515,#3471,#3523,.T.);
#3523 = CIRCLE('',#3524,6.E-02);
#3524 = AXIS2_PLACEMENT_3D('',#3525,#3526,#3527);
#3525 = CARTESIAN_POINT('',(2.44,-1.25,6.E-02));
#3526 = DIRECTION('',(0.,1.,0.));
#3527 = DIRECTION('',(0.,-0.,1.));
#3528 = PLANE('',#3529);
#3529 = AXIS2_PLACEMENT_3D('',#3530,#3531,#3532);
#3530 = CARTESIAN_POINT('',(1.9,-1.25,0.));
#3531 = DIRECTION('',(0.,1.,0.));
#3532 = DIRECTION('',(0.,-0.,1.));
#3533 = ADVANCED_FACE('',(#3534),#3559,.F.);
#3534 = FACE_BOUND('',#3535,.F.);
#3535 = EDGE_LOOP('',(#3536,#3537,#3545,#3553));
#3536 = ORIENTED_EDGE('',*,*,#3322,.F.);
#3537 = ORIENTED_EDGE('',*,*,#3538,.T.);
#3538 = EDGE_CURVE('',#3121,#3539,#3541,.T.);
#3539 = VERTEX_POINT('',#3540);
#3540 = CARTESIAN_POINT('',(-1.9,-1.25,0.6));
#3541 = LINE('',#3542,#3543);
#3542 = CARTESIAN_POINT('',(-1.9,-1.25,0.54));
#3543 = VECTOR('',#3544,1.);
#3544 = DIRECTION('',(0.,0.,1.));
#3545 = ORIENTED_EDGE('',*,*,#3546,.T.);
#3546 = EDGE_CURVE('',#3539,#3547,#3549,.T.);
#3547 = VERTEX_POINT('',#3548);
#3548 = CARTESIAN_POINT('',(1.9,-1.25,0.6));
#3549 = LINE('',#3550,#3551);
#3550 = CARTESIAN_POINT('',(-1.9,-1.25,0.6));
#3551 = VECTOR('',#3552,1.);
#3552 = DIRECTION('',(1.,0.,0.));
#3553 = ORIENTED_EDGE('',*,*,#3554,.F.);
#3554 = EDGE_CURVE('',#3323,#3547,#3555,.T.);
#3555 = LINE('',#3556,#3557);
#3556 = CARTESIAN_POINT('',(1.9,-1.25,0.54));
#3557 = VECTOR('',#3558,1.);
#3558 = DIRECTION('',(0.,0.,1.));
#3559 = PLANE('',#3560);
#3560 = AXIS2_PLACEMENT_3D('',#3561,#3562,#3563);
#3561 = CARTESIAN_POINT('',(-1.9,-1.25,0.54));
#3562 = DIRECTION('',(0.,1.,0.));
#3563 = DIRECTION('',(0.,-0.,1.));
#3564 = ADVANCED_FACE('',(#3565),#3583,.F.);
#3565 = FACE_BOUND('',#3566,.F.);
#3566 = EDGE_LOOP('',(#3567,#3568,#3569,#3577));
#3567 = ORIENTED_EDGE('',*,*,#3538,.F.);
#3568 = ORIENTED_EDGE('',*,*,#3385,.T.);
#3569 = ORIENTED_EDGE('',*,*,#3570,.T.);
#3570 = EDGE_CURVE('',#3238,#3571,#3573,.T.);
#3571 = VERTEX_POINT('',#3572);
#3572 = CARTESIAN_POINT('',(-1.9,1.25,0.6));
#3573 = LINE('',#3574,#3575);
#3574 = CARTESIAN_POINT('',(-1.9,1.25,0.54));
#3575 = VECTOR('',#3576,1.);
#3576 = DIRECTION('',(0.,0.,1.));
#3577 = ORIENTED_EDGE('',*,*,#3578,.F.);
#3578 = EDGE_CURVE('',#3539,#3571,#3579,.T.);
#3579 = LINE('',#3580,#3581);
#3580 = CARTESIAN_POINT('',(-1.9,-1.25,0.6));
#3581 = VECTOR('',#3582,1.);
#3582 = DIRECTION('',(0.,1.,0.));
#3583 = PLANE('',#3584);
#3584 = AXIS2_PLACEMENT_3D('',#3585,#3586,#3587);
#3585 = CARTESIAN_POINT('',(-1.9,-1.25,0.54));
#3586 = DIRECTION('',(1.,0.,0.));
#3587 = DIRECTION('',(0.,0.,1.));
#3588 = ADVANCED_FACE('',(#3589),#3652,.T.);
#3589 = FACE_BOUND('',#3590,.T.);
#3590 = EDGE_LOOP('',(#3591,#3601,#3608,#3609,#3610,#3611,#3620,#3628,
    #3637,#3645));
#3591 = ORIENTED_EDGE('',*,*,#3592,.F.);
#3592 = EDGE_CURVE('',#3593,#3595,#3597,.T.);
#3593 = VERTEX_POINT('',#3594);
#3594 = CARTESIAN_POINT('',(1.96,1.25,0.));
#3595 = VERTEX_POINT('',#3596);
#3596 = CARTESIAN_POINT('',(2.44,1.25,0.));
#3597 = LINE('',#3598,#3599);
#3598 = CARTESIAN_POINT('',(1.9,1.25,0.));
#3599 = VECTOR('',#3600,1.);
#3600 = DIRECTION('',(1.,0.,0.));
#3601 = ORIENTED_EDGE('',*,*,#3602,.F.);
#3602 = EDGE_CURVE('',#3430,#3593,#3603,.T.);
#3603 = CIRCLE('',#3604,6.E-02);
#3604 = AXIS2_PLACEMENT_3D('',#3605,#3606,#3607);
#3605 = CARTESIAN_POINT('',(1.96,1.25,6.E-02));
#3606 = DIRECTION('',(0.,-1.,0.));
#3607 = DIRECTION('',(0.,0.,1.));
#3608 = ORIENTED_EDGE('',*,*,#3429,.T.);
#3609 = ORIENTED_EDGE('',*,*,#3421,.T.);
#3610 = ORIENTED_EDGE('',*,*,#3413,.F.);
#3611 = ORIENTED_EDGE('',*,*,#3612,.T.);
#3612 = EDGE_CURVE('',#3406,#3613,#3615,.T.);
#3613 = VERTEX_POINT('',#3614);
#3614 = CARTESIAN_POINT('',(1.96,1.25,0.6));
#3615 = CIRCLE('',#3616,6.E-02);
#3616 = AXIS2_PLACEMENT_3D('',#3617,#3618,#3619);
#3617 = CARTESIAN_POINT('',(1.96,1.25,0.54));
#3618 = DIRECTION('',(0.,1.,0.));
#3619 = DIRECTION('',(0.,-0.,1.));
#3620 = ORIENTED_EDGE('',*,*,#3621,.T.);
#3621 = EDGE_CURVE('',#3613,#3622,#3624,.T.);
#3622 = VERTEX_POINT('',#3623);
#3623 = CARTESIAN_POINT('',(2.44,1.25,0.6));
#3624 = LINE('',#3625,#3626);
#3625 = CARTESIAN_POINT('',(1.9,1.25,0.6));
#3626 = VECTOR('',#3627,1.);
#3627 = DIRECTION('',(1.,0.,0.));
#3628 = ORIENTED_EDGE('',*,*,#3629,.F.);
#3629 = EDGE_CURVE('',#3630,#3622,#3632,.T.);
#3630 = VERTEX_POINT('',#3631);
#3631 = CARTESIAN_POINT('',(2.5,1.25,0.54));
#3632 = CIRCLE('',#3633,6.E-02);
#3633 = AXIS2_PLACEMENT_3D('',#3634,#3635,#3636);
#3634 = CARTESIAN_POINT('',(2.44,1.25,0.54));
#3635 = DIRECTION('',(0.,-1.,0.));
#3636 = DIRECTION('',(0.,0.,1.));
#3637 = ORIENTED_EDGE('',*,*,#3638,.F.);
#3638 = EDGE_CURVE('',#3639,#3630,#3641,.T.);
#3639 = VERTEX_POINT('',#3640);
#3640 = CARTESIAN_POINT('',(2.5,1.25,6.E-02));
#3641 = LINE('',#3642,#3643);
#3642 = CARTESIAN_POINT('',(2.5,1.25,0.));
#3643 = VECTOR('',#3644,1.);
#3644 = DIRECTION('',(0.,0.,1.));
#3645 = ORIENTED_EDGE('',*,*,#3646,.T.);
#3646 = EDGE_CURVE('',#3639,#3595,#3647,.T.);
#3647 = CIRCLE('',#3648,6.E-02);
#3648 = AXIS2_PLACEMENT_3D('',#3649,#3650,#3651);
#3649 = CARTESIAN_POINT('',(2.44,1.25,6.E-02));
#3650 = DIRECTION('',(0.,1.,0.));
#3651 = DIRECTION('',(0.,-0.,1.));
#3652 = PLANE('',#3653);
#3653 = AXIS2_PLACEMENT_3D('',#3654,#3655,#3656);
#3654 = CARTESIAN_POINT('',(1.9,1.25,0.));
#3655 = DIRECTION('',(0.,1.,0.));
#3656 = DIRECTION('',(0.,-0.,1.));
#3657 = ADVANCED_FACE('',(#3658),#3676,.T.);
#3658 = FACE_BOUND('',#3659,.T.);
#3659 = EDGE_LOOP('',(#3660,#3661,#3662,#3670));
#3660 = ORIENTED_EDGE('',*,*,#3405,.F.);
#3661 = ORIENTED_EDGE('',*,*,#3570,.T.);
#3662 = ORIENTED_EDGE('',*,*,#3663,.T.);
#3663 = EDGE_CURVE('',#3571,#3664,#3666,.T.);
#3664 = VERTEX_POINT('',#3665);
#3665 = CARTESIAN_POINT('',(1.9,1.25,0.6));
#3666 = LINE('',#3667,#3668);
#3667 = CARTESIAN_POINT('',(-1.9,1.25,0.6));
#3668 = VECTOR('',#3669,1.);
#3669 = DIRECTION('',(1.,0.,0.));
#3670 = ORIENTED_EDGE('',*,*,#3671,.F.);
#3671 = EDGE_CURVE('',#3406,#3664,#3672,.T.);
#3672 = LINE('',#3673,#3674);
#3673 = CARTESIAN_POINT('',(1.9,1.25,0.54));
#3674 = VECTOR('',#3675,1.);
#3675 = DIRECTION('',(0.,0.,1.));
#3676 = PLANE('',#3677);
#3677 = AXIS2_PLACEMENT_3D('',#3678,#3679,#3680);
#3678 = CARTESIAN_POINT('',(-1.9,1.25,0.54));
#3679 = DIRECTION('',(0.,1.,0.));
#3680 = DIRECTION('',(0.,-0.,1.));
#3681 = ADVANCED_FACE('',(#3682),#3693,.T.);
#3682 = FACE_BOUND('',#3683,.T.);
#3683 = EDGE_LOOP('',(#3684,#3685,#3686,#3692));
#3684 = ORIENTED_EDGE('',*,*,#3453,.T.);
#3685 = ORIENTED_EDGE('',*,*,#3602,.T.);
#3686 = ORIENTED_EDGE('',*,*,#3687,.F.);
#3687 = EDGE_CURVE('',#3469,#3593,#3688,.T.);
#3688 = LINE('',#3689,#3690);
#3689 = CARTESIAN_POINT('',(1.96,-1.25,0.));
#3690 = VECTOR('',#3691,1.);
#3691 = DIRECTION('',(0.,1.,0.));
#3692 = ORIENTED_EDGE('',*,*,#3478,.F.);
#3693 = CYLINDRICAL_SURFACE('',#3694,6.E-02);
#3694 = AXIS2_PLACEMENT_3D('',#3695,#3696,#3697);
#3695 = CARTESIAN_POINT('',(1.96,-1.25,6.E-02));
#3696 = DIRECTION('',(0.,1.,0.));
#3697 = DIRECTION('',(-1.,0.,0.));
#3698 = ADVANCED_FACE('',(#3699),#3710,.F.);
#3699 = FACE_BOUND('',#3700,.F.);
#3700 = EDGE_LOOP('',(#3701,#3702,#3703,#3704));
#3701 = ORIENTED_EDGE('',*,*,#3592,.F.);
#3702 = ORIENTED_EDGE('',*,*,#3687,.F.);
#3703 = ORIENTED_EDGE('',*,*,#3468,.T.);
#3704 = ORIENTED_EDGE('',*,*,#3705,.T.);
#3705 = EDGE_CURVE('',#3471,#3595,#3706,.T.);
#3706 = LINE('',#3707,#3708);
#3707 = CARTESIAN_POINT('',(2.44,-1.25,0.));
#3708 = VECTOR('',#3709,1.);
#3709 = DIRECTION('',(0.,1.,0.));
#3710 = PLANE('',#3711);
#3711 = AXIS2_PLACEMENT_3D('',#3712,#3713,#3714);
#3712 = CARTESIAN_POINT('',(1.9,-1.25,0.));
#3713 = DIRECTION('',(0.,0.,1.));
#3714 = DIRECTION('',(1.,0.,-0.));
#3715 = ADVANCED_FACE('',(#3716),#3727,.T.);
#3716 = FACE_BOUND('',#3717,.T.);
#3717 = EDGE_LOOP('',(#3718,#3719,#3720,#3721));
#3718 = ORIENTED_EDGE('',*,*,#3522,.T.);
#3719 = ORIENTED_EDGE('',*,*,#3705,.T.);
#3720 = ORIENTED_EDGE('',*,*,#3646,.F.);
#3721 = ORIENTED_EDGE('',*,*,#3722,.F.);
#3722 = EDGE_CURVE('',#3515,#3639,#3723,.T.);
#3723 = LINE('',#3724,#3725);
#3724 = CARTESIAN_POINT('',(2.5,-1.25,6.E-02));
#3725 = VECTOR('',#3726,1.);
#3726 = DIRECTION('',(0.,1.,0.));
#3727 = CYLINDRICAL_SURFACE('',#3728,6.E-02);
#3728 = AXIS2_PLACEMENT_3D('',#3729,#3730,#3731);
#3729 = CARTESIAN_POINT('',(2.44,-1.25,6.E-02));
#3730 = DIRECTION('',(0.,1.,0.));
#3731 = DIRECTION('',(1.,0.,0.));
#3732 = ADVANCED_FACE('',(#3733),#3744,.T.);
#3733 = FACE_BOUND('',#3734,.T.);
#3734 = EDGE_LOOP('',(#3735,#3736,#3737,#3738));
#3735 = ORIENTED_EDGE('',*,*,#3514,.F.);
#3736 = ORIENTED_EDGE('',*,*,#3722,.T.);
#3737 = ORIENTED_EDGE('',*,*,#3638,.T.);
#3738 = ORIENTED_EDGE('',*,*,#3739,.F.);
#3739 = EDGE_CURVE('',#3506,#3630,#3740,.T.);
#3740 = LINE('',#3741,#3742);
#3741 = CARTESIAN_POINT('',(2.5,-1.25,0.54));
#3742 = VECTOR('',#3743,1.);
#3743 = DIRECTION('',(0.,1.,0.));
#3744 = PLANE('',#3745);
#3745 = AXIS2_PLACEMENT_3D('',#3746,#3747,#3748);
#3746 = CARTESIAN_POINT('',(2.5,-1.25,0.));
#3747 = DIRECTION('',(1.,0.,0.));
#3748 = DIRECTION('',(0.,0.,1.));
#3749 = ADVANCED_FACE('',(#3750),#3761,.T.);
#3750 = FACE_BOUND('',#3751,.T.);
#3751 = EDGE_LOOP('',(#3752,#3753,#3754,#3760));
#3752 = ORIENTED_EDGE('',*,*,#3739,.T.);
#3753 = ORIENTED_EDGE('',*,*,#3629,.T.);
#3754 = ORIENTED_EDGE('',*,*,#3755,.F.);
#3755 = EDGE_CURVE('',#3498,#3622,#3756,.T.);
#3756 = LINE('',#3757,#3758);
#3757 = CARTESIAN_POINT('',(2.44,-1.25,0.6));
#3758 = VECTOR('',#3759,1.);
#3759 = DIRECTION('',(0.,1.,0.));
#3760 = ORIENTED_EDGE('',*,*,#3505,.F.);
#3761 = CYLINDRICAL_SURFACE('',#3762,6.E-02);
#3762 = AXIS2_PLACEMENT_3D('',#3763,#3764,#3765);
#3763 = CARTESIAN_POINT('',(2.44,-1.25,0.54));
#3764 = DIRECTION('',(0.,1.,0.));
#3765 = DIRECTION('',(1.,0.,0.));
#3766 = ADVANCED_FACE('',(#3767),#3778,.T.);
#3767 = FACE_BOUND('',#3768,.T.);
#3768 = EDGE_LOOP('',(#3769,#3770,#3776,#3777));
#3769 = ORIENTED_EDGE('',*,*,#3621,.F.);
#3770 = ORIENTED_EDGE('',*,*,#3771,.F.);
#3771 = EDGE_CURVE('',#3489,#3613,#3772,.T.);
#3772 = LINE('',#3773,#3774);
#3773 = CARTESIAN_POINT('',(1.96,-1.25,0.6));
#3774 = VECTOR('',#3775,1.);
#3775 = DIRECTION('',(0.,1.,0.));
#3776 = ORIENTED_EDGE('',*,*,#3497,.T.);
#3777 = ORIENTED_EDGE('',*,*,#3755,.T.);
#3778 = PLANE('',#3779);
#3779 = AXIS2_PLACEMENT_3D('',#3780,#3781,#3782);
#3780 = CARTESIAN_POINT('',(1.9,-1.25,0.6));
#3781 = DIRECTION('',(0.,0.,1.));
#3782 = DIRECTION('',(1.,0.,-0.));
#3783 = ADVANCED_FACE('',(#3784),#3795,.T.);
#3784 = FACE_BOUND('',#3785,.T.);
#3785 = EDGE_LOOP('',(#3786,#3787,#3788,#3789));
#3786 = ORIENTED_EDGE('',*,*,#3488,.T.);
#3787 = ORIENTED_EDGE('',*,*,#3771,.T.);
#3788 = ORIENTED_EDGE('',*,*,#3612,.F.);
#3789 = ORIENTED_EDGE('',*,*,#3790,.F.);
#3790 = EDGE_CURVE('',#3323,#3406,#3791,.T.);
#3791 = LINE('',#3792,#3793);
#3792 = CARTESIAN_POINT('',(1.9,-1.25,0.54));
#3793 = VECTOR('',#3794,1.);
#3794 = DIRECTION('',(0.,1.,0.));
#3795 = CYLINDRICAL_SURFACE('',#3796,6.E-02);
#3796 = AXIS2_PLACEMENT_3D('',#3797,#3798,#3799);
#3797 = CARTESIAN_POINT('',(1.96,-1.25,0.54));
#3798 = DIRECTION('',(0.,1.,0.));
#3799 = DIRECTION('',(-1.,0.,0.));
#3800 = ADVANCED_FACE('',(#3801),#3812,.T.);
#3801 = FACE_BOUND('',#3802,.T.);
#3802 = EDGE_LOOP('',(#3803,#3804,#3805,#3806));
#3803 = ORIENTED_EDGE('',*,*,#3554,.F.);
#3804 = ORIENTED_EDGE('',*,*,#3790,.T.);
#3805 = ORIENTED_EDGE('',*,*,#3671,.T.);
#3806 = ORIENTED_EDGE('',*,*,#3807,.F.);
#3807 = EDGE_CURVE('',#3547,#3664,#3808,.T.);
#3808 = LINE('',#3809,#3810);
#3809 = CARTESIAN_POINT('',(1.9,-1.25,0.6));
#3810 = VECTOR('',#3811,1.);
#3811 = DIRECTION('',(0.,1.,0.));
#3812 = PLANE('',#3813);
#3813 = AXIS2_PLACEMENT_3D('',#3814,#3815,#3816);
#3814 = CARTESIAN_POINT('',(1.9,-1.25,0.54));
#3815 = DIRECTION('',(1.,0.,0.));
#3816 = DIRECTION('',(0.,0.,1.));
#3817 = ADVANCED_FACE('',(#3818),#3824,.T.);
#3818 = FACE_BOUND('',#3819,.T.);
#3819 = EDGE_LOOP('',(#3820,#3821,#3822,#3823));
#3820 = ORIENTED_EDGE('',*,*,#3578,.F.);
#3821 = ORIENTED_EDGE('',*,*,#3546,.T.);
#3822 = ORIENTED_EDGE('',*,*,#3807,.T.);
#3823 = ORIENTED_EDGE('',*,*,#3663,.F.);
#3824 = PLANE('',#3825);
#3825 = AXIS2_PLACEMENT_3D('',#3826,#3827,#3828);
#3826 = CARTESIAN_POINT('',(-1.9,-1.25,0.6));
#3827 = DIRECTION('',(0.,0.,1.));
#3828 = DIRECTION('',(1.,0.,-0.));
#3829 = ( GEOMETRIC_REPRESENTATION_CONTEXT(3) 
GLOBAL_UNCERTAINTY_ASSIGNED_CONTEXT((#3833)) 
GLOBAL_UNIT_ASSIGNED_CONTEXT((#3830,#3831,#3832)) REPRESENTATION_CONTEXT
('Context #1','3D Context with UNIT and UNCERTAINTY') );
#3830 = ( LENGTH_UNIT() NAMED_UNIT(*) SI_UNIT(.MILLI.,.METRE.) );
#3831 = ( NAMED_UNIT(*) PLANE_ANGLE_UNIT() SI_UNIT($,.RADIAN.) );
#3832 = ( NAMED_UNIT(*) SI_UNIT($,.STERADIAN.) SOLID_ANGLE_UNIT() );
#3833 = UNCERTAINTY_MEASURE_WITH_UNIT(LENGTH_MEASURE(1.E-07),#3830,
  'distance_accuracy_value','confusion accuracy');
#3834 = CONTEXT_DEPENDENT_SHAPE_REPRESENTATION(#3835,#3837);
#3835 = ( REPRESENTATION_RELATIONSHIP('','',#3038,#10) 
REPRESENTATION_RELATIONSHIP_WITH_TRANSFORMATION(#3836) 
SHAPE_REPRESENTATION_RELATIONSHIP() );
#3836 = ITEM_DEFINED_TRANSFORMATION('','',#11,#31);
#3837 = PRODUCT_DEFINITION_SHAPE('Placement','Placement of an item',
  #3838);
#3838 = NEXT_ASSEMBLY_USAGE_OCCURRENCE('5','R9','',#5,#3033,$);
#3839 = PRODUCT_RELATED_PRODUCT_CATEGORY('part',$,(#3035));
#3840 = SHAPE_DEFINITION_REPRESENTATION(#3841,#3847);
#3841 = PRODUCT_DEFINITION_SHAPE('','',#3842);
#3842 = PRODUCT_DEFINITION('design','',#3843,#3846);
#3843 = PRODUCT_DEFINITION_FORMATION('','',#3844);
#3844 = PRODUCT('LED_0805_2012Metric','LED_0805_2012Metric','',(#3845));
#3845 = PRODUCT_CONTEXT('',#2,'mechanical');
#3846 = PRODUCT_DEFINITION_CONTEXT('part definition',#2,'design');
#3847 = ADVANCED_BREP_SHAPE_REPRESENTATION('',(#11,#3848),#5371);
#3848 = MANIFOLD_SOLID_BREP('',#3849);
#3849 = CLOSED_SHELL('',(#3850,#3890,#3937,#4016,#4040,#4080,#4111,#4128
    ,#4161,#4185,#4252,#4373,#4440,#4464,#4495,#4528,#4584,#4608,#4632,
    #4656,#4689,#4701,#4764,#4789,#4806,#4830,#4848,#4866,#4884,#4901,
    #4918,#4949,#4974,#4999,#5023,#5040,#5071,#5095,#5112,#5140,#5165,
    #5189,#5214,#5261,#5278,#5290,#5312,#5324,#5342,#5360));
#3850 = ADVANCED_FACE('',(#3851),#3885,.F.);
#3851 = FACE_BOUND('',#3852,.F.);
#3852 = EDGE_LOOP('',(#3853,#3863,#3871,#3879));
#3853 = ORIENTED_EDGE('',*,*,#3854,.T.);
#3854 = EDGE_CURVE('',#3855,#3857,#3859,.T.);
#3855 = VERTEX_POINT('',#3856);
#3856 = CARTESIAN_POINT('',(-0.65,-0.625,0.465));
#3857 = VERTEX_POINT('',#3858);
#3858 = CARTESIAN_POINT('',(-0.585,-0.625,1.1));
#3859 = LINE('',#3860,#3861);
#3860 = CARTESIAN_POINT('',(-0.65,-0.625,0.465));
#3861 = VECTOR('',#3862,1.);
#3862 = DIRECTION('',(0.101830105936,0.,0.994801804142));
#3863 = ORIENTED_EDGE('',*,*,#3864,.T.);
#3864 = EDGE_CURVE('',#3857,#3865,#3867,.T.);
#3865 = VERTEX_POINT('',#3866);
#3866 = CARTESIAN_POINT('',(0.585,-0.625,1.1));
#3867 = LINE('',#3868,#3869);
#3868 = CARTESIAN_POINT('',(-0.585,-0.625,1.1));
#3869 = VECTOR('',#3870,1.);
#3870 = DIRECTION('',(1.,0.,0.));
#3871 = ORIENTED_EDGE('',*,*,#3872,.T.);
#3872 = EDGE_CURVE('',#3865,#3873,#3875,.T.);
#3873 = VERTEX_POINT('',#3874);
#3874 = CARTESIAN_POINT('',(0.65,-0.625,0.465));
#3875 = LINE('',#3876,#3877);
#3876 = CARTESIAN_POINT('',(0.585,-0.625,1.1));
#3877 = VECTOR('',#3878,1.);
#3878 = DIRECTION('',(0.101830105936,0.,-0.994801804142));
#3879 = ORIENTED_EDGE('',*,*,#3880,.T.);
#3880 = EDGE_CURVE('',#3873,#3855,#3881,.T.);
#3881 = LINE('',#3882,#3883);
#3882 = CARTESIAN_POINT('',(0.65,-0.625,0.465));
#3883 = VECTOR('',#3884,1.);
#3884 = DIRECTION('',(-1.,0.,-4.270088556251E-17));
#3885 = PLANE('',#3886);
#3886 = AXIS2_PLACEMENT_3D('',#3887,#3888,#3889);
#3887 = CARTESIAN_POINT('',(1.481626402817E-17,-0.625,0.771483451357));
#3888 = DIRECTION('',(-5.57234551408E-33,1.,3.18580557984E-32));
#3889 = DIRECTION('',(0.,-3.18580557984E-32,1.));
#3890 = ADVANCED_FACE('',(#3891),#3932,.T.);
#3891 = FACE_BOUND('',#3892,.T.);
#3892 = EDGE_LOOP('',(#3893,#3903,#3911,#3917,#3918,#3926));
#3893 = ORIENTED_EDGE('',*,*,#3894,.T.);
#3894 = EDGE_CURVE('',#3895,#3897,#3899,.T.);
#3895 = VERTEX_POINT('',#3896);
#3896 = CARTESIAN_POINT('',(-0.65,0.625,0.465));
#3897 = VERTEX_POINT('',#3898);
#3898 = CARTESIAN_POINT('',(-0.65,0.46875,0.465));
#3899 = LINE('',#3900,#3901);
#3900 = CARTESIAN_POINT('',(-0.65,0.625,0.465));
#3901 = VECTOR('',#3902,1.);
#3902 = DIRECTION('',(0.,-1.,0.));
#3903 = ORIENTED_EDGE('',*,*,#3904,.F.);
#3904 = EDGE_CURVE('',#3905,#3897,#3907,.T.);
#3905 = VERTEX_POINT('',#3906);
#3906 = CARTESIAN_POINT('',(-0.65,-0.46875,0.465));
#3907 = LINE('',#3908,#3909);
#3908 = CARTESIAN_POINT('',(-0.65,-0.625,0.465));
#3909 = VECTOR('',#3910,1.);
#3910 = DIRECTION('',(0.,1.,0.));
#3911 = ORIENTED_EDGE('',*,*,#3912,.T.);
#3912 = EDGE_CURVE('',#3905,#3855,#3913,.T.);
#3913 = LINE('',#3914,#3915);
#3914 = CARTESIAN_POINT('',(-0.65,0.625,0.465));
#3915 = VECTOR('',#3916,1.);
#3916 = DIRECTION('',(0.,-1.,0.));
#3917 = ORIENTED_EDGE('',*,*,#3854,.T.);
#3918 = ORIENTED_EDGE('',*,*,#3919,.F.);
#3919 = EDGE_CURVE('',#3920,#3857,#3922,.T.);
#3920 = VERTEX_POINT('',#3921);
#3921 = CARTESIAN_POINT('',(-0.585,0.625,1.1));
#3922 = LINE('',#3923,#3924);
#3923 = CARTESIAN_POINT('',(-0.585,0.625,1.1));
#3924 = VECTOR('',#3925,1.);
#3925 = DIRECTION('',(0.,-1.,0.));
#3926 = ORIENTED_EDGE('',*,*,#3927,.F.);
#3927 = EDGE_CURVE('',#3895,#3920,#3928,.T.);
#3928 = LINE('',#3929,#3930);
#3929 = CARTESIAN_POINT('',(-0.65,0.625,0.465));
#3930 = VECTOR('',#3931,1.);
#3931 = DIRECTION('',(0.101830105936,0.,0.994801804142));
#3932 = PLANE('',#3933);
#3933 = AXIS2_PLACEMENT_3D('',#3934,#3935,#3936);
#3934 = CARTESIAN_POINT('',(-0.65,0.625,0.465));
#3935 = DIRECTION('',(-0.994801804142,0.,0.101830105936));
#3936 = DIRECTION('',(0.101830105936,0.,0.994801804142));
#3937 = ADVANCED_FACE('',(#3938),#4011,.F.);
#3938 = FACE_BOUND('',#3939,.F.);
#3939 = EDGE_LOOP('',(#3940,#3950,#3958,#3966,#3972,#3973,#3981,#3989,
    #3997,#4005));
#3940 = ORIENTED_EDGE('',*,*,#3941,.F.);
#3941 = EDGE_CURVE('',#3942,#3944,#3946,.T.);
#3942 = VERTEX_POINT('',#3943);
#3943 = CARTESIAN_POINT('',(-0.965,-0.625,3.5E-02));
#3944 = VERTEX_POINT('',#3945);
#3945 = CARTESIAN_POINT('',(-0.9125,-0.625,3.5E-02));
#3946 = LINE('',#3947,#3948);
#3947 = CARTESIAN_POINT('',(-0.965,-0.625,3.5E-02));
#3948 = VECTOR('',#3949,1.);
#3949 = DIRECTION('',(1.,0.,0.));
#3950 = ORIENTED_EDGE('',*,*,#3951,.T.);
#3951 = EDGE_CURVE('',#3942,#3952,#3954,.T.);
#3952 = VERTEX_POINT('',#3953);
#3953 = CARTESIAN_POINT('',(-0.965,-0.625,0.465));
#3954 = LINE('',#3955,#3956);
#3955 = CARTESIAN_POINT('',(-0.965,-0.625,3.5E-02));
#3956 = VECTOR('',#3957,1.);
#3957 = DIRECTION('',(0.,0.,1.));
#3958 = ORIENTED_EDGE('',*,*,#3959,.T.);
#3959 = EDGE_CURVE('',#3952,#3960,#3962,.T.);
#3960 = VERTEX_POINT('',#3961);
#3961 = CARTESIAN_POINT('',(-0.9125,-0.625,0.465));
#3962 = LINE('',#3963,#3964);
#3963 = CARTESIAN_POINT('',(-0.965,-0.625,0.465));
#3964 = VECTOR('',#3965,1.);
#3965 = DIRECTION('',(1.,0.,0.));
#3966 = ORIENTED_EDGE('',*,*,#3967,.T.);
#3967 = EDGE_CURVE('',#3960,#3855,#3968,.T.);
#3968 = LINE('',#3969,#3970);
#3969 = CARTESIAN_POINT('',(-0.965,-0.625,0.465));
#3970 = VECTOR('',#3971,1.);
#3971 = DIRECTION('',(1.,0.,0.));
#3972 = ORIENTED_EDGE('',*,*,#3880,.F.);
#3973 = ORIENTED_EDGE('',*,*,#3974,.T.);
#3974 = EDGE_CURVE('',#3873,#3975,#3977,.T.);
#3975 = VERTEX_POINT('',#3976);
#3976 = CARTESIAN_POINT('',(0.9125,-0.625,0.465));
#3977 = LINE('',#3978,#3979);
#3978 = CARTESIAN_POINT('',(-0.965,-0.625,0.465));
#3979 = VECTOR('',#3980,1.);
#3980 = DIRECTION('',(1.,0.,0.));
#3981 = ORIENTED_EDGE('',*,*,#3982,.T.);
#3982 = EDGE_CURVE('',#3975,#3983,#3985,.T.);
#3983 = VERTEX_POINT('',#3984);
#3984 = CARTESIAN_POINT('',(0.965,-0.625,0.465));
#3985 = LINE('',#3986,#3987);
#3986 = CARTESIAN_POINT('',(-0.965,-0.625,0.465));
#3987 = VECTOR('',#3988,1.);
#3988 = DIRECTION('',(1.,0.,0.));
#3989 = ORIENTED_EDGE('',*,*,#3990,.F.);
#3990 = EDGE_CURVE('',#3991,#3983,#3993,.T.);
#3991 = VERTEX_POINT('',#3992);
#3992 = CARTESIAN_POINT('',(0.965,-0.625,3.5E-02));
#3993 = LINE('',#3994,#3995);
#3994 = CARTESIAN_POINT('',(0.965,-0.625,3.5E-02));
#3995 = VECTOR('',#3996,1.);
#3996 = DIRECTION('',(0.,0.,1.));
#3997 = ORIENTED_EDGE('',*,*,#3998,.F.);
#3998 = EDGE_CURVE('',#3999,#3991,#4001,.T.);
#3999 = VERTEX_POINT('',#4000);
#4000 = CARTESIAN_POINT('',(0.9125,-0.625,3.5E-02));
#4001 = LINE('',#4002,#4003);
#4002 = CARTESIAN_POINT('',(-0.965,-0.625,3.5E-02));
#4003 = VECTOR('',#4004,1.);
#4004 = DIRECTION('',(1.,0.,0.));
#4005 = ORIENTED_EDGE('',*,*,#4006,.F.);
#4006 = EDGE_CURVE('',#3944,#3999,#4007,.T.);
#4007 = LINE('',#4008,#4009);
#4008 = CARTESIAN_POINT('',(-0.965,-0.625,3.5E-02));
#4009 = VECTOR('',#4010,1.);
#4010 = DIRECTION('',(1.,0.,0.));
#4011 = PLANE('',#4012);
#4012 = AXIS2_PLACEMENT_3D('',#4013,#4014,#4015);
#4013 = CARTESIAN_POINT('',(-0.965,-0.625,3.5E-02));
#4014 = DIRECTION('',(0.,1.,0.));
#4015 = DIRECTION('',(0.,-0.,1.));
#4016 = ADVANCED_FACE('',(#4017),#4035,.T.);
#4017 = FACE_BOUND('',#4018,.T.);
#4018 = EDGE_LOOP('',(#4019,#4020,#4021,#4029));
#4019 = ORIENTED_EDGE('',*,*,#3919,.T.);
#4020 = ORIENTED_EDGE('',*,*,#3864,.T.);
#4021 = ORIENTED_EDGE('',*,*,#4022,.F.);
#4022 = EDGE_CURVE('',#4023,#3865,#4025,.T.);
#4023 = VERTEX_POINT('',#4024);
#4024 = CARTESIAN_POINT('',(0.585,0.625,1.1));
#4025 = LINE('',#4026,#4027);
#4026 = CARTESIAN_POINT('',(0.585,0.625,1.1));
#4027 = VECTOR('',#4028,1.);
#4028 = DIRECTION('',(0.,-1.,0.));
#4029 = ORIENTED_EDGE('',*,*,#4030,.F.);
#4030 = EDGE_CURVE('',#3920,#4023,#4031,.T.);
#4031 = LINE('',#4032,#4033);
#4032 = CARTESIAN_POINT('',(-0.585,0.625,1.1));
#4033 = VECTOR('',#4034,1.);
#4034 = DIRECTION('',(1.,0.,0.));
#4035 = PLANE('',#4036);
#4036 = AXIS2_PLACEMENT_3D('',#4037,#4038,#4039);
#4037 = CARTESIAN_POINT('',(-0.585,0.625,1.1));
#4038 = DIRECTION('',(0.,0.,1.));
#4039 = DIRECTION('',(1.,0.,-0.));
#4040 = ADVANCED_FACE('',(#4041),#4075,.T.);
#4041 = FACE_BOUND('',#4042,.T.);
#4042 = EDGE_LOOP('',(#4043,#4044,#4045,#4053,#4061,#4069));
#4043 = ORIENTED_EDGE('',*,*,#4022,.T.);
#4044 = ORIENTED_EDGE('',*,*,#3872,.T.);
#4045 = ORIENTED_EDGE('',*,*,#4046,.F.);
#4046 = EDGE_CURVE('',#4047,#3873,#4049,.T.);
#4047 = VERTEX_POINT('',#4048);
#4048 = CARTESIAN_POINT('',(0.65,-0.46875,0.465));
#4049 = LINE('',#4050,#4051);
#4050 = CARTESIAN_POINT('',(0.65,0.625,0.465));
#4051 = VECTOR('',#4052,1.);
#4052 = DIRECTION('',(0.,-1.,0.));
#4053 = ORIENTED_EDGE('',*,*,#4054,.F.);
#4054 = EDGE_CURVE('',#4055,#4047,#4057,.T.);
#4055 = VERTEX_POINT('',#4056);
#4056 = CARTESIAN_POINT('',(0.65,0.46875,0.465));
#4057 = LINE('',#4058,#4059);
#4058 = CARTESIAN_POINT('',(0.65,0.625,0.465));
#4059 = VECTOR('',#4060,1.);
#4060 = DIRECTION('',(0.,-1.,0.));
#4061 = ORIENTED_EDGE('',*,*,#4062,.F.);
#4062 = EDGE_CURVE('',#4063,#4055,#4065,.T.);
#4063 = VERTEX_POINT('',#4064);
#4064 = CARTESIAN_POINT('',(0.65,0.625,0.465));
#4065 = LINE('',#4066,#4067);
#4066 = CARTESIAN_POINT('',(0.65,0.625,0.465));
#4067 = VECTOR('',#4068,1.);
#4068 = DIRECTION('',(0.,-1.,0.));
#4069 = ORIENTED_EDGE('',*,*,#4070,.F.);
#4070 = EDGE_CURVE('',#4023,#4063,#4071,.T.);
#4071 = LINE('',#4072,#4073);
#4072 = CARTESIAN_POINT('',(0.585,0.625,1.1));
#4073 = VECTOR('',#4074,1.);
#4074 = DIRECTION('',(0.101830105936,0.,-0.994801804142));
#4075 = PLANE('',#4076);
#4076 = AXIS2_PLACEMENT_3D('',#4077,#4078,#4079);
#4077 = CARTESIAN_POINT('',(0.585,0.625,1.1));
#4078 = DIRECTION('',(0.994801804142,0.,0.101830105936));
#4079 = DIRECTION('',(0.101830105936,0.,-0.994801804142));
#4080 = ADVANCED_FACE('',(#4081),#4106,.T.);
#4081 = FACE_BOUND('',#4082,.T.);
#4082 = EDGE_LOOP('',(#4083,#4091,#4099,#4105));
#4083 = ORIENTED_EDGE('',*,*,#4084,.F.);
#4084 = EDGE_CURVE('',#4085,#3895,#4087,.T.);
#4085 = VERTEX_POINT('',#4086);
#4086 = CARTESIAN_POINT('',(-0.9125,0.625,0.465));
#4087 = LINE('',#4088,#4089);
#4088 = CARTESIAN_POINT('',(-0.965,0.625,0.465));
#4089 = VECTOR('',#4090,1.);
#4090 = DIRECTION('',(1.,0.,0.));
#4091 = ORIENTED_EDGE('',*,*,#4092,.F.);
#4092 = EDGE_CURVE('',#4093,#4085,#4095,.T.);
#4093 = VERTEX_POINT('',#4094);
#4094 = CARTESIAN_POINT('',(-0.9125,0.46875,0.465));
#4095 = LINE('',#4096,#4097);
#4096 = CARTESIAN_POINT('',(-0.9125,7.8125E-02,0.465));
#4097 = VECTOR('',#4098,1.);
#4098 = DIRECTION('',(0.,1.,0.));
#4099 = ORIENTED_EDGE('',*,*,#4100,.F.);
#4100 = EDGE_CURVE('',#3897,#4093,#4101,.T.);
#4101 = LINE('',#4102,#4103);
#4102 = CARTESIAN_POINT('',(-0.93875,0.46875,0.465));
#4103 = VECTOR('',#4104,1.);
#4104 = DIRECTION('',(-1.,0.,0.));
#4105 = ORIENTED_EDGE('',*,*,#3894,.F.);
#4106 = PLANE('',#4107);
#4107 = AXIS2_PLACEMENT_3D('',#4108,#4109,#4110);
#4108 = CARTESIAN_POINT('',(-0.965,-0.625,0.465));
#4109 = DIRECTION('',(0.,0.,1.));
#4110 = DIRECTION('',(1.,0.,-0.));
#4111 = ADVANCED_FACE('',(#4112),#4123,.T.);
#4112 = FACE_BOUND('',#4113,.T.);
#4113 = EDGE_LOOP('',(#4114,#4115,#4116,#4117));
#4114 = ORIENTED_EDGE('',*,*,#3927,.T.);
#4115 = ORIENTED_EDGE('',*,*,#4030,.T.);
#4116 = ORIENTED_EDGE('',*,*,#4070,.T.);
#4117 = ORIENTED_EDGE('',*,*,#4118,.T.);
#4118 = EDGE_CURVE('',#4063,#3895,#4119,.T.);
#4119 = LINE('',#4120,#4121);
#4120 = CARTESIAN_POINT('',(0.65,0.625,0.465));
#4121 = VECTOR('',#4122,1.);
#4122 = DIRECTION('',(-1.,0.,-4.270088556251E-17));
#4123 = PLANE('',#4124);
#4124 = AXIS2_PLACEMENT_3D('',#4125,#4126,#4127);
#4125 = CARTESIAN_POINT('',(1.481626402817E-17,0.625,0.771483451357));
#4126 = DIRECTION('',(-5.57234551408E-33,1.,3.18580557984E-32));
#4127 = DIRECTION('',(0.,-3.18580557984E-32,1.));
#4128 = ADVANCED_FACE('',(#4129),#4156,.T.);
#4129 = FACE_BOUND('',#4130,.T.);
#4130 = EDGE_LOOP('',(#4131,#4140,#4148,#4155));
#4131 = ORIENTED_EDGE('',*,*,#4132,.F.);
#4132 = EDGE_CURVE('',#4133,#3897,#4135,.T.);
#4133 = VERTEX_POINT('',#4134);
#4134 = CARTESIAN_POINT('',(-0.685,0.46875,0.5));
#4135 = CIRCLE('',#4136,3.5E-02);
#4136 = AXIS2_PLACEMENT_3D('',#4137,#4138,#4139);
#4137 = CARTESIAN_POINT('',(-0.685,0.46875,0.465));
#4138 = DIRECTION('',(-0.,1.,0.));
#4139 = DIRECTION('',(1.,0.,0.));
#4140 = ORIENTED_EDGE('',*,*,#4141,.F.);
#4141 = EDGE_CURVE('',#4142,#4133,#4144,.T.);
#4142 = VERTEX_POINT('',#4143);
#4143 = CARTESIAN_POINT('',(-0.685,-0.46875,0.5));
#4144 = LINE('',#4145,#4146);
#4145 = CARTESIAN_POINT('',(-0.685,-0.625,0.5));
#4146 = VECTOR('',#4147,1.);
#4147 = DIRECTION('',(0.,1.,0.));
#4148 = ORIENTED_EDGE('',*,*,#4149,.T.);
#4149 = EDGE_CURVE('',#4142,#3905,#4150,.T.);
#4150 = CIRCLE('',#4151,3.5E-02);
#4151 = AXIS2_PLACEMENT_3D('',#4152,#4153,#4154);
#4152 = CARTESIAN_POINT('',(-0.685,-0.46875,0.465));
#4153 = DIRECTION('',(-0.,1.,0.));
#4154 = DIRECTION('',(1.,0.,0.));
#4155 = ORIENTED_EDGE('',*,*,#3904,.T.);
#4156 = CYLINDRICAL_SURFACE('',#4157,3.5E-02);
#4157 = AXIS2_PLACEMENT_3D('',#4158,#4159,#4160);
#4158 = CARTESIAN_POINT('',(-0.685,-0.625,0.465));
#4159 = DIRECTION('',(0.,1.,0.));
#4160 = DIRECTION('',(1.,0.,0.));
#4161 = ADVANCED_FACE('',(#4162),#4180,.T.);
#4162 = FACE_BOUND('',#4163,.T.);
#4163 = EDGE_LOOP('',(#4164,#4172,#4173,#4174));
#4164 = ORIENTED_EDGE('',*,*,#4165,.F.);
#4165 = EDGE_CURVE('',#3960,#4166,#4168,.T.);
#4166 = VERTEX_POINT('',#4167);
#4167 = CARTESIAN_POINT('',(-0.9125,-0.46875,0.465));
#4168 = LINE('',#4169,#4170);
#4169 = CARTESIAN_POINT('',(-0.9125,-0.546875,0.465));
#4170 = VECTOR('',#4171,1.);
#4171 = DIRECTION('',(0.,1.,0.));
#4172 = ORIENTED_EDGE('',*,*,#3967,.T.);
#4173 = ORIENTED_EDGE('',*,*,#3912,.F.);
#4174 = ORIENTED_EDGE('',*,*,#4175,.F.);
#4175 = EDGE_CURVE('',#4166,#3905,#4176,.T.);
#4176 = LINE('',#4177,#4178);
#4177 = CARTESIAN_POINT('',(-2.625E-02,-0.46875,0.465));
#4178 = VECTOR('',#4179,1.);
#4179 = DIRECTION('',(1.,0.,0.));
#4180 = PLANE('',#4181);
#4181 = AXIS2_PLACEMENT_3D('',#4182,#4183,#4184);
#4182 = CARTESIAN_POINT('',(-0.965,-0.625,0.465));
#4183 = DIRECTION('',(0.,0.,1.));
#4184 = DIRECTION('',(1.,0.,-0.));
#4185 = ADVANCED_FACE('',(#4186),#4247,.F.);
#4186 = FACE_BOUND('',#4187,.F.);
#4187 = EDGE_LOOP('',(#4188,#4198,#4207,#4215,#4224,#4232,#4238,#4239,
    #4240,#4241));
#4188 = ORIENTED_EDGE('',*,*,#4189,.F.);
#4189 = EDGE_CURVE('',#4190,#4192,#4194,.T.);
#4190 = VERTEX_POINT('',#4191);
#4191 = CARTESIAN_POINT('',(-0.965,-0.625,-6.938893903907E-18));
#4192 = VERTEX_POINT('',#4193);
#4193 = CARTESIAN_POINT('',(-0.9125,-0.625,0.));
#4194 = LINE('',#4195,#4196);
#4195 = CARTESIAN_POINT('',(-1.,-0.625,0.));
#4196 = VECTOR('',#4197,1.);
#4197 = DIRECTION('',(1.,0.,0.));
#4198 = ORIENTED_EDGE('',*,*,#4199,.F.);
#4199 = EDGE_CURVE('',#4200,#4190,#4202,.T.);
#4200 = VERTEX_POINT('',#4201);
#4201 = CARTESIAN_POINT('',(-1.,-0.625,3.5E-02));
#4202 = CIRCLE('',#4203,3.5E-02);
#4203 = AXIS2_PLACEMENT_3D('',#4204,#4205,#4206);
#4204 = CARTESIAN_POINT('',(-0.965,-0.625,3.5E-02));
#4205 = DIRECTION('',(0.,-1.,0.));
#4206 = DIRECTION('',(0.,0.,1.));
#4207 = ORIENTED_EDGE('',*,*,#4208,.T.);
#4208 = EDGE_CURVE('',#4200,#4209,#4211,.T.);
#4209 = VERTEX_POINT('',#4210);
#4210 = CARTESIAN_POINT('',(-1.,-0.625,0.465));
#4211 = LINE('',#4212,#4213);
#4212 = CARTESIAN_POINT('',(-1.,-0.625,0.));
#4213 = VECTOR('',#4214,1.);
#4214 = DIRECTION('',(0.,0.,1.));
#4215 = ORIENTED_EDGE('',*,*,#4216,.T.);
#4216 = EDGE_CURVE('',#4209,#4217,#4219,.T.);
#4217 = VERTEX_POINT('',#4218);
#4218 = CARTESIAN_POINT('',(-0.965,-0.625,0.5));
#4219 = CIRCLE('',#4220,3.5E-02);
#4220 = AXIS2_PLACEMENT_3D('',#4221,#4222,#4223);
#4221 = CARTESIAN_POINT('',(-0.965,-0.625,0.465));
#4222 = DIRECTION('',(0.,1.,0.));
#4223 = DIRECTION('',(0.,-0.,1.));
#4224 = ORIENTED_EDGE('',*,*,#4225,.T.);
#4225 = EDGE_CURVE('',#4217,#4226,#4228,.T.);
#4226 = VERTEX_POINT('',#4227);
#4227 = CARTESIAN_POINT('',(-0.9125,-0.625,0.5));
#4228 = LINE('',#4229,#4230);
#4229 = CARTESIAN_POINT('',(-1.,-0.625,0.5));
#4230 = VECTOR('',#4231,1.);
#4231 = DIRECTION('',(1.,0.,0.));
#4232 = ORIENTED_EDGE('',*,*,#4233,.F.);
#4233 = EDGE_CURVE('',#3960,#4226,#4234,.T.);
#4234 = LINE('',#4235,#4236);
#4235 = CARTESIAN_POINT('',(-0.9125,-0.625,0.375));
#4236 = VECTOR('',#4237,1.);
#4237 = DIRECTION('',(0.,0.,1.));
#4238 = ORIENTED_EDGE('',*,*,#3959,.F.);
#4239 = ORIENTED_EDGE('',*,*,#3951,.F.);
#4240 = ORIENTED_EDGE('',*,*,#3941,.T.);
#4241 = ORIENTED_EDGE('',*,*,#4242,.F.);
#4242 = EDGE_CURVE('',#4192,#3944,#4243,.T.);
#4243 = LINE('',#4244,#4245);
#4244 = CARTESIAN_POINT('',(-0.9125,-0.625,0.375));
#4245 = VECTOR('',#4246,1.);
#4246 = DIRECTION('',(0.,0.,1.));
#4247 = PLANE('',#4248);
#4248 = AXIS2_PLACEMENT_3D('',#4249,#4250,#4251);
#4249 = CARTESIAN_POINT('',(-1.,-0.625,0.));
#4250 = DIRECTION('',(0.,1.,0.));
#4251 = DIRECTION('',(0.,-0.,1.));
#4252 = ADVANCED_FACE('',(#4253,#4342),#4368,.F.);
#4253 = FACE_BOUND('',#4254,.F.);
#4254 = EDGE_LOOP('',(#4255,#4263,#4264,#4272,#4280,#4288,#4296,#4304,
    #4312,#4320,#4328,#4336));
#4255 = ORIENTED_EDGE('',*,*,#4256,.F.);
#4256 = EDGE_CURVE('',#3944,#4257,#4259,.T.);
#4257 = VERTEX_POINT('',#4258);
#4258 = CARTESIAN_POINT('',(-0.9125,-0.46875,3.5E-02));
#4259 = LINE('',#4260,#4261);
#4260 = CARTESIAN_POINT('',(-0.9125,-0.546875,3.5E-02));
#4261 = VECTOR('',#4262,1.);
#4262 = DIRECTION('',(0.,1.,0.));
#4263 = ORIENTED_EDGE('',*,*,#4006,.T.);
#4264 = ORIENTED_EDGE('',*,*,#4265,.F.);
#4265 = EDGE_CURVE('',#4266,#3999,#4268,.T.);
#4266 = VERTEX_POINT('',#4267);
#4267 = CARTESIAN_POINT('',(0.9125,-0.46875,3.5E-02));
#4268 = LINE('',#4269,#4270);
#4269 = CARTESIAN_POINT('',(0.9125,-0.703125,3.5E-02));
#4270 = VECTOR('',#4271,1.);
#4271 = DIRECTION('',(0.,-1.,0.));
#4272 = ORIENTED_EDGE('',*,*,#4273,.F.);
#4273 = EDGE_CURVE('',#4274,#4266,#4276,.T.);
#4274 = VERTEX_POINT('',#4275);
#4275 = CARTESIAN_POINT('',(0.65,-0.46875,3.5E-02));
#4276 = LINE('',#4277,#4278);
#4277 = CARTESIAN_POINT('',(-2.625E-02,-0.46875,3.5E-02));
#4278 = VECTOR('',#4279,1.);
#4279 = DIRECTION('',(1.,0.,0.));
#4280 = ORIENTED_EDGE('',*,*,#4281,.T.);
#4281 = EDGE_CURVE('',#4274,#4282,#4284,.T.);
#4282 = VERTEX_POINT('',#4283);
#4283 = CARTESIAN_POINT('',(0.65,0.46875,3.5E-02));
#4284 = LINE('',#4285,#4286);
#4285 = CARTESIAN_POINT('',(0.65,-0.625,3.5E-02));
#4286 = VECTOR('',#4287,1.);
#4287 = DIRECTION('',(0.,1.,0.));
#4288 = ORIENTED_EDGE('',*,*,#4289,.F.);
#4289 = EDGE_CURVE('',#4290,#4282,#4292,.T.);
#4290 = VERTEX_POINT('',#4291);
#4291 = CARTESIAN_POINT('',(0.9125,0.46875,3.5E-02));
#4292 = LINE('',#4293,#4294);
#4293 = CARTESIAN_POINT('',(-0.93875,0.46875,3.5E-02));
#4294 = VECTOR('',#4295,1.);
#4295 = DIRECTION('',(-1.,0.,0.));
#4296 = ORIENTED_EDGE('',*,*,#4297,.F.);
#4297 = EDGE_CURVE('',#4298,#4290,#4300,.T.);
#4298 = VERTEX_POINT('',#4299);
#4299 = CARTESIAN_POINT('',(0.9125,0.625,3.5E-02));
#4300 = LINE('',#4301,#4302);
#4301 = CARTESIAN_POINT('',(0.9125,-7.8125E-02,3.5E-02));
#4302 = VECTOR('',#4303,1.);
#4303 = DIRECTION('',(0.,-1.,0.));
#4304 = ORIENTED_EDGE('',*,*,#4305,.F.);
#4305 = EDGE_CURVE('',#4306,#4298,#4308,.T.);
#4306 = VERTEX_POINT('',#4307);
#4307 = CARTESIAN_POINT('',(-0.9125,0.625,3.5E-02));
#4308 = LINE('',#4309,#4310);
#4309 = CARTESIAN_POINT('',(-0.965,0.625,3.5E-02));
#4310 = VECTOR('',#4311,1.);
#4311 = DIRECTION('',(1.,0.,0.));
#4312 = ORIENTED_EDGE('',*,*,#4313,.F.);
#4313 = EDGE_CURVE('',#4314,#4306,#4316,.T.);
#4314 = VERTEX_POINT('',#4315);
#4315 = CARTESIAN_POINT('',(-0.9125,0.46875,3.5E-02));
#4316 = LINE('',#4317,#4318);
#4317 = CARTESIAN_POINT('',(-0.9125,7.8125E-02,3.5E-02));
#4318 = VECTOR('',#4319,1.);
#4319 = DIRECTION('',(0.,1.,0.));
#4320 = ORIENTED_EDGE('',*,*,#4321,.F.);
#4321 = EDGE_CURVE('',#4322,#4314,#4324,.T.);
#4322 = VERTEX_POINT('',#4323);
#4323 = CARTESIAN_POINT('',(-0.65,0.46875,3.5E-02));
#4324 = LINE('',#4325,#4326);
#4325 = CARTESIAN_POINT('',(-0.93875,0.46875,3.5E-02));
#4326 = VECTOR('',#4327,1.);
#4327 = DIRECTION('',(-1.,0.,0.));
#4328 = ORIENTED_EDGE('',*,*,#4329,.F.);
#4329 = EDGE_CURVE('',#4330,#4322,#4332,.T.);
#4330 = VERTEX_POINT('',#4331);
#4331 = CARTESIAN_POINT('',(-0.65,-0.46875,3.5E-02));
#4332 = LINE('',#4333,#4334);
#4333 = CARTESIAN_POINT('',(-0.65,-0.625,3.5E-02));
#4334 = VECTOR('',#4335,1.);
#4335 = DIRECTION('',(0.,1.,0.));
#4336 = ORIENTED_EDGE('',*,*,#4337,.F.);
#4337 = EDGE_CURVE('',#4257,#4330,#4338,.T.);
#4338 = LINE('',#4339,#4340);
#4339 = CARTESIAN_POINT('',(-2.625E-02,-0.46875,3.5E-02));
#4340 = VECTOR('',#4341,1.);
#4341 = DIRECTION('',(1.,0.,0.));
#4342 = FACE_BOUND('',#4343,.F.);
#4343 = EDGE_LOOP('',(#4344,#4354,#4362));
#4344 = ORIENTED_EDGE('',*,*,#4345,.T.);
#4345 = EDGE_CURVE('',#4346,#4348,#4350,.T.);
#4346 = VERTEX_POINT('',#4347);
#4347 = CARTESIAN_POINT('',(0.433012701892,0.5,3.5E-02));
#4348 = VERTEX_POINT('',#4349);
#4349 = CARTESIAN_POINT('',(0.433012701892,-0.5,3.5E-02));
#4350 = LINE('',#4351,#4352);
#4351 = CARTESIAN_POINT('',(0.433012701892,0.5,3.5E-02));
#4352 = VECTOR('',#4353,1.);
#4353 = DIRECTION('',(0.,-1.,0.));
#4354 = ORIENTED_EDGE('',*,*,#4355,.T.);
#4355 = EDGE_CURVE('',#4348,#4356,#4358,.T.);
#4356 = VERTEX_POINT('',#4357);
#4357 = CARTESIAN_POINT('',(-0.433012701892,0.,3.5E-02));
#4358 = LINE('',#4359,#4360);
#4359 = CARTESIAN_POINT('',(0.433012701892,-0.5,3.5E-02));
#4360 = VECTOR('',#4361,1.);
#4361 = DIRECTION('',(-0.866025403784,0.5,0.));
#4362 = ORIENTED_EDGE('',*,*,#4363,.T.);
#4363 = EDGE_CURVE('',#4356,#4346,#4364,.T.);
#4364 = LINE('',#4365,#4366);
#4365 = CARTESIAN_POINT('',(-0.433012701892,0.,3.5E-02));
#4366 = VECTOR('',#4367,1.);
#4367 = DIRECTION('',(0.866025403784,0.5,0.));
#4368 = PLANE('',#4369);
#4369 = AXIS2_PLACEMENT_3D('',#4370,#4371,#4372);
#4370 = CARTESIAN_POINT('',(-0.965,-0.625,3.5E-02));
#4371 = DIRECTION('',(0.,0.,1.));
#4372 = DIRECTION('',(1.,0.,-0.));
#4373 = ADVANCED_FACE('',(#4374),#4435,.F.);
#4374 = FACE_BOUND('',#4375,.F.);
#4375 = EDGE_LOOP('',(#4376,#4386,#4392,#4393,#4394,#4395,#4403,#4411,
    #4420,#4428));
#4376 = ORIENTED_EDGE('',*,*,#4377,.F.);
#4377 = EDGE_CURVE('',#4378,#4380,#4382,.T.);
#4378 = VERTEX_POINT('',#4379);
#4379 = CARTESIAN_POINT('',(0.9125,-0.625,0.));
#4380 = VERTEX_POINT('',#4381);
#4381 = CARTESIAN_POINT('',(0.965,-0.625,-6.938893903907E-18));
#4382 = LINE('',#4383,#4384);
#4383 = CARTESIAN_POINT('',(0.65,-0.625,0.));
#4384 = VECTOR('',#4385,1.);
#4385 = DIRECTION('',(1.,0.,0.));
#4386 = ORIENTED_EDGE('',*,*,#4387,.F.);
#4387 = EDGE_CURVE('',#3999,#4378,#4388,.T.);
#4388 = LINE('',#4389,#4390);
#4389 = CARTESIAN_POINT('',(0.9125,-0.625,0.375));
#4390 = VECTOR('',#4391,1.);
#4391 = DIRECTION('',(0.,0.,-1.));
#4392 = ORIENTED_EDGE('',*,*,#3998,.T.);
#4393 = ORIENTED_EDGE('',*,*,#3990,.T.);
#4394 = ORIENTED_EDGE('',*,*,#3982,.F.);
#4395 = ORIENTED_EDGE('',*,*,#4396,.F.);
#4396 = EDGE_CURVE('',#4397,#3975,#4399,.T.);
#4397 = VERTEX_POINT('',#4398);
#4398 = CARTESIAN_POINT('',(0.9125,-0.625,0.5));
#4399 = LINE('',#4400,#4401);
#4400 = CARTESIAN_POINT('',(0.9125,-0.625,0.375));
#4401 = VECTOR('',#4402,1.);
#4402 = DIRECTION('',(0.,0.,-1.));
#4403 = ORIENTED_EDGE('',*,*,#4404,.T.);
#4404 = EDGE_CURVE('',#4397,#4405,#4407,.T.);
#4405 = VERTEX_POINT('',#4406);
#4406 = CARTESIAN_POINT('',(0.965,-0.625,0.5));
#4407 = LINE('',#4408,#4409);
#4408 = CARTESIAN_POINT('',(0.65,-0.625,0.5));
#4409 = VECTOR('',#4410,1.);
#4410 = DIRECTION('',(1.,0.,0.));
#4411 = ORIENTED_EDGE('',*,*,#4412,.F.);
#4412 = EDGE_CURVE('',#4413,#4405,#4415,.T.);
#4413 = VERTEX_POINT('',#4414);
#4414 = CARTESIAN_POINT('',(1.,-0.625,0.465));
#4415 = CIRCLE('',#4416,3.5E-02);
#4416 = AXIS2_PLACEMENT_3D('',#4417,#4418,#4419);
#4417 = CARTESIAN_POINT('',(0.965,-0.625,0.465));
#4418 = DIRECTION('',(0.,-1.,0.));
#4419 = DIRECTION('',(0.,0.,1.));
#4420 = ORIENTED_EDGE('',*,*,#4421,.F.);
#4421 = EDGE_CURVE('',#4422,#4413,#4424,.T.);
#4422 = VERTEX_POINT('',#4423);
#4423 = CARTESIAN_POINT('',(1.,-0.625,3.5E-02));
#4424 = LINE('',#4425,#4426);
#4425 = CARTESIAN_POINT('',(1.,-0.625,0.));
#4426 = VECTOR('',#4427,1.);
#4427 = DIRECTION('',(0.,0.,1.));
#4428 = ORIENTED_EDGE('',*,*,#4429,.T.);
#4429 = EDGE_CURVE('',#4422,#4380,#4430,.T.);
#4430 = CIRCLE('',#4431,3.5E-02);
#4431 = AXIS2_PLACEMENT_3D('',#4432,#4433,#4434);
#4432 = CARTESIAN_POINT('',(0.965,-0.625,3.5E-02));
#4433 = DIRECTION('',(0.,1.,0.));
#4434 = DIRECTION('',(0.,-0.,1.));
#4435 = PLANE('',#4436);
#4436 = AXIS2_PLACEMENT_3D('',#4437,#4438,#4439);
#4437 = CARTESIAN_POINT('',(0.65,-0.625,0.));
#4438 = DIRECTION('',(0.,1.,0.));
#4439 = DIRECTION('',(0.,-0.,1.));
#4440 = ADVANCED_FACE('',(#4441),#4459,.T.);
#4441 = FACE_BOUND('',#4442,.T.);
#4442 = EDGE_LOOP('',(#4443,#4451,#4452,#4453));
#4443 = ORIENTED_EDGE('',*,*,#4444,.F.);
#4444 = EDGE_CURVE('',#4047,#4445,#4447,.T.);
#4445 = VERTEX_POINT('',#4446);
#4446 = CARTESIAN_POINT('',(0.9125,-0.46875,0.465));
#4447 = LINE('',#4448,#4449);
#4448 = CARTESIAN_POINT('',(-2.625E-02,-0.46875,0.465));
#4449 = VECTOR('',#4450,1.);
#4450 = DIRECTION('',(1.,0.,0.));
#4451 = ORIENTED_EDGE('',*,*,#4046,.T.);
#4452 = ORIENTED_EDGE('',*,*,#3974,.T.);
#4453 = ORIENTED_EDGE('',*,*,#4454,.F.);
#4454 = EDGE_CURVE('',#4445,#3975,#4455,.T.);
#4455 = LINE('',#4456,#4457);
#4456 = CARTESIAN_POINT('',(0.9125,-0.703125,0.465));
#4457 = VECTOR('',#4458,1.);
#4458 = DIRECTION('',(0.,-1.,0.));
#4459 = PLANE('',#4460);
#4460 = AXIS2_PLACEMENT_3D('',#4461,#4462,#4463);
#4461 = CARTESIAN_POINT('',(-0.965,-0.625,0.465));
#4462 = DIRECTION('',(0.,0.,1.));
#4463 = DIRECTION('',(1.,0.,-0.));
#4464 = ADVANCED_FACE('',(#4465),#4490,.T.);
#4465 = FACE_BOUND('',#4466,.T.);
#4466 = EDGE_LOOP('',(#4467,#4475,#4476,#4484));
#4467 = ORIENTED_EDGE('',*,*,#4468,.F.);
#4468 = EDGE_CURVE('',#4063,#4469,#4471,.T.);
#4469 = VERTEX_POINT('',#4470);
#4470 = CARTESIAN_POINT('',(0.9125,0.625,0.465));
#4471 = LINE('',#4472,#4473);
#4472 = CARTESIAN_POINT('',(-0.965,0.625,0.465));
#4473 = VECTOR('',#4474,1.);
#4474 = DIRECTION('',(1.,0.,0.));
#4475 = ORIENTED_EDGE('',*,*,#4062,.T.);
#4476 = ORIENTED_EDGE('',*,*,#4477,.F.);
#4477 = EDGE_CURVE('',#4478,#4055,#4480,.T.);
#4478 = VERTEX_POINT('',#4479);
#4479 = CARTESIAN_POINT('',(0.9125,0.46875,0.465));
#4480 = LINE('',#4481,#4482);
#4481 = CARTESIAN_POINT('',(-0.93875,0.46875,0.465));
#4482 = VECTOR('',#4483,1.);
#4483 = DIRECTION('',(-1.,0.,0.));
#4484 = ORIENTED_EDGE('',*,*,#4485,.F.);
#4485 = EDGE_CURVE('',#4469,#4478,#4486,.T.);
#4486 = LINE('',#4487,#4488);
#4487 = CARTESIAN_POINT('',(0.9125,-7.8125E-02,0.465));
#4488 = VECTOR('',#4489,1.);
#4489 = DIRECTION('',(0.,-1.,0.));
#4490 = PLANE('',#4491);
#4491 = AXIS2_PLACEMENT_3D('',#4492,#4493,#4494);
#4492 = CARTESIAN_POINT('',(-0.965,-0.625,0.465));
#4493 = DIRECTION('',(0.,0.,1.));
#4494 = DIRECTION('',(1.,0.,-0.));
#4495 = ADVANCED_FACE('',(#4496),#4523,.T.);
#4496 = FACE_BOUND('',#4497,.T.);
#4497 = EDGE_LOOP('',(#4498,#4499,#4508,#4516));
#4498 = ORIENTED_EDGE('',*,*,#4054,.T.);
#4499 = ORIENTED_EDGE('',*,*,#4500,.T.);
#4500 = EDGE_CURVE('',#4047,#4501,#4503,.T.);
#4501 = VERTEX_POINT('',#4502);
#4502 = CARTESIAN_POINT('',(0.685,-0.46875,0.5));
#4503 = CIRCLE('',#4504,3.5E-02);
#4504 = AXIS2_PLACEMENT_3D('',#4505,#4506,#4507);
#4505 = CARTESIAN_POINT('',(0.685,-0.46875,0.465));
#4506 = DIRECTION('',(0.,1.,-0.));
#4507 = DIRECTION('',(-1.,0.,0.));
#4508 = ORIENTED_EDGE('',*,*,#4509,.T.);
#4509 = EDGE_CURVE('',#4501,#4510,#4512,.T.);
#4510 = VERTEX_POINT('',#4511);
#4511 = CARTESIAN_POINT('',(0.685,0.46875,0.5));
#4512 = LINE('',#4513,#4514);
#4513 = CARTESIAN_POINT('',(0.685,-0.625,0.5));
#4514 = VECTOR('',#4515,1.);
#4515 = DIRECTION('',(0.,1.,0.));
#4516 = ORIENTED_EDGE('',*,*,#4517,.F.);
#4517 = EDGE_CURVE('',#4055,#4510,#4518,.T.);
#4518 = CIRCLE('',#4519,3.5E-02);
#4519 = AXIS2_PLACEMENT_3D('',#4520,#4521,#4522);
#4520 = CARTESIAN_POINT('',(0.685,0.46875,0.465));
#4521 = DIRECTION('',(0.,1.,-0.));
#4522 = DIRECTION('',(-1.,0.,0.));
#4523 = CYLINDRICAL_SURFACE('',#4524,3.5E-02);
#4524 = AXIS2_PLACEMENT_3D('',#4525,#4526,#4527);
#4525 = CARTESIAN_POINT('',(0.685,-0.625,0.465));
#4526 = DIRECTION('',(0.,1.,0.));
#4527 = DIRECTION('',(-1.,0.,0.));
#4528 = ADVANCED_FACE('',(#4529),#4579,.T.);
#4529 = FACE_BOUND('',#4530,.T.);
#4530 = EDGE_LOOP('',(#4531,#4539,#4547,#4553,#4554,#4555,#4556,#4564,
    #4572,#4578));
#4531 = ORIENTED_EDGE('',*,*,#4532,.F.);
#4532 = EDGE_CURVE('',#4533,#4306,#4535,.T.);
#4533 = VERTEX_POINT('',#4534);
#4534 = CARTESIAN_POINT('',(-0.965,0.625,3.5E-02));
#4535 = LINE('',#4536,#4537);
#4536 = CARTESIAN_POINT('',(-0.965,0.625,3.5E-02));
#4537 = VECTOR('',#4538,1.);
#4538 = DIRECTION('',(1.,0.,0.));
#4539 = ORIENTED_EDGE('',*,*,#4540,.T.);
#4540 = EDGE_CURVE('',#4533,#4541,#4543,.T.);
#4541 = VERTEX_POINT('',#4542);
#4542 = CARTESIAN_POINT('',(-0.965,0.625,0.465));
#4543 = LINE('',#4544,#4545);
#4544 = CARTESIAN_POINT('',(-0.965,0.625,3.5E-02));
#4545 = VECTOR('',#4546,1.);
#4546 = DIRECTION('',(0.,0.,1.));
#4547 = ORIENTED_EDGE('',*,*,#4548,.T.);
#4548 = EDGE_CURVE('',#4541,#4085,#4549,.T.);
#4549 = LINE('',#4550,#4551);
#4550 = CARTESIAN_POINT('',(-0.965,0.625,0.465));
#4551 = VECTOR('',#4552,1.);
#4552 = DIRECTION('',(1.,0.,0.));
#4553 = ORIENTED_EDGE('',*,*,#4084,.T.);
#4554 = ORIENTED_EDGE('',*,*,#4118,.F.);
#4555 = ORIENTED_EDGE('',*,*,#4468,.T.);
#4556 = ORIENTED_EDGE('',*,*,#4557,.T.);
#4557 = EDGE_CURVE('',#4469,#4558,#4560,.T.);
#4558 = VERTEX_POINT('',#4559);
#4559 = CARTESIAN_POINT('',(0.965,0.625,0.465));
#4560 = LINE('',#4561,#4562);
#4561 = CARTESIAN_POINT('',(-0.965,0.625,0.465));
#4562 = VECTOR('',#4563,1.);
#4563 = DIRECTION('',(1.,0.,0.));
#4564 = ORIENTED_EDGE('',*,*,#4565,.F.);
#4565 = EDGE_CURVE('',#4566,#4558,#4568,.T.);
#4566 = VERTEX_POINT('',#4567);
#4567 = CARTESIAN_POINT('',(0.965,0.625,3.5E-02));
#4568 = LINE('',#4569,#4570);
#4569 = CARTESIAN_POINT('',(0.965,0.625,3.5E-02));
#4570 = VECTOR('',#4571,1.);
#4571 = DIRECTION('',(0.,0.,1.));
#4572 = ORIENTED_EDGE('',*,*,#4573,.F.);
#4573 = EDGE_CURVE('',#4298,#4566,#4574,.T.);
#4574 = LINE('',#4575,#4576);
#4575 = CARTESIAN_POINT('',(-0.965,0.625,3.5E-02));
#4576 = VECTOR('',#4577,1.);
#4577 = DIRECTION('',(1.,0.,0.));
#4578 = ORIENTED_EDGE('',*,*,#4305,.F.);
#4579 = PLANE('',#4580);
#4580 = AXIS2_PLACEMENT_3D('',#4581,#4582,#4583);
#4581 = CARTESIAN_POINT('',(-0.965,0.625,3.5E-02));
#4582 = DIRECTION('',(0.,1.,0.));
#4583 = DIRECTION('',(0.,-0.,1.));
#4584 = ADVANCED_FACE('',(#4585),#4603,.F.);
#4585 = FACE_BOUND('',#4586,.F.);
#4586 = EDGE_LOOP('',(#4587,#4595,#4601,#4602));
#4587 = ORIENTED_EDGE('',*,*,#4588,.F.);
#4588 = EDGE_CURVE('',#4589,#4133,#4591,.T.);
#4589 = VERTEX_POINT('',#4590);
#4590 = CARTESIAN_POINT('',(-0.9125,0.46875,0.5));
#4591 = LINE('',#4592,#4593);
#4592 = CARTESIAN_POINT('',(-0.95625,0.46875,0.5));
#4593 = VECTOR('',#4594,1.);
#4594 = DIRECTION('',(1.,0.,0.));
#4595 = ORIENTED_EDGE('',*,*,#4596,.T.);
#4596 = EDGE_CURVE('',#4589,#4093,#4597,.T.);
#4597 = LINE('',#4598,#4599);
#4598 = CARTESIAN_POINT('',(-0.9125,0.46875,0.75));
#4599 = VECTOR('',#4600,1.);
#4600 = DIRECTION('',(-0.,-0.,-1.));
#4601 = ORIENTED_EDGE('',*,*,#4100,.F.);
#4602 = ORIENTED_EDGE('',*,*,#4132,.F.);
#4603 = PLANE('',#4604);
#4604 = AXIS2_PLACEMENT_3D('',#4605,#4606,#4607);
#4605 = CARTESIAN_POINT('',(-0.9125,0.46875,0.75));
#4606 = DIRECTION('',(0.,-1.,0.));
#4607 = DIRECTION('',(1.,0.,0.));
#4608 = ADVANCED_FACE('',(#4609),#4627,.F.);
#4609 = FACE_BOUND('',#4610,.F.);
#4610 = EDGE_LOOP('',(#4611,#4612,#4620,#4626));
#4611 = ORIENTED_EDGE('',*,*,#4596,.F.);
#4612 = ORIENTED_EDGE('',*,*,#4613,.F.);
#4613 = EDGE_CURVE('',#4614,#4589,#4616,.T.);
#4614 = VERTEX_POINT('',#4615);
#4615 = CARTESIAN_POINT('',(-0.9125,0.625,0.5));
#4616 = LINE('',#4617,#4618);
#4617 = CARTESIAN_POINT('',(-0.9125,7.8125E-02,0.5));
#4618 = VECTOR('',#4619,1.);
#4619 = DIRECTION('',(0.,-1.,0.));
#4620 = ORIENTED_EDGE('',*,*,#4621,.F.);
#4621 = EDGE_CURVE('',#4085,#4614,#4622,.T.);
#4622 = LINE('',#4623,#4624);
#4623 = CARTESIAN_POINT('',(-0.9125,0.625,0.375));
#4624 = VECTOR('',#4625,1.);
#4625 = DIRECTION('',(0.,0.,1.));
#4626 = ORIENTED_EDGE('',*,*,#4092,.F.);
#4627 = PLANE('',#4628);
#4628 = AXIS2_PLACEMENT_3D('',#4629,#4630,#4631);
#4629 = CARTESIAN_POINT('',(-0.9125,0.78125,0.75));
#4630 = DIRECTION('',(-1.,0.,0.));
#4631 = DIRECTION('',(0.,-1.,0.));
#4632 = ADVANCED_FACE('',(#4633),#4651,.F.);
#4633 = FACE_BOUND('',#4634,.F.);
#4634 = EDGE_LOOP('',(#4635,#4643,#4649,#4650));
#4635 = ORIENTED_EDGE('',*,*,#4636,.F.);
#4636 = EDGE_CURVE('',#4637,#4166,#4639,.T.);
#4637 = VERTEX_POINT('',#4638);
#4638 = CARTESIAN_POINT('',(-0.9125,-0.46875,0.5));
#4639 = LINE('',#4640,#4641);
#4640 = CARTESIAN_POINT('',(-0.9125,-0.46875,0.75));
#4641 = VECTOR('',#4642,1.);
#4642 = DIRECTION('',(-0.,-0.,-1.));
#4643 = ORIENTED_EDGE('',*,*,#4644,.F.);
#4644 = EDGE_CURVE('',#4142,#4637,#4645,.T.);
#4645 = LINE('',#4646,#4647);
#4646 = CARTESIAN_POINT('',(-4.375E-02,-0.46875,0.5));
#4647 = VECTOR('',#4648,1.);
#4648 = DIRECTION('',(-1.,0.,0.));
#4649 = ORIENTED_EDGE('',*,*,#4149,.T.);
#4650 = ORIENTED_EDGE('',*,*,#4175,.F.);
#4651 = PLANE('',#4652);
#4652 = AXIS2_PLACEMENT_3D('',#4653,#4654,#4655);
#4653 = CARTESIAN_POINT('',(0.9125,-0.46875,0.75));
#4654 = DIRECTION('',(0.,1.,0.));
#4655 = DIRECTION('',(-1.,0.,0.));
#4656 = ADVANCED_FACE('',(#4657),#4684,.T.);
#4657 = FACE_BOUND('',#4658,.T.);
#4658 = EDGE_LOOP('',(#4659,#4667,#4673,#4674,#4680,#4681,#4682,#4683));
#4659 = ORIENTED_EDGE('',*,*,#4660,.F.);
#4660 = EDGE_CURVE('',#4661,#4614,#4663,.T.);
#4661 = VERTEX_POINT('',#4662);
#4662 = CARTESIAN_POINT('',(-0.965,0.625,0.5));
#4663 = LINE('',#4664,#4665);
#4664 = CARTESIAN_POINT('',(-1.,0.625,0.5));
#4665 = VECTOR('',#4666,1.);
#4666 = DIRECTION('',(1.,0.,0.));
#4667 = ORIENTED_EDGE('',*,*,#4668,.F.);
#4668 = EDGE_CURVE('',#4217,#4661,#4669,.T.);
#4669 = LINE('',#4670,#4671);
#4670 = CARTESIAN_POINT('',(-0.965,-0.625,0.5));
#4671 = VECTOR('',#4672,1.);
#4672 = DIRECTION('',(0.,1.,0.));
#4673 = ORIENTED_EDGE('',*,*,#4225,.T.);
#4674 = ORIENTED_EDGE('',*,*,#4675,.F.);
#4675 = EDGE_CURVE('',#4637,#4226,#4676,.T.);
#4676 = LINE('',#4677,#4678);
#4677 = CARTESIAN_POINT('',(-0.9125,-0.546875,0.5));
#4678 = VECTOR('',#4679,1.);
#4679 = DIRECTION('',(0.,-1.,0.));
#4680 = ORIENTED_EDGE('',*,*,#4644,.F.);
#4681 = ORIENTED_EDGE('',*,*,#4141,.T.);
#4682 = ORIENTED_EDGE('',*,*,#4588,.F.);
#4683 = ORIENTED_EDGE('',*,*,#4613,.F.);
#4684 = PLANE('',#4685);
#4685 = AXIS2_PLACEMENT_3D('',#4686,#4687,#4688);
#4686 = CARTESIAN_POINT('',(-1.,-0.625,0.5));
#4687 = DIRECTION('',(0.,0.,1.));
#4688 = DIRECTION('',(1.,0.,-0.));
#4689 = ADVANCED_FACE('',(#4690),#4696,.F.);
#4690 = FACE_BOUND('',#4691,.F.);
#4691 = EDGE_LOOP('',(#4692,#4693,#4694,#4695));
#4692 = ORIENTED_EDGE('',*,*,#4675,.F.);
#4693 = ORIENTED_EDGE('',*,*,#4636,.T.);
#4694 = ORIENTED_EDGE('',*,*,#4165,.F.);
#4695 = ORIENTED_EDGE('',*,*,#4233,.T.);
#4696 = PLANE('',#4697);
#4697 = AXIS2_PLACEMENT_3D('',#4698,#4699,#4700);
#4698 = CARTESIAN_POINT('',(-0.9125,-0.46875,0.75));
#4699 = DIRECTION('',(-1.,0.,0.));
#4700 = DIRECTION('',(0.,-1.,0.));
#4701 = ADVANCED_FACE('',(#4702),#4759,.F.);
#4702 = FACE_BOUND('',#4703,.F.);
#4703 = EDGE_LOOP('',(#4704,#4714,#4720,#4721,#4729,#4737,#4745,#4753));
#4704 = ORIENTED_EDGE('',*,*,#4705,.F.);
#4705 = EDGE_CURVE('',#4706,#4708,#4710,.T.);
#4706 = VERTEX_POINT('',#4707);
#4707 = CARTESIAN_POINT('',(-0.965,0.625,-6.938893903907E-18));
#4708 = VERTEX_POINT('',#4709);
#4709 = CARTESIAN_POINT('',(-0.9125,0.625,0.));
#4710 = LINE('',#4711,#4712);
#4711 = CARTESIAN_POINT('',(-1.,0.625,0.));
#4712 = VECTOR('',#4713,1.);
#4713 = DIRECTION('',(1.,0.,0.));
#4714 = ORIENTED_EDGE('',*,*,#4715,.F.);
#4715 = EDGE_CURVE('',#4190,#4706,#4716,.T.);
#4716 = LINE('',#4717,#4718);
#4717 = CARTESIAN_POINT('',(-0.965,-0.625,-6.938893903907E-18));
#4718 = VECTOR('',#4719,1.);
#4719 = DIRECTION('',(0.,1.,0.));
#4720 = ORIENTED_EDGE('',*,*,#4189,.T.);
#4721 = ORIENTED_EDGE('',*,*,#4722,.F.);
#4722 = EDGE_CURVE('',#4723,#4192,#4725,.T.);
#4723 = VERTEX_POINT('',#4724);
#4724 = CARTESIAN_POINT('',(-0.9125,-0.46875,0.));
#4725 = LINE('',#4726,#4727);
#4726 = CARTESIAN_POINT('',(-0.9125,-0.546875,0.));
#4727 = VECTOR('',#4728,1.);
#4728 = DIRECTION('',(0.,-1.,0.));
#4729 = ORIENTED_EDGE('',*,*,#4730,.F.);
#4730 = EDGE_CURVE('',#4731,#4723,#4733,.T.);
#4731 = VERTEX_POINT('',#4732);
#4732 = CARTESIAN_POINT('',(-0.685,-0.46875,-6.938893903907E-18));
#4733 = LINE('',#4734,#4735);
#4734 = CARTESIAN_POINT('',(-4.375E-02,-0.46875,0.));
#4735 = VECTOR('',#4736,1.);
#4736 = DIRECTION('',(-1.,0.,0.));
#4737 = ORIENTED_EDGE('',*,*,#4738,.T.);
#4738 = EDGE_CURVE('',#4731,#4739,#4741,.T.);
#4739 = VERTEX_POINT('',#4740);
#4740 = CARTESIAN_POINT('',(-0.685,0.46875,-6.938893903907E-18));
#4741 = LINE('',#4742,#4743);
#4742 = CARTESIAN_POINT('',(-0.685,-0.625,-6.938893903907E-18));
#4743 = VECTOR('',#4744,1.);
#4744 = DIRECTION('',(0.,1.,0.));
#4745 = ORIENTED_EDGE('',*,*,#4746,.F.);
#4746 = EDGE_CURVE('',#4747,#4739,#4749,.T.);
#4747 = VERTEX_POINT('',#4748);
#4748 = CARTESIAN_POINT('',(-0.9125,0.46875,0.));
#4749 = LINE('',#4750,#4751);
#4750 = CARTESIAN_POINT('',(-0.95625,0.46875,0.));
#4751 = VECTOR('',#4752,1.);
#4752 = DIRECTION('',(1.,0.,0.));
#4753 = ORIENTED_EDGE('',*,*,#4754,.F.);
#4754 = EDGE_CURVE('',#4708,#4747,#4755,.T.);
#4755 = LINE('',#4756,#4757);
#4756 = CARTESIAN_POINT('',(-0.9125,7.8125E-02,0.));
#4757 = VECTOR('',#4758,1.);
#4758 = DIRECTION('',(0.,-1.,0.));
#4759 = PLANE('',#4760);
#4760 = AXIS2_PLACEMENT_3D('',#4761,#4762,#4763);
#4761 = CARTESIAN_POINT('',(-1.,-0.625,0.));
#4762 = DIRECTION('',(0.,0.,1.));
#4763 = DIRECTION('',(1.,0.,-0.));
#4764 = ADVANCED_FACE('',(#4765),#4784,.T.);
#4765 = FACE_BOUND('',#4766,.T.);
#4766 = EDGE_LOOP('',(#4767,#4775,#4782,#4783));
#4767 = ORIENTED_EDGE('',*,*,#4768,.T.);
#4768 = EDGE_CURVE('',#4200,#4769,#4771,.T.);
#4769 = VERTEX_POINT('',#4770);
#4770 = CARTESIAN_POINT('',(-1.,0.625,3.5E-02));
#4771 = LINE('',#4772,#4773);
#4772 = CARTESIAN_POINT('',(-1.,-0.625,3.5E-02));
#4773 = VECTOR('',#4774,1.);
#4774 = DIRECTION('',(0.,1.,0.));
#4775 = ORIENTED_EDGE('',*,*,#4776,.T.);
#4776 = EDGE_CURVE('',#4769,#4706,#4777,.T.);
#4777 = CIRCLE('',#4778,3.5E-02);
#4778 = AXIS2_PLACEMENT_3D('',#4779,#4780,#4781);
#4779 = CARTESIAN_POINT('',(-0.965,0.625,3.5E-02));
#4780 = DIRECTION('',(0.,-1.,0.));
#4781 = DIRECTION('',(0.,0.,1.));
#4782 = ORIENTED_EDGE('',*,*,#4715,.F.);
#4783 = ORIENTED_EDGE('',*,*,#4199,.F.);
#4784 = CYLINDRICAL_SURFACE('',#4785,3.5E-02);
#4785 = AXIS2_PLACEMENT_3D('',#4786,#4787,#4788);
#4786 = CARTESIAN_POINT('',(-0.965,-0.625,3.5E-02));
#4787 = DIRECTION('',(0.,1.,0.));
#4788 = DIRECTION('',(-1.,0.,0.));
#4789 = ADVANCED_FACE('',(#4790),#4801,.F.);
#4790 = FACE_BOUND('',#4791,.F.);
#4791 = EDGE_LOOP('',(#4792,#4793,#4799,#4800));
#4792 = ORIENTED_EDGE('',*,*,#4256,.T.);
#4793 = ORIENTED_EDGE('',*,*,#4794,.T.);
#4794 = EDGE_CURVE('',#4257,#4723,#4795,.T.);
#4795 = LINE('',#4796,#4797);
#4796 = CARTESIAN_POINT('',(-0.9125,-0.46875,0.75));
#4797 = VECTOR('',#4798,1.);
#4798 = DIRECTION('',(-0.,-0.,-1.));
#4799 = ORIENTED_EDGE('',*,*,#4722,.T.);
#4800 = ORIENTED_EDGE('',*,*,#4242,.T.);
#4801 = PLANE('',#4802);
#4802 = AXIS2_PLACEMENT_3D('',#4803,#4804,#4805);
#4803 = CARTESIAN_POINT('',(-0.9125,-0.46875,0.75));
#4804 = DIRECTION('',(-1.,0.,0.));
#4805 = DIRECTION('',(0.,-1.,0.));
#4806 = ADVANCED_FACE('',(#4807),#4825,.F.);
#4807 = FACE_BOUND('',#4808,.F.);
#4808 = EDGE_LOOP('',(#4809,#4810,#4811,#4819));
#4809 = ORIENTED_EDGE('',*,*,#4208,.F.);
#4810 = ORIENTED_EDGE('',*,*,#4768,.T.);
#4811 = ORIENTED_EDGE('',*,*,#4812,.T.);
#4812 = EDGE_CURVE('',#4769,#4813,#4815,.T.);
#4813 = VERTEX_POINT('',#4814);
#4814 = CARTESIAN_POINT('',(-1.,0.625,0.465));
#4815 = LINE('',#4816,#4817);
#4816 = CARTESIAN_POINT('',(-1.,0.625,0.));
#4817 = VECTOR('',#4818,1.);
#4818 = DIRECTION('',(0.,0.,1.));
#4819 = ORIENTED_EDGE('',*,*,#4820,.F.);
#4820 = EDGE_CURVE('',#4209,#4813,#4821,.T.);
#4821 = LINE('',#4822,#4823);
#4822 = CARTESIAN_POINT('',(-1.,-0.625,0.465));
#4823 = VECTOR('',#4824,1.);
#4824 = DIRECTION('',(0.,1.,0.));
#4825 = PLANE('',#4826);
#4826 = AXIS2_PLACEMENT_3D('',#4827,#4828,#4829);
#4827 = CARTESIAN_POINT('',(-1.,-0.625,0.));
#4828 = DIRECTION('',(1.,0.,0.));
#4829 = DIRECTION('',(0.,0.,1.));
#4830 = ADVANCED_FACE('',(#4831),#4843,.T.);
#4831 = FACE_BOUND('',#4832,.T.);
#4832 = EDGE_LOOP('',(#4833,#4834,#4835,#4842));
#4833 = ORIENTED_EDGE('',*,*,#4216,.T.);
#4834 = ORIENTED_EDGE('',*,*,#4668,.T.);
#4835 = ORIENTED_EDGE('',*,*,#4836,.F.);
#4836 = EDGE_CURVE('',#4813,#4661,#4837,.T.);
#4837 = CIRCLE('',#4838,3.5E-02);
#4838 = AXIS2_PLACEMENT_3D('',#4839,#4840,#4841);
#4839 = CARTESIAN_POINT('',(-0.965,0.625,0.465));
#4840 = DIRECTION('',(0.,1.,0.));
#4841 = DIRECTION('',(0.,-0.,1.));
#4842 = ORIENTED_EDGE('',*,*,#4820,.F.);
#4843 = CYLINDRICAL_SURFACE('',#4844,3.5E-02);
#4844 = AXIS2_PLACEMENT_3D('',#4845,#4846,#4847);
#4845 = CARTESIAN_POINT('',(-0.965,-0.625,0.465));
#4846 = DIRECTION('',(0.,1.,0.));
#4847 = DIRECTION('',(-1.,0.,0.));
#4848 = ADVANCED_FACE('',(#4849),#4861,.F.);
#4849 = FACE_BOUND('',#4850,.F.);
#4850 = EDGE_LOOP('',(#4851,#4852,#4853,#4860));
#4851 = ORIENTED_EDGE('',*,*,#4794,.F.);
#4852 = ORIENTED_EDGE('',*,*,#4337,.T.);
#4853 = ORIENTED_EDGE('',*,*,#4854,.T.);
#4854 = EDGE_CURVE('',#4330,#4731,#4855,.T.);
#4855 = CIRCLE('',#4856,3.5E-02);
#4856 = AXIS2_PLACEMENT_3D('',#4857,#4858,#4859);
#4857 = CARTESIAN_POINT('',(-0.685,-0.46875,3.5E-02));
#4858 = DIRECTION('',(-0.,1.,0.));
#4859 = DIRECTION('',(1.,0.,0.));
#4860 = ORIENTED_EDGE('',*,*,#4730,.T.);
#4861 = PLANE('',#4862);
#4862 = AXIS2_PLACEMENT_3D('',#4863,#4864,#4865);
#4863 = CARTESIAN_POINT('',(0.9125,-0.46875,0.75));
#4864 = DIRECTION('',(0.,1.,0.));
#4865 = DIRECTION('',(-1.,0.,0.));
#4866 = ADVANCED_FACE('',(#4867),#4879,.T.);
#4867 = FACE_BOUND('',#4868,.T.);
#4868 = EDGE_LOOP('',(#4869,#4870,#4871,#4872));
#4869 = ORIENTED_EDGE('',*,*,#4329,.F.);
#4870 = ORIENTED_EDGE('',*,*,#4854,.T.);
#4871 = ORIENTED_EDGE('',*,*,#4738,.T.);
#4872 = ORIENTED_EDGE('',*,*,#4873,.F.);
#4873 = EDGE_CURVE('',#4322,#4739,#4874,.T.);
#4874 = CIRCLE('',#4875,3.5E-02);
#4875 = AXIS2_PLACEMENT_3D('',#4876,#4877,#4878);
#4876 = CARTESIAN_POINT('',(-0.685,0.46875,3.5E-02));
#4877 = DIRECTION('',(-0.,1.,0.));
#4878 = DIRECTION('',(1.,0.,0.));
#4879 = CYLINDRICAL_SURFACE('',#4880,3.5E-02);
#4880 = AXIS2_PLACEMENT_3D('',#4881,#4882,#4883);
#4881 = CARTESIAN_POINT('',(-0.685,-0.625,3.5E-02));
#4882 = DIRECTION('',(0.,1.,0.));
#4883 = DIRECTION('',(1.,0.,0.));
#4884 = ADVANCED_FACE('',(#4885),#4896,.F.);
#4885 = FACE_BOUND('',#4886,.F.);
#4886 = EDGE_LOOP('',(#4887,#4888,#4894,#4895));
#4887 = ORIENTED_EDGE('',*,*,#4321,.T.);
#4888 = ORIENTED_EDGE('',*,*,#4889,.T.);
#4889 = EDGE_CURVE('',#4314,#4747,#4890,.T.);
#4890 = LINE('',#4891,#4892);
#4891 = CARTESIAN_POINT('',(-0.9125,0.46875,0.75));
#4892 = VECTOR('',#4893,1.);
#4893 = DIRECTION('',(-0.,-0.,-1.));
#4894 = ORIENTED_EDGE('',*,*,#4746,.T.);
#4895 = ORIENTED_EDGE('',*,*,#4873,.F.);
#4896 = PLANE('',#4897);
#4897 = AXIS2_PLACEMENT_3D('',#4898,#4899,#4900);
#4898 = CARTESIAN_POINT('',(-0.9125,0.46875,0.75));
#4899 = DIRECTION('',(0.,-1.,0.));
#4900 = DIRECTION('',(1.,0.,0.));
#4901 = ADVANCED_FACE('',(#4902),#4913,.F.);
#4902 = FACE_BOUND('',#4903,.F.);
#4903 = EDGE_LOOP('',(#4904,#4905,#4906,#4912));
#4904 = ORIENTED_EDGE('',*,*,#4889,.F.);
#4905 = ORIENTED_EDGE('',*,*,#4313,.T.);
#4906 = ORIENTED_EDGE('',*,*,#4907,.F.);
#4907 = EDGE_CURVE('',#4708,#4306,#4908,.T.);
#4908 = LINE('',#4909,#4910);
#4909 = CARTESIAN_POINT('',(-0.9125,0.625,0.375));
#4910 = VECTOR('',#4911,1.);
#4911 = DIRECTION('',(0.,0.,1.));
#4912 = ORIENTED_EDGE('',*,*,#4754,.T.);
#4913 = PLANE('',#4914);
#4914 = AXIS2_PLACEMENT_3D('',#4915,#4916,#4917);
#4915 = CARTESIAN_POINT('',(-0.9125,0.78125,0.75));
#4916 = DIRECTION('',(-1.,0.,0.));
#4917 = DIRECTION('',(0.,-1.,0.));
#4918 = ADVANCED_FACE('',(#4919),#4944,.F.);
#4919 = FACE_BOUND('',#4920,.F.);
#4920 = EDGE_LOOP('',(#4921,#4922,#4930,#4938));
#4921 = ORIENTED_EDGE('',*,*,#4297,.T.);
#4922 = ORIENTED_EDGE('',*,*,#4923,.T.);
#4923 = EDGE_CURVE('',#4290,#4924,#4926,.T.);
#4924 = VERTEX_POINT('',#4925);
#4925 = CARTESIAN_POINT('',(0.9125,0.46875,0.));
#4926 = LINE('',#4927,#4928);
#4927 = CARTESIAN_POINT('',(0.9125,0.46875,0.75));
#4928 = VECTOR('',#4929,1.);
#4929 = DIRECTION('',(-0.,-0.,-1.));
#4930 = ORIENTED_EDGE('',*,*,#4931,.T.);
#4931 = EDGE_CURVE('',#4924,#4932,#4934,.T.);
#4932 = VERTEX_POINT('',#4933);
#4933 = CARTESIAN_POINT('',(0.9125,0.625,0.));
#4934 = LINE('',#4935,#4936);
#4935 = CARTESIAN_POINT('',(0.9125,-7.8125E-02,0.));
#4936 = VECTOR('',#4937,1.);
#4937 = DIRECTION('',(0.,1.,0.));
#4938 = ORIENTED_EDGE('',*,*,#4939,.F.);
#4939 = EDGE_CURVE('',#4298,#4932,#4940,.T.);
#4940 = LINE('',#4941,#4942);
#4941 = CARTESIAN_POINT('',(0.9125,0.625,0.375));
#4942 = VECTOR('',#4943,1.);
#4943 = DIRECTION('',(0.,0.,-1.));
#4944 = PLANE('',#4945);
#4945 = AXIS2_PLACEMENT_3D('',#4946,#4947,#4948);
#4946 = CARTESIAN_POINT('',(0.9125,0.46875,0.75));
#4947 = DIRECTION('',(1.,0.,0.));
#4948 = DIRECTION('',(-0.,1.,0.));
#4949 = ADVANCED_FACE('',(#4950),#4969,.F.);
#4950 = FACE_BOUND('',#4951,.F.);
#4951 = EDGE_LOOP('',(#4952,#4953,#4954,#4963));
#4952 = ORIENTED_EDGE('',*,*,#4923,.F.);
#4953 = ORIENTED_EDGE('',*,*,#4289,.T.);
#4954 = ORIENTED_EDGE('',*,*,#4955,.F.);
#4955 = EDGE_CURVE('',#4956,#4282,#4958,.T.);
#4956 = VERTEX_POINT('',#4957);
#4957 = CARTESIAN_POINT('',(0.685,0.46875,-6.938893903907E-18));
#4958 = CIRCLE('',#4959,3.5E-02);
#4959 = AXIS2_PLACEMENT_3D('',#4960,#4961,#4962);
#4960 = CARTESIAN_POINT('',(0.685,0.46875,3.5E-02));
#4961 = DIRECTION('',(0.,1.,-0.));
#4962 = DIRECTION('',(-1.,0.,0.));
#4963 = ORIENTED_EDGE('',*,*,#4964,.T.);
#4964 = EDGE_CURVE('',#4956,#4924,#4965,.T.);
#4965 = LINE('',#4966,#4967);
#4966 = CARTESIAN_POINT('',(-0.13125,0.46875,0.));
#4967 = VECTOR('',#4968,1.);
#4968 = DIRECTION('',(1.,0.,0.));
#4969 = PLANE('',#4970);
#4970 = AXIS2_PLACEMENT_3D('',#4971,#4972,#4973);
#4971 = CARTESIAN_POINT('',(-0.9125,0.46875,0.75));
#4972 = DIRECTION('',(0.,-1.,0.));
#4973 = DIRECTION('',(1.,0.,0.));
#4974 = ADVANCED_FACE('',(#4975),#4994,.T.);
#4975 = FACE_BOUND('',#4976,.T.);
#4976 = EDGE_LOOP('',(#4977,#4978,#4986,#4993));
#4977 = ORIENTED_EDGE('',*,*,#4955,.F.);
#4978 = ORIENTED_EDGE('',*,*,#4979,.F.);
#4979 = EDGE_CURVE('',#4980,#4956,#4982,.T.);
#4980 = VERTEX_POINT('',#4981);
#4981 = CARTESIAN_POINT('',(0.685,-0.46875,-6.938893903907E-18));
#4982 = LINE('',#4983,#4984);
#4983 = CARTESIAN_POINT('',(0.685,-0.625,-6.938893903907E-18));
#4984 = VECTOR('',#4985,1.);
#4985 = DIRECTION('',(0.,1.,0.));
#4986 = ORIENTED_EDGE('',*,*,#4987,.T.);
#4987 = EDGE_CURVE('',#4980,#4274,#4988,.T.);
#4988 = CIRCLE('',#4989,3.5E-02);
#4989 = AXIS2_PLACEMENT_3D('',#4990,#4991,#4992);
#4990 = CARTESIAN_POINT('',(0.685,-0.46875,3.5E-02));
#4991 = DIRECTION('',(0.,1.,-0.));
#4992 = DIRECTION('',(-1.,0.,0.));
#4993 = ORIENTED_EDGE('',*,*,#4281,.T.);
#4994 = CYLINDRICAL_SURFACE('',#4995,3.5E-02);
#4995 = AXIS2_PLACEMENT_3D('',#4996,#4997,#4998);
#4996 = CARTESIAN_POINT('',(0.685,-0.625,3.5E-02));
#4997 = DIRECTION('',(0.,1.,0.));
#4998 = DIRECTION('',(-1.,0.,0.));
#4999 = ADVANCED_FACE('',(#5000),#5018,.F.);
#5000 = FACE_BOUND('',#5001,.F.);
#5001 = EDGE_LOOP('',(#5002,#5003,#5011,#5017));
#5002 = ORIENTED_EDGE('',*,*,#4273,.T.);
#5003 = ORIENTED_EDGE('',*,*,#5004,.T.);
#5004 = EDGE_CURVE('',#4266,#5005,#5007,.T.);
#5005 = VERTEX_POINT('',#5006);
#5006 = CARTESIAN_POINT('',(0.9125,-0.46875,0.));
#5007 = LINE('',#5008,#5009);
#5008 = CARTESIAN_POINT('',(0.9125,-0.46875,0.75));
#5009 = VECTOR('',#5010,1.);
#5010 = DIRECTION('',(-0.,-0.,-1.));
#5011 = ORIENTED_EDGE('',*,*,#5012,.T.);
#5012 = EDGE_CURVE('',#5005,#4980,#5013,.T.);
#5013 = LINE('',#5014,#5015);
#5014 = CARTESIAN_POINT('',(0.78125,-0.46875,0.));
#5015 = VECTOR('',#5016,1.);
#5016 = DIRECTION('',(-1.,0.,0.));
#5017 = ORIENTED_EDGE('',*,*,#4987,.T.);
#5018 = PLANE('',#5019);
#5019 = AXIS2_PLACEMENT_3D('',#5020,#5021,#5022);
#5020 = CARTESIAN_POINT('',(0.9125,-0.46875,0.75));
#5021 = DIRECTION('',(0.,1.,0.));
#5022 = DIRECTION('',(-1.,0.,0.));
#5023 = ADVANCED_FACE('',(#5024),#5035,.F.);
#5024 = FACE_BOUND('',#5025,.F.);
#5025 = EDGE_LOOP('',(#5026,#5027,#5028,#5029));
#5026 = ORIENTED_EDGE('',*,*,#5004,.F.);
#5027 = ORIENTED_EDGE('',*,*,#4265,.T.);
#5028 = ORIENTED_EDGE('',*,*,#4387,.T.);
#5029 = ORIENTED_EDGE('',*,*,#5030,.T.);
#5030 = EDGE_CURVE('',#4378,#5005,#5031,.T.);
#5031 = LINE('',#5032,#5033);
#5032 = CARTESIAN_POINT('',(0.9125,-0.703125,0.));
#5033 = VECTOR('',#5034,1.);
#5034 = DIRECTION('',(0.,1.,0.));
#5035 = PLANE('',#5036);
#5036 = AXIS2_PLACEMENT_3D('',#5037,#5038,#5039);
#5037 = CARTESIAN_POINT('',(0.9125,-0.78125,0.75));
#5038 = DIRECTION('',(1.,0.,0.));
#5039 = DIRECTION('',(-0.,1.,0.));
#5040 = ADVANCED_FACE('',(#5041),#5066,.T.);
#5041 = FACE_BOUND('',#5042,.T.);
#5042 = EDGE_LOOP('',(#5043,#5051,#5052,#5060));
#5043 = ORIENTED_EDGE('',*,*,#5044,.T.);
#5044 = EDGE_CURVE('',#5045,#4346,#5047,.T.);
#5045 = VERTEX_POINT('',#5046);
#5046 = CARTESIAN_POINT('',(0.433012701892,0.5,1.75E-02));
#5047 = LINE('',#5048,#5049);
#5048 = CARTESIAN_POINT('',(0.433012701892,0.5,1.75E-02));
#5049 = VECTOR('',#5050,1.);
#5050 = DIRECTION('',(0.,0.,1.));
#5051 = ORIENTED_EDGE('',*,*,#4345,.T.);
#5052 = ORIENTED_EDGE('',*,*,#5053,.F.);
#5053 = EDGE_CURVE('',#5054,#4348,#5056,.T.);
#5054 = VERTEX_POINT('',#5055);
#5055 = CARTESIAN_POINT('',(0.433012701892,-0.5,1.75E-02));
#5056 = LINE('',#5057,#5058);
#5057 = CARTESIAN_POINT('',(0.433012701892,-0.5,1.75E-02));
#5058 = VECTOR('',#5059,1.);
#5059 = DIRECTION('',(0.,0.,1.));
#5060 = ORIENTED_EDGE('',*,*,#5061,.F.);
#5061 = EDGE_CURVE('',#5045,#5054,#5062,.T.);
#5062 = LINE('',#5063,#5064);
#5063 = CARTESIAN_POINT('',(0.433012701892,0.5,1.75E-02));
#5064 = VECTOR('',#5065,1.);
#5065 = DIRECTION('',(0.,-1.,0.));
#5066 = PLANE('',#5067);
#5067 = AXIS2_PLACEMENT_3D('',#5068,#5069,#5070);
#5068 = CARTESIAN_POINT('',(0.433012701892,0.5,1.75E-02));
#5069 = DIRECTION('',(1.,0.,0.));
#5070 = DIRECTION('',(0.,-1.,0.));
#5071 = ADVANCED_FACE('',(#5072),#5090,.T.);
#5072 = FACE_BOUND('',#5073,.T.);
#5073 = EDGE_LOOP('',(#5074,#5082,#5083,#5084));
#5074 = ORIENTED_EDGE('',*,*,#5075,.T.);
#5075 = EDGE_CURVE('',#5076,#4356,#5078,.T.);
#5076 = VERTEX_POINT('',#5077);
#5077 = CARTESIAN_POINT('',(-0.433012701892,0.,1.75E-02));
#5078 = LINE('',#5079,#5080);
#5079 = CARTESIAN_POINT('',(-0.433012701892,0.,1.75E-02));
#5080 = VECTOR('',#5081,1.);
#5081 = DIRECTION('',(0.,0.,1.));
#5082 = ORIENTED_EDGE('',*,*,#4363,.T.);
#5083 = ORIENTED_EDGE('',*,*,#5044,.F.);
#5084 = ORIENTED_EDGE('',*,*,#5085,.F.);
#5085 = EDGE_CURVE('',#5076,#5045,#5086,.T.);
#5086 = LINE('',#5087,#5088);
#5087 = CARTESIAN_POINT('',(-0.433012701892,0.,1.75E-02));
#5088 = VECTOR('',#5089,1.);
#5089 = DIRECTION('',(0.866025403784,0.5,0.));
#5090 = PLANE('',#5091);
#5091 = AXIS2_PLACEMENT_3D('',#5092,#5093,#5094);
#5092 = CARTESIAN_POINT('',(-0.433012701892,0.,1.75E-02));
#5093 = DIRECTION('',(-0.5,0.866025403784,0.));
#5094 = DIRECTION('',(0.866025403784,0.5,0.));
#5095 = ADVANCED_FACE('',(#5096),#5107,.T.);
#5096 = FACE_BOUND('',#5097,.T.);
#5097 = EDGE_LOOP('',(#5098,#5099,#5100,#5101));
#5098 = ORIENTED_EDGE('',*,*,#5053,.T.);
#5099 = ORIENTED_EDGE('',*,*,#4355,.T.);
#5100 = ORIENTED_EDGE('',*,*,#5075,.F.);
#5101 = ORIENTED_EDGE('',*,*,#5102,.F.);
#5102 = EDGE_CURVE('',#5054,#5076,#5103,.T.);
#5103 = LINE('',#5104,#5105);
#5104 = CARTESIAN_POINT('',(0.433012701892,-0.5,1.75E-02));
#5105 = VECTOR('',#5106,1.);
#5106 = DIRECTION('',(-0.866025403784,0.5,0.));
#5107 = PLANE('',#5108);
#5108 = AXIS2_PLACEMENT_3D('',#5109,#5110,#5111);
#5109 = CARTESIAN_POINT('',(0.433012701892,-0.5,1.75E-02));
#5110 = DIRECTION('',(-0.5,-0.866025403784,0.));
#5111 = DIRECTION('',(-0.866025403784,0.5,0.));
#5112 = ADVANCED_FACE('',(#5113),#5135,.F.);
#5113 = FACE_BOUND('',#5114,.F.);
#5114 = EDGE_LOOP('',(#5115,#5123,#5124,#5125,#5126,#5127,#5128,#5129));
#5115 = ORIENTED_EDGE('',*,*,#5116,.F.);
#5116 = EDGE_CURVE('',#4932,#5117,#5119,.T.);
#5117 = VERTEX_POINT('',#5118);
#5118 = CARTESIAN_POINT('',(0.965,0.625,-6.938893903907E-18));
#5119 = LINE('',#5120,#5121);
#5120 = CARTESIAN_POINT('',(0.65,0.625,0.));
#5121 = VECTOR('',#5122,1.);
#5122 = DIRECTION('',(1.,0.,0.));
#5123 = ORIENTED_EDGE('',*,*,#4931,.F.);
#5124 = ORIENTED_EDGE('',*,*,#4964,.F.);
#5125 = ORIENTED_EDGE('',*,*,#4979,.F.);
#5126 = ORIENTED_EDGE('',*,*,#5012,.F.);
#5127 = ORIENTED_EDGE('',*,*,#5030,.F.);
#5128 = ORIENTED_EDGE('',*,*,#4377,.T.);
#5129 = ORIENTED_EDGE('',*,*,#5130,.T.);
#5130 = EDGE_CURVE('',#4380,#5117,#5131,.T.);
#5131 = LINE('',#5132,#5133);
#5132 = CARTESIAN_POINT('',(0.965,-0.625,-6.938893903907E-18));
#5133 = VECTOR('',#5134,1.);
#5134 = DIRECTION('',(0.,1.,0.));
#5135 = PLANE('',#5136);
#5136 = AXIS2_PLACEMENT_3D('',#5137,#5138,#5139);
#5137 = CARTESIAN_POINT('',(0.65,-0.625,0.));
#5138 = DIRECTION('',(0.,0.,1.));
#5139 = DIRECTION('',(1.,0.,-0.));
#5140 = ADVANCED_FACE('',(#5141),#5160,.T.);
#5141 = FACE_BOUND('',#5142,.T.);
#5142 = EDGE_LOOP('',(#5143,#5144,#5145,#5154));
#5143 = ORIENTED_EDGE('',*,*,#4429,.T.);
#5144 = ORIENTED_EDGE('',*,*,#5130,.T.);
#5145 = ORIENTED_EDGE('',*,*,#5146,.F.);
#5146 = EDGE_CURVE('',#5147,#5117,#5149,.T.);
#5147 = VERTEX_POINT('',#5148);
#5148 = CARTESIAN_POINT('',(1.,0.625,3.5E-02));
#5149 = CIRCLE('',#5150,3.5E-02);
#5150 = AXIS2_PLACEMENT_3D('',#5151,#5152,#5153);
#5151 = CARTESIAN_POINT('',(0.965,0.625,3.5E-02));
#5152 = DIRECTION('',(0.,1.,0.));
#5153 = DIRECTION('',(0.,-0.,1.));
#5154 = ORIENTED_EDGE('',*,*,#5155,.F.);
#5155 = EDGE_CURVE('',#4422,#5147,#5156,.T.);
#5156 = LINE('',#5157,#5158);
#5157 = CARTESIAN_POINT('',(1.,-0.625,3.5E-02));
#5158 = VECTOR('',#5159,1.);
#5159 = DIRECTION('',(0.,1.,0.));
#5160 = CYLINDRICAL_SURFACE('',#5161,3.5E-02);
#5161 = AXIS2_PLACEMENT_3D('',#5162,#5163,#5164);
#5162 = CARTESIAN_POINT('',(0.965,-0.625,3.5E-02));
#5163 = DIRECTION('',(0.,1.,0.));
#5164 = DIRECTION('',(1.,0.,0.));
#5165 = ADVANCED_FACE('',(#5166),#5184,.T.);
#5166 = FACE_BOUND('',#5167,.T.);
#5167 = EDGE_LOOP('',(#5168,#5169,#5170,#5178));
#5168 = ORIENTED_EDGE('',*,*,#4421,.F.);
#5169 = ORIENTED_EDGE('',*,*,#5155,.T.);
#5170 = ORIENTED_EDGE('',*,*,#5171,.T.);
#5171 = EDGE_CURVE('',#5147,#5172,#5174,.T.);
#5172 = VERTEX_POINT('',#5173);
#5173 = CARTESIAN_POINT('',(1.,0.625,0.465));
#5174 = LINE('',#5175,#5176);
#5175 = CARTESIAN_POINT('',(1.,0.625,0.));
#5176 = VECTOR('',#5177,1.);
#5177 = DIRECTION('',(0.,0.,1.));
#5178 = ORIENTED_EDGE('',*,*,#5179,.F.);
#5179 = EDGE_CURVE('',#4413,#5172,#5180,.T.);
#5180 = LINE('',#5181,#5182);
#5181 = CARTESIAN_POINT('',(1.,-0.625,0.465));
#5182 = VECTOR('',#5183,1.);
#5183 = DIRECTION('',(0.,1.,0.));
#5184 = PLANE('',#5185);
#5185 = AXIS2_PLACEMENT_3D('',#5186,#5187,#5188);
#5186 = CARTESIAN_POINT('',(1.,-0.625,0.));
#5187 = DIRECTION('',(1.,0.,0.));
#5188 = DIRECTION('',(0.,0.,1.));
#5189 = ADVANCED_FACE('',(#5190),#5209,.T.);
#5190 = FACE_BOUND('',#5191,.T.);
#5191 = EDGE_LOOP('',(#5192,#5193,#5202,#5208));
#5192 = ORIENTED_EDGE('',*,*,#5179,.T.);
#5193 = ORIENTED_EDGE('',*,*,#5194,.T.);
#5194 = EDGE_CURVE('',#5172,#5195,#5197,.T.);
#5195 = VERTEX_POINT('',#5196);
#5196 = CARTESIAN_POINT('',(0.965,0.625,0.5));
#5197 = CIRCLE('',#5198,3.5E-02);
#5198 = AXIS2_PLACEMENT_3D('',#5199,#5200,#5201);
#5199 = CARTESIAN_POINT('',(0.965,0.625,0.465));
#5200 = DIRECTION('',(0.,-1.,0.));
#5201 = DIRECTION('',(0.,0.,1.));
#5202 = ORIENTED_EDGE('',*,*,#5203,.F.);
#5203 = EDGE_CURVE('',#4405,#5195,#5204,.T.);
#5204 = LINE('',#5205,#5206);
#5205 = CARTESIAN_POINT('',(0.965,-0.625,0.5));
#5206 = VECTOR('',#5207,1.);
#5207 = DIRECTION('',(0.,1.,0.));
#5208 = ORIENTED_EDGE('',*,*,#4412,.F.);
#5209 = CYLINDRICAL_SURFACE('',#5210,3.5E-02);
#5210 = AXIS2_PLACEMENT_3D('',#5211,#5212,#5213);
#5211 = CARTESIAN_POINT('',(0.965,-0.625,0.465));
#5212 = DIRECTION('',(0.,1.,0.));
#5213 = DIRECTION('',(1.,0.,0.));
#5214 = ADVANCED_FACE('',(#5215),#5256,.T.);
#5215 = FACE_BOUND('',#5216,.T.);
#5216 = EDGE_LOOP('',(#5217,#5225,#5233,#5239,#5240,#5248,#5254,#5255));
#5217 = ORIENTED_EDGE('',*,*,#5218,.F.);
#5218 = EDGE_CURVE('',#5219,#5195,#5221,.T.);
#5219 = VERTEX_POINT('',#5220);
#5220 = CARTESIAN_POINT('',(0.9125,0.625,0.5));
#5221 = LINE('',#5222,#5223);
#5222 = CARTESIAN_POINT('',(0.65,0.625,0.5));
#5223 = VECTOR('',#5224,1.);
#5224 = DIRECTION('',(1.,0.,0.));
#5225 = ORIENTED_EDGE('',*,*,#5226,.F.);
#5226 = EDGE_CURVE('',#5227,#5219,#5229,.T.);
#5227 = VERTEX_POINT('',#5228);
#5228 = CARTESIAN_POINT('',(0.9125,0.46875,0.5));
#5229 = LINE('',#5230,#5231);
#5230 = CARTESIAN_POINT('',(0.9125,-7.8125E-02,0.5));
#5231 = VECTOR('',#5232,1.);
#5232 = DIRECTION('',(0.,1.,0.));
#5233 = ORIENTED_EDGE('',*,*,#5234,.F.);
#5234 = EDGE_CURVE('',#4510,#5227,#5235,.T.);
#5235 = LINE('',#5236,#5237);
#5236 = CARTESIAN_POINT('',(-0.13125,0.46875,0.5));
#5237 = VECTOR('',#5238,1.);
#5238 = DIRECTION('',(1.,0.,0.));
#5239 = ORIENTED_EDGE('',*,*,#4509,.F.);
#5240 = ORIENTED_EDGE('',*,*,#5241,.F.);
#5241 = EDGE_CURVE('',#5242,#4501,#5244,.T.);
#5242 = VERTEX_POINT('',#5243);
#5243 = CARTESIAN_POINT('',(0.9125,-0.46875,0.5));
#5244 = LINE('',#5245,#5246);
#5245 = CARTESIAN_POINT('',(0.78125,-0.46875,0.5));
#5246 = VECTOR('',#5247,1.);
#5247 = DIRECTION('',(-1.,0.,0.));
#5248 = ORIENTED_EDGE('',*,*,#5249,.F.);
#5249 = EDGE_CURVE('',#4397,#5242,#5250,.T.);
#5250 = LINE('',#5251,#5252);
#5251 = CARTESIAN_POINT('',(0.9125,-0.703125,0.5));
#5252 = VECTOR('',#5253,1.);
#5253 = DIRECTION('',(0.,1.,0.));
#5254 = ORIENTED_EDGE('',*,*,#4404,.T.);
#5255 = ORIENTED_EDGE('',*,*,#5203,.T.);
#5256 = PLANE('',#5257);
#5257 = AXIS2_PLACEMENT_3D('',#5258,#5259,#5260);
#5258 = CARTESIAN_POINT('',(0.65,-0.625,0.5));
#5259 = DIRECTION('',(0.,0.,1.));
#5260 = DIRECTION('',(1.,0.,-0.));
#5261 = ADVANCED_FACE('',(#5262),#5273,.F.);
#5262 = FACE_BOUND('',#5263,.F.);
#5263 = EDGE_LOOP('',(#5264,#5270,#5271,#5272));
#5264 = ORIENTED_EDGE('',*,*,#5265,.F.);
#5265 = EDGE_CURVE('',#5242,#4445,#5266,.T.);
#5266 = LINE('',#5267,#5268);
#5267 = CARTESIAN_POINT('',(0.9125,-0.46875,0.75));
#5268 = VECTOR('',#5269,1.);
#5269 = DIRECTION('',(-0.,-0.,-1.));
#5270 = ORIENTED_EDGE('',*,*,#5249,.F.);
#5271 = ORIENTED_EDGE('',*,*,#4396,.T.);
#5272 = ORIENTED_EDGE('',*,*,#4454,.F.);
#5273 = PLANE('',#5274);
#5274 = AXIS2_PLACEMENT_3D('',#5275,#5276,#5277);
#5275 = CARTESIAN_POINT('',(0.9125,-0.78125,0.75));
#5276 = DIRECTION('',(1.,0.,0.));
#5277 = DIRECTION('',(-0.,1.,0.));
#5278 = ADVANCED_FACE('',(#5279),#5285,.F.);
#5279 = FACE_BOUND('',#5280,.F.);
#5280 = EDGE_LOOP('',(#5281,#5282,#5283,#5284));
#5281 = ORIENTED_EDGE('',*,*,#5241,.F.);
#5282 = ORIENTED_EDGE('',*,*,#5265,.T.);
#5283 = ORIENTED_EDGE('',*,*,#4444,.F.);
#5284 = ORIENTED_EDGE('',*,*,#4500,.T.);
#5285 = PLANE('',#5286);
#5286 = AXIS2_PLACEMENT_3D('',#5287,#5288,#5289);
#5287 = CARTESIAN_POINT('',(0.9125,-0.46875,0.75));
#5288 = DIRECTION('',(0.,1.,0.));
#5289 = DIRECTION('',(-1.,0.,0.));
#5290 = ADVANCED_FACE('',(#5291),#5307,.F.);
#5291 = FACE_BOUND('',#5292,.F.);
#5292 = EDGE_LOOP('',(#5293,#5294,#5300,#5301));
#5293 = ORIENTED_EDGE('',*,*,#5226,.F.);
#5294 = ORIENTED_EDGE('',*,*,#5295,.T.);
#5295 = EDGE_CURVE('',#5227,#4478,#5296,.T.);
#5296 = LINE('',#5297,#5298);
#5297 = CARTESIAN_POINT('',(0.9125,0.46875,0.75));
#5298 = VECTOR('',#5299,1.);
#5299 = DIRECTION('',(-0.,-0.,-1.));
#5300 = ORIENTED_EDGE('',*,*,#4485,.F.);
#5301 = ORIENTED_EDGE('',*,*,#5302,.F.);
#5302 = EDGE_CURVE('',#5219,#4469,#5303,.T.);
#5303 = LINE('',#5304,#5305);
#5304 = CARTESIAN_POINT('',(0.9125,0.625,0.375));
#5305 = VECTOR('',#5306,1.);
#5306 = DIRECTION('',(0.,0.,-1.));
#5307 = PLANE('',#5308);
#5308 = AXIS2_PLACEMENT_3D('',#5309,#5310,#5311);
#5309 = CARTESIAN_POINT('',(0.9125,0.46875,0.75));
#5310 = DIRECTION('',(1.,0.,0.));
#5311 = DIRECTION('',(-0.,1.,0.));
#5312 = ADVANCED_FACE('',(#5313),#5319,.F.);
#5313 = FACE_BOUND('',#5314,.F.);
#5314 = EDGE_LOOP('',(#5315,#5316,#5317,#5318));
#5315 = ORIENTED_EDGE('',*,*,#5295,.F.);
#5316 = ORIENTED_EDGE('',*,*,#5234,.F.);
#5317 = ORIENTED_EDGE('',*,*,#4517,.F.);
#5318 = ORIENTED_EDGE('',*,*,#4477,.F.);
#5319 = PLANE('',#5320);
#5320 = AXIS2_PLACEMENT_3D('',#5321,#5322,#5323);
#5321 = CARTESIAN_POINT('',(-0.9125,0.46875,0.75));
#5322 = DIRECTION('',(0.,-1.,0.));
#5323 = DIRECTION('',(1.,0.,0.));
#5324 = ADVANCED_FACE('',(#5325),#5337,.T.);
#5325 = FACE_BOUND('',#5326,.T.);
#5326 = EDGE_LOOP('',(#5327,#5328,#5329,#5330,#5331,#5332,#5333,#5334,
    #5335,#5336));
#5327 = ORIENTED_EDGE('',*,*,#4705,.F.);
#5328 = ORIENTED_EDGE('',*,*,#4776,.F.);
#5329 = ORIENTED_EDGE('',*,*,#4812,.T.);
#5330 = ORIENTED_EDGE('',*,*,#4836,.T.);
#5331 = ORIENTED_EDGE('',*,*,#4660,.T.);
#5332 = ORIENTED_EDGE('',*,*,#4621,.F.);
#5333 = ORIENTED_EDGE('',*,*,#4548,.F.);
#5334 = ORIENTED_EDGE('',*,*,#4540,.F.);
#5335 = ORIENTED_EDGE('',*,*,#4532,.T.);
#5336 = ORIENTED_EDGE('',*,*,#4907,.F.);
#5337 = PLANE('',#5338);
#5338 = AXIS2_PLACEMENT_3D('',#5339,#5340,#5341);
#5339 = CARTESIAN_POINT('',(-1.,0.625,0.));
#5340 = DIRECTION('',(0.,1.,0.));
#5341 = DIRECTION('',(0.,-0.,1.));
#5342 = ADVANCED_FACE('',(#5343),#5355,.T.);
#5343 = FACE_BOUND('',#5344,.T.);
#5344 = EDGE_LOOP('',(#5345,#5346,#5347,#5348,#5349,#5350,#5351,#5352,
    #5353,#5354));
#5345 = ORIENTED_EDGE('',*,*,#5116,.F.);
#5346 = ORIENTED_EDGE('',*,*,#4939,.F.);
#5347 = ORIENTED_EDGE('',*,*,#4573,.T.);
#5348 = ORIENTED_EDGE('',*,*,#4565,.T.);
#5349 = ORIENTED_EDGE('',*,*,#4557,.F.);
#5350 = ORIENTED_EDGE('',*,*,#5302,.F.);
#5351 = ORIENTED_EDGE('',*,*,#5218,.T.);
#5352 = ORIENTED_EDGE('',*,*,#5194,.F.);
#5353 = ORIENTED_EDGE('',*,*,#5171,.F.);
#5354 = ORIENTED_EDGE('',*,*,#5146,.T.);
#5355 = PLANE('',#5356);
#5356 = AXIS2_PLACEMENT_3D('',#5357,#5358,#5359);
#5357 = CARTESIAN_POINT('',(0.65,0.625,0.));
#5358 = DIRECTION('',(0.,1.,0.));
#5359 = DIRECTION('',(0.,-0.,1.));
#5360 = ADVANCED_FACE('',(#5361),#5366,.T.);
#5361 = FACE_BOUND('',#5362,.T.);
#5362 = EDGE_LOOP('',(#5363,#5364,#5365));
#5363 = ORIENTED_EDGE('',*,*,#5085,.T.);
#5364 = ORIENTED_EDGE('',*,*,#5061,.T.);
#5365 = ORIENTED_EDGE('',*,*,#5102,.T.);
#5366 = PLANE('',#5367);
#5367 = AXIS2_PLACEMENT_3D('',#5368,#5369,#5370);
#5368 = CARTESIAN_POINT('',(0.144337567297,9.251858538543E-18,1.75E-02)
  );
#5369 = DIRECTION('',(-0.,-0.,-1.));
#5370 = DIRECTION('',(-1.,0.,0.));
#5371 = ( GEOMETRIC_REPRESENTATION_CONTEXT(3) 
GLOBAL_UNCERTAINTY_ASSIGNED_CONTEXT((#5375)) 
GLOBAL_UNIT_ASSIGNED_CONTEXT((#5372,#5373,#5374)) REPRESENTATION_CONTEXT
('Context #1','3D Context with UNIT and UNCERTAINTY') );
#5372 = ( LENGTH_UNIT() NAMED_UNIT(*) SI_UNIT(.MILLI.,.METRE.) );
#5373 = ( NAMED_UNIT(*) PLANE_ANGLE_UNIT() SI_UNIT($,.RADIAN.) );
#5374 = ( NAMED_UNIT(*) SI_UNIT($,.STERADIAN.) SOLID_ANGLE_UNIT() );
#5375 = UNCERTAINTY_MEASURE_WITH_UNIT(LENGTH_MEASURE(1.E-07),#5372,
  'distance_accuracy_value','confusion accuracy');
#5376 = CONTEXT_DEPENDENT_SHAPE_REPRESENTATION(#5377,#5379);
#5377 = ( REPRESENTATION_RELATIONSHIP('','',#3847,#10) 
REPRESENTATION_RELATIONSHIP_WITH_TRANSFORMATION(#5378) 
SHAPE_REPRESENTATION_RELATIONSHIP() );
#5378 = ITEM_DEFINED_TRANSFORMATION('','',#11,#35);
#5379 = PRODUCT_DEFINITION_SHAPE('Placement','Placement of an item',
  #5380);
#5380 = NEXT_ASSEMBLY_USAGE_OCCURRENCE('6','D4','',#5,#3842,$);
#5381 = PRODUCT_RELATED_PRODUCT_CATEGORY('part',$,(#3844));
#5382 = SHAPE_DEFINITION_REPRESENTATION(#5383,#5389);
#5383 = PRODUCT_DEFINITION_SHAPE('','',#5384);
#5384 = PRODUCT_DEFINITION('design','',#5385,#5388);
#5385 = PRODUCT_DEFINITION_FORMATION('','',#5386);
#5386 = PRODUCT('LED_WS2812B_PLCC4_5.0x5.0mm_P3.2mm',
  'LED_WS2812B_PLCC4_5.0x5.0mm_P3.2mm','',(#5387));
#5387 = PRODUCT_CONTEXT('',#2,'mechanical');
#5388 = PRODUCT_DEFINITION_CONTEXT('part definition',#2,'design');
#5389 = ADVANCED_BREP_SHAPE_REPRESENTATION('',(#11,#5390),#7657);
#5390 = MANIFOLD_SOLID_BREP('',#5391);
#5391 = CLOSED_SHELL('',(#5392,#5451,#5476,#5509,#5534,#5559,#5584,#5601
    ,#5626,#5657,#5697,#5828,#5952,#5969,#5978,#5989,#6157,#6188,#6219,
    #6250,#6335,#6359,#6437,#6468,#6553,#6577,#6655,#6686,#6717,#6748,
    #6833,#6857,#6935,#6966,#7051,#7075,#7153,#7170,#7187,#7204,#7221,
    #7238,#7255,#7272,#7294,#7306,#7318,#7335,#7347,#7364,#7386,#7398,
    #7415,#7427,#7439,#7456,#7473,#7490,#7512,#7524,#7541,#7553,#7565,
    #7582,#7604,#7616,#7633,#7645));
#5392 = ADVANCED_FACE('',(#5393,#5404),#5446,.T.);
#5393 = FACE_BOUND('',#5394,.T.);
#5394 = EDGE_LOOP('',(#5395));
#5395 = ORIENTED_EDGE('',*,*,#5396,.T.);
#5396 = EDGE_CURVE('',#5397,#5397,#5399,.T.);
#5397 = VERTEX_POINT('',#5398);
#5398 = CARTESIAN_POINT('',(-1.966666666667,2.408472038323E-16,1.6));
#5399 = CIRCLE('',#5400,1.966666666667);
#5400 = AXIS2_PLACEMENT_3D('',#5401,#5402,#5403);
#5401 = CARTESIAN_POINT('',(0.,0.,1.6));
#5402 = DIRECTION('',(0.,0.,-1.));
#5403 = DIRECTION('',(-1.,1.224646799147E-16,0.));
#5404 = FACE_BOUND('',#5405,.T.);
#5405 = EDGE_LOOP('',(#5406,#5416,#5424,#5432,#5440));
#5406 = ORIENTED_EDGE('',*,*,#5407,.T.);
#5407 = EDGE_CURVE('',#5408,#5410,#5412,.T.);
#5408 = VERTEX_POINT('',#5409);
#5409 = CARTESIAN_POINT('',(1.433400076889,-2.425,1.6));
#5410 = VERTEX_POINT('',#5411);
#5411 = CARTESIAN_POINT('',(2.425,-1.433400076889,1.6));
#5412 = LINE('',#5413,#5414);
#5413 = CARTESIAN_POINT('',(1.411433085478,-2.446966991411,1.6));
#5414 = VECTOR('',#5415,1.);
#5415 = DIRECTION('',(0.707106781187,0.707106781187,0.));
#5416 = ORIENTED_EDGE('',*,*,#5417,.T.);
#5417 = EDGE_CURVE('',#5410,#5418,#5420,.T.);
#5418 = VERTEX_POINT('',#5419);
#5419 = CARTESIAN_POINT('',(2.425,2.425,1.6));
#5420 = LINE('',#5421,#5422);
#5421 = CARTESIAN_POINT('',(2.425,-1.464466094067,1.6));
#5422 = VECTOR('',#5423,1.);
#5423 = DIRECTION('',(1.224646799147E-16,1.,0.));
#5424 = ORIENTED_EDGE('',*,*,#5425,.T.);
#5425 = EDGE_CURVE('',#5418,#5426,#5428,.T.);
#5426 = VERTEX_POINT('',#5427);
#5427 = CARTESIAN_POINT('',(-2.425,2.425,1.6));
#5428 = LINE('',#5429,#5430);
#5429 = CARTESIAN_POINT('',(2.5,2.425,1.6));
#5430 = VECTOR('',#5431,1.);
#5431 = DIRECTION('',(-1.,1.224646799147E-16,0.));
#5432 = ORIENTED_EDGE('',*,*,#5433,.T.);
#5433 = EDGE_CURVE('',#5426,#5434,#5436,.T.);
#5434 = VERTEX_POINT('',#5435);
#5435 = CARTESIAN_POINT('',(-2.425,-2.425,1.6));
#5436 = LINE('',#5437,#5438);
#5437 = CARTESIAN_POINT('',(-2.425,2.5,1.6));
#5438 = VECTOR('',#5439,1.);
#5439 = DIRECTION('',(-1.224646799147E-16,-1.,0.));
#5440 = ORIENTED_EDGE('',*,*,#5441,.T.);
#5441 = EDGE_CURVE('',#5434,#5408,#5442,.T.);
#5442 = LINE('',#5443,#5444);
#5443 = CARTESIAN_POINT('',(-2.5,-2.425,1.6));
#5444 = VECTOR('',#5445,1.);
#5445 = DIRECTION('',(1.,-1.224646799147E-16,0.));
#5446 = PLANE('',#5447);
#5447 = AXIS2_PLACEMENT_3D('',#5448,#5449,#5450);
#5448 = CARTESIAN_POINT('',(0.,0.,1.6));
#5449 = DIRECTION('',(0.,0.,1.));
#5450 = DIRECTION('',(-1.,1.224646799147E-16,0.));
#5451 = ADVANCED_FACE('',(#5452),#5471,.F.);
#5452 = FACE_BOUND('',#5453,.F.);
#5453 = EDGE_LOOP('',(#5454,#5462,#5463,#5464));
#5454 = ORIENTED_EDGE('',*,*,#5455,.F.);
#5455 = EDGE_CURVE('',#5397,#5456,#5458,.T.);
#5456 = VERTEX_POINT('',#5457);
#5457 = CARTESIAN_POINT('',(-1.666666666667,2.041077998579E-16,1.3));
#5458 = LINE('',#5459,#5460);
#5459 = CARTESIAN_POINT('',(-1.666666666667,2.041077998579E-16,1.3));
#5460 = VECTOR('',#5461,1.);
#5461 = DIRECTION('',(0.707106781187,-8.659560562349E-17,-0.707106781187
    ));
#5462 = ORIENTED_EDGE('',*,*,#5396,.T.);
#5463 = ORIENTED_EDGE('',*,*,#5455,.T.);
#5464 = ORIENTED_EDGE('',*,*,#5465,.F.);
#5465 = EDGE_CURVE('',#5456,#5456,#5466,.T.);
#5466 = CIRCLE('',#5467,1.666666666667);
#5467 = AXIS2_PLACEMENT_3D('',#5468,#5469,#5470);
#5468 = CARTESIAN_POINT('',(0.,0.,1.3));
#5469 = DIRECTION('',(0.,0.,-1.));
#5470 = DIRECTION('',(-1.,1.224646799147E-16,0.));
#5471 = CONICAL_SURFACE('',#5472,1.666666666667,0.785398163397);
#5472 = AXIS2_PLACEMENT_3D('',#5473,#5474,#5475);
#5473 = CARTESIAN_POINT('',(0.,0.,1.3));
#5474 = DIRECTION('',(0.,0.,1.));
#5475 = DIRECTION('',(-1.,1.224646799147E-16,0.));
#5476 = ADVANCED_FACE('',(#5477),#5504,.T.);
#5477 = FACE_BOUND('',#5478,.T.);
#5478 = EDGE_LOOP('',(#5479,#5488,#5496,#5503));
#5479 = ORIENTED_EDGE('',*,*,#5480,.T.);
#5480 = EDGE_CURVE('',#5408,#5481,#5483,.T.);
#5481 = VERTEX_POINT('',#5482);
#5482 = CARTESIAN_POINT('',(1.464466094067,-2.5,1.525));
#5483 = ELLIPSE('',#5484,8.117941502193E-02,7.5E-02);
#5484 = AXIS2_PLACEMENT_3D('',#5485,#5486,#5487);
#5485 = CARTESIAN_POINT('',(1.433400076889,-2.425,1.525));
#5486 = DIRECTION('',(0.923879532511,0.382683432365,-0.));
#5487 = DIRECTION('',(-0.382683432365,0.923879532511,0.));
#5488 = ORIENTED_EDGE('',*,*,#5489,.T.);
#5489 = EDGE_CURVE('',#5481,#5490,#5492,.T.);
#5490 = VERTEX_POINT('',#5491);
#5491 = CARTESIAN_POINT('',(2.5,-1.464466094067,1.525));
#5492 = LINE('',#5493,#5494);
#5493 = CARTESIAN_POINT('',(1.464466094067,-2.5,1.525));
#5494 = VECTOR('',#5495,1.);
#5495 = DIRECTION('',(0.707106781187,0.707106781187,0.));
#5496 = ORIENTED_EDGE('',*,*,#5497,.F.);
#5497 = EDGE_CURVE('',#5410,#5490,#5498,.T.);
#5498 = ELLIPSE('',#5499,8.117941502193E-02,7.5E-02);
#5499 = AXIS2_PLACEMENT_3D('',#5500,#5501,#5502);
#5500 = CARTESIAN_POINT('',(2.425,-1.433400076889,1.525));
#5501 = DIRECTION('',(0.382683432365,0.923879532511,0.));
#5502 = DIRECTION('',(0.923879532511,-0.382683432365,0.));
#5503 = ORIENTED_EDGE('',*,*,#5407,.F.);
#5504 = CYLINDRICAL_SURFACE('',#5505,7.5E-02);
#5505 = AXIS2_PLACEMENT_3D('',#5506,#5507,#5508);
#5506 = CARTESIAN_POINT('',(1.411433085478,-2.446966991411,1.525));
#5507 = DIRECTION('',(0.707106781187,0.707106781187,0.));
#5508 = DIRECTION('',(0.,-0.,1.));
#5509 = ADVANCED_FACE('',(#5510),#5529,.T.);
#5510 = FACE_BOUND('',#5511,.T.);
#5511 = EDGE_LOOP('',(#5512,#5521,#5527,#5528));
#5512 = ORIENTED_EDGE('',*,*,#5513,.F.);
#5513 = EDGE_CURVE('',#5514,#5434,#5516,.T.);
#5514 = VERTEX_POINT('',#5515);
#5515 = CARTESIAN_POINT('',(-2.5,-2.5,1.525));
#5516 = ELLIPSE('',#5517,0.106066017178,7.5E-02);
#5517 = AXIS2_PLACEMENT_3D('',#5518,#5519,#5520);
#5518 = CARTESIAN_POINT('',(-2.425,-2.425,1.525));
#5519 = DIRECTION('',(-0.707106781187,0.707106781187,0.));
#5520 = DIRECTION('',(-0.707106781187,-0.707106781187,0.));
#5521 = ORIENTED_EDGE('',*,*,#5522,.T.);
#5522 = EDGE_CURVE('',#5514,#5481,#5523,.T.);
#5523 = LINE('',#5524,#5525);
#5524 = CARTESIAN_POINT('',(-2.5,-2.5,1.525));
#5525 = VECTOR('',#5526,1.);
#5526 = DIRECTION('',(1.,-1.224646799147E-16,0.));
#5527 = ORIENTED_EDGE('',*,*,#5480,.F.);
#5528 = ORIENTED_EDGE('',*,*,#5441,.F.);
#5529 = CYLINDRICAL_SURFACE('',#5530,7.5E-02);
#5530 = AXIS2_PLACEMENT_3D('',#5531,#5532,#5533);
#5531 = CARTESIAN_POINT('',(-2.5,-2.425,1.525));
#5532 = DIRECTION('',(1.,-1.224646799147E-16,0.));
#5533 = DIRECTION('',(0.,0.,1.));
#5534 = ADVANCED_FACE('',(#5535),#5554,.T.);
#5535 = FACE_BOUND('',#5536,.T.);
#5536 = EDGE_LOOP('',(#5537,#5545,#5552,#5553));
#5537 = ORIENTED_EDGE('',*,*,#5538,.T.);
#5538 = EDGE_CURVE('',#5490,#5539,#5541,.T.);
#5539 = VERTEX_POINT('',#5540);
#5540 = CARTESIAN_POINT('',(2.5,2.5,1.525));
#5541 = LINE('',#5542,#5543);
#5542 = CARTESIAN_POINT('',(2.5,-1.464466094067,1.525));
#5543 = VECTOR('',#5544,1.);
#5544 = DIRECTION('',(1.224646799147E-16,1.,0.));
#5545 = ORIENTED_EDGE('',*,*,#5546,.T.);
#5546 = EDGE_CURVE('',#5539,#5418,#5547,.T.);
#5547 = ELLIPSE('',#5548,0.106066017178,7.5E-02);
#5548 = AXIS2_PLACEMENT_3D('',#5549,#5550,#5551);
#5549 = CARTESIAN_POINT('',(2.425,2.425,1.525));
#5550 = DIRECTION('',(0.707106781187,-0.707106781187,-0.));
#5551 = DIRECTION('',(-0.707106781187,-0.707106781187,0.));
#5552 = ORIENTED_EDGE('',*,*,#5417,.F.);
#5553 = ORIENTED_EDGE('',*,*,#5497,.T.);
#5554 = CYLINDRICAL_SURFACE('',#5555,7.5E-02);
#5555 = AXIS2_PLACEMENT_3D('',#5556,#5557,#5558);
#5556 = CARTESIAN_POINT('',(2.425,-1.464466094067,1.525));
#5557 = DIRECTION('',(1.224646799147E-16,1.,0.));
#5558 = DIRECTION('',(1.,-1.224646799147E-16,0.));
#5559 = ADVANCED_FACE('',(#5560),#5579,.T.);
#5560 = FACE_BOUND('',#5561,.T.);
#5561 = EDGE_LOOP('',(#5562,#5570,#5571,#5572));
#5562 = ORIENTED_EDGE('',*,*,#5563,.T.);
#5563 = EDGE_CURVE('',#5564,#5514,#5566,.T.);
#5564 = VERTEX_POINT('',#5565);
#5565 = CARTESIAN_POINT('',(-2.5,2.5,1.525));
#5566 = LINE('',#5567,#5568);
#5567 = CARTESIAN_POINT('',(-2.5,2.5,1.525));
#5568 = VECTOR('',#5569,1.);
#5569 = DIRECTION('',(-1.224646799147E-16,-1.,0.));
#5570 = ORIENTED_EDGE('',*,*,#5513,.T.);
#5571 = ORIENTED_EDGE('',*,*,#5433,.F.);
#5572 = ORIENTED_EDGE('',*,*,#5573,.F.);
#5573 = EDGE_CURVE('',#5564,#5426,#5574,.T.);
#5574 = ELLIPSE('',#5575,0.106066017178,7.5E-02);
#5575 = AXIS2_PLACEMENT_3D('',#5576,#5577,#5578);
#5576 = CARTESIAN_POINT('',(-2.425,2.425,1.525));
#5577 = DIRECTION('',(0.707106781187,0.707106781187,-0.));
#5578 = DIRECTION('',(-0.707106781187,0.707106781187,0.));
#5579 = CYLINDRICAL_SURFACE('',#5580,7.5E-02);
#5580 = AXIS2_PLACEMENT_3D('',#5581,#5582,#5583);
#5581 = CARTESIAN_POINT('',(-2.425,2.5,1.525));
#5582 = DIRECTION('',(-1.224646799147E-16,-1.,0.));
#5583 = DIRECTION('',(-1.,1.224646799147E-16,0.));
#5584 = ADVANCED_FACE('',(#5585),#5596,.T.);
#5585 = FACE_BOUND('',#5586,.T.);
#5586 = EDGE_LOOP('',(#5587,#5593,#5594,#5595));
#5587 = ORIENTED_EDGE('',*,*,#5588,.T.);
#5588 = EDGE_CURVE('',#5539,#5564,#5589,.T.);
#5589 = LINE('',#5590,#5591);
#5590 = CARTESIAN_POINT('',(2.5,2.5,1.525));
#5591 = VECTOR('',#5592,1.);
#5592 = DIRECTION('',(-1.,1.224646799147E-16,0.));
#5593 = ORIENTED_EDGE('',*,*,#5573,.T.);
#5594 = ORIENTED_EDGE('',*,*,#5425,.F.);
#5595 = ORIENTED_EDGE('',*,*,#5546,.F.);
#5596 = CYLINDRICAL_SURFACE('',#5597,7.5E-02);
#5597 = AXIS2_PLACEMENT_3D('',#5598,#5599,#5600);
#5598 = CARTESIAN_POINT('',(2.5,2.425,1.525));
#5599 = DIRECTION('',(-1.,1.224646799147E-16,0.));
#5600 = DIRECTION('',(1.224646799147E-16,1.,0.));
#5601 = ADVANCED_FACE('',(#5602),#5621,.F.);
#5602 = FACE_BOUND('',#5603,.F.);
#5603 = EDGE_LOOP('',(#5604,#5612,#5613,#5614));
#5604 = ORIENTED_EDGE('',*,*,#5605,.T.);
#5605 = EDGE_CURVE('',#5606,#5456,#5608,.T.);
#5606 = VERTEX_POINT('',#5607);
#5607 = CARTESIAN_POINT('',(-1.666666666667,2.041077998579E-16,1.225));
#5608 = LINE('',#5609,#5610);
#5609 = CARTESIAN_POINT('',(-1.666666666667,2.041077998579E-16,0.85));
#5610 = VECTOR('',#5611,1.);
#5611 = DIRECTION('',(0.,0.,1.));
#5612 = ORIENTED_EDGE('',*,*,#5465,.T.);
#5613 = ORIENTED_EDGE('',*,*,#5605,.F.);
#5614 = ORIENTED_EDGE('',*,*,#5615,.T.);
#5615 = EDGE_CURVE('',#5606,#5606,#5616,.T.);
#5616 = CIRCLE('',#5617,1.666666666667);
#5617 = AXIS2_PLACEMENT_3D('',#5618,#5619,#5620);
#5618 = CARTESIAN_POINT('',(0.,0.,1.225));
#5619 = DIRECTION('',(0.,0.,1.));
#5620 = DIRECTION('',(-1.,1.224646799147E-16,0.));
#5621 = CYLINDRICAL_SURFACE('',#5622,1.666666666667);
#5622 = AXIS2_PLACEMENT_3D('',#5623,#5624,#5625);
#5623 = CARTESIAN_POINT('',(0.,0.,0.85));
#5624 = DIRECTION('',(0.,0.,-1.));
#5625 = DIRECTION('',(-1.,1.224646799147E-16,0.));
#5626 = ADVANCED_FACE('',(#5627),#5652,.T.);
#5627 = FACE_BOUND('',#5628,.T.);
#5628 = EDGE_LOOP('',(#5629,#5637,#5645,#5651));
#5629 = ORIENTED_EDGE('',*,*,#5630,.T.);
#5630 = EDGE_CURVE('',#5481,#5631,#5633,.T.);
#5631 = VERTEX_POINT('',#5632);
#5632 = CARTESIAN_POINT('',(1.464466094067,-2.5,1.3));
#5633 = LINE('',#5634,#5635);
#5634 = CARTESIAN_POINT('',(1.464466094067,-2.5,0.7));
#5635 = VECTOR('',#5636,1.);
#5636 = DIRECTION('',(0.,0.,-1.));
#5637 = ORIENTED_EDGE('',*,*,#5638,.F.);
#5638 = EDGE_CURVE('',#5639,#5631,#5641,.T.);
#5639 = VERTEX_POINT('',#5640);
#5640 = CARTESIAN_POINT('',(2.5,-1.464466094067,1.3));
#5641 = LINE('',#5642,#5643);
#5642 = CARTESIAN_POINT('',(3.75,-0.214466094067,1.3));
#5643 = VECTOR('',#5644,1.);
#5644 = DIRECTION('',(-0.707106781187,-0.707106781187,0.));
#5645 = ORIENTED_EDGE('',*,*,#5646,.T.);
#5646 = EDGE_CURVE('',#5639,#5490,#5647,.T.);
#5647 = LINE('',#5648,#5649);
#5648 = CARTESIAN_POINT('',(2.5,-1.464466094067,0.7));
#5649 = VECTOR('',#5650,1.);
#5650 = DIRECTION('',(0.,0.,1.));
#5651 = ORIENTED_EDGE('',*,*,#5489,.F.);
#5652 = PLANE('',#5653);
#5653 = AXIS2_PLACEMENT_3D('',#5654,#5655,#5656);
#5654 = CARTESIAN_POINT('',(3.75,-0.214466094067,1.3));
#5655 = DIRECTION('',(0.707106781187,-0.707106781187,0.));
#5656 = DIRECTION('',(-0.707106781187,-0.707106781187,0.));
#5657 = ADVANCED_FACE('',(#5658),#5692,.F.);
#5658 = FACE_BOUND('',#5659,.F.);
#5659 = EDGE_LOOP('',(#5660,#5661,#5669,#5677,#5685,#5691));
#5660 = ORIENTED_EDGE('',*,*,#5630,.T.);
#5661 = ORIENTED_EDGE('',*,*,#5662,.T.);
#5662 = EDGE_CURVE('',#5631,#5663,#5665,.T.);
#5663 = VERTEX_POINT('',#5664);
#5664 = CARTESIAN_POINT('',(2.5,-2.5,1.3));
#5665 = LINE('',#5666,#5667);
#5666 = CARTESIAN_POINT('',(0.625,-2.5,1.3));
#5667 = VECTOR('',#5668,1.);
#5668 = DIRECTION('',(1.,-1.224646799147E-16,0.));
#5669 = ORIENTED_EDGE('',*,*,#5670,.F.);
#5670 = EDGE_CURVE('',#5671,#5663,#5673,.T.);
#5671 = VERTEX_POINT('',#5672);
#5672 = CARTESIAN_POINT('',(2.5,-2.5,0.1));
#5673 = LINE('',#5674,#5675);
#5674 = CARTESIAN_POINT('',(2.5,-2.5,0.1));
#5675 = VECTOR('',#5676,1.);
#5676 = DIRECTION('',(0.,0.,1.));
#5677 = ORIENTED_EDGE('',*,*,#5678,.F.);
#5678 = EDGE_CURVE('',#5679,#5671,#5681,.T.);
#5679 = VERTEX_POINT('',#5680);
#5680 = CARTESIAN_POINT('',(-2.5,-2.5,0.1));
#5681 = LINE('',#5682,#5683);
#5682 = CARTESIAN_POINT('',(-2.5,-2.5,0.1));
#5683 = VECTOR('',#5684,1.);
#5684 = DIRECTION('',(1.,-1.224646799147E-16,0.));
#5685 = ORIENTED_EDGE('',*,*,#5686,.T.);
#5686 = EDGE_CURVE('',#5679,#5514,#5687,.T.);
#5687 = LINE('',#5688,#5689);
#5688 = CARTESIAN_POINT('',(-2.5,-2.5,0.1));
#5689 = VECTOR('',#5690,1.);
#5690 = DIRECTION('',(0.,0.,1.));
#5691 = ORIENTED_EDGE('',*,*,#5522,.T.);
#5692 = PLANE('',#5693);
#5693 = AXIS2_PLACEMENT_3D('',#5694,#5695,#5696);
#5694 = CARTESIAN_POINT('',(-2.5,-2.5,0.1));
#5695 = DIRECTION('',(1.224646799147E-16,1.,0.));
#5696 = DIRECTION('',(1.,-1.224646799147E-16,0.));
#5697 = ADVANCED_FACE('',(#5698,#5755,#5789),#5823,.F.);
#5698 = FACE_BOUND('',#5699,.F.);
#5699 = EDGE_LOOP('',(#5700,#5708,#5716,#5724,#5732,#5740,#5746,#5747,
    #5753,#5754));
#5700 = ORIENTED_EDGE('',*,*,#5701,.F.);
#5701 = EDGE_CURVE('',#5702,#5539,#5704,.T.);
#5702 = VERTEX_POINT('',#5703);
#5703 = CARTESIAN_POINT('',(2.5,2.5,0.1));
#5704 = LINE('',#5705,#5706);
#5705 = CARTESIAN_POINT('',(2.5,2.5,0.1));
#5706 = VECTOR('',#5707,1.);
#5707 = DIRECTION('',(0.,0.,1.));
#5708 = ORIENTED_EDGE('',*,*,#5709,.F.);
#5709 = EDGE_CURVE('',#5710,#5702,#5712,.T.);
#5710 = VERTEX_POINT('',#5711);
#5711 = CARTESIAN_POINT('',(2.5,2.1,0.1));
#5712 = LINE('',#5713,#5714);
#5713 = CARTESIAN_POINT('',(2.5,-2.5,0.1));
#5714 = VECTOR('',#5715,1.);
#5715 = DIRECTION('',(1.224646799147E-16,1.,0.));
#5716 = ORIENTED_EDGE('',*,*,#5717,.F.);
#5717 = EDGE_CURVE('',#5718,#5710,#5720,.T.);
#5718 = VERTEX_POINT('',#5719);
#5719 = CARTESIAN_POINT('',(2.5,1.2,0.1));
#5720 = LINE('',#5721,#5722);
#5721 = CARTESIAN_POINT('',(2.5,-2.5,0.1));
#5722 = VECTOR('',#5723,1.);
#5723 = DIRECTION('',(1.224646799147E-16,1.,0.));
#5724 = ORIENTED_EDGE('',*,*,#5725,.F.);
#5725 = EDGE_CURVE('',#5726,#5718,#5728,.T.);
#5726 = VERTEX_POINT('',#5727);
#5727 = CARTESIAN_POINT('',(2.5,-1.2,0.1));
#5728 = LINE('',#5729,#5730);
#5729 = CARTESIAN_POINT('',(2.5,-2.5,0.1));
#5730 = VECTOR('',#5731,1.);
#5731 = DIRECTION('',(1.224646799147E-16,1.,0.));
#5732 = ORIENTED_EDGE('',*,*,#5733,.F.);
#5733 = EDGE_CURVE('',#5734,#5726,#5736,.T.);
#5734 = VERTEX_POINT('',#5735);
#5735 = CARTESIAN_POINT('',(2.5,-2.1,0.1));
#5736 = LINE('',#5737,#5738);
#5737 = CARTESIAN_POINT('',(2.5,-2.5,0.1));
#5738 = VECTOR('',#5739,1.);
#5739 = DIRECTION('',(1.224646799147E-16,1.,0.));
#5740 = ORIENTED_EDGE('',*,*,#5741,.F.);
#5741 = EDGE_CURVE('',#5671,#5734,#5742,.T.);
#5742 = LINE('',#5743,#5744);
#5743 = CARTESIAN_POINT('',(2.5,-2.5,0.1));
#5744 = VECTOR('',#5745,1.);
#5745 = DIRECTION('',(1.224646799147E-16,1.,0.));
#5746 = ORIENTED_EDGE('',*,*,#5670,.T.);
#5747 = ORIENTED_EDGE('',*,*,#5748,.T.);
#5748 = EDGE_CURVE('',#5663,#5639,#5749,.T.);
#5749 = LINE('',#5750,#5751);
#5750 = CARTESIAN_POINT('',(2.5,-3.125,1.3));
#5751 = VECTOR('',#5752,1.);
#5752 = DIRECTION('',(1.224646799147E-16,1.,0.));
#5753 = ORIENTED_EDGE('',*,*,#5646,.T.);
#5754 = ORIENTED_EDGE('',*,*,#5538,.T.);
#5755 = FACE_BOUND('',#5756,.F.);
#5756 = EDGE_LOOP('',(#5757,#5767,#5775,#5783));
#5757 = ORIENTED_EDGE('',*,*,#5758,.T.);
#5758 = EDGE_CURVE('',#5759,#5761,#5763,.T.);
#5759 = VERTEX_POINT('',#5760);
#5760 = CARTESIAN_POINT('',(2.5,1.2,0.9));
#5761 = VERTEX_POINT('',#5762);
#5762 = CARTESIAN_POINT('',(2.5,2.1,0.9));
#5763 = LINE('',#5764,#5765);
#5764 = CARTESIAN_POINT('',(2.5,-0.425,0.9));
#5765 = VECTOR('',#5766,1.);
#5766 = DIRECTION('',(1.224646799147E-16,1.,-1.556307025767E-32));
#5767 = ORIENTED_EDGE('',*,*,#5768,.T.);
#5768 = EDGE_CURVE('',#5761,#5769,#5771,.T.);
#5769 = VERTEX_POINT('',#5770);
#5770 = CARTESIAN_POINT('',(2.5,2.1,1.));
#5771 = LINE('',#5772,#5773);
#5772 = CARTESIAN_POINT('',(2.5,2.1,5.E-02));
#5773 = VECTOR('',#5774,1.);
#5774 = DIRECTION('',(0.,0.,1.));
#5775 = ORIENTED_EDGE('',*,*,#5776,.F.);
#5776 = EDGE_CURVE('',#5777,#5769,#5779,.T.);
#5777 = VERTEX_POINT('',#5778);
#5778 = CARTESIAN_POINT('',(2.5,1.2,1.));
#5779 = LINE('',#5780,#5781);
#5780 = CARTESIAN_POINT('',(2.5,-0.425,1.));
#5781 = VECTOR('',#5782,1.);
#5782 = DIRECTION('',(1.224646799147E-16,1.,0.));
#5783 = ORIENTED_EDGE('',*,*,#5784,.T.);
#5784 = EDGE_CURVE('',#5777,#5759,#5785,.T.);
#5785 = LINE('',#5786,#5787);
#5786 = CARTESIAN_POINT('',(2.5,1.2,5.E-02));
#5787 = VECTOR('',#5788,1.);
#5788 = DIRECTION('',(-0.,0.,-1.));
#5789 = FACE_BOUND('',#5790,.F.);
#5790 = EDGE_LOOP('',(#5791,#5801,#5809,#5817));
#5791 = ORIENTED_EDGE('',*,*,#5792,.F.);
#5792 = EDGE_CURVE('',#5793,#5795,#5797,.T.);
#5793 = VERTEX_POINT('',#5794);
#5794 = CARTESIAN_POINT('',(2.5,-2.1,1.));
#5795 = VERTEX_POINT('',#5796);
#5796 = CARTESIAN_POINT('',(2.5,-1.2,1.));
#5797 = LINE('',#5798,#5799);
#5798 = CARTESIAN_POINT('',(2.5,-2.075,1.));
#5799 = VECTOR('',#5800,1.);
#5800 = DIRECTION('',(1.224646799147E-16,1.,0.));
#5801 = ORIENTED_EDGE('',*,*,#5802,.T.);
#5802 = EDGE_CURVE('',#5793,#5803,#5805,.T.);
#5803 = VERTEX_POINT('',#5804);
#5804 = CARTESIAN_POINT('',(2.5,-2.1,0.9));
#5805 = LINE('',#5806,#5807);
#5806 = CARTESIAN_POINT('',(2.5,-2.1,5.E-02));
#5807 = VECTOR('',#5808,1.);
#5808 = DIRECTION('',(-0.,0.,-1.));
#5809 = ORIENTED_EDGE('',*,*,#5810,.T.);
#5810 = EDGE_CURVE('',#5803,#5811,#5813,.T.);
#5811 = VERTEX_POINT('',#5812);
#5812 = CARTESIAN_POINT('',(2.5,-1.2,0.9));
#5813 = LINE('',#5814,#5815);
#5814 = CARTESIAN_POINT('',(2.5,-2.075,0.9));
#5815 = VECTOR('',#5816,1.);
#5816 = DIRECTION('',(1.224646799147E-16,1.,-3.890767564419E-33));
#5817 = ORIENTED_EDGE('',*,*,#5818,.T.);
#5818 = EDGE_CURVE('',#5811,#5795,#5819,.T.);
#5819 = LINE('',#5820,#5821);
#5820 = CARTESIAN_POINT('',(2.5,-1.2,5.E-02));
#5821 = VECTOR('',#5822,1.);
#5822 = DIRECTION('',(0.,0.,1.));
#5823 = PLANE('',#5824);
#5824 = AXIS2_PLACEMENT_3D('',#5825,#5826,#5827);
#5825 = CARTESIAN_POINT('',(2.5,-2.5,0.1));
#5826 = DIRECTION('',(-1.,1.224646799147E-16,0.));
#5827 = DIRECTION('',(1.224646799147E-16,1.,0.));
#5828 = ADVANCED_FACE('',(#5829,#5879,#5913),#5947,.F.);
#5829 = FACE_BOUND('',#5830,.F.);
#5830 = EDGE_LOOP('',(#5831,#5839,#5840,#5841,#5849,#5857,#5865,#5873));
#5831 = ORIENTED_EDGE('',*,*,#5832,.T.);
#5832 = EDGE_CURVE('',#5833,#5564,#5835,.T.);
#5833 = VERTEX_POINT('',#5834);
#5834 = CARTESIAN_POINT('',(-2.5,2.5,0.1));
#5835 = LINE('',#5836,#5837);
#5836 = CARTESIAN_POINT('',(-2.5,2.5,0.1));
#5837 = VECTOR('',#5838,1.);
#5838 = DIRECTION('',(0.,0.,1.));
#5839 = ORIENTED_EDGE('',*,*,#5563,.T.);
#5840 = ORIENTED_EDGE('',*,*,#5686,.F.);
#5841 = ORIENTED_EDGE('',*,*,#5842,.F.);
#5842 = EDGE_CURVE('',#5843,#5679,#5845,.T.);
#5843 = VERTEX_POINT('',#5844);
#5844 = CARTESIAN_POINT('',(-2.5,-2.1,0.1));
#5845 = LINE('',#5846,#5847);
#5846 = CARTESIAN_POINT('',(-2.5,2.5,0.1));
#5847 = VECTOR('',#5848,1.);
#5848 = DIRECTION('',(-1.224646799147E-16,-1.,0.));
#5849 = ORIENTED_EDGE('',*,*,#5850,.F.);
#5850 = EDGE_CURVE('',#5851,#5843,#5853,.T.);
#5851 = VERTEX_POINT('',#5852);
#5852 = CARTESIAN_POINT('',(-2.5,-1.2,0.1));
#5853 = LINE('',#5854,#5855);
#5854 = CARTESIAN_POINT('',(-2.5,2.5,0.1));
#5855 = VECTOR('',#5856,1.);
#5856 = DIRECTION('',(-1.224646799147E-16,-1.,0.));
#5857 = ORIENTED_EDGE('',*,*,#5858,.F.);
#5858 = EDGE_CURVE('',#5859,#5851,#5861,.T.);
#5859 = VERTEX_POINT('',#5860);
#5860 = CARTESIAN_POINT('',(-2.5,1.2,0.1));
#5861 = LINE('',#5862,#5863);
#5862 = CARTESIAN_POINT('',(-2.5,2.5,0.1));
#5863 = VECTOR('',#5864,1.);
#5864 = DIRECTION('',(-1.224646799147E-16,-1.,0.));
#5865 = ORIENTED_EDGE('',*,*,#5866,.F.);
#5866 = EDGE_CURVE('',#5867,#5859,#5869,.T.);
#5867 = VERTEX_POINT('',#5868);
#5868 = CARTESIAN_POINT('',(-2.5,2.1,0.1));
#5869 = LINE('',#5870,#5871);
#5870 = CARTESIAN_POINT('',(-2.5,2.5,0.1));
#5871 = VECTOR('',#5872,1.);
#5872 = DIRECTION('',(-1.224646799147E-16,-1.,0.));
#5873 = ORIENTED_EDGE('',*,*,#5874,.F.);
#5874 = EDGE_CURVE('',#5833,#5867,#5875,.T.);
#5875 = LINE('',#5876,#5877);
#5876 = CARTESIAN_POINT('',(-2.5,2.5,0.1));
#5877 = VECTOR('',#5878,1.);
#5878 = DIRECTION('',(-1.224646799147E-16,-1.,0.));
#5879 = FACE_BOUND('',#5880,.F.);
#5880 = EDGE_LOOP('',(#5881,#5891,#5899,#5907));
#5881 = ORIENTED_EDGE('',*,*,#5882,.F.);
#5882 = EDGE_CURVE('',#5883,#5885,#5887,.T.);
#5883 = VERTEX_POINT('',#5884);
#5884 = CARTESIAN_POINT('',(-2.5,-1.2,1.));
#5885 = VERTEX_POINT('',#5886);
#5886 = CARTESIAN_POINT('',(-2.5,-2.1,1.));
#5887 = LINE('',#5888,#5889);
#5888 = CARTESIAN_POINT('',(-2.5,0.425,1.));
#5889 = VECTOR('',#5890,1.);
#5890 = DIRECTION('',(-1.224646799147E-16,-1.,0.));
#5891 = ORIENTED_EDGE('',*,*,#5892,.T.);
#5892 = EDGE_CURVE('',#5883,#5893,#5895,.T.);
#5893 = VERTEX_POINT('',#5894);
#5894 = CARTESIAN_POINT('',(-2.5,-1.2,0.9));
#5895 = LINE('',#5896,#5897);
#5896 = CARTESIAN_POINT('',(-2.5,-1.2,5.E-02));
#5897 = VECTOR('',#5898,1.);
#5898 = DIRECTION('',(-0.,0.,-1.));
#5899 = ORIENTED_EDGE('',*,*,#5900,.T.);
#5900 = EDGE_CURVE('',#5893,#5901,#5903,.T.);
#5901 = VERTEX_POINT('',#5902);
#5902 = CARTESIAN_POINT('',(-2.5,-2.1,0.9));
#5903 = LINE('',#5904,#5905);
#5904 = CARTESIAN_POINT('',(-2.5,0.425,0.9));
#5905 = VECTOR('',#5906,1.);
#5906 = DIRECTION('',(-1.224646799147E-16,-1.,3.890767564419E-33));
#5907 = ORIENTED_EDGE('',*,*,#5908,.T.);
#5908 = EDGE_CURVE('',#5901,#5885,#5909,.T.);
#5909 = LINE('',#5910,#5911);
#5910 = CARTESIAN_POINT('',(-2.5,-2.1,5.E-02));
#5911 = VECTOR('',#5912,1.);
#5912 = DIRECTION('',(0.,0.,1.));
#5913 = FACE_BOUND('',#5914,.F.);
#5914 = EDGE_LOOP('',(#5915,#5925,#5933,#5941));
#5915 = ORIENTED_EDGE('',*,*,#5916,.F.);
#5916 = EDGE_CURVE('',#5917,#5919,#5921,.T.);
#5917 = VERTEX_POINT('',#5918);
#5918 = CARTESIAN_POINT('',(-2.5,2.1,1.));
#5919 = VERTEX_POINT('',#5920);
#5920 = CARTESIAN_POINT('',(-2.5,1.2,1.));
#5921 = LINE('',#5922,#5923);
#5922 = CARTESIAN_POINT('',(-2.5,2.075,1.));
#5923 = VECTOR('',#5924,1.);
#5924 = DIRECTION('',(-1.224646799147E-16,-1.,0.));
#5925 = ORIENTED_EDGE('',*,*,#5926,.T.);
#5926 = EDGE_CURVE('',#5917,#5927,#5929,.T.);
#5927 = VERTEX_POINT('',#5928);
#5928 = CARTESIAN_POINT('',(-2.5,2.1,0.9));
#5929 = LINE('',#5930,#5931);
#5930 = CARTESIAN_POINT('',(-2.5,2.1,5.E-02));
#5931 = VECTOR('',#5932,1.);
#5932 = DIRECTION('',(-0.,0.,-1.));
#5933 = ORIENTED_EDGE('',*,*,#5934,.T.);
#5934 = EDGE_CURVE('',#5927,#5935,#5937,.T.);
#5935 = VERTEX_POINT('',#5936);
#5936 = CARTESIAN_POINT('',(-2.5,1.2,0.9));
#5937 = LINE('',#5938,#5939);
#5938 = CARTESIAN_POINT('',(-2.5,2.075,0.9));
#5939 = VECTOR('',#5940,1.);
#5940 = DIRECTION('',(-1.224646799147E-16,-1.,1.556307025767E-32));
#5941 = ORIENTED_EDGE('',*,*,#5942,.T.);
#5942 = EDGE_CURVE('',#5935,#5919,#5943,.T.);
#5943 = LINE('',#5944,#5945);
#5944 = CARTESIAN_POINT('',(-2.5,1.2,5.E-02));
#5945 = VECTOR('',#5946,1.);
#5946 = DIRECTION('',(0.,0.,1.));
#5947 = PLANE('',#5948);
#5948 = AXIS2_PLACEMENT_3D('',#5949,#5950,#5951);
#5949 = CARTESIAN_POINT('',(-2.5,2.5,0.1));
#5950 = DIRECTION('',(1.,-1.224646799147E-16,0.));
#5951 = DIRECTION('',(-1.224646799147E-16,-1.,0.));
#5952 = ADVANCED_FACE('',(#5953),#5964,.F.);
#5953 = FACE_BOUND('',#5954,.F.);
#5954 = EDGE_LOOP('',(#5955,#5956,#5957,#5958));
#5955 = ORIENTED_EDGE('',*,*,#5701,.T.);
#5956 = ORIENTED_EDGE('',*,*,#5588,.T.);
#5957 = ORIENTED_EDGE('',*,*,#5832,.F.);
#5958 = ORIENTED_EDGE('',*,*,#5959,.F.);
#5959 = EDGE_CURVE('',#5702,#5833,#5960,.T.);
#5960 = LINE('',#5961,#5962);
#5961 = CARTESIAN_POINT('',(2.5,2.5,0.1));
#5962 = VECTOR('',#5963,1.);
#5963 = DIRECTION('',(-1.,1.224646799147E-16,0.));
#5964 = PLANE('',#5965);
#5965 = AXIS2_PLACEMENT_3D('',#5966,#5967,#5968);
#5966 = CARTESIAN_POINT('',(2.5,2.5,0.1));
#5967 = DIRECTION('',(-1.224646799147E-16,-1.,0.));
#5968 = DIRECTION('',(-1.,1.224646799147E-16,0.));
#5969 = ADVANCED_FACE('',(#5970),#5973,.T.);
#5970 = FACE_BOUND('',#5971,.T.);
#5971 = EDGE_LOOP('',(#5972));
#5972 = ORIENTED_EDGE('',*,*,#5615,.T.);
#5973 = PLANE('',#5974);
#5974 = AXIS2_PLACEMENT_3D('',#5975,#5976,#5977);
#5975 = CARTESIAN_POINT('',(1.538370149107E-16,-1.370800865949E-16,1.225
    ));
#5976 = DIRECTION('',(0.,0.,1.));
#5977 = DIRECTION('',(-1.,1.224646799147E-16,0.));
#5978 = ADVANCED_FACE('',(#5979),#5984,.T.);
#5979 = FACE_BOUND('',#5980,.T.);
#5980 = EDGE_LOOP('',(#5981,#5982,#5983));
#5981 = ORIENTED_EDGE('',*,*,#5748,.T.);
#5982 = ORIENTED_EDGE('',*,*,#5638,.T.);
#5983 = ORIENTED_EDGE('',*,*,#5662,.T.);
#5984 = PLANE('',#5985);
#5985 = AXIS2_PLACEMENT_3D('',#5986,#5987,#5988);
#5986 = CARTESIAN_POINT('',(3.75,-3.75,1.3));
#5987 = DIRECTION('',(0.,0.,1.));
#5988 = DIRECTION('',(-0.707106781187,-0.707106781187,0.));
#5989 = ADVANCED_FACE('',(#5990),#6152,.F.);
#5990 = FACE_BOUND('',#5991,.F.);
#5991 = EDGE_LOOP('',(#5992,#5993,#5994,#5995,#6003,#6011,#6019,#6027,
    #6033,#6034,#6042,#6050,#6058,#6066,#6072,#6073,#6074,#6075,#6083,
    #6091,#6099,#6107,#6113,#6114,#6122,#6130,#6138,#6146));
#5992 = ORIENTED_EDGE('',*,*,#5709,.T.);
#5993 = ORIENTED_EDGE('',*,*,#5959,.T.);
#5994 = ORIENTED_EDGE('',*,*,#5874,.T.);
#5995 = ORIENTED_EDGE('',*,*,#5996,.F.);
#5996 = EDGE_CURVE('',#5997,#5867,#5999,.T.);
#5997 = VERTEX_POINT('',#5998);
#5998 = CARTESIAN_POINT('',(-1.95,2.1,0.1));
#5999 = LINE('',#6000,#6001);
#6000 = CARTESIAN_POINT('',(-2.025,2.1,0.1));
#6001 = VECTOR('',#6002,1.);
#6002 = DIRECTION('',(-1.,1.224646799147E-16,-4.996063166392E-32));
#6003 = ORIENTED_EDGE('',*,*,#6004,.T.);
#6004 = EDGE_CURVE('',#5997,#6005,#6007,.T.);
#6005 = VERTEX_POINT('',#6006);
#6006 = CARTESIAN_POINT('',(-1.8,2.1,0.1));
#6007 = LINE('',#6008,#6009);
#6008 = CARTESIAN_POINT('',(-0.9,2.1,0.1));
#6009 = VECTOR('',#6010,1.);
#6010 = DIRECTION('',(1.,-1.224646799147E-16,0.));
#6011 = ORIENTED_EDGE('',*,*,#6012,.T.);
#6012 = EDGE_CURVE('',#6005,#6013,#6015,.T.);
#6013 = VERTEX_POINT('',#6014);
#6014 = CARTESIAN_POINT('',(-1.8,1.2,0.1));
#6015 = LINE('',#6016,#6017);
#6016 = CARTESIAN_POINT('',(-1.8,0.6,0.1));
#6017 = VECTOR('',#6018,1.);
#6018 = DIRECTION('',(-1.224646799147E-16,-1.,0.));
#6019 = ORIENTED_EDGE('',*,*,#6020,.T.);
#6020 = EDGE_CURVE('',#6013,#6021,#6023,.T.);
#6021 = VERTEX_POINT('',#6022);
#6022 = CARTESIAN_POINT('',(-1.95,1.2,0.1));
#6023 = LINE('',#6024,#6025);
#6024 = CARTESIAN_POINT('',(-1.35,1.2,0.1));
#6025 = VECTOR('',#6026,1.);
#6026 = DIRECTION('',(-1.,1.224646799147E-16,0.));
#6027 = ORIENTED_EDGE('',*,*,#6028,.F.);
#6028 = EDGE_CURVE('',#5859,#6021,#6029,.T.);
#6029 = LINE('',#6030,#6031);
#6030 = CARTESIAN_POINT('',(-2.475,1.2,0.1));
#6031 = VECTOR('',#6032,1.);
#6032 = DIRECTION('',(1.,-1.224646799147E-16,4.996063166392E-32));
#6033 = ORIENTED_EDGE('',*,*,#5858,.T.);
#6034 = ORIENTED_EDGE('',*,*,#6035,.F.);
#6035 = EDGE_CURVE('',#6036,#5851,#6038,.T.);
#6036 = VERTEX_POINT('',#6037);
#6037 = CARTESIAN_POINT('',(-1.95,-1.2,0.1));
#6038 = LINE('',#6039,#6040);
#6039 = CARTESIAN_POINT('',(-2.025,-1.2,0.1));
#6040 = VECTOR('',#6041,1.);
#6041 = DIRECTION('',(-1.,1.224646799147E-16,-4.996063166392E-32));
#6042 = ORIENTED_EDGE('',*,*,#6043,.T.);
#6043 = EDGE_CURVE('',#6036,#6044,#6046,.T.);
#6044 = VERTEX_POINT('',#6045);
#6045 = CARTESIAN_POINT('',(-1.8,-1.2,0.1));
#6046 = LINE('',#6047,#6048);
#6047 = CARTESIAN_POINT('',(-0.9,-1.2,0.1));
#6048 = VECTOR('',#6049,1.);
#6049 = DIRECTION('',(1.,-1.224646799147E-16,0.));
#6050 = ORIENTED_EDGE('',*,*,#6051,.T.);
#6051 = EDGE_CURVE('',#6044,#6052,#6054,.T.);
#6052 = VERTEX_POINT('',#6053);
#6053 = CARTESIAN_POINT('',(-1.8,-2.1,0.1));
#6054 = LINE('',#6055,#6056);
#6055 = CARTESIAN_POINT('',(-1.8,-1.05,0.1));
#6056 = VECTOR('',#6057,1.);
#6057 = DIRECTION('',(-1.224646799147E-16,-1.,0.));
#6058 = ORIENTED_EDGE('',*,*,#6059,.T.);
#6059 = EDGE_CURVE('',#6052,#6060,#6062,.T.);
#6060 = VERTEX_POINT('',#6061);
#6061 = CARTESIAN_POINT('',(-1.95,-2.1,0.1));
#6062 = LINE('',#6063,#6064);
#6063 = CARTESIAN_POINT('',(-1.35,-2.1,0.1));
#6064 = VECTOR('',#6065,1.);
#6065 = DIRECTION('',(-1.,1.224646799147E-16,0.));
#6066 = ORIENTED_EDGE('',*,*,#6067,.F.);
#6067 = EDGE_CURVE('',#5843,#6060,#6068,.T.);
#6068 = LINE('',#6069,#6070);
#6069 = CARTESIAN_POINT('',(-2.475,-2.1,0.1));
#6070 = VECTOR('',#6071,1.);
#6071 = DIRECTION('',(1.,-1.224646799147E-16,4.996063166392E-32));
#6072 = ORIENTED_EDGE('',*,*,#5842,.T.);
#6073 = ORIENTED_EDGE('',*,*,#5678,.T.);
#6074 = ORIENTED_EDGE('',*,*,#5741,.T.);
#6075 = ORIENTED_EDGE('',*,*,#6076,.F.);
#6076 = EDGE_CURVE('',#6077,#5734,#6079,.T.);
#6077 = VERTEX_POINT('',#6078);
#6078 = CARTESIAN_POINT('',(1.95,-2.1,0.1));
#6079 = LINE('',#6080,#6081);
#6080 = CARTESIAN_POINT('',(2.025,-2.1,0.1));
#6081 = VECTOR('',#6082,1.);
#6082 = DIRECTION('',(1.,-1.224646799147E-16,-4.996063166392E-32));
#6083 = ORIENTED_EDGE('',*,*,#6084,.T.);
#6084 = EDGE_CURVE('',#6077,#6085,#6087,.T.);
#6085 = VERTEX_POINT('',#6086);
#6086 = CARTESIAN_POINT('',(1.8,-2.1,0.1));
#6087 = LINE('',#6088,#6089);
#6088 = CARTESIAN_POINT('',(0.9,-2.1,0.1));
#6089 = VECTOR('',#6090,1.);
#6090 = DIRECTION('',(-1.,1.224646799147E-16,0.));
#6091 = ORIENTED_EDGE('',*,*,#6092,.T.);
#6092 = EDGE_CURVE('',#6085,#6093,#6095,.T.);
#6093 = VERTEX_POINT('',#6094);
#6094 = CARTESIAN_POINT('',(1.8,-1.2,0.1));
#6095 = LINE('',#6096,#6097);
#6096 = CARTESIAN_POINT('',(1.8,-0.6,0.1));
#6097 = VECTOR('',#6098,1.);
#6098 = DIRECTION('',(1.224646799147E-16,1.,0.));
#6099 = ORIENTED_EDGE('',*,*,#6100,.T.);
#6100 = EDGE_CURVE('',#6093,#6101,#6103,.T.);
#6101 = VERTEX_POINT('',#6102);
#6102 = CARTESIAN_POINT('',(1.95,-1.2,0.1));
#6103 = LINE('',#6104,#6105);
#6104 = CARTESIAN_POINT('',(1.35,-1.2,0.1));
#6105 = VECTOR('',#6106,1.);
#6106 = DIRECTION('',(1.,-1.224646799147E-16,0.));
#6107 = ORIENTED_EDGE('',*,*,#6108,.F.);
#6108 = EDGE_CURVE('',#5726,#6101,#6109,.T.);
#6109 = LINE('',#6110,#6111);
#6110 = CARTESIAN_POINT('',(2.475,-1.2,0.1));
#6111 = VECTOR('',#6112,1.);
#6112 = DIRECTION('',(-1.,1.224646799147E-16,4.996063166392E-32));
#6113 = ORIENTED_EDGE('',*,*,#5725,.T.);
#6114 = ORIENTED_EDGE('',*,*,#6115,.F.);
#6115 = EDGE_CURVE('',#6116,#5718,#6118,.T.);
#6116 = VERTEX_POINT('',#6117);
#6117 = CARTESIAN_POINT('',(1.95,1.2,0.1));
#6118 = LINE('',#6119,#6120);
#6119 = CARTESIAN_POINT('',(2.025,1.2,0.1));
#6120 = VECTOR('',#6121,1.);
#6121 = DIRECTION('',(1.,-1.224646799147E-16,-4.996063166392E-32));
#6122 = ORIENTED_EDGE('',*,*,#6123,.T.);
#6123 = EDGE_CURVE('',#6116,#6124,#6126,.T.);
#6124 = VERTEX_POINT('',#6125);
#6125 = CARTESIAN_POINT('',(1.8,1.2,0.1));
#6126 = LINE('',#6127,#6128);
#6127 = CARTESIAN_POINT('',(0.9,1.2,0.1));
#6128 = VECTOR('',#6129,1.);
#6129 = DIRECTION('',(-1.,1.224646799147E-16,0.));
#6130 = ORIENTED_EDGE('',*,*,#6131,.T.);
#6131 = EDGE_CURVE('',#6124,#6132,#6134,.T.);
#6132 = VERTEX_POINT('',#6133);
#6133 = CARTESIAN_POINT('',(1.8,2.1,0.1));
#6134 = LINE('',#6135,#6136);
#6135 = CARTESIAN_POINT('',(1.8,1.05,0.1));
#6136 = VECTOR('',#6137,1.);
#6137 = DIRECTION('',(1.224646799147E-16,1.,0.));
#6138 = ORIENTED_EDGE('',*,*,#6139,.T.);
#6139 = EDGE_CURVE('',#6132,#6140,#6142,.T.);
#6140 = VERTEX_POINT('',#6141);
#6141 = CARTESIAN_POINT('',(1.95,2.1,0.1));
#6142 = LINE('',#6143,#6144);
#6143 = CARTESIAN_POINT('',(1.35,2.1,0.1));
#6144 = VECTOR('',#6145,1.);
#6145 = DIRECTION('',(1.,-1.224646799147E-16,0.));
#6146 = ORIENTED_EDGE('',*,*,#6147,.F.);
#6147 = EDGE_CURVE('',#5710,#6140,#6148,.T.);
#6148 = LINE('',#6149,#6150);
#6149 = CARTESIAN_POINT('',(2.475,2.1,0.1));
#6150 = VECTOR('',#6151,1.);
#6151 = DIRECTION('',(-1.,1.224646799147E-16,4.996063166392E-32));
#6152 = PLANE('',#6153);
#6153 = AXIS2_PLACEMENT_3D('',#6154,#6155,#6156);
#6154 = CARTESIAN_POINT('',(0.,0.,0.1));
#6155 = DIRECTION('',(0.,0.,1.));
#6156 = DIRECTION('',(-1.,1.224646799147E-16,0.));
#6157 = ADVANCED_FACE('',(#6158),#6183,.T.);
#6158 = FACE_BOUND('',#6159,.T.);
#6159 = EDGE_LOOP('',(#6160,#6170,#6176,#6177));
#6160 = ORIENTED_EDGE('',*,*,#6161,.T.);
#6161 = EDGE_CURVE('',#6162,#6164,#6166,.T.);
#6162 = VERTEX_POINT('',#6163);
#6163 = CARTESIAN_POINT('',(2.55,1.2,0.1));
#6164 = VERTEX_POINT('',#6165);
#6165 = CARTESIAN_POINT('',(2.55,2.1,0.1));
#6166 = LINE('',#6167,#6168);
#6167 = CARTESIAN_POINT('',(2.55,1.1,0.1));
#6168 = VECTOR('',#6169,1.);
#6169 = DIRECTION('',(1.224646799147E-16,1.,0.));
#6170 = ORIENTED_EDGE('',*,*,#6171,.T.);
#6171 = EDGE_CURVE('',#6164,#5710,#6172,.T.);
#6172 = LINE('',#6173,#6174);
#6173 = CARTESIAN_POINT('',(2.475,2.1,0.1));
#6174 = VECTOR('',#6175,1.);
#6175 = DIRECTION('',(-1.,1.224646799147E-16,4.996063166392E-32));
#6176 = ORIENTED_EDGE('',*,*,#5717,.F.);
#6177 = ORIENTED_EDGE('',*,*,#6178,.T.);
#6178 = EDGE_CURVE('',#5718,#6162,#6179,.T.);
#6179 = LINE('',#6180,#6181);
#6180 = CARTESIAN_POINT('',(2.025,1.2,0.1));
#6181 = VECTOR('',#6182,1.);
#6182 = DIRECTION('',(1.,-1.224646799147E-16,-4.996063166392E-32));
#6183 = PLANE('',#6184);
#6184 = AXIS2_PLACEMENT_3D('',#6185,#6186,#6187);
#6185 = CARTESIAN_POINT('',(2.25,1.65,0.1));
#6186 = DIRECTION('',(4.996063166392E-32,1.556307025767E-32,1.));
#6187 = DIRECTION('',(-1.,1.224646799147E-16,4.996063166392E-32));
#6188 = ADVANCED_FACE('',(#6189),#6214,.T.);
#6189 = FACE_BOUND('',#6190,.T.);
#6190 = EDGE_LOOP('',(#6191,#6201,#6207,#6208));
#6191 = ORIENTED_EDGE('',*,*,#6192,.T.);
#6192 = EDGE_CURVE('',#6193,#6195,#6197,.T.);
#6193 = VERTEX_POINT('',#6194);
#6194 = CARTESIAN_POINT('',(2.55,-2.1,0.1));
#6195 = VERTEX_POINT('',#6196);
#6196 = CARTESIAN_POINT('',(2.55,-1.2,0.1));
#6197 = LINE('',#6198,#6199);
#6198 = CARTESIAN_POINT('',(2.55,-2.2,0.1));
#6199 = VECTOR('',#6200,1.);
#6200 = DIRECTION('',(1.224646799147E-16,1.,0.));
#6201 = ORIENTED_EDGE('',*,*,#6202,.T.);
#6202 = EDGE_CURVE('',#6195,#5726,#6203,.T.);
#6203 = LINE('',#6204,#6205);
#6204 = CARTESIAN_POINT('',(2.475,-1.2,0.1));
#6205 = VECTOR('',#6206,1.);
#6206 = DIRECTION('',(-1.,1.224646799147E-16,4.996063166392E-32));
#6207 = ORIENTED_EDGE('',*,*,#5733,.F.);
#6208 = ORIENTED_EDGE('',*,*,#6209,.T.);
#6209 = EDGE_CURVE('',#5734,#6193,#6210,.T.);
#6210 = LINE('',#6211,#6212);
#6211 = CARTESIAN_POINT('',(2.025,-2.1,0.1));
#6212 = VECTOR('',#6213,1.);
#6213 = DIRECTION('',(1.,-1.224646799147E-16,-4.996063166392E-32));
#6214 = PLANE('',#6215);
#6215 = AXIS2_PLACEMENT_3D('',#6216,#6217,#6218);
#6216 = CARTESIAN_POINT('',(2.25,-1.65,0.1));
#6217 = DIRECTION('',(4.996063166392E-32,3.890767564419E-33,1.));
#6218 = DIRECTION('',(-1.,1.224646799147E-16,4.996063166392E-32));
#6219 = ADVANCED_FACE('',(#6220),#6245,.F.);
#6220 = FACE_BOUND('',#6221,.F.);
#6221 = EDGE_LOOP('',(#6222,#6232,#6238,#6239));
#6222 = ORIENTED_EDGE('',*,*,#6223,.T.);
#6223 = EDGE_CURVE('',#6224,#6226,#6228,.T.);
#6224 = VERTEX_POINT('',#6225);
#6225 = CARTESIAN_POINT('',(2.55,1.2,0.9));
#6226 = VERTEX_POINT('',#6227);
#6227 = CARTESIAN_POINT('',(2.55,2.1,0.9));
#6228 = LINE('',#6229,#6230);
#6229 = CARTESIAN_POINT('',(2.55,1.1,0.9));
#6230 = VECTOR('',#6231,1.);
#6231 = DIRECTION('',(1.224646799147E-16,1.,0.));
#6232 = ORIENTED_EDGE('',*,*,#6233,.T.);
#6233 = EDGE_CURVE('',#6226,#5761,#6234,.T.);
#6234 = LINE('',#6235,#6236);
#6235 = CARTESIAN_POINT('',(2.475,2.1,0.9));
#6236 = VECTOR('',#6237,1.);
#6237 = DIRECTION('',(-1.,1.224646799147E-16,4.996063166392E-32));
#6238 = ORIENTED_EDGE('',*,*,#5758,.F.);
#6239 = ORIENTED_EDGE('',*,*,#6240,.T.);
#6240 = EDGE_CURVE('',#5759,#6224,#6241,.T.);
#6241 = LINE('',#6242,#6243);
#6242 = CARTESIAN_POINT('',(2.025,1.2,0.9));
#6243 = VECTOR('',#6244,1.);
#6244 = DIRECTION('',(1.,-1.224646799147E-16,-4.996063166392E-32));
#6245 = PLANE('',#6246);
#6246 = AXIS2_PLACEMENT_3D('',#6247,#6248,#6249);
#6247 = CARTESIAN_POINT('',(2.25,1.65,0.9));
#6248 = DIRECTION('',(4.996063166392E-32,1.556307025767E-32,1.));
#6249 = DIRECTION('',(-1.,1.224646799147E-16,4.996063166392E-32));
#6250 = ADVANCED_FACE('',(#6251),#6330,.F.);
#6251 = FACE_BOUND('',#6252,.F.);
#6252 = EDGE_LOOP('',(#6253,#6263,#6272,#6280,#6286,#6287,#6288,#6289,
    #6298,#6306,#6313,#6314,#6315,#6323));
#6253 = ORIENTED_EDGE('',*,*,#6254,.F.);
#6254 = EDGE_CURVE('',#6255,#6257,#6259,.T.);
#6255 = VERTEX_POINT('',#6256);
#6256 = CARTESIAN_POINT('',(2.7,1.2,5.E-02));
#6257 = VERTEX_POINT('',#6258);
#6258 = CARTESIAN_POINT('',(2.7,1.2,0.95));
#6259 = LINE('',#6260,#6261);
#6260 = CARTESIAN_POINT('',(2.7,1.2,0.));
#6261 = VECTOR('',#6262,1.);
#6262 = DIRECTION('',(0.,0.,1.));
#6263 = ORIENTED_EDGE('',*,*,#6264,.T.);
#6264 = EDGE_CURVE('',#6255,#6265,#6267,.T.);
#6265 = VERTEX_POINT('',#6266);
#6266 = CARTESIAN_POINT('',(2.65,1.2,-6.938893903907E-18));
#6267 = CIRCLE('',#6268,5.E-02);
#6268 = AXIS2_PLACEMENT_3D('',#6269,#6270,#6271);
#6269 = CARTESIAN_POINT('',(2.65,1.2,5.E-02));
#6270 = DIRECTION('',(1.224646799147E-16,1.,0.));
#6271 = DIRECTION('',(0.,0.,-1.));
#6272 = ORIENTED_EDGE('',*,*,#6273,.F.);
#6273 = EDGE_CURVE('',#6274,#6265,#6276,.T.);
#6274 = VERTEX_POINT('',#6275);
#6275 = CARTESIAN_POINT('',(1.8,1.2,0.));
#6276 = LINE('',#6277,#6278);
#6277 = CARTESIAN_POINT('',(1.8,1.2,0.));
#6278 = VECTOR('',#6279,1.);
#6279 = DIRECTION('',(1.,-1.224646799147E-16,0.));
#6280 = ORIENTED_EDGE('',*,*,#6281,.T.);
#6281 = EDGE_CURVE('',#6274,#6124,#6282,.T.);
#6282 = LINE('',#6283,#6284);
#6283 = CARTESIAN_POINT('',(1.8,1.2,0.));
#6284 = VECTOR('',#6285,1.);
#6285 = DIRECTION('',(0.,0.,1.));
#6286 = ORIENTED_EDGE('',*,*,#6123,.F.);
#6287 = ORIENTED_EDGE('',*,*,#6115,.T.);
#6288 = ORIENTED_EDGE('',*,*,#6178,.T.);
#6289 = ORIENTED_EDGE('',*,*,#6290,.F.);
#6290 = EDGE_CURVE('',#6291,#6162,#6293,.T.);
#6291 = VERTEX_POINT('',#6292);
#6292 = CARTESIAN_POINT('',(2.6,1.2,0.15));
#6293 = CIRCLE('',#6294,5.E-02);
#6294 = AXIS2_PLACEMENT_3D('',#6295,#6296,#6297);
#6295 = CARTESIAN_POINT('',(2.55,1.2,0.15));
#6296 = DIRECTION('',(1.224646799147E-16,1.,0.));
#6297 = DIRECTION('',(1.,-1.224646799147E-16,0.));
#6298 = ORIENTED_EDGE('',*,*,#6299,.T.);
#6299 = EDGE_CURVE('',#6291,#6300,#6302,.T.);
#6300 = VERTEX_POINT('',#6301);
#6301 = CARTESIAN_POINT('',(2.6,1.2,0.85));
#6302 = LINE('',#6303,#6304);
#6303 = CARTESIAN_POINT('',(2.6,1.2,5.E-02));
#6304 = VECTOR('',#6305,1.);
#6305 = DIRECTION('',(0.,0.,1.));
#6306 = ORIENTED_EDGE('',*,*,#6307,.F.);
#6307 = EDGE_CURVE('',#6224,#6300,#6308,.T.);
#6308 = CIRCLE('',#6309,5.E-02);
#6309 = AXIS2_PLACEMENT_3D('',#6310,#6311,#6312);
#6310 = CARTESIAN_POINT('',(2.55,1.2,0.85));
#6311 = DIRECTION('',(1.224646799147E-16,1.,0.));
#6312 = DIRECTION('',(1.,-1.224646799147E-16,0.));
#6313 = ORIENTED_EDGE('',*,*,#6240,.F.);
#6314 = ORIENTED_EDGE('',*,*,#5784,.F.);
#6315 = ORIENTED_EDGE('',*,*,#6316,.T.);
#6316 = EDGE_CURVE('',#5777,#6317,#6319,.T.);
#6317 = VERTEX_POINT('',#6318);
#6318 = CARTESIAN_POINT('',(2.65,1.2,1.));
#6319 = LINE('',#6320,#6321);
#6320 = CARTESIAN_POINT('',(1.8,1.2,1.));
#6321 = VECTOR('',#6322,1.);
#6322 = DIRECTION('',(1.,-1.224646799147E-16,0.));
#6323 = ORIENTED_EDGE('',*,*,#6324,.F.);
#6324 = EDGE_CURVE('',#6257,#6317,#6325,.T.);
#6325 = CIRCLE('',#6326,5.E-02);
#6326 = AXIS2_PLACEMENT_3D('',#6327,#6328,#6329);
#6327 = CARTESIAN_POINT('',(2.65,1.2,0.95));
#6328 = DIRECTION('',(-1.224646799147E-16,-1.,0.));
#6329 = DIRECTION('',(-0.,0.,-1.));
#6330 = PLANE('',#6331);
#6331 = AXIS2_PLACEMENT_3D('',#6332,#6333,#6334);
#6332 = CARTESIAN_POINT('',(1.8,1.2,0.));
#6333 = DIRECTION('',(1.224646799147E-16,1.,0.));
#6334 = DIRECTION('',(1.,-1.224646799147E-16,0.));
#6335 = ADVANCED_FACE('',(#6336),#6354,.T.);
#6336 = FACE_BOUND('',#6337,.T.);
#6337 = EDGE_LOOP('',(#6338,#6346,#6352,#6353));
#6338 = ORIENTED_EDGE('',*,*,#6339,.T.);
#6339 = EDGE_CURVE('',#6317,#6340,#6342,.T.);
#6340 = VERTEX_POINT('',#6341);
#6341 = CARTESIAN_POINT('',(2.65,2.1,1.));
#6342 = LINE('',#6343,#6344);
#6343 = CARTESIAN_POINT('',(2.65,1.2,1.));
#6344 = VECTOR('',#6345,1.);
#6345 = DIRECTION('',(1.224646799147E-16,1.,0.));
#6346 = ORIENTED_EDGE('',*,*,#6347,.T.);
#6347 = EDGE_CURVE('',#6340,#5769,#6348,.T.);
#6348 = LINE('',#6349,#6350);
#6349 = CARTESIAN_POINT('',(2.7,2.1,1.));
#6350 = VECTOR('',#6351,1.);
#6351 = DIRECTION('',(-1.,1.224646799147E-16,0.));
#6352 = ORIENTED_EDGE('',*,*,#5776,.F.);
#6353 = ORIENTED_EDGE('',*,*,#6316,.T.);
#6354 = PLANE('',#6355);
#6355 = AXIS2_PLACEMENT_3D('',#6356,#6357,#6358);
#6356 = CARTESIAN_POINT('',(2.25,1.65,1.));
#6357 = DIRECTION('',(0.,0.,1.));
#6358 = DIRECTION('',(-1.,1.224646799147E-16,0.));
#6359 = ADVANCED_FACE('',(#6360),#6432,.F.);
#6360 = FACE_BOUND('',#6361,.F.);
#6361 = EDGE_LOOP('',(#6362,#6373,#6381,#6388,#6389,#6390,#6391,#6400,
    #6408,#6415,#6416,#6417,#6418,#6426));
#6362 = ORIENTED_EDGE('',*,*,#6363,.F.);
#6363 = EDGE_CURVE('',#6364,#6366,#6368,.T.);
#6364 = VERTEX_POINT('',#6365);
#6365 = CARTESIAN_POINT('',(2.7,2.1,5.E-02));
#6366 = VERTEX_POINT('',#6367);
#6367 = CARTESIAN_POINT('',(2.65,2.1,-6.938893903907E-18));
#6368 = CIRCLE('',#6369,5.E-02);
#6369 = AXIS2_PLACEMENT_3D('',#6370,#6371,#6372);
#6370 = CARTESIAN_POINT('',(2.65,2.1,5.E-02));
#6371 = DIRECTION('',(1.224646799147E-16,1.,0.));
#6372 = DIRECTION('',(0.,0.,-1.));
#6373 = ORIENTED_EDGE('',*,*,#6374,.T.);
#6374 = EDGE_CURVE('',#6364,#6375,#6377,.T.);
#6375 = VERTEX_POINT('',#6376);
#6376 = CARTESIAN_POINT('',(2.7,2.1,0.95));
#6377 = LINE('',#6378,#6379);
#6378 = CARTESIAN_POINT('',(2.7,2.1,0.));
#6379 = VECTOR('',#6380,1.);
#6380 = DIRECTION('',(0.,0.,1.));
#6381 = ORIENTED_EDGE('',*,*,#6382,.T.);
#6382 = EDGE_CURVE('',#6375,#6340,#6383,.T.);
#6383 = CIRCLE('',#6384,5.E-02);
#6384 = AXIS2_PLACEMENT_3D('',#6385,#6386,#6387);
#6385 = CARTESIAN_POINT('',(2.65,2.1,0.95));
#6386 = DIRECTION('',(-1.224646799147E-16,-1.,0.));
#6387 = DIRECTION('',(-0.,0.,-1.));
#6388 = ORIENTED_EDGE('',*,*,#6347,.T.);
#6389 = ORIENTED_EDGE('',*,*,#5768,.F.);
#6390 = ORIENTED_EDGE('',*,*,#6233,.F.);
#6391 = ORIENTED_EDGE('',*,*,#6392,.T.);
#6392 = EDGE_CURVE('',#6226,#6393,#6395,.T.);
#6393 = VERTEX_POINT('',#6394);
#6394 = CARTESIAN_POINT('',(2.6,2.1,0.85));
#6395 = CIRCLE('',#6396,5.E-02);
#6396 = AXIS2_PLACEMENT_3D('',#6397,#6398,#6399);
#6397 = CARTESIAN_POINT('',(2.55,2.1,0.85));
#6398 = DIRECTION('',(1.224646799147E-16,1.,0.));
#6399 = DIRECTION('',(1.,-1.224646799147E-16,0.));
#6400 = ORIENTED_EDGE('',*,*,#6401,.T.);
#6401 = EDGE_CURVE('',#6393,#6402,#6404,.T.);
#6402 = VERTEX_POINT('',#6403);
#6403 = CARTESIAN_POINT('',(2.6,2.1,0.15));
#6404 = LINE('',#6405,#6406);
#6405 = CARTESIAN_POINT('',(2.6,2.1,5.E-02));
#6406 = VECTOR('',#6407,1.);
#6407 = DIRECTION('',(0.,-0.,-1.));
#6408 = ORIENTED_EDGE('',*,*,#6409,.T.);
#6409 = EDGE_CURVE('',#6402,#6164,#6410,.T.);
#6410 = CIRCLE('',#6411,5.E-02);
#6411 = AXIS2_PLACEMENT_3D('',#6412,#6413,#6414);
#6412 = CARTESIAN_POINT('',(2.55,2.1,0.15));
#6413 = DIRECTION('',(1.224646799147E-16,1.,0.));
#6414 = DIRECTION('',(1.,-1.224646799147E-16,0.));
#6415 = ORIENTED_EDGE('',*,*,#6171,.T.);
#6416 = ORIENTED_EDGE('',*,*,#6147,.T.);
#6417 = ORIENTED_EDGE('',*,*,#6139,.F.);
#6418 = ORIENTED_EDGE('',*,*,#6419,.F.);
#6419 = EDGE_CURVE('',#6420,#6132,#6422,.T.);
#6420 = VERTEX_POINT('',#6421);
#6421 = CARTESIAN_POINT('',(1.8,2.1,0.));
#6422 = LINE('',#6423,#6424);
#6423 = CARTESIAN_POINT('',(1.8,2.1,0.));
#6424 = VECTOR('',#6425,1.);
#6425 = DIRECTION('',(0.,0.,1.));
#6426 = ORIENTED_EDGE('',*,*,#6427,.F.);
#6427 = EDGE_CURVE('',#6366,#6420,#6428,.T.);
#6428 = LINE('',#6429,#6430);
#6429 = CARTESIAN_POINT('',(2.7,2.1,0.));
#6430 = VECTOR('',#6431,1.);
#6431 = DIRECTION('',(-1.,1.224646799147E-16,0.));
#6432 = PLANE('',#6433);
#6433 = AXIS2_PLACEMENT_3D('',#6434,#6435,#6436);
#6434 = CARTESIAN_POINT('',(2.7,2.1,0.));
#6435 = DIRECTION('',(-1.224646799147E-16,-1.,0.));
#6436 = DIRECTION('',(-1.,1.224646799147E-16,0.));
#6437 = ADVANCED_FACE('',(#6438),#6463,.T.);
#6438 = FACE_BOUND('',#6439,.T.);
#6439 = EDGE_LOOP('',(#6440,#6450,#6456,#6457));
#6440 = ORIENTED_EDGE('',*,*,#6441,.T.);
#6441 = EDGE_CURVE('',#6442,#6444,#6446,.T.);
#6442 = VERTEX_POINT('',#6443);
#6443 = CARTESIAN_POINT('',(2.65,-2.1,1.));
#6444 = VERTEX_POINT('',#6445);
#6445 = CARTESIAN_POINT('',(2.65,-1.2,1.));
#6446 = LINE('',#6447,#6448);
#6447 = CARTESIAN_POINT('',(2.65,-2.1,1.));
#6448 = VECTOR('',#6449,1.);
#6449 = DIRECTION('',(1.224646799147E-16,1.,0.));
#6450 = ORIENTED_EDGE('',*,*,#6451,.T.);
#6451 = EDGE_CURVE('',#6444,#5795,#6452,.T.);
#6452 = LINE('',#6453,#6454);
#6453 = CARTESIAN_POINT('',(2.7,-1.2,1.));
#6454 = VECTOR('',#6455,1.);
#6455 = DIRECTION('',(-1.,1.224646799147E-16,0.));
#6456 = ORIENTED_EDGE('',*,*,#5792,.F.);
#6457 = ORIENTED_EDGE('',*,*,#6458,.T.);
#6458 = EDGE_CURVE('',#5793,#6442,#6459,.T.);
#6459 = LINE('',#6460,#6461);
#6460 = CARTESIAN_POINT('',(1.8,-2.1,1.));
#6461 = VECTOR('',#6462,1.);
#6462 = DIRECTION('',(1.,-1.224646799147E-16,0.));
#6463 = PLANE('',#6464);
#6464 = AXIS2_PLACEMENT_3D('',#6465,#6466,#6467);
#6465 = CARTESIAN_POINT('',(2.25,-1.65,1.));
#6466 = DIRECTION('',(0.,0.,1.));
#6467 = DIRECTION('',(-1.,1.224646799147E-16,0.));
#6468 = ADVANCED_FACE('',(#6469),#6548,.F.);
#6469 = FACE_BOUND('',#6470,.F.);
#6470 = EDGE_LOOP('',(#6471,#6482,#6490,#6497,#6498,#6499,#6507,#6516,
    #6524,#6531,#6532,#6533,#6534,#6542));
#6471 = ORIENTED_EDGE('',*,*,#6472,.F.);
#6472 = EDGE_CURVE('',#6473,#6475,#6477,.T.);
#6473 = VERTEX_POINT('',#6474);
#6474 = CARTESIAN_POINT('',(2.7,-1.2,5.E-02));
#6475 = VERTEX_POINT('',#6476);
#6476 = CARTESIAN_POINT('',(2.65,-1.2,-6.938893903907E-18));
#6477 = CIRCLE('',#6478,5.E-02);
#6478 = AXIS2_PLACEMENT_3D('',#6479,#6480,#6481);
#6479 = CARTESIAN_POINT('',(2.65,-1.2,5.E-02));
#6480 = DIRECTION('',(1.224646799147E-16,1.,0.));
#6481 = DIRECTION('',(0.,0.,-1.));
#6482 = ORIENTED_EDGE('',*,*,#6483,.T.);
#6483 = EDGE_CURVE('',#6473,#6484,#6486,.T.);
#6484 = VERTEX_POINT('',#6485);
#6485 = CARTESIAN_POINT('',(2.7,-1.2,0.95));
#6486 = LINE('',#6487,#6488);
#6487 = CARTESIAN_POINT('',(2.7,-1.2,0.));
#6488 = VECTOR('',#6489,1.);
#6489 = DIRECTION('',(0.,0.,1.));
#6490 = ORIENTED_EDGE('',*,*,#6491,.T.);
#6491 = EDGE_CURVE('',#6484,#6444,#6492,.T.);
#6492 = CIRCLE('',#6493,5.E-02);
#6493 = AXIS2_PLACEMENT_3D('',#6494,#6495,#6496);
#6494 = CARTESIAN_POINT('',(2.65,-1.2,0.95));
#6495 = DIRECTION('',(-1.224646799147E-16,-1.,0.));
#6496 = DIRECTION('',(-0.,0.,-1.));
#6497 = ORIENTED_EDGE('',*,*,#6451,.T.);
#6498 = ORIENTED_EDGE('',*,*,#5818,.F.);
#6499 = ORIENTED_EDGE('',*,*,#6500,.F.);
#6500 = EDGE_CURVE('',#6501,#5811,#6503,.T.);
#6501 = VERTEX_POINT('',#6502);
#6502 = CARTESIAN_POINT('',(2.55,-1.2,0.9));
#6503 = LINE('',#6504,#6505);
#6504 = CARTESIAN_POINT('',(2.475,-1.2,0.9));
#6505 = VECTOR('',#6506,1.);
#6506 = DIRECTION('',(-1.,1.224646799147E-16,4.996063166392E-32));
#6507 = ORIENTED_EDGE('',*,*,#6508,.T.);
#6508 = EDGE_CURVE('',#6501,#6509,#6511,.T.);
#6509 = VERTEX_POINT('',#6510);
#6510 = CARTESIAN_POINT('',(2.6,-1.2,0.85));
#6511 = CIRCLE('',#6512,5.E-02);
#6512 = AXIS2_PLACEMENT_3D('',#6513,#6514,#6515);
#6513 = CARTESIAN_POINT('',(2.55,-1.2,0.85));
#6514 = DIRECTION('',(1.224646799147E-16,1.,0.));
#6515 = DIRECTION('',(1.,-1.224646799147E-16,0.));
#6516 = ORIENTED_EDGE('',*,*,#6517,.T.);
#6517 = EDGE_CURVE('',#6509,#6518,#6520,.T.);
#6518 = VERTEX_POINT('',#6519);
#6519 = CARTESIAN_POINT('',(2.6,-1.2,0.15));
#6520 = LINE('',#6521,#6522);
#6521 = CARTESIAN_POINT('',(2.6,-1.2,5.E-02));
#6522 = VECTOR('',#6523,1.);
#6523 = DIRECTION('',(0.,-0.,-1.));
#6524 = ORIENTED_EDGE('',*,*,#6525,.T.);
#6525 = EDGE_CURVE('',#6518,#6195,#6526,.T.);
#6526 = CIRCLE('',#6527,5.E-02);
#6527 = AXIS2_PLACEMENT_3D('',#6528,#6529,#6530);
#6528 = CARTESIAN_POINT('',(2.55,-1.2,0.15));
#6529 = DIRECTION('',(1.224646799147E-16,1.,0.));
#6530 = DIRECTION('',(1.,-1.224646799147E-16,0.));
#6531 = ORIENTED_EDGE('',*,*,#6202,.T.);
#6532 = ORIENTED_EDGE('',*,*,#6108,.T.);
#6533 = ORIENTED_EDGE('',*,*,#6100,.F.);
#6534 = ORIENTED_EDGE('',*,*,#6535,.F.);
#6535 = EDGE_CURVE('',#6536,#6093,#6538,.T.);
#6536 = VERTEX_POINT('',#6537);
#6537 = CARTESIAN_POINT('',(1.8,-1.2,0.));
#6538 = LINE('',#6539,#6540);
#6539 = CARTESIAN_POINT('',(1.8,-1.2,0.));
#6540 = VECTOR('',#6541,1.);
#6541 = DIRECTION('',(0.,0.,1.));
#6542 = ORIENTED_EDGE('',*,*,#6543,.F.);
#6543 = EDGE_CURVE('',#6475,#6536,#6544,.T.);
#6544 = LINE('',#6545,#6546);
#6545 = CARTESIAN_POINT('',(2.7,-1.2,0.));
#6546 = VECTOR('',#6547,1.);
#6547 = DIRECTION('',(-1.,1.224646799147E-16,0.));
#6548 = PLANE('',#6549);
#6549 = AXIS2_PLACEMENT_3D('',#6550,#6551,#6552);
#6550 = CARTESIAN_POINT('',(2.7,-1.2,0.));
#6551 = DIRECTION('',(-1.224646799147E-16,-1.,0.));
#6552 = DIRECTION('',(-1.,1.224646799147E-16,0.));
#6553 = ADVANCED_FACE('',(#6554),#6572,.F.);
#6554 = FACE_BOUND('',#6555,.F.);
#6555 = EDGE_LOOP('',(#6556,#6564,#6565,#6566));
#6556 = ORIENTED_EDGE('',*,*,#6557,.T.);
#6557 = EDGE_CURVE('',#6558,#6501,#6560,.T.);
#6558 = VERTEX_POINT('',#6559);
#6559 = CARTESIAN_POINT('',(2.55,-2.1,0.9));
#6560 = LINE('',#6561,#6562);
#6561 = CARTESIAN_POINT('',(2.55,-2.2,0.9));
#6562 = VECTOR('',#6563,1.);
#6563 = DIRECTION('',(1.224646799147E-16,1.,0.));
#6564 = ORIENTED_EDGE('',*,*,#6500,.T.);
#6565 = ORIENTED_EDGE('',*,*,#5810,.F.);
#6566 = ORIENTED_EDGE('',*,*,#6567,.T.);
#6567 = EDGE_CURVE('',#5803,#6558,#6568,.T.);
#6568 = LINE('',#6569,#6570);
#6569 = CARTESIAN_POINT('',(2.025,-2.1,0.9));
#6570 = VECTOR('',#6571,1.);
#6571 = DIRECTION('',(1.,-1.224646799147E-16,-4.996063166392E-32));
#6572 = PLANE('',#6573);
#6573 = AXIS2_PLACEMENT_3D('',#6574,#6575,#6576);
#6574 = CARTESIAN_POINT('',(2.25,-1.65,0.9));
#6575 = DIRECTION('',(4.996063166392E-32,3.890767564419E-33,1.));
#6576 = DIRECTION('',(-1.,1.224646799147E-16,4.996063166392E-32));
#6577 = ADVANCED_FACE('',(#6578),#6650,.F.);
#6578 = FACE_BOUND('',#6579,.F.);
#6579 = EDGE_LOOP('',(#6580,#6590,#6599,#6607,#6613,#6614,#6615,#6616,
    #6625,#6633,#6640,#6641,#6642,#6643));
#6580 = ORIENTED_EDGE('',*,*,#6581,.F.);
#6581 = EDGE_CURVE('',#6582,#6584,#6586,.T.);
#6582 = VERTEX_POINT('',#6583);
#6583 = CARTESIAN_POINT('',(2.7,-2.1,5.E-02));
#6584 = VERTEX_POINT('',#6585);
#6585 = CARTESIAN_POINT('',(2.7,-2.1,0.95));
#6586 = LINE('',#6587,#6588);
#6587 = CARTESIAN_POINT('',(2.7,-2.1,0.));
#6588 = VECTOR('',#6589,1.);
#6589 = DIRECTION('',(0.,0.,1.));
#6590 = ORIENTED_EDGE('',*,*,#6591,.T.);
#6591 = EDGE_CURVE('',#6582,#6592,#6594,.T.);
#6592 = VERTEX_POINT('',#6593);
#6593 = CARTESIAN_POINT('',(2.65,-2.1,-6.938893903907E-18));
#6594 = CIRCLE('',#6595,5.E-02);
#6595 = AXIS2_PLACEMENT_3D('',#6596,#6597,#6598);
#6596 = CARTESIAN_POINT('',(2.65,-2.1,5.E-02));
#6597 = DIRECTION('',(1.224646799147E-16,1.,0.));
#6598 = DIRECTION('',(0.,0.,-1.));
#6599 = ORIENTED_EDGE('',*,*,#6600,.F.);
#6600 = EDGE_CURVE('',#6601,#6592,#6603,.T.);
#6601 = VERTEX_POINT('',#6602);
#6602 = CARTESIAN_POINT('',(1.8,-2.1,0.));
#6603 = LINE('',#6604,#6605);
#6604 = CARTESIAN_POINT('',(1.8,-2.1,0.));
#6605 = VECTOR('',#6606,1.);
#6606 = DIRECTION('',(1.,-1.224646799147E-16,0.));
#6607 = ORIENTED_EDGE('',*,*,#6608,.T.);
#6608 = EDGE_CURVE('',#6601,#6085,#6609,.T.);
#6609 = LINE('',#6610,#6611);
#6610 = CARTESIAN_POINT('',(1.8,-2.1,0.));
#6611 = VECTOR('',#6612,1.);
#6612 = DIRECTION('',(0.,0.,1.));
#6613 = ORIENTED_EDGE('',*,*,#6084,.F.);
#6614 = ORIENTED_EDGE('',*,*,#6076,.T.);
#6615 = ORIENTED_EDGE('',*,*,#6209,.T.);
#6616 = ORIENTED_EDGE('',*,*,#6617,.F.);
#6617 = EDGE_CURVE('',#6618,#6193,#6620,.T.);
#6618 = VERTEX_POINT('',#6619);
#6619 = CARTESIAN_POINT('',(2.6,-2.1,0.15));
#6620 = CIRCLE('',#6621,5.E-02);
#6621 = AXIS2_PLACEMENT_3D('',#6622,#6623,#6624);
#6622 = CARTESIAN_POINT('',(2.55,-2.1,0.15));
#6623 = DIRECTION('',(1.224646799147E-16,1.,0.));
#6624 = DIRECTION('',(1.,-1.224646799147E-16,0.));
#6625 = ORIENTED_EDGE('',*,*,#6626,.T.);
#6626 = EDGE_CURVE('',#6618,#6627,#6629,.T.);
#6627 = VERTEX_POINT('',#6628);
#6628 = CARTESIAN_POINT('',(2.6,-2.1,0.85));
#6629 = LINE('',#6630,#6631);
#6630 = CARTESIAN_POINT('',(2.6,-2.1,5.E-02));
#6631 = VECTOR('',#6632,1.);
#6632 = DIRECTION('',(0.,0.,1.));
#6633 = ORIENTED_EDGE('',*,*,#6634,.F.);
#6634 = EDGE_CURVE('',#6558,#6627,#6635,.T.);
#6635 = CIRCLE('',#6636,5.E-02);
#6636 = AXIS2_PLACEMENT_3D('',#6637,#6638,#6639);
#6637 = CARTESIAN_POINT('',(2.55,-2.1,0.85));
#6638 = DIRECTION('',(1.224646799147E-16,1.,0.));
#6639 = DIRECTION('',(1.,-1.224646799147E-16,0.));
#6640 = ORIENTED_EDGE('',*,*,#6567,.F.);
#6641 = ORIENTED_EDGE('',*,*,#5802,.F.);
#6642 = ORIENTED_EDGE('',*,*,#6458,.T.);
#6643 = ORIENTED_EDGE('',*,*,#6644,.F.);
#6644 = EDGE_CURVE('',#6584,#6442,#6645,.T.);
#6645 = CIRCLE('',#6646,5.E-02);
#6646 = AXIS2_PLACEMENT_3D('',#6647,#6648,#6649);
#6647 = CARTESIAN_POINT('',(2.65,-2.1,0.95));
#6648 = DIRECTION('',(-1.224646799147E-16,-1.,0.));
#6649 = DIRECTION('',(-0.,0.,-1.));
#6650 = PLANE('',#6651);
#6651 = AXIS2_PLACEMENT_3D('',#6652,#6653,#6654);
#6652 = CARTESIAN_POINT('',(1.8,-2.1,0.));
#6653 = DIRECTION('',(1.224646799147E-16,1.,0.));
#6654 = DIRECTION('',(1.,-1.224646799147E-16,0.));
#6655 = ADVANCED_FACE('',(#6656),#6681,.T.);
#6656 = FACE_BOUND('',#6657,.T.);
#6657 = EDGE_LOOP('',(#6658,#6659,#6667,#6675));
#6658 = ORIENTED_EDGE('',*,*,#5866,.F.);
#6659 = ORIENTED_EDGE('',*,*,#6660,.T.);
#6660 = EDGE_CURVE('',#5867,#6661,#6663,.T.);
#6661 = VERTEX_POINT('',#6662);
#6662 = CARTESIAN_POINT('',(-2.55,2.1,0.1));
#6663 = LINE('',#6664,#6665);
#6664 = CARTESIAN_POINT('',(-2.025,2.1,0.1));
#6665 = VECTOR('',#6666,1.);
#6666 = DIRECTION('',(-1.,1.224646799147E-16,-4.996063166392E-32));
#6667 = ORIENTED_EDGE('',*,*,#6668,.T.);
#6668 = EDGE_CURVE('',#6661,#6669,#6671,.T.);
#6669 = VERTEX_POINT('',#6670);
#6670 = CARTESIAN_POINT('',(-2.55,1.2,0.1));
#6671 = LINE('',#6672,#6673);
#6672 = CARTESIAN_POINT('',(-2.55,2.2,0.1));
#6673 = VECTOR('',#6674,1.);
#6674 = DIRECTION('',(-1.224646799147E-16,-1.,0.));
#6675 = ORIENTED_EDGE('',*,*,#6676,.T.);
#6676 = EDGE_CURVE('',#6669,#5859,#6677,.T.);
#6677 = LINE('',#6678,#6679);
#6678 = CARTESIAN_POINT('',(-2.475,1.2,0.1));
#6679 = VECTOR('',#6680,1.);
#6680 = DIRECTION('',(1.,-1.224646799147E-16,4.996063166392E-32));
#6681 = PLANE('',#6682);
#6682 = AXIS2_PLACEMENT_3D('',#6683,#6684,#6685);
#6683 = CARTESIAN_POINT('',(-2.25,1.65,0.1));
#6684 = DIRECTION('',(-4.996063166392E-32,1.556307025767E-32,1.));
#6685 = DIRECTION('',(-1.,1.224646799147E-16,-4.996063166392E-32));
#6686 = ADVANCED_FACE('',(#6687),#6712,.T.);
#6687 = FACE_BOUND('',#6688,.T.);
#6688 = EDGE_LOOP('',(#6689,#6690,#6698,#6706));
#6689 = ORIENTED_EDGE('',*,*,#5850,.F.);
#6690 = ORIENTED_EDGE('',*,*,#6691,.T.);
#6691 = EDGE_CURVE('',#5851,#6692,#6694,.T.);
#6692 = VERTEX_POINT('',#6693);
#6693 = CARTESIAN_POINT('',(-2.55,-1.2,0.1));
#6694 = LINE('',#6695,#6696);
#6695 = CARTESIAN_POINT('',(-2.025,-1.2,0.1));
#6696 = VECTOR('',#6697,1.);
#6697 = DIRECTION('',(-1.,1.224646799147E-16,-4.996063166392E-32));
#6698 = ORIENTED_EDGE('',*,*,#6699,.T.);
#6699 = EDGE_CURVE('',#6692,#6700,#6702,.T.);
#6700 = VERTEX_POINT('',#6701);
#6701 = CARTESIAN_POINT('',(-2.55,-2.1,0.1));
#6702 = LINE('',#6703,#6704);
#6703 = CARTESIAN_POINT('',(-2.55,-1.1,0.1));
#6704 = VECTOR('',#6705,1.);
#6705 = DIRECTION('',(-1.224646799147E-16,-1.,0.));
#6706 = ORIENTED_EDGE('',*,*,#6707,.T.);
#6707 = EDGE_CURVE('',#6700,#5843,#6708,.T.);
#6708 = LINE('',#6709,#6710);
#6709 = CARTESIAN_POINT('',(-2.475,-2.1,0.1));
#6710 = VECTOR('',#6711,1.);
#6711 = DIRECTION('',(1.,-1.224646799147E-16,4.996063166392E-32));
#6712 = PLANE('',#6713);
#6713 = AXIS2_PLACEMENT_3D('',#6714,#6715,#6716);
#6714 = CARTESIAN_POINT('',(-2.25,-1.65,0.1));
#6715 = DIRECTION('',(-4.996063166392E-32,3.890767564419E-33,1.));
#6716 = DIRECTION('',(-1.,1.224646799147E-16,-4.996063166392E-32));
#6717 = ADVANCED_FACE('',(#6718),#6743,.T.);
#6718 = FACE_BOUND('',#6719,.T.);
#6719 = EDGE_LOOP('',(#6720,#6721,#6729,#6737));
#6720 = ORIENTED_EDGE('',*,*,#5882,.F.);
#6721 = ORIENTED_EDGE('',*,*,#6722,.T.);
#6722 = EDGE_CURVE('',#5883,#6723,#6725,.T.);
#6723 = VERTEX_POINT('',#6724);
#6724 = CARTESIAN_POINT('',(-2.65,-1.2,1.));
#6725 = LINE('',#6726,#6727);
#6726 = CARTESIAN_POINT('',(-1.8,-1.2,1.));
#6727 = VECTOR('',#6728,1.);
#6728 = DIRECTION('',(-1.,1.224646799147E-16,0.));
#6729 = ORIENTED_EDGE('',*,*,#6730,.T.);
#6730 = EDGE_CURVE('',#6723,#6731,#6733,.T.);
#6731 = VERTEX_POINT('',#6732);
#6732 = CARTESIAN_POINT('',(-2.65,-2.1,1.));
#6733 = LINE('',#6734,#6735);
#6734 = CARTESIAN_POINT('',(-2.65,-1.2,1.));
#6735 = VECTOR('',#6736,1.);
#6736 = DIRECTION('',(-1.224646799147E-16,-1.,0.));
#6737 = ORIENTED_EDGE('',*,*,#6738,.T.);
#6738 = EDGE_CURVE('',#6731,#5885,#6739,.T.);
#6739 = LINE('',#6740,#6741);
#6740 = CARTESIAN_POINT('',(-2.7,-2.1,1.));
#6741 = VECTOR('',#6742,1.);
#6742 = DIRECTION('',(1.,-1.224646799147E-16,0.));
#6743 = PLANE('',#6744);
#6744 = AXIS2_PLACEMENT_3D('',#6745,#6746,#6747);
#6745 = CARTESIAN_POINT('',(-2.25,-1.65,1.));
#6746 = DIRECTION('',(0.,0.,1.));
#6747 = DIRECTION('',(-1.,1.224646799147E-16,0.));
#6748 = ADVANCED_FACE('',(#6749),#6828,.F.);
#6749 = FACE_BOUND('',#6750,.F.);
#6750 = EDGE_LOOP('',(#6751,#6762,#6770,#6777,#6778,#6779,#6787,#6796,
    #6804,#6811,#6812,#6813,#6814,#6822));
#6751 = ORIENTED_EDGE('',*,*,#6752,.F.);
#6752 = EDGE_CURVE('',#6753,#6755,#6757,.T.);
#6753 = VERTEX_POINT('',#6754);
#6754 = CARTESIAN_POINT('',(-2.7,-2.1,5.E-02));
#6755 = VERTEX_POINT('',#6756);
#6756 = CARTESIAN_POINT('',(-2.65,-2.1,-6.938893903907E-18));
#6757 = CIRCLE('',#6758,5.E-02);
#6758 = AXIS2_PLACEMENT_3D('',#6759,#6760,#6761);
#6759 = CARTESIAN_POINT('',(-2.65,-2.1,5.E-02));
#6760 = DIRECTION('',(-1.224646799147E-16,-1.,0.));
#6761 = DIRECTION('',(0.,0.,1.));
#6762 = ORIENTED_EDGE('',*,*,#6763,.T.);
#6763 = EDGE_CURVE('',#6753,#6764,#6766,.T.);
#6764 = VERTEX_POINT('',#6765);
#6765 = CARTESIAN_POINT('',(-2.7,-2.1,0.95));
#6766 = LINE('',#6767,#6768);
#6767 = CARTESIAN_POINT('',(-2.7,-2.1,0.));
#6768 = VECTOR('',#6769,1.);
#6769 = DIRECTION('',(0.,0.,1.));
#6770 = ORIENTED_EDGE('',*,*,#6771,.F.);
#6771 = EDGE_CURVE('',#6731,#6764,#6772,.T.);
#6772 = CIRCLE('',#6773,5.E-02);
#6773 = AXIS2_PLACEMENT_3D('',#6774,#6775,#6776);
#6774 = CARTESIAN_POINT('',(-2.65,-2.1,0.95));
#6775 = DIRECTION('',(-1.224646799147E-16,-1.,0.));
#6776 = DIRECTION('',(0.,0.,1.));
#6777 = ORIENTED_EDGE('',*,*,#6738,.T.);
#6778 = ORIENTED_EDGE('',*,*,#5908,.F.);
#6779 = ORIENTED_EDGE('',*,*,#6780,.F.);
#6780 = EDGE_CURVE('',#6781,#5901,#6783,.T.);
#6781 = VERTEX_POINT('',#6782);
#6782 = CARTESIAN_POINT('',(-2.55,-2.1,0.9));
#6783 = LINE('',#6784,#6785);
#6784 = CARTESIAN_POINT('',(-2.475,-2.1,0.9));
#6785 = VECTOR('',#6786,1.);
#6786 = DIRECTION('',(1.,-1.224646799147E-16,4.996063166392E-32));
#6787 = ORIENTED_EDGE('',*,*,#6788,.T.);
#6788 = EDGE_CURVE('',#6781,#6789,#6791,.T.);
#6789 = VERTEX_POINT('',#6790);
#6790 = CARTESIAN_POINT('',(-2.6,-2.1,0.85));
#6791 = CIRCLE('',#6792,5.E-02);
#6792 = AXIS2_PLACEMENT_3D('',#6793,#6794,#6795);
#6793 = CARTESIAN_POINT('',(-2.55,-2.1,0.85));
#6794 = DIRECTION('',(-1.224646799147E-16,-1.,0.));
#6795 = DIRECTION('',(-1.,1.224646799147E-16,0.));
#6796 = ORIENTED_EDGE('',*,*,#6797,.T.);
#6797 = EDGE_CURVE('',#6789,#6798,#6800,.T.);
#6798 = VERTEX_POINT('',#6799);
#6799 = CARTESIAN_POINT('',(-2.6,-2.1,0.15));
#6800 = LINE('',#6801,#6802);
#6801 = CARTESIAN_POINT('',(-2.6,-2.1,5.E-02));
#6802 = VECTOR('',#6803,1.);
#6803 = DIRECTION('',(0.,0.,-1.));
#6804 = ORIENTED_EDGE('',*,*,#6805,.T.);
#6805 = EDGE_CURVE('',#6798,#6700,#6806,.T.);
#6806 = CIRCLE('',#6807,5.E-02);
#6807 = AXIS2_PLACEMENT_3D('',#6808,#6809,#6810);
#6808 = CARTESIAN_POINT('',(-2.55,-2.1,0.15));
#6809 = DIRECTION('',(-1.224646799147E-16,-1.,0.));
#6810 = DIRECTION('',(4.996063166392E-32,-6.118412765058E-48,-1.));
#6811 = ORIENTED_EDGE('',*,*,#6707,.T.);
#6812 = ORIENTED_EDGE('',*,*,#6067,.T.);
#6813 = ORIENTED_EDGE('',*,*,#6059,.F.);
#6814 = ORIENTED_EDGE('',*,*,#6815,.F.);
#6815 = EDGE_CURVE('',#6816,#6052,#6818,.T.);
#6816 = VERTEX_POINT('',#6817);
#6817 = CARTESIAN_POINT('',(-1.8,-2.1,0.));
#6818 = LINE('',#6819,#6820);
#6819 = CARTESIAN_POINT('',(-1.8,-2.1,0.));
#6820 = VECTOR('',#6821,1.);
#6821 = DIRECTION('',(0.,0.,1.));
#6822 = ORIENTED_EDGE('',*,*,#6823,.F.);
#6823 = EDGE_CURVE('',#6755,#6816,#6824,.T.);
#6824 = LINE('',#6825,#6826);
#6825 = CARTESIAN_POINT('',(-2.7,-2.1,0.));
#6826 = VECTOR('',#6827,1.);
#6827 = DIRECTION('',(1.,-1.224646799147E-16,0.));
#6828 = PLANE('',#6829);
#6829 = AXIS2_PLACEMENT_3D('',#6830,#6831,#6832);
#6830 = CARTESIAN_POINT('',(-2.7,-2.1,0.));
#6831 = DIRECTION('',(1.224646799147E-16,1.,0.));
#6832 = DIRECTION('',(1.,-1.224646799147E-16,0.));
#6833 = ADVANCED_FACE('',(#6834),#6852,.F.);
#6834 = FACE_BOUND('',#6835,.F.);
#6835 = EDGE_LOOP('',(#6836,#6837,#6845,#6851));
#6836 = ORIENTED_EDGE('',*,*,#5900,.F.);
#6837 = ORIENTED_EDGE('',*,*,#6838,.T.);
#6838 = EDGE_CURVE('',#5893,#6839,#6841,.T.);
#6839 = VERTEX_POINT('',#6840);
#6840 = CARTESIAN_POINT('',(-2.55,-1.2,0.9));
#6841 = LINE('',#6842,#6843);
#6842 = CARTESIAN_POINT('',(-2.025,-1.2,0.9));
#6843 = VECTOR('',#6844,1.);
#6844 = DIRECTION('',(-1.,1.224646799147E-16,-4.996063166392E-32));
#6845 = ORIENTED_EDGE('',*,*,#6846,.T.);
#6846 = EDGE_CURVE('',#6839,#6781,#6847,.T.);
#6847 = LINE('',#6848,#6849);
#6848 = CARTESIAN_POINT('',(-2.55,-1.1,0.9));
#6849 = VECTOR('',#6850,1.);
#6850 = DIRECTION('',(-1.224646799147E-16,-1.,0.));
#6851 = ORIENTED_EDGE('',*,*,#6780,.T.);
#6852 = PLANE('',#6853);
#6853 = AXIS2_PLACEMENT_3D('',#6854,#6855,#6856);
#6854 = CARTESIAN_POINT('',(-2.25,-1.65,0.9));
#6855 = DIRECTION('',(-4.996063166392E-32,3.890767564419E-33,1.));
#6856 = DIRECTION('',(-1.,1.224646799147E-16,-4.996063166392E-32));
#6857 = ADVANCED_FACE('',(#6858),#6930,.F.);
#6858 = FACE_BOUND('',#6859,.F.);
#6859 = EDGE_LOOP('',(#6860,#6870,#6879,#6887,#6893,#6894,#6895,#6896,
    #6905,#6913,#6920,#6921,#6922,#6923));
#6860 = ORIENTED_EDGE('',*,*,#6861,.F.);
#6861 = EDGE_CURVE('',#6862,#6864,#6866,.T.);
#6862 = VERTEX_POINT('',#6863);
#6863 = CARTESIAN_POINT('',(-2.7,-1.2,5.E-02));
#6864 = VERTEX_POINT('',#6865);
#6865 = CARTESIAN_POINT('',(-2.7,-1.2,0.95));
#6866 = LINE('',#6867,#6868);
#6867 = CARTESIAN_POINT('',(-2.7,-1.2,0.));
#6868 = VECTOR('',#6869,1.);
#6869 = DIRECTION('',(0.,0.,1.));
#6870 = ORIENTED_EDGE('',*,*,#6871,.T.);
#6871 = EDGE_CURVE('',#6862,#6872,#6874,.T.);
#6872 = VERTEX_POINT('',#6873);
#6873 = CARTESIAN_POINT('',(-2.65,-1.2,-6.938893903907E-18));
#6874 = CIRCLE('',#6875,5.E-02);
#6875 = AXIS2_PLACEMENT_3D('',#6876,#6877,#6878);
#6876 = CARTESIAN_POINT('',(-2.65,-1.2,5.E-02));
#6877 = DIRECTION('',(-1.224646799147E-16,-1.,0.));
#6878 = DIRECTION('',(0.,0.,1.));
#6879 = ORIENTED_EDGE('',*,*,#6880,.F.);
#6880 = EDGE_CURVE('',#6881,#6872,#6883,.T.);
#6881 = VERTEX_POINT('',#6882);
#6882 = CARTESIAN_POINT('',(-1.8,-1.2,0.));
#6883 = LINE('',#6884,#6885);
#6884 = CARTESIAN_POINT('',(-1.8,-1.2,0.));
#6885 = VECTOR('',#6886,1.);
#6886 = DIRECTION('',(-1.,1.224646799147E-16,0.));
#6887 = ORIENTED_EDGE('',*,*,#6888,.T.);
#6888 = EDGE_CURVE('',#6881,#6044,#6889,.T.);
#6889 = LINE('',#6890,#6891);
#6890 = CARTESIAN_POINT('',(-1.8,-1.2,0.));
#6891 = VECTOR('',#6892,1.);
#6892 = DIRECTION('',(0.,0.,1.));
#6893 = ORIENTED_EDGE('',*,*,#6043,.F.);
#6894 = ORIENTED_EDGE('',*,*,#6035,.T.);
#6895 = ORIENTED_EDGE('',*,*,#6691,.T.);
#6896 = ORIENTED_EDGE('',*,*,#6897,.F.);
#6897 = EDGE_CURVE('',#6898,#6692,#6900,.T.);
#6898 = VERTEX_POINT('',#6899);
#6899 = CARTESIAN_POINT('',(-2.6,-1.2,0.15));
#6900 = CIRCLE('',#6901,5.E-02);
#6901 = AXIS2_PLACEMENT_3D('',#6902,#6903,#6904);
#6902 = CARTESIAN_POINT('',(-2.55,-1.2,0.15));
#6903 = DIRECTION('',(-1.224646799147E-16,-1.,0.));
#6904 = DIRECTION('',(4.996063166392E-32,-6.118412765058E-48,-1.));
#6905 = ORIENTED_EDGE('',*,*,#6906,.T.);
#6906 = EDGE_CURVE('',#6898,#6907,#6909,.T.);
#6907 = VERTEX_POINT('',#6908);
#6908 = CARTESIAN_POINT('',(-2.6,-1.2,0.85));
#6909 = LINE('',#6910,#6911);
#6910 = CARTESIAN_POINT('',(-2.6,-1.2,5.E-02));
#6911 = VECTOR('',#6912,1.);
#6912 = DIRECTION('',(0.,0.,1.));
#6913 = ORIENTED_EDGE('',*,*,#6914,.F.);
#6914 = EDGE_CURVE('',#6839,#6907,#6915,.T.);
#6915 = CIRCLE('',#6916,5.E-02);
#6916 = AXIS2_PLACEMENT_3D('',#6917,#6918,#6919);
#6917 = CARTESIAN_POINT('',(-2.55,-1.2,0.85));
#6918 = DIRECTION('',(-1.224646799147E-16,-1.,0.));
#6919 = DIRECTION('',(-1.,1.224646799147E-16,0.));
#6920 = ORIENTED_EDGE('',*,*,#6838,.F.);
#6921 = ORIENTED_EDGE('',*,*,#5892,.F.);
#6922 = ORIENTED_EDGE('',*,*,#6722,.T.);
#6923 = ORIENTED_EDGE('',*,*,#6924,.T.);
#6924 = EDGE_CURVE('',#6723,#6864,#6925,.T.);
#6925 = CIRCLE('',#6926,5.E-02);
#6926 = AXIS2_PLACEMENT_3D('',#6927,#6928,#6929);
#6927 = CARTESIAN_POINT('',(-2.65,-1.2,0.95));
#6928 = DIRECTION('',(-1.224646799147E-16,-1.,0.));
#6929 = DIRECTION('',(0.,0.,1.));
#6930 = PLANE('',#6931);
#6931 = AXIS2_PLACEMENT_3D('',#6932,#6933,#6934);
#6932 = CARTESIAN_POINT('',(-1.8,-1.2,0.));
#6933 = DIRECTION('',(-1.224646799147E-16,-1.,0.));
#6934 = DIRECTION('',(-1.,1.224646799147E-16,0.));
#6935 = ADVANCED_FACE('',(#6936),#6961,.T.);
#6936 = FACE_BOUND('',#6937,.T.);
#6937 = EDGE_LOOP('',(#6938,#6939,#6947,#6955));
#6938 = ORIENTED_EDGE('',*,*,#5916,.F.);
#6939 = ORIENTED_EDGE('',*,*,#6940,.T.);
#6940 = EDGE_CURVE('',#5917,#6941,#6943,.T.);
#6941 = VERTEX_POINT('',#6942);
#6942 = CARTESIAN_POINT('',(-2.65,2.1,1.));
#6943 = LINE('',#6944,#6945);
#6944 = CARTESIAN_POINT('',(-1.8,2.1,1.));
#6945 = VECTOR('',#6946,1.);
#6946 = DIRECTION('',(-1.,1.224646799147E-16,0.));
#6947 = ORIENTED_EDGE('',*,*,#6948,.T.);
#6948 = EDGE_CURVE('',#6941,#6949,#6951,.T.);
#6949 = VERTEX_POINT('',#6950);
#6950 = CARTESIAN_POINT('',(-2.65,1.2,1.));
#6951 = LINE('',#6952,#6953);
#6952 = CARTESIAN_POINT('',(-2.65,2.1,1.));
#6953 = VECTOR('',#6954,1.);
#6954 = DIRECTION('',(-1.224646799147E-16,-1.,0.));
#6955 = ORIENTED_EDGE('',*,*,#6956,.T.);
#6956 = EDGE_CURVE('',#6949,#5919,#6957,.T.);
#6957 = LINE('',#6958,#6959);
#6958 = CARTESIAN_POINT('',(-2.7,1.2,1.));
#6959 = VECTOR('',#6960,1.);
#6960 = DIRECTION('',(1.,-1.224646799147E-16,0.));
#6961 = PLANE('',#6962);
#6962 = AXIS2_PLACEMENT_3D('',#6963,#6964,#6965);
#6963 = CARTESIAN_POINT('',(-2.25,1.65,1.));
#6964 = DIRECTION('',(0.,0.,1.));
#6965 = DIRECTION('',(-1.,1.224646799147E-16,0.));
#6966 = ADVANCED_FACE('',(#6967),#7046,.F.);
#6967 = FACE_BOUND('',#6968,.F.);
#6968 = EDGE_LOOP('',(#6969,#6980,#6988,#6995,#6996,#6997,#7005,#7014,
    #7022,#7029,#7030,#7031,#7032,#7040));
#6969 = ORIENTED_EDGE('',*,*,#6970,.F.);
#6970 = EDGE_CURVE('',#6971,#6973,#6975,.T.);
#6971 = VERTEX_POINT('',#6972);
#6972 = CARTESIAN_POINT('',(-2.7,1.2,5.E-02));
#6973 = VERTEX_POINT('',#6974);
#6974 = CARTESIAN_POINT('',(-2.65,1.2,-6.938893903907E-18));
#6975 = CIRCLE('',#6976,5.E-02);
#6976 = AXIS2_PLACEMENT_3D('',#6977,#6978,#6979);
#6977 = CARTESIAN_POINT('',(-2.65,1.2,5.E-02));
#6978 = DIRECTION('',(-1.224646799147E-16,-1.,0.));
#6979 = DIRECTION('',(0.,0.,1.));
#6980 = ORIENTED_EDGE('',*,*,#6981,.T.);
#6981 = EDGE_CURVE('',#6971,#6982,#6984,.T.);
#6982 = VERTEX_POINT('',#6983);
#6983 = CARTESIAN_POINT('',(-2.7,1.2,0.95));
#6984 = LINE('',#6985,#6986);
#6985 = CARTESIAN_POINT('',(-2.7,1.2,0.));
#6986 = VECTOR('',#6987,1.);
#6987 = DIRECTION('',(0.,0.,1.));
#6988 = ORIENTED_EDGE('',*,*,#6989,.F.);
#6989 = EDGE_CURVE('',#6949,#6982,#6990,.T.);
#6990 = CIRCLE('',#6991,5.E-02);
#6991 = AXIS2_PLACEMENT_3D('',#6992,#6993,#6994);
#6992 = CARTESIAN_POINT('',(-2.65,1.2,0.95));
#6993 = DIRECTION('',(-1.224646799147E-16,-1.,0.));
#6994 = DIRECTION('',(0.,0.,1.));
#6995 = ORIENTED_EDGE('',*,*,#6956,.T.);
#6996 = ORIENTED_EDGE('',*,*,#5942,.F.);
#6997 = ORIENTED_EDGE('',*,*,#6998,.F.);
#6998 = EDGE_CURVE('',#6999,#5935,#7001,.T.);
#6999 = VERTEX_POINT('',#7000);
#7000 = CARTESIAN_POINT('',(-2.55,1.2,0.9));
#7001 = LINE('',#7002,#7003);
#7002 = CARTESIAN_POINT('',(-2.475,1.2,0.9));
#7003 = VECTOR('',#7004,1.);
#7004 = DIRECTION('',(1.,-1.224646799147E-16,4.996063166392E-32));
#7005 = ORIENTED_EDGE('',*,*,#7006,.T.);
#7006 = EDGE_CURVE('',#6999,#7007,#7009,.T.);
#7007 = VERTEX_POINT('',#7008);
#7008 = CARTESIAN_POINT('',(-2.6,1.2,0.85));
#7009 = CIRCLE('',#7010,5.E-02);
#7010 = AXIS2_PLACEMENT_3D('',#7011,#7012,#7013);
#7011 = CARTESIAN_POINT('',(-2.55,1.2,0.85));
#7012 = DIRECTION('',(-1.224646799147E-16,-1.,0.));
#7013 = DIRECTION('',(-1.,1.224646799147E-16,0.));
#7014 = ORIENTED_EDGE('',*,*,#7015,.T.);
#7015 = EDGE_CURVE('',#7007,#7016,#7018,.T.);
#7016 = VERTEX_POINT('',#7017);
#7017 = CARTESIAN_POINT('',(-2.6,1.2,0.15));
#7018 = LINE('',#7019,#7020);
#7019 = CARTESIAN_POINT('',(-2.6,1.2,5.E-02));
#7020 = VECTOR('',#7021,1.);
#7021 = DIRECTION('',(0.,0.,-1.));
#7022 = ORIENTED_EDGE('',*,*,#7023,.T.);
#7023 = EDGE_CURVE('',#7016,#6669,#7024,.T.);
#7024 = CIRCLE('',#7025,5.E-02);
#7025 = AXIS2_PLACEMENT_3D('',#7026,#7027,#7028);
#7026 = CARTESIAN_POINT('',(-2.55,1.2,0.15));
#7027 = DIRECTION('',(-1.224646799147E-16,-1.,0.));
#7028 = DIRECTION('',(4.996063166392E-32,-6.118412765058E-48,-1.));
#7029 = ORIENTED_EDGE('',*,*,#6676,.T.);
#7030 = ORIENTED_EDGE('',*,*,#6028,.T.);
#7031 = ORIENTED_EDGE('',*,*,#6020,.F.);
#7032 = ORIENTED_EDGE('',*,*,#7033,.F.);
#7033 = EDGE_CURVE('',#7034,#6013,#7036,.T.);
#7034 = VERTEX_POINT('',#7035);
#7035 = CARTESIAN_POINT('',(-1.8,1.2,0.));
#7036 = LINE('',#7037,#7038);
#7037 = CARTESIAN_POINT('',(-1.8,1.2,0.));
#7038 = VECTOR('',#7039,1.);
#7039 = DIRECTION('',(0.,0.,1.));
#7040 = ORIENTED_EDGE('',*,*,#7041,.F.);
#7041 = EDGE_CURVE('',#6973,#7034,#7042,.T.);
#7042 = LINE('',#7043,#7044);
#7043 = CARTESIAN_POINT('',(-2.7,1.2,0.));
#7044 = VECTOR('',#7045,1.);
#7045 = DIRECTION('',(1.,-1.224646799147E-16,0.));
#7046 = PLANE('',#7047);
#7047 = AXIS2_PLACEMENT_3D('',#7048,#7049,#7050);
#7048 = CARTESIAN_POINT('',(-2.7,1.2,0.));
#7049 = DIRECTION('',(1.224646799147E-16,1.,0.));
#7050 = DIRECTION('',(1.,-1.224646799147E-16,0.));
#7051 = ADVANCED_FACE('',(#7052),#7070,.F.);
#7052 = FACE_BOUND('',#7053,.F.);
#7053 = EDGE_LOOP('',(#7054,#7055,#7063,#7069));
#7054 = ORIENTED_EDGE('',*,*,#5934,.F.);
#7055 = ORIENTED_EDGE('',*,*,#7056,.T.);
#7056 = EDGE_CURVE('',#5927,#7057,#7059,.T.);
#7057 = VERTEX_POINT('',#7058);
#7058 = CARTESIAN_POINT('',(-2.55,2.1,0.9));
#7059 = LINE('',#7060,#7061);
#7060 = CARTESIAN_POINT('',(-2.025,2.1,0.9));
#7061 = VECTOR('',#7062,1.);
#7062 = DIRECTION('',(-1.,1.224646799147E-16,-4.996063166392E-32));
#7063 = ORIENTED_EDGE('',*,*,#7064,.T.);
#7064 = EDGE_CURVE('',#7057,#6999,#7065,.T.);
#7065 = LINE('',#7066,#7067);
#7066 = CARTESIAN_POINT('',(-2.55,2.2,0.9));
#7067 = VECTOR('',#7068,1.);
#7068 = DIRECTION('',(-1.224646799147E-16,-1.,0.));
#7069 = ORIENTED_EDGE('',*,*,#6998,.T.);
#7070 = PLANE('',#7071);
#7071 = AXIS2_PLACEMENT_3D('',#7072,#7073,#7074);
#7072 = CARTESIAN_POINT('',(-2.25,1.65,0.9));
#7073 = DIRECTION('',(-4.996063166392E-32,1.556307025767E-32,1.));
#7074 = DIRECTION('',(-1.,1.224646799147E-16,-4.996063166392E-32));
#7075 = ADVANCED_FACE('',(#7076),#7148,.F.);
#7076 = FACE_BOUND('',#7077,.F.);
#7077 = EDGE_LOOP('',(#7078,#7088,#7097,#7105,#7111,#7112,#7113,#7114,
    #7123,#7131,#7138,#7139,#7140,#7141));
#7078 = ORIENTED_EDGE('',*,*,#7079,.F.);
#7079 = EDGE_CURVE('',#7080,#7082,#7084,.T.);
#7080 = VERTEX_POINT('',#7081);
#7081 = CARTESIAN_POINT('',(-2.7,2.1,5.E-02));
#7082 = VERTEX_POINT('',#7083);
#7083 = CARTESIAN_POINT('',(-2.7,2.1,0.95));
#7084 = LINE('',#7085,#7086);
#7085 = CARTESIAN_POINT('',(-2.7,2.1,0.));
#7086 = VECTOR('',#7087,1.);
#7087 = DIRECTION('',(0.,0.,1.));
#7088 = ORIENTED_EDGE('',*,*,#7089,.T.);
#7089 = EDGE_CURVE('',#7080,#7090,#7092,.T.);
#7090 = VERTEX_POINT('',#7091);
#7091 = CARTESIAN_POINT('',(-2.65,2.1,-6.938893903907E-18));
#7092 = CIRCLE('',#7093,5.E-02);
#7093 = AXIS2_PLACEMENT_3D('',#7094,#7095,#7096);
#7094 = CARTESIAN_POINT('',(-2.65,2.1,5.E-02));
#7095 = DIRECTION('',(-1.224646799147E-16,-1.,0.));
#7096 = DIRECTION('',(0.,0.,1.));
#7097 = ORIENTED_EDGE('',*,*,#7098,.F.);
#7098 = EDGE_CURVE('',#7099,#7090,#7101,.T.);
#7099 = VERTEX_POINT('',#7100);
#7100 = CARTESIAN_POINT('',(-1.8,2.1,0.));
#7101 = LINE('',#7102,#7103);
#7102 = CARTESIAN_POINT('',(-1.8,2.1,0.));
#7103 = VECTOR('',#7104,1.);
#7104 = DIRECTION('',(-1.,1.224646799147E-16,0.));
#7105 = ORIENTED_EDGE('',*,*,#7106,.T.);
#7106 = EDGE_CURVE('',#7099,#6005,#7107,.T.);
#7107 = LINE('',#7108,#7109);
#7108 = CARTESIAN_POINT('',(-1.8,2.1,0.));
#7109 = VECTOR('',#7110,1.);
#7110 = DIRECTION('',(0.,0.,1.));
#7111 = ORIENTED_EDGE('',*,*,#6004,.F.);
#7112 = ORIENTED_EDGE('',*,*,#5996,.T.);
#7113 = ORIENTED_EDGE('',*,*,#6660,.T.);
#7114 = ORIENTED_EDGE('',*,*,#7115,.F.);
#7115 = EDGE_CURVE('',#7116,#6661,#7118,.T.);
#7116 = VERTEX_POINT('',#7117);
#7117 = CARTESIAN_POINT('',(-2.6,2.1,0.15));
#7118 = CIRCLE('',#7119,5.E-02);
#7119 = AXIS2_PLACEMENT_3D('',#7120,#7121,#7122);
#7120 = CARTESIAN_POINT('',(-2.55,2.1,0.15));
#7121 = DIRECTION('',(-1.224646799147E-16,-1.,0.));
#7122 = DIRECTION('',(4.996063166392E-32,-6.118412765058E-48,-1.));
#7123 = ORIENTED_EDGE('',*,*,#7124,.T.);
#7124 = EDGE_CURVE('',#7116,#7125,#7127,.T.);
#7125 = VERTEX_POINT('',#7126);
#7126 = CARTESIAN_POINT('',(-2.6,2.1,0.85));
#7127 = LINE('',#7128,#7129);
#7128 = CARTESIAN_POINT('',(-2.6,2.1,5.E-02));
#7129 = VECTOR('',#7130,1.);
#7130 = DIRECTION('',(0.,0.,1.));
#7131 = ORIENTED_EDGE('',*,*,#7132,.F.);
#7132 = EDGE_CURVE('',#7057,#7125,#7133,.T.);
#7133 = CIRCLE('',#7134,5.E-02);
#7134 = AXIS2_PLACEMENT_3D('',#7135,#7136,#7137);
#7135 = CARTESIAN_POINT('',(-2.55,2.1,0.85));
#7136 = DIRECTION('',(-1.224646799147E-16,-1.,0.));
#7137 = DIRECTION('',(-1.,1.224646799147E-16,0.));
#7138 = ORIENTED_EDGE('',*,*,#7056,.F.);
#7139 = ORIENTED_EDGE('',*,*,#5926,.F.);
#7140 = ORIENTED_EDGE('',*,*,#6940,.T.);
#7141 = ORIENTED_EDGE('',*,*,#7142,.T.);
#7142 = EDGE_CURVE('',#6941,#7082,#7143,.T.);
#7143 = CIRCLE('',#7144,5.E-02);
#7144 = AXIS2_PLACEMENT_3D('',#7145,#7146,#7147);
#7145 = CARTESIAN_POINT('',(-2.65,2.1,0.95));
#7146 = DIRECTION('',(-1.224646799147E-16,-1.,0.));
#7147 = DIRECTION('',(0.,0.,1.));
#7148 = PLANE('',#7149);
#7149 = AXIS2_PLACEMENT_3D('',#7150,#7151,#7152);
#7150 = CARTESIAN_POINT('',(-1.8,2.1,0.));
#7151 = DIRECTION('',(-1.224646799147E-16,-1.,0.));
#7152 = DIRECTION('',(-1.,1.224646799147E-16,0.));
#7153 = ADVANCED_FACE('',(#7154),#7165,.F.);
#7154 = FACE_BOUND('',#7155,.F.);
#7155 = EDGE_LOOP('',(#7156,#7162,#7163,#7164));
#7156 = ORIENTED_EDGE('',*,*,#7157,.F.);
#7157 = EDGE_CURVE('',#6420,#6274,#7158,.T.);
#7158 = LINE('',#7159,#7160);
#7159 = CARTESIAN_POINT('',(1.8,2.1,0.));
#7160 = VECTOR('',#7161,1.);
#7161 = DIRECTION('',(-1.224646799147E-16,-1.,0.));
#7162 = ORIENTED_EDGE('',*,*,#6419,.T.);
#7163 = ORIENTED_EDGE('',*,*,#6131,.F.);
#7164 = ORIENTED_EDGE('',*,*,#6281,.F.);
#7165 = PLANE('',#7166);
#7166 = AXIS2_PLACEMENT_3D('',#7167,#7168,#7169);
#7167 = CARTESIAN_POINT('',(1.8,2.1,0.));
#7168 = DIRECTION('',(1.,-1.224646799147E-16,0.));
#7169 = DIRECTION('',(-1.224646799147E-16,-1.,0.));
#7170 = ADVANCED_FACE('',(#7171),#7182,.F.);
#7171 = FACE_BOUND('',#7172,.F.);
#7172 = EDGE_LOOP('',(#7173,#7179,#7180,#7181));
#7173 = ORIENTED_EDGE('',*,*,#7174,.F.);
#7174 = EDGE_CURVE('',#6536,#6601,#7175,.T.);
#7175 = LINE('',#7176,#7177);
#7176 = CARTESIAN_POINT('',(1.8,-1.2,0.));
#7177 = VECTOR('',#7178,1.);
#7178 = DIRECTION('',(-1.224646799147E-16,-1.,0.));
#7179 = ORIENTED_EDGE('',*,*,#6535,.T.);
#7180 = ORIENTED_EDGE('',*,*,#6092,.F.);
#7181 = ORIENTED_EDGE('',*,*,#6608,.F.);
#7182 = PLANE('',#7183);
#7183 = AXIS2_PLACEMENT_3D('',#7184,#7185,#7186);
#7184 = CARTESIAN_POINT('',(1.8,-1.2,0.));
#7185 = DIRECTION('',(1.,-1.224646799147E-16,0.));
#7186 = DIRECTION('',(-1.224646799147E-16,-1.,0.));
#7187 = ADVANCED_FACE('',(#7188),#7199,.F.);
#7188 = FACE_BOUND('',#7189,.F.);
#7189 = EDGE_LOOP('',(#7190,#7196,#7197,#7198));
#7190 = ORIENTED_EDGE('',*,*,#7191,.F.);
#7191 = EDGE_CURVE('',#6816,#6881,#7192,.T.);
#7192 = LINE('',#7193,#7194);
#7193 = CARTESIAN_POINT('',(-1.8,-2.1,0.));
#7194 = VECTOR('',#7195,1.);
#7195 = DIRECTION('',(1.224646799147E-16,1.,0.));
#7196 = ORIENTED_EDGE('',*,*,#6815,.T.);
#7197 = ORIENTED_EDGE('',*,*,#6051,.F.);
#7198 = ORIENTED_EDGE('',*,*,#6888,.F.);
#7199 = PLANE('',#7200);
#7200 = AXIS2_PLACEMENT_3D('',#7201,#7202,#7203);
#7201 = CARTESIAN_POINT('',(-1.8,-2.1,0.));
#7202 = DIRECTION('',(-1.,1.224646799147E-16,0.));
#7203 = DIRECTION('',(1.224646799147E-16,1.,0.));
#7204 = ADVANCED_FACE('',(#7205),#7216,.F.);
#7205 = FACE_BOUND('',#7206,.F.);
#7206 = EDGE_LOOP('',(#7207,#7213,#7214,#7215));
#7207 = ORIENTED_EDGE('',*,*,#7208,.F.);
#7208 = EDGE_CURVE('',#7034,#7099,#7209,.T.);
#7209 = LINE('',#7210,#7211);
#7210 = CARTESIAN_POINT('',(-1.8,1.2,0.));
#7211 = VECTOR('',#7212,1.);
#7212 = DIRECTION('',(1.224646799147E-16,1.,0.));
#7213 = ORIENTED_EDGE('',*,*,#7033,.T.);
#7214 = ORIENTED_EDGE('',*,*,#6012,.F.);
#7215 = ORIENTED_EDGE('',*,*,#7106,.F.);
#7216 = PLANE('',#7217);
#7217 = AXIS2_PLACEMENT_3D('',#7218,#7219,#7220);
#7218 = CARTESIAN_POINT('',(-1.8,1.2,0.));
#7219 = DIRECTION('',(-1.,1.224646799147E-16,0.));
#7220 = DIRECTION('',(1.224646799147E-16,1.,0.));
#7221 = ADVANCED_FACE('',(#7222),#7233,.F.);
#7222 = FACE_BOUND('',#7223,.F.);
#7223 = EDGE_LOOP('',(#7224,#7225,#7226,#7227));
#7224 = ORIENTED_EDGE('',*,*,#6290,.T.);
#7225 = ORIENTED_EDGE('',*,*,#6161,.T.);
#7226 = ORIENTED_EDGE('',*,*,#6409,.F.);
#7227 = ORIENTED_EDGE('',*,*,#7228,.F.);
#7228 = EDGE_CURVE('',#6291,#6402,#7229,.T.);
#7229 = LINE('',#7230,#7231);
#7230 = CARTESIAN_POINT('',(2.6,1.1,0.15));
#7231 = VECTOR('',#7232,1.);
#7232 = DIRECTION('',(1.224646799147E-16,1.,0.));
#7233 = CYLINDRICAL_SURFACE('',#7234,5.E-02);
#7234 = AXIS2_PLACEMENT_3D('',#7235,#7236,#7237);
#7235 = CARTESIAN_POINT('',(2.55,1.1,0.15));
#7236 = DIRECTION('',(1.224646799147E-16,1.,0.));
#7237 = DIRECTION('',(1.,-1.224646799147E-16,0.));
#7238 = ADVANCED_FACE('',(#7239),#7250,.F.);
#7239 = FACE_BOUND('',#7240,.F.);
#7240 = EDGE_LOOP('',(#7241,#7242,#7243,#7244));
#7241 = ORIENTED_EDGE('',*,*,#6617,.T.);
#7242 = ORIENTED_EDGE('',*,*,#6192,.T.);
#7243 = ORIENTED_EDGE('',*,*,#6525,.F.);
#7244 = ORIENTED_EDGE('',*,*,#7245,.F.);
#7245 = EDGE_CURVE('',#6618,#6518,#7246,.T.);
#7246 = LINE('',#7247,#7248);
#7247 = CARTESIAN_POINT('',(2.6,-2.2,0.15));
#7248 = VECTOR('',#7249,1.);
#7249 = DIRECTION('',(1.224646799147E-16,1.,0.));
#7250 = CYLINDRICAL_SURFACE('',#7251,5.E-02);
#7251 = AXIS2_PLACEMENT_3D('',#7252,#7253,#7254);
#7252 = CARTESIAN_POINT('',(2.55,-2.2,0.15));
#7253 = DIRECTION('',(1.224646799147E-16,1.,0.));
#7254 = DIRECTION('',(1.,-1.224646799147E-16,0.));
#7255 = ADVANCED_FACE('',(#7256),#7267,.F.);
#7256 = FACE_BOUND('',#7257,.F.);
#7257 = EDGE_LOOP('',(#7258,#7264,#7265,#7266));
#7258 = ORIENTED_EDGE('',*,*,#7259,.T.);
#7259 = EDGE_CURVE('',#6300,#6393,#7260,.T.);
#7260 = LINE('',#7261,#7262);
#7261 = CARTESIAN_POINT('',(2.6,1.1,0.85));
#7262 = VECTOR('',#7263,1.);
#7263 = DIRECTION('',(1.224646799147E-16,1.,0.));
#7264 = ORIENTED_EDGE('',*,*,#6392,.F.);
#7265 = ORIENTED_EDGE('',*,*,#6223,.F.);
#7266 = ORIENTED_EDGE('',*,*,#6307,.T.);
#7267 = CYLINDRICAL_SURFACE('',#7268,5.E-02);
#7268 = AXIS2_PLACEMENT_3D('',#7269,#7270,#7271);
#7269 = CARTESIAN_POINT('',(2.55,1.1,0.85));
#7270 = DIRECTION('',(1.224646799147E-16,1.,0.));
#7271 = DIRECTION('',(1.,-1.224646799147E-16,0.));
#7272 = ADVANCED_FACE('',(#7273),#7289,.F.);
#7273 = FACE_BOUND('',#7274,.F.);
#7274 = EDGE_LOOP('',(#7275,#7276,#7282,#7283));
#7275 = ORIENTED_EDGE('',*,*,#6254,.T.);
#7276 = ORIENTED_EDGE('',*,*,#7277,.T.);
#7277 = EDGE_CURVE('',#6257,#6375,#7278,.T.);
#7278 = LINE('',#7279,#7280);
#7279 = CARTESIAN_POINT('',(2.7,1.2,0.95));
#7280 = VECTOR('',#7281,1.);
#7281 = DIRECTION('',(1.224646799147E-16,1.,0.));
#7282 = ORIENTED_EDGE('',*,*,#6374,.F.);
#7283 = ORIENTED_EDGE('',*,*,#7284,.F.);
#7284 = EDGE_CURVE('',#6255,#6364,#7285,.T.);
#7285 = LINE('',#7286,#7287);
#7286 = CARTESIAN_POINT('',(2.7,1.2,5.E-02));
#7287 = VECTOR('',#7288,1.);
#7288 = DIRECTION('',(1.224646799147E-16,1.,0.));
#7289 = PLANE('',#7290);
#7290 = AXIS2_PLACEMENT_3D('',#7291,#7292,#7293);
#7291 = CARTESIAN_POINT('',(2.7,1.2,0.));
#7292 = DIRECTION('',(-1.,1.224646799147E-16,0.));
#7293 = DIRECTION('',(1.224646799147E-16,1.,0.));
#7294 = ADVANCED_FACE('',(#7295),#7301,.T.);
#7295 = FACE_BOUND('',#7296,.T.);
#7296 = EDGE_LOOP('',(#7297,#7298,#7299,#7300));
#7297 = ORIENTED_EDGE('',*,*,#7277,.T.);
#7298 = ORIENTED_EDGE('',*,*,#6382,.T.);
#7299 = ORIENTED_EDGE('',*,*,#6339,.F.);
#7300 = ORIENTED_EDGE('',*,*,#6324,.F.);
#7301 = CYLINDRICAL_SURFACE('',#7302,5.E-02);
#7302 = AXIS2_PLACEMENT_3D('',#7303,#7304,#7305);
#7303 = CARTESIAN_POINT('',(2.65,1.2,0.95));
#7304 = DIRECTION('',(1.224646799147E-16,1.,0.));
#7305 = DIRECTION('',(1.,-1.224646799147E-16,0.));
#7306 = ADVANCED_FACE('',(#7307),#7313,.T.);
#7307 = FACE_BOUND('',#7308,.T.);
#7308 = EDGE_LOOP('',(#7309,#7310,#7311,#7312));
#7309 = ORIENTED_EDGE('',*,*,#7228,.F.);
#7310 = ORIENTED_EDGE('',*,*,#6299,.T.);
#7311 = ORIENTED_EDGE('',*,*,#7259,.T.);
#7312 = ORIENTED_EDGE('',*,*,#6401,.T.);
#7313 = PLANE('',#7314);
#7314 = AXIS2_PLACEMENT_3D('',#7315,#7316,#7317);
#7315 = CARTESIAN_POINT('',(2.6,1.1,0.1));
#7316 = DIRECTION('',(-1.,1.224646799147E-16,0.));
#7317 = DIRECTION('',(1.224646799147E-16,1.,0.));
#7318 = ADVANCED_FACE('',(#7319),#7330,.F.);
#7319 = FACE_BOUND('',#7320,.F.);
#7320 = EDGE_LOOP('',(#7321,#7322,#7323,#7324));
#7321 = ORIENTED_EDGE('',*,*,#6427,.T.);
#7322 = ORIENTED_EDGE('',*,*,#7157,.T.);
#7323 = ORIENTED_EDGE('',*,*,#6273,.T.);
#7324 = ORIENTED_EDGE('',*,*,#7325,.T.);
#7325 = EDGE_CURVE('',#6265,#6366,#7326,.T.);
#7326 = LINE('',#7327,#7328);
#7327 = CARTESIAN_POINT('',(2.65,1.2,-6.938893903907E-18));
#7328 = VECTOR('',#7329,1.);
#7329 = DIRECTION('',(1.224646799147E-16,1.,0.));
#7330 = PLANE('',#7331);
#7331 = AXIS2_PLACEMENT_3D('',#7332,#7333,#7334);
#7332 = CARTESIAN_POINT('',(2.25,1.65,0.));
#7333 = DIRECTION('',(0.,0.,1.));
#7334 = DIRECTION('',(-1.,1.224646799147E-16,0.));
#7335 = ADVANCED_FACE('',(#7336),#7342,.T.);
#7336 = FACE_BOUND('',#7337,.T.);
#7337 = EDGE_LOOP('',(#7338,#7339,#7340,#7341));
#7338 = ORIENTED_EDGE('',*,*,#6264,.T.);
#7339 = ORIENTED_EDGE('',*,*,#7325,.T.);
#7340 = ORIENTED_EDGE('',*,*,#6363,.F.);
#7341 = ORIENTED_EDGE('',*,*,#7284,.F.);
#7342 = CYLINDRICAL_SURFACE('',#7343,5.E-02);
#7343 = AXIS2_PLACEMENT_3D('',#7344,#7345,#7346);
#7344 = CARTESIAN_POINT('',(2.65,1.2,5.E-02));
#7345 = DIRECTION('',(1.224646799147E-16,1.,0.));
#7346 = DIRECTION('',(1.,-1.224646799147E-16,0.));
#7347 = ADVANCED_FACE('',(#7348),#7359,.T.);
#7348 = FACE_BOUND('',#7349,.T.);
#7349 = EDGE_LOOP('',(#7350,#7356,#7357,#7358));
#7350 = ORIENTED_EDGE('',*,*,#7351,.T.);
#7351 = EDGE_CURVE('',#6584,#6484,#7352,.T.);
#7352 = LINE('',#7353,#7354);
#7353 = CARTESIAN_POINT('',(2.7,-2.1,0.95));
#7354 = VECTOR('',#7355,1.);
#7355 = DIRECTION('',(1.224646799147E-16,1.,0.));
#7356 = ORIENTED_EDGE('',*,*,#6491,.T.);
#7357 = ORIENTED_EDGE('',*,*,#6441,.F.);
#7358 = ORIENTED_EDGE('',*,*,#6644,.F.);
#7359 = CYLINDRICAL_SURFACE('',#7360,5.E-02);
#7360 = AXIS2_PLACEMENT_3D('',#7361,#7362,#7363);
#7361 = CARTESIAN_POINT('',(2.65,-2.1,0.95));
#7362 = DIRECTION('',(1.224646799147E-16,1.,0.));
#7363 = DIRECTION('',(1.,-1.224646799147E-16,0.));
#7364 = ADVANCED_FACE('',(#7365),#7381,.T.);
#7365 = FACE_BOUND('',#7366,.T.);
#7366 = EDGE_LOOP('',(#7367,#7368,#7374,#7375));
#7367 = ORIENTED_EDGE('',*,*,#6591,.T.);
#7368 = ORIENTED_EDGE('',*,*,#7369,.T.);
#7369 = EDGE_CURVE('',#6592,#6475,#7370,.T.);
#7370 = LINE('',#7371,#7372);
#7371 = CARTESIAN_POINT('',(2.65,-2.1,-6.938893903907E-18));
#7372 = VECTOR('',#7373,1.);
#7373 = DIRECTION('',(1.224646799147E-16,1.,0.));
#7374 = ORIENTED_EDGE('',*,*,#6472,.F.);
#7375 = ORIENTED_EDGE('',*,*,#7376,.F.);
#7376 = EDGE_CURVE('',#6582,#6473,#7377,.T.);
#7377 = LINE('',#7378,#7379);
#7378 = CARTESIAN_POINT('',(2.7,-2.1,5.E-02));
#7379 = VECTOR('',#7380,1.);
#7380 = DIRECTION('',(1.224646799147E-16,1.,0.));
#7381 = CYLINDRICAL_SURFACE('',#7382,5.E-02);
#7382 = AXIS2_PLACEMENT_3D('',#7383,#7384,#7385);
#7383 = CARTESIAN_POINT('',(2.65,-2.1,5.E-02));
#7384 = DIRECTION('',(1.224646799147E-16,1.,0.));
#7385 = DIRECTION('',(1.,-1.224646799147E-16,0.));
#7386 = ADVANCED_FACE('',(#7387),#7393,.F.);
#7387 = FACE_BOUND('',#7388,.F.);
#7388 = EDGE_LOOP('',(#7389,#7390,#7391,#7392));
#7389 = ORIENTED_EDGE('',*,*,#6543,.T.);
#7390 = ORIENTED_EDGE('',*,*,#7174,.T.);
#7391 = ORIENTED_EDGE('',*,*,#6600,.T.);
#7392 = ORIENTED_EDGE('',*,*,#7369,.T.);
#7393 = PLANE('',#7394);
#7394 = AXIS2_PLACEMENT_3D('',#7395,#7396,#7397);
#7395 = CARTESIAN_POINT('',(2.25,-1.65,0.));
#7396 = DIRECTION('',(0.,0.,1.));
#7397 = DIRECTION('',(-1.,1.224646799147E-16,0.));
#7398 = ADVANCED_FACE('',(#7399),#7410,.T.);
#7399 = FACE_BOUND('',#7400,.T.);
#7400 = EDGE_LOOP('',(#7401,#7402,#7403,#7409));
#7401 = ORIENTED_EDGE('',*,*,#7245,.F.);
#7402 = ORIENTED_EDGE('',*,*,#6626,.T.);
#7403 = ORIENTED_EDGE('',*,*,#7404,.T.);
#7404 = EDGE_CURVE('',#6627,#6509,#7405,.T.);
#7405 = LINE('',#7406,#7407);
#7406 = CARTESIAN_POINT('',(2.6,-2.2,0.85));
#7407 = VECTOR('',#7408,1.);
#7408 = DIRECTION('',(1.224646799147E-16,1.,0.));
#7409 = ORIENTED_EDGE('',*,*,#6517,.T.);
#7410 = PLANE('',#7411);
#7411 = AXIS2_PLACEMENT_3D('',#7412,#7413,#7414);
#7412 = CARTESIAN_POINT('',(2.6,-2.2,0.1));
#7413 = DIRECTION('',(-1.,1.224646799147E-16,0.));
#7414 = DIRECTION('',(1.224646799147E-16,1.,0.));
#7415 = ADVANCED_FACE('',(#7416),#7422,.F.);
#7416 = FACE_BOUND('',#7417,.F.);
#7417 = EDGE_LOOP('',(#7418,#7419,#7420,#7421));
#7418 = ORIENTED_EDGE('',*,*,#7404,.T.);
#7419 = ORIENTED_EDGE('',*,*,#6508,.F.);
#7420 = ORIENTED_EDGE('',*,*,#6557,.F.);
#7421 = ORIENTED_EDGE('',*,*,#6634,.T.);
#7422 = CYLINDRICAL_SURFACE('',#7423,5.E-02);
#7423 = AXIS2_PLACEMENT_3D('',#7424,#7425,#7426);
#7424 = CARTESIAN_POINT('',(2.55,-2.2,0.85));
#7425 = DIRECTION('',(1.224646799147E-16,1.,0.));
#7426 = DIRECTION('',(1.,-1.224646799147E-16,0.));
#7427 = ADVANCED_FACE('',(#7428),#7434,.F.);
#7428 = FACE_BOUND('',#7429,.F.);
#7429 = EDGE_LOOP('',(#7430,#7431,#7432,#7433));
#7430 = ORIENTED_EDGE('',*,*,#6581,.T.);
#7431 = ORIENTED_EDGE('',*,*,#7351,.T.);
#7432 = ORIENTED_EDGE('',*,*,#6483,.F.);
#7433 = ORIENTED_EDGE('',*,*,#7376,.F.);
#7434 = PLANE('',#7435);
#7435 = AXIS2_PLACEMENT_3D('',#7436,#7437,#7438);
#7436 = CARTESIAN_POINT('',(2.7,-2.1,0.));
#7437 = DIRECTION('',(-1.,1.224646799147E-16,0.));
#7438 = DIRECTION('',(1.224646799147E-16,1.,0.));
#7439 = ADVANCED_FACE('',(#7440),#7451,.F.);
#7440 = FACE_BOUND('',#7441,.F.);
#7441 = EDGE_LOOP('',(#7442,#7443,#7449,#7450));
#7442 = ORIENTED_EDGE('',*,*,#7023,.F.);
#7443 = ORIENTED_EDGE('',*,*,#7444,.F.);
#7444 = EDGE_CURVE('',#7116,#7016,#7445,.T.);
#7445 = LINE('',#7446,#7447);
#7446 = CARTESIAN_POINT('',(-2.6,2.2,0.15));
#7447 = VECTOR('',#7448,1.);
#7448 = DIRECTION('',(-1.224646799147E-16,-1.,0.));
#7449 = ORIENTED_EDGE('',*,*,#7115,.T.);
#7450 = ORIENTED_EDGE('',*,*,#6668,.T.);
#7451 = CYLINDRICAL_SURFACE('',#7452,5.E-02);
#7452 = AXIS2_PLACEMENT_3D('',#7453,#7454,#7455);
#7453 = CARTESIAN_POINT('',(-2.55,2.2,0.15));
#7454 = DIRECTION('',(-1.224646799147E-16,-1.,0.));
#7455 = DIRECTION('',(4.996063166392E-32,-6.118412765058E-48,-1.));
#7456 = ADVANCED_FACE('',(#7457),#7468,.F.);
#7457 = FACE_BOUND('',#7458,.F.);
#7458 = EDGE_LOOP('',(#7459,#7460,#7466,#7467));
#7459 = ORIENTED_EDGE('',*,*,#6805,.F.);
#7460 = ORIENTED_EDGE('',*,*,#7461,.F.);
#7461 = EDGE_CURVE('',#6898,#6798,#7462,.T.);
#7462 = LINE('',#7463,#7464);
#7463 = CARTESIAN_POINT('',(-2.6,-1.1,0.15));
#7464 = VECTOR('',#7465,1.);
#7465 = DIRECTION('',(-1.224646799147E-16,-1.,0.));
#7466 = ORIENTED_EDGE('',*,*,#6897,.T.);
#7467 = ORIENTED_EDGE('',*,*,#6699,.T.);
#7468 = CYLINDRICAL_SURFACE('',#7469,5.E-02);
#7469 = AXIS2_PLACEMENT_3D('',#7470,#7471,#7472);
#7470 = CARTESIAN_POINT('',(-2.55,-1.1,0.15));
#7471 = DIRECTION('',(-1.224646799147E-16,-1.,0.));
#7472 = DIRECTION('',(4.996063166392E-32,-6.118412765058E-48,-1.));
#7473 = ADVANCED_FACE('',(#7474),#7485,.T.);
#7474 = FACE_BOUND('',#7475,.T.);
#7475 = EDGE_LOOP('',(#7476,#7477,#7483,#7484));
#7476 = ORIENTED_EDGE('',*,*,#6924,.T.);
#7477 = ORIENTED_EDGE('',*,*,#7478,.T.);
#7478 = EDGE_CURVE('',#6864,#6764,#7479,.T.);
#7479 = LINE('',#7480,#7481);
#7480 = CARTESIAN_POINT('',(-2.7,-1.2,0.95));
#7481 = VECTOR('',#7482,1.);
#7482 = DIRECTION('',(-1.224646799147E-16,-1.,0.));
#7483 = ORIENTED_EDGE('',*,*,#6771,.F.);
#7484 = ORIENTED_EDGE('',*,*,#6730,.F.);
#7485 = CYLINDRICAL_SURFACE('',#7486,5.E-02);
#7486 = AXIS2_PLACEMENT_3D('',#7487,#7488,#7489);
#7487 = CARTESIAN_POINT('',(-2.65,-1.2,0.95));
#7488 = DIRECTION('',(-1.224646799147E-16,-1.,0.));
#7489 = DIRECTION('',(0.,0.,1.));
#7490 = ADVANCED_FACE('',(#7491),#7507,.T.);
#7491 = FACE_BOUND('',#7492,.T.);
#7492 = EDGE_LOOP('',(#7493,#7494,#7500,#7501));
#7493 = ORIENTED_EDGE('',*,*,#6871,.T.);
#7494 = ORIENTED_EDGE('',*,*,#7495,.T.);
#7495 = EDGE_CURVE('',#6872,#6755,#7496,.T.);
#7496 = LINE('',#7497,#7498);
#7497 = CARTESIAN_POINT('',(-2.65,-1.2,-6.938893903907E-18));
#7498 = VECTOR('',#7499,1.);
#7499 = DIRECTION('',(-1.224646799147E-16,-1.,0.));
#7500 = ORIENTED_EDGE('',*,*,#6752,.F.);
#7501 = ORIENTED_EDGE('',*,*,#7502,.F.);
#7502 = EDGE_CURVE('',#6862,#6753,#7503,.T.);
#7503 = LINE('',#7504,#7505);
#7504 = CARTESIAN_POINT('',(-2.7,-1.2,5.E-02));
#7505 = VECTOR('',#7506,1.);
#7506 = DIRECTION('',(-1.224646799147E-16,-1.,0.));
#7507 = CYLINDRICAL_SURFACE('',#7508,5.E-02);
#7508 = AXIS2_PLACEMENT_3D('',#7509,#7510,#7511);
#7509 = CARTESIAN_POINT('',(-2.65,-1.2,5.E-02));
#7510 = DIRECTION('',(-1.224646799147E-16,-1.,0.));
#7511 = DIRECTION('',(-1.,1.224646799147E-16,0.));
#7512 = ADVANCED_FACE('',(#7513),#7519,.F.);
#7513 = FACE_BOUND('',#7514,.F.);
#7514 = EDGE_LOOP('',(#7515,#7516,#7517,#7518));
#7515 = ORIENTED_EDGE('',*,*,#6880,.T.);
#7516 = ORIENTED_EDGE('',*,*,#7495,.T.);
#7517 = ORIENTED_EDGE('',*,*,#6823,.T.);
#7518 = ORIENTED_EDGE('',*,*,#7191,.T.);
#7519 = PLANE('',#7520);
#7520 = AXIS2_PLACEMENT_3D('',#7521,#7522,#7523);
#7521 = CARTESIAN_POINT('',(-2.25,-1.65,0.));
#7522 = DIRECTION('',(0.,0.,1.));
#7523 = DIRECTION('',(-1.,1.224646799147E-16,0.));
#7524 = ADVANCED_FACE('',(#7525),#7536,.T.);
#7525 = FACE_BOUND('',#7526,.T.);
#7526 = EDGE_LOOP('',(#7527,#7528,#7529,#7535));
#7527 = ORIENTED_EDGE('',*,*,#7461,.F.);
#7528 = ORIENTED_EDGE('',*,*,#6906,.T.);
#7529 = ORIENTED_EDGE('',*,*,#7530,.T.);
#7530 = EDGE_CURVE('',#6907,#6789,#7531,.T.);
#7531 = LINE('',#7532,#7533);
#7532 = CARTESIAN_POINT('',(-2.6,-1.1,0.85));
#7533 = VECTOR('',#7534,1.);
#7534 = DIRECTION('',(-1.224646799147E-16,-1.,0.));
#7535 = ORIENTED_EDGE('',*,*,#6797,.T.);
#7536 = PLANE('',#7537);
#7537 = AXIS2_PLACEMENT_3D('',#7538,#7539,#7540);
#7538 = CARTESIAN_POINT('',(-2.6,-1.1,0.1));
#7539 = DIRECTION('',(1.,-1.224646799147E-16,0.));
#7540 = DIRECTION('',(-1.224646799147E-16,-1.,0.));
#7541 = ADVANCED_FACE('',(#7542),#7548,.F.);
#7542 = FACE_BOUND('',#7543,.F.);
#7543 = EDGE_LOOP('',(#7544,#7545,#7546,#7547));
#7544 = ORIENTED_EDGE('',*,*,#7530,.T.);
#7545 = ORIENTED_EDGE('',*,*,#6788,.F.);
#7546 = ORIENTED_EDGE('',*,*,#6846,.F.);
#7547 = ORIENTED_EDGE('',*,*,#6914,.T.);
#7548 = CYLINDRICAL_SURFACE('',#7549,5.E-02);
#7549 = AXIS2_PLACEMENT_3D('',#7550,#7551,#7552);
#7550 = CARTESIAN_POINT('',(-2.55,-1.1,0.85));
#7551 = DIRECTION('',(-1.224646799147E-16,-1.,0.));
#7552 = DIRECTION('',(-1.,1.224646799147E-16,0.));
#7553 = ADVANCED_FACE('',(#7554),#7560,.F.);
#7554 = FACE_BOUND('',#7555,.F.);
#7555 = EDGE_LOOP('',(#7556,#7557,#7558,#7559));
#7556 = ORIENTED_EDGE('',*,*,#6861,.T.);
#7557 = ORIENTED_EDGE('',*,*,#7478,.T.);
#7558 = ORIENTED_EDGE('',*,*,#6763,.F.);
#7559 = ORIENTED_EDGE('',*,*,#7502,.F.);
#7560 = PLANE('',#7561);
#7561 = AXIS2_PLACEMENT_3D('',#7562,#7563,#7564);
#7562 = CARTESIAN_POINT('',(-2.7,-1.2,0.));
#7563 = DIRECTION('',(1.,-1.224646799147E-16,0.));
#7564 = DIRECTION('',(-1.224646799147E-16,-1.,0.));
#7565 = ADVANCED_FACE('',(#7566),#7577,.T.);
#7566 = FACE_BOUND('',#7567,.T.);
#7567 = EDGE_LOOP('',(#7568,#7569,#7575,#7576));
#7568 = ORIENTED_EDGE('',*,*,#7142,.T.);
#7569 = ORIENTED_EDGE('',*,*,#7570,.T.);
#7570 = EDGE_CURVE('',#7082,#6982,#7571,.T.);
#7571 = LINE('',#7572,#7573);
#7572 = CARTESIAN_POINT('',(-2.7,2.1,0.95));
#7573 = VECTOR('',#7574,1.);
#7574 = DIRECTION('',(-1.224646799147E-16,-1.,0.));
#7575 = ORIENTED_EDGE('',*,*,#6989,.F.);
#7576 = ORIENTED_EDGE('',*,*,#6948,.F.);
#7577 = CYLINDRICAL_SURFACE('',#7578,5.E-02);
#7578 = AXIS2_PLACEMENT_3D('',#7579,#7580,#7581);
#7579 = CARTESIAN_POINT('',(-2.65,2.1,0.95));
#7580 = DIRECTION('',(-1.224646799147E-16,-1.,0.));
#7581 = DIRECTION('',(0.,0.,1.));
#7582 = ADVANCED_FACE('',(#7583),#7599,.T.);
#7583 = FACE_BOUND('',#7584,.T.);
#7584 = EDGE_LOOP('',(#7585,#7586,#7592,#7593));
#7585 = ORIENTED_EDGE('',*,*,#7089,.T.);
#7586 = ORIENTED_EDGE('',*,*,#7587,.T.);
#7587 = EDGE_CURVE('',#7090,#6973,#7588,.T.);
#7588 = LINE('',#7589,#7590);
#7589 = CARTESIAN_POINT('',(-2.65,2.1,-6.938893903907E-18));
#7590 = VECTOR('',#7591,1.);
#7591 = DIRECTION('',(-1.224646799147E-16,-1.,0.));
#7592 = ORIENTED_EDGE('',*,*,#6970,.F.);
#7593 = ORIENTED_EDGE('',*,*,#7594,.F.);
#7594 = EDGE_CURVE('',#7080,#6971,#7595,.T.);
#7595 = LINE('',#7596,#7597);
#7596 = CARTESIAN_POINT('',(-2.7,2.1,5.E-02));
#7597 = VECTOR('',#7598,1.);
#7598 = DIRECTION('',(-1.224646799147E-16,-1.,0.));
#7599 = CYLINDRICAL_SURFACE('',#7600,5.E-02);
#7600 = AXIS2_PLACEMENT_3D('',#7601,#7602,#7603);
#7601 = CARTESIAN_POINT('',(-2.65,2.1,5.E-02));
#7602 = DIRECTION('',(-1.224646799147E-16,-1.,0.));
#7603 = DIRECTION('',(-1.,1.224646799147E-16,0.));
#7604 = ADVANCED_FACE('',(#7605),#7611,.F.);
#7605 = FACE_BOUND('',#7606,.F.);
#7606 = EDGE_LOOP('',(#7607,#7608,#7609,#7610));
#7607 = ORIENTED_EDGE('',*,*,#7098,.T.);
#7608 = ORIENTED_EDGE('',*,*,#7587,.T.);
#7609 = ORIENTED_EDGE('',*,*,#7041,.T.);
#7610 = ORIENTED_EDGE('',*,*,#7208,.T.);
#7611 = PLANE('',#7612);
#7612 = AXIS2_PLACEMENT_3D('',#7613,#7614,#7615);
#7613 = CARTESIAN_POINT('',(-2.25,1.65,0.));
#7614 = DIRECTION('',(0.,0.,1.));
#7615 = DIRECTION('',(-1.,1.224646799147E-16,0.));
#7616 = ADVANCED_FACE('',(#7617),#7628,.T.);
#7617 = FACE_BOUND('',#7618,.T.);
#7618 = EDGE_LOOP('',(#7619,#7620,#7621,#7627));
#7619 = ORIENTED_EDGE('',*,*,#7444,.F.);
#7620 = ORIENTED_EDGE('',*,*,#7124,.T.);
#7621 = ORIENTED_EDGE('',*,*,#7622,.T.);
#7622 = EDGE_CURVE('',#7125,#7007,#7623,.T.);
#7623 = LINE('',#7624,#7625);
#7624 = CARTESIAN_POINT('',(-2.6,2.2,0.85));
#7625 = VECTOR('',#7626,1.);
#7626 = DIRECTION('',(-1.224646799147E-16,-1.,0.));
#7627 = ORIENTED_EDGE('',*,*,#7015,.T.);
#7628 = PLANE('',#7629);
#7629 = AXIS2_PLACEMENT_3D('',#7630,#7631,#7632);
#7630 = CARTESIAN_POINT('',(-2.6,2.2,0.1));
#7631 = DIRECTION('',(1.,-1.224646799147E-16,0.));
#7632 = DIRECTION('',(-1.224646799147E-16,-1.,0.));
#7633 = ADVANCED_FACE('',(#7634),#7640,.F.);
#7634 = FACE_BOUND('',#7635,.F.);
#7635 = EDGE_LOOP('',(#7636,#7637,#7638,#7639));
#7636 = ORIENTED_EDGE('',*,*,#7622,.T.);
#7637 = ORIENTED_EDGE('',*,*,#7006,.F.);
#7638 = ORIENTED_EDGE('',*,*,#7064,.F.);
#7639 = ORIENTED_EDGE('',*,*,#7132,.T.);
#7640 = CYLINDRICAL_SURFACE('',#7641,5.E-02);
#7641 = AXIS2_PLACEMENT_3D('',#7642,#7643,#7644);
#7642 = CARTESIAN_POINT('',(-2.55,2.2,0.85));
#7643 = DIRECTION('',(-1.224646799147E-16,-1.,0.));
#7644 = DIRECTION('',(-1.,1.224646799147E-16,0.));
#7645 = ADVANCED_FACE('',(#7646),#7652,.F.);
#7646 = FACE_BOUND('',#7647,.F.);
#7647 = EDGE_LOOP('',(#7648,#7649,#7650,#7651));
#7648 = ORIENTED_EDGE('',*,*,#7079,.T.);
#7649 = ORIENTED_EDGE('',*,*,#7570,.T.);
#7650 = ORIENTED_EDGE('',*,*,#6981,.F.);
#7651 = ORIENTED_EDGE('',*,*,#7594,.F.);
#7652 = PLANE('',#7653);
#7653 = AXIS2_PLACEMENT_3D('',#7654,#7655,#7656);
#7654 = CARTESIAN_POINT('',(-2.7,2.1,0.));
#7655 = DIRECTION('',(1.,-1.224646799147E-16,0.));
#7656 = DIRECTION('',(-1.224646799147E-16,-1.,0.));
#7657 = ( GEOMETRIC_REPRESENTATION_CONTEXT(3) 
GLOBAL_UNCERTAINTY_ASSIGNED_CONTEXT((#7661)) 
GLOBAL_UNIT_ASSIGNED_CONTEXT((#7658,#7659,#7660)) REPRESENTATION_CONTEXT
('Context #1','3D Context with UNIT and UNCERTAINTY') );
#7658 = ( LENGTH_UNIT() NAMED_UNIT(*) SI_UNIT(.MILLI.,.METRE.) );
#7659 = ( NAMED_UNIT(*) PLANE_ANGLE_UNIT() SI_UNIT($,.RADIAN.) );
#7660 = ( NAMED_UNIT(*) SI_UNIT($,.STERADIAN.) SOLID_ANGLE_UNIT() );
#7661 = UNCERTAINTY_MEASURE_WITH_UNIT(LENGTH_MEASURE(1.E-07),#7658,
  'distance_accuracy_value','confusion accuracy');
#7662 = CONTEXT_DEPENDENT_SHAPE_REPRESENTATION(#7663,#7665);
#7663 = ( REPRESENTATION_RELATIONSHIP('','',#5389,#10) 
REPRESENTATION_RELATIONSHIP_WITH_TRANSFORMATION(#7664) 
SHAPE_REPRESENTATION_RELATIONSHIP() );
#7664 = ITEM_DEFINED_TRANSFORMATION('','',#11,#39);
#7665 = PRODUCT_DEFINITION_SHAPE('Placement','Placement of an item',
  #7666);
#7666 = NEXT_ASSEMBLY_USAGE_OCCURRENCE('7','D2','',#5,#5384,$);
#7667 = PRODUCT_RELATED_PRODUCT_CATEGORY('part',$,(#5386));
#7668 = SHAPE_DEFINITION_REPRESENTATION(#7669,#7675);
#7669 = PRODUCT_DEFINITION_SHAPE('','',#7670);
#7670 = PRODUCT_DEFINITION('design','',#7671,#7674);
#7671 = PRODUCT_DEFINITION_FORMATION('','',#7672);
#7672 = PRODUCT('CP_Elec_6.3x7.7','CP_Elec_6.3x7.7','',(#7673));
#7673 = PRODUCT_CONTEXT('',#2,'mechanical');
#7674 = PRODUCT_DEFINITION_CONTEXT('part definition',#2,'design');
#7675 = ADVANCED_BREP_SHAPE_REPRESENTATION('',(#11,#7676),#9041);
#7676 = MANIFOLD_SOLID_BREP('',#7677);
#7677 = CLOSED_SHELL('',(#7678,#7721,#7747,#7820,#7899,#7939,#8018,#8043
    ,#8068,#8124,#8180,#8205,#8230,#8295,#8368,#8454,#8471,#8502,#8514,
    #8531,#8543,#8561,#8573,#8591,#8603,#8634,#8686,#8718,#8743,#8768,
    #8800,#8825,#8850,#8867,#8884,#8932,#8973,#8991,#9003,#9015,#9031));
#7678 = ADVANCED_FACE('',(#7679),#7716,.T.);
#7679 = FACE_BOUND('',#7680,.T.);
#7680 = EDGE_LOOP('',(#7681,#7700,#7708,#7715));
#7681 = ORIENTED_EDGE('',*,*,#7682,.T.);
#7682 = EDGE_CURVE('',#7683,#7683,#7685,.T.);
#7683 = VERTEX_POINT('',#7684);
#7684 = CARTESIAN_POINT('',(-3.15,3.857637417314E-16,1.903268122105));
#7685 = ( BOUNDED_CURVE() B_SPLINE_CURVE(13,(#7686,#7687,#7688,#7689,
    #7690,#7691,#7692,#7693,#7694,#7695,#7696,#7697,#7698,#7699),
.UNSPECIFIED.,.T.,.F.) B_SPLINE_CURVE_WITH_KNOTS((1,13,13,1),(
    -19.79203371761,3.914259941243E-16,19.792033717616,39.584067435232),
.UNSPECIFIED.) CURVE() GEOMETRIC_REPRESENTATION_ITEM() 
RATIONAL_B_SPLINE_CURVE((1.,1.,1.000000000001,0.999999999998,
    1.000000000004,0.999999999994,1.000000000007,0.999999999994,
    1.000000000005,0.999999999997,1.000000000001,1.,1.,1.)) 
REPRESENTATION_ITEM('') );
#7686 = CARTESIAN_POINT('',(-3.15,3.857637417314E-16,1.903268122105));
#7687 = CARTESIAN_POINT('',(-3.150000000001,1.500440617323,
    1.903268122105));
#7688 = CARTESIAN_POINT('',(-2.374522784297,3.035482525996,
    1.903268122105));
#7689 = CARTESIAN_POINT('',(-0.778699260131,4.133102804313,
    1.903268122105));
#7690 = CARTESIAN_POINT('',(1.417356467597,4.301676360907,1.903268122105
    ));
#7691 = CARTESIAN_POINT('',(3.314487228419,3.131786890306,1.903268122105
    ));
#7692 = CARTESIAN_POINT('',(4.70583335723,1.424009627085,1.903268122105)
  );
#7693 = CARTESIAN_POINT('',(4.705833357256,-1.424009627103,
    1.903268122105));
#7694 = CARTESIAN_POINT('',(3.314487228412,-3.131786890273,
    1.903268122105));
#7695 = CARTESIAN_POINT('',(1.41735646759,-4.301676360937,1.903268122105
    ));
#7696 = CARTESIAN_POINT('',(-0.778699260121,-4.133102804298,
    1.903268122105));
#7697 = CARTESIAN_POINT('',(-2.374522784302,-3.035482526,1.903268122105)
  );
#7698 = CARTESIAN_POINT('',(-3.149999999999,-1.500440617323,
    1.903268122105));
#7699 = CARTESIAN_POINT('',(-3.15,3.857637417314E-16,1.903268122105));
#7700 = ORIENTED_EDGE('',*,*,#7701,.F.);
#7701 = EDGE_CURVE('',#7702,#7683,#7704,.T.);
#7702 = VERTEX_POINT('',#7703);
#7703 = CARTESIAN_POINT('',(-3.15,3.857637417314E-16,1.07));
#7704 = LINE('',#7705,#7706);
#7705 = CARTESIAN_POINT('',(-3.15,3.857637417314E-16,0.65));
#7706 = VECTOR('',#7707,1.);
#7707 = DIRECTION('',(0.,0.,1.));
#7708 = ORIENTED_EDGE('',*,*,#7709,.F.);
#7709 = EDGE_CURVE('',#7702,#7702,#7710,.T.);
#7710 = CIRCLE('',#7711,3.15);
#7711 = AXIS2_PLACEMENT_3D('',#7712,#7713,#7714);
#7712 = CARTESIAN_POINT('',(0.,0.,1.07));
#7713 = DIRECTION('',(0.,0.,-1.));
#7714 = DIRECTION('',(-1.,1.224646799147E-16,0.));
#7715 = ORIENTED_EDGE('',*,*,#7701,.T.);
#7716 = CYLINDRICAL_SURFACE('',#7717,3.15);
#7717 = AXIS2_PLACEMENT_3D('',#7718,#7719,#7720);
#7718 = CARTESIAN_POINT('',(0.,0.,0.65));
#7719 = DIRECTION('',(0.,0.,1.));
#7720 = DIRECTION('',(-1.,1.224646799147E-16,0.));
#7721 = ADVANCED_FACE('',(#7722),#7742,.T.);
#7722 = FACE_BOUND('',#7723,.T.);
#7723 = EDGE_LOOP('',(#7724,#7725,#7734,#7741));
#7724 = ORIENTED_EDGE('',*,*,#7709,.T.);
#7725 = ORIENTED_EDGE('',*,*,#7726,.T.);
#7726 = EDGE_CURVE('',#7702,#7727,#7729,.T.);
#7727 = VERTEX_POINT('',#7728);
#7728 = CARTESIAN_POINT('',(-2.73,3.343285761672E-16,0.65));
#7729 = CIRCLE('',#7730,0.42);
#7730 = AXIS2_PLACEMENT_3D('',#7731,#7732,#7733);
#7731 = CARTESIAN_POINT('',(-2.73,3.343285761672E-16,1.07));
#7732 = DIRECTION('',(-1.224646799147E-16,-1.,-0.));
#7733 = DIRECTION('',(-1.,1.224646799147E-16,0.));
#7734 = ORIENTED_EDGE('',*,*,#7735,.F.);
#7735 = EDGE_CURVE('',#7727,#7727,#7736,.T.);
#7736 = CIRCLE('',#7737,2.73);
#7737 = AXIS2_PLACEMENT_3D('',#7738,#7739,#7740);
#7738 = CARTESIAN_POINT('',(0.,0.,0.65));
#7739 = DIRECTION('',(0.,0.,-1.));
#7740 = DIRECTION('',(-1.,1.224646799147E-16,0.));
#7741 = ORIENTED_EDGE('',*,*,#7726,.F.);
#7742 = TOROIDAL_SURFACE('',#7743,2.73,0.42);
#7743 = AXIS2_PLACEMENT_3D('',#7744,#7745,#7746);
#7744 = CARTESIAN_POINT('',(0.,0.,1.07));
#7745 = DIRECTION('',(0.,0.,-1.));
#7746 = DIRECTION('',(-1.,1.224646799147E-16,0.));
#7747 = ADVANCED_FACE('',(#7748),#7777,.T.);
#7748 = FACE_BOUND('',#7749,.T.);
#7749 = EDGE_LOOP('',(#7750,#7758,#7775,#7776));
#7750 = ORIENTED_EDGE('',*,*,#7751,.T.);
#7751 = EDGE_CURVE('',#7683,#7752,#7754,.T.);
#7752 = VERTEX_POINT('',#7753);
#7753 = CARTESIAN_POINT('',(-3.121363636364,3.822567986248E-16,
    1.934637686762));
#7754 = ( BOUNDED_CURVE() B_SPLINE_CURVE(2,(#7755,#7756,#7757),
.UNSPECIFIED.,.F.,.F.) B_SPLINE_CURVE_WITH_KNOTS((3,3),(0.,
19.792033717616),.PIECEWISE_BEZIER_KNOTS.) CURVE() 
GEOMETRIC_REPRESENTATION_ITEM() RATIONAL_B_SPLINE_CURVE((1.,
0.738548945876,1.)) REPRESENTATION_ITEM('') );
#7755 = CARTESIAN_POINT('',(-3.15,3.857637417314E-16,1.903268122105));
#7756 = CARTESIAN_POINT('',(-3.15,1.195445924144E-15,1.932023556374));
#7757 = CARTESIAN_POINT('',(-3.121363636364,3.822567986248E-16,
    1.934637686762));
#7758 = ORIENTED_EDGE('',*,*,#7759,.T.);
#7759 = EDGE_CURVE('',#7752,#7752,#7760,.T.);
#7760 = ( BOUNDED_CURVE() B_SPLINE_CURVE(13,(#7761,#7762,#7763,#7764,
    #7765,#7766,#7767,#7768,#7769,#7770,#7771,#7772,#7773,#7774),
.UNSPECIFIED.,.T.,.F.) B_SPLINE_CURVE_WITH_KNOTS((1,13,13,1),(
    -19.79203371761,3.914259941243E-16,19.792033717616,39.584067435232),
.UNSPECIFIED.) CURVE() GEOMETRIC_REPRESENTATION_ITEM() 
RATIONAL_B_SPLINE_CURVE((1.,1.,1.000000000001,0.999999999998,
    1.000000000004,0.999999999994,1.000000000007,0.999999999994,
    1.000000000005,0.999999999997,1.000000000001,1.,1.,1.)) 
REPRESENTATION_ITEM('') );
#7761 = CARTESIAN_POINT('',(-3.121363636364,3.822567986248E-16,
    1.934637686762));
#7762 = CARTESIAN_POINT('',(-3.121363636365,1.486800248075,
    1.934637686762));
#7763 = CARTESIAN_POINT('',(-2.35293621353,3.007887230305,1.934637686762
    ));
#7764 = CARTESIAN_POINT('',(-0.771620175949,4.095529142455,
    1.934637686762));
#7765 = CARTESIAN_POINT('',(1.404471408801,4.262570212172,1.934637686762
    ));
#7766 = CARTESIAN_POINT('',(3.284355526343,3.103316100395,1.934637686762
    ));
#7767 = CARTESIAN_POINT('',(4.663053053981,1.411064085019,1.934637686762
    ));
#7768 = CARTESIAN_POINT('',(4.663053054011,-1.411064085037,
    1.934637686762));
#7769 = CARTESIAN_POINT('',(3.284355526332,-3.103316100363,
    1.934637686762));
#7770 = CARTESIAN_POINT('',(1.404471408797,-4.2625702122,1.934637686762)
  );
#7771 = CARTESIAN_POINT('',(-0.77162017594,-4.095529142442,
    1.934637686762));
#7772 = CARTESIAN_POINT('',(-2.352936213535,-3.007887230309,
    1.934637686762));
#7773 = CARTESIAN_POINT('',(-3.121363636363,-1.486800248074,
    1.934637686762));
#7774 = CARTESIAN_POINT('',(-3.121363636364,3.822567986248E-16,
    1.934637686762));
#7775 = ORIENTED_EDGE('',*,*,#7751,.F.);
#7776 = ORIENTED_EDGE('',*,*,#7682,.F.);
#7777 = ( BOUNDED_SURFACE() B_SPLINE_SURFACE(2,13,(
    (#7778,#7779,#7780,#7781,#7782,#7783,#7784,#7785,#7786,#7787,#7788
      ,#7789,#7790,#7791)
    ,(#7792,#7793,#7794,#7795,#7796,#7797,#7798,#7799,#7800,#7801,#7802
      ,#7803,#7804,#7805)
    ,(#7806,#7807,#7808,#7809,#7810,#7811,#7812,#7813,#7814,#7815,#7816
      ,#7817,#7818,#7819
)),.UNSPECIFIED.,.F.,.T.,.F.) B_SPLINE_SURFACE_WITH_KNOTS((3,3),(1,13,13
    ,1),(0.,19.792033717616),(-19.79203371761,3.914259941243E-16,
    19.792033717616,39.584067435232),.UNSPECIFIED.) 
GEOMETRIC_REPRESENTATION_ITEM() RATIONAL_B_SPLINE_SURFACE((
    (1.,1.,1.000000000001,0.999999999998,1.000000000004,0.999999999994
      ,1.000000000007,0.999999999994,1.000000000005,0.999999999997
      ,1.000000000001,1.,1.,1.)
    ,(0.738548945876,0.738548945876,0.738548945876,0.738548945875
      ,0.738548945878,0.738548945873,0.738548945879,0.738548945873
      ,0.738548945878,0.738548945875,0.738548945877,0.738548945876
      ,0.738548945876,0.738548945876)
    ,(1.,1.,1.000000000001,0.999999999998,1.000000000004,0.999999999994
      ,1.000000000007,0.999999999994,1.000000000005,0.999999999997
,1.000000000001,1.,1.,1.))) REPRESENTATION_ITEM('') SURFACE() );
#7778 = CARTESIAN_POINT('',(-3.15,3.857637417314E-16,1.903268122105));
#7779 = CARTESIAN_POINT('',(-3.150000000001,1.500440617323,
    1.903268122105));
#7780 = CARTESIAN_POINT('',(-2.374522784297,3.035482525996,
    1.903268122105));
#7781 = CARTESIAN_POINT('',(-0.778699260131,4.133102804313,
    1.903268122105));
#7782 = CARTESIAN_POINT('',(1.417356467597,4.301676360907,1.903268122105
    ));
#7783 = CARTESIAN_POINT('',(3.314487228419,3.131786890306,1.903268122105
    ));
#7784 = CARTESIAN_POINT('',(4.70583335723,1.424009627085,1.903268122105)
  );
#7785 = CARTESIAN_POINT('',(4.705833357256,-1.424009627103,
    1.903268122105));
#7786 = CARTESIAN_POINT('',(3.314487228412,-3.131786890273,
    1.903268122105));
#7787 = CARTESIAN_POINT('',(1.41735646759,-4.301676360937,1.903268122105
    ));
#7788 = CARTESIAN_POINT('',(-0.778699260121,-4.133102804298,
    1.903268122105));
#7789 = CARTESIAN_POINT('',(-2.374522784302,-3.035482526,1.903268122105)
  );
#7790 = CARTESIAN_POINT('',(-3.149999999999,-1.500440617323,
    1.903268122105));
#7791 = CARTESIAN_POINT('',(-3.15,3.857637417314E-16,1.903268122105));
#7792 = CARTESIAN_POINT('',(-3.15,1.195445924144E-15,1.932023556374));
#7793 = CARTESIAN_POINT('',(-3.150000000001,1.500440617323,
    1.932023556374));
#7794 = CARTESIAN_POINT('',(-2.374522784297,3.035482525998,
    1.932023556374));
#7795 = CARTESIAN_POINT('',(-0.778699260131,4.133102804308,
    1.932023556374));
#7796 = CARTESIAN_POINT('',(1.4173564676,4.301676360916,1.932023556374)
  );
#7797 = CARTESIAN_POINT('',(3.314487228412,3.131786890296,1.932023556374
    ));
#7798 = CARTESIAN_POINT('',(4.705833357241,1.424009627092,1.932023556374
    ));
#7799 = CARTESIAN_POINT('',(4.705833357246,-1.424009627104,
    1.932023556374));
#7800 = CARTESIAN_POINT('',(3.314487228417,-3.131786890276,
    1.932023556374));
#7801 = CARTESIAN_POINT('',(1.417356467589,-4.301676360933,
    1.932023556374));
#7802 = CARTESIAN_POINT('',(-0.778699260122,-4.1331028043,1.932023556374
    ));
#7803 = CARTESIAN_POINT('',(-2.374522784301,-3.035482526,1.932023556374)
  );
#7804 = CARTESIAN_POINT('',(-3.15,-1.500440617323,1.932023556374));
#7805 = CARTESIAN_POINT('',(-3.15,1.195445924144E-15,1.932023556374));
#7806 = CARTESIAN_POINT('',(-3.121363636364,3.822567986248E-16,
    1.934637686762));
#7807 = CARTESIAN_POINT('',(-3.121363636365,1.486800248075,
    1.934637686762));
#7808 = CARTESIAN_POINT('',(-2.35293621353,3.007887230305,1.934637686762
    ));
#7809 = CARTESIAN_POINT('',(-0.771620175949,4.095529142455,
    1.934637686762));
#7810 = CARTESIAN_POINT('',(1.404471408801,4.262570212172,1.934637686762
    ));
#7811 = CARTESIAN_POINT('',(3.284355526343,3.103316100395,1.934637686762
    ));
#7812 = CARTESIAN_POINT('',(4.663053053981,1.411064085019,1.934637686762
    ));
#7813 = CARTESIAN_POINT('',(4.663053054011,-1.411064085037,
    1.934637686762));
#7814 = CARTESIAN_POINT('',(3.284355526332,-3.103316100363,
    1.934637686762));
#7815 = CARTESIAN_POINT('',(1.404471408797,-4.2625702122,1.934637686762)
  );
#7816 = CARTESIAN_POINT('',(-0.77162017594,-4.095529142442,
    1.934637686762));
#7817 = CARTESIAN_POINT('',(-2.352936213535,-3.007887230309,
    1.934637686762));
#7818 = CARTESIAN_POINT('',(-3.121363636363,-1.486800248074,
    1.934637686762));
#7819 = CARTESIAN_POINT('',(-3.121363636364,3.822567986248E-16,
    1.934637686762));
#7820 = ADVANCED_FACE('',(#7821,#7891),#7894,.T.);
#7821 = FACE_BOUND('',#7822,.T.);
#7822 = EDGE_LOOP('',(#7823,#7833,#7842,#7850,#7859,#7867,#7876,#7884));
#7823 = ORIENTED_EDGE('',*,*,#7824,.T.);
#7824 = EDGE_CURVE('',#7825,#7827,#7829,.T.);
#7825 = VERTEX_POINT('',#7826);
#7826 = CARTESIAN_POINT('',(-3.3,0.576628129734,0.65));
#7827 = VERTEX_POINT('',#7828);
#7828 = CARTESIAN_POINT('',(-3.3,-0.576628129734,0.65));
#7829 = LINE('',#7830,#7831);
#7830 = CARTESIAN_POINT('',(-3.3,1.15,0.65));
#7831 = VECTOR('',#7832,1.);
#7832 = DIRECTION('',(-1.224646799147E-16,-1.,0.));
#7833 = ORIENTED_EDGE('',*,*,#7834,.T.);
#7834 = EDGE_CURVE('',#7827,#7835,#7837,.T.);
#7835 = VERTEX_POINT('',#7836);
#7836 = CARTESIAN_POINT('',(-0.576628129734,-3.3,0.65));
#7837 = CIRCLE('',#7838,3.35);
#7838 = AXIS2_PLACEMENT_3D('',#7839,#7840,#7841);
#7839 = CARTESIAN_POINT('',(0.,0.,0.65));
#7840 = DIRECTION('',(0.,0.,1.));
#7841 = DIRECTION('',(-1.,1.224646799147E-16,0.));
#7842 = ORIENTED_EDGE('',*,*,#7843,.T.);
#7843 = EDGE_CURVE('',#7835,#7844,#7846,.T.);
#7844 = VERTEX_POINT('',#7845);
#7845 = CARTESIAN_POINT('',(0.576628129734,-3.3,0.65));
#7846 = LINE('',#7847,#7848);
#7847 = CARTESIAN_POINT('',(-1.15,-3.3,0.65));
#7848 = VECTOR('',#7849,1.);
#7849 = DIRECTION('',(1.,-1.224646799147E-16,0.));
#7850 = ORIENTED_EDGE('',*,*,#7851,.T.);
#7851 = EDGE_CURVE('',#7844,#7852,#7854,.T.);
#7852 = VERTEX_POINT('',#7853);
#7853 = CARTESIAN_POINT('',(3.3,-0.576628129734,0.65));
#7854 = CIRCLE('',#7855,3.35);
#7855 = AXIS2_PLACEMENT_3D('',#7856,#7857,#7858);
#7856 = CARTESIAN_POINT('',(0.,0.,0.65));
#7857 = DIRECTION('',(0.,0.,1.));
#7858 = DIRECTION('',(-1.,1.224646799147E-16,0.));
#7859 = ORIENTED_EDGE('',*,*,#7860,.T.);
#7860 = EDGE_CURVE('',#7852,#7861,#7863,.T.);
#7861 = VERTEX_POINT('',#7862);
#7862 = CARTESIAN_POINT('',(3.3,0.576628129734,0.65));
#7863 = LINE('',#7864,#7865);
#7864 = CARTESIAN_POINT('',(3.3,-1.65,0.65));
#7865 = VECTOR('',#7866,1.);
#7866 = DIRECTION('',(1.224646799147E-16,1.,0.));
#7867 = ORIENTED_EDGE('',*,*,#7868,.T.);
#7868 = EDGE_CURVE('',#7861,#7869,#7871,.T.);
#7869 = VERTEX_POINT('',#7870);
#7870 = CARTESIAN_POINT('',(0.576628129734,3.3,0.65));
#7871 = CIRCLE('',#7872,3.35);
#7872 = AXIS2_PLACEMENT_3D('',#7873,#7874,#7875);
#7873 = CARTESIAN_POINT('',(0.,0.,0.65));
#7874 = DIRECTION('',(0.,0.,1.));
#7875 = DIRECTION('',(-1.,1.224646799147E-16,0.));
#7876 = ORIENTED_EDGE('',*,*,#7877,.T.);
#7877 = EDGE_CURVE('',#7869,#7878,#7880,.T.);
#7878 = VERTEX_POINT('',#7879);
#7879 = CARTESIAN_POINT('',(-0.576628129734,3.3,0.65));
#7880 = LINE('',#7881,#7882);
#7881 = CARTESIAN_POINT('',(1.65,3.3,0.65));
#7882 = VECTOR('',#7883,1.);
#7883 = DIRECTION('',(-1.,1.224646799147E-16,0.));
#7884 = ORIENTED_EDGE('',*,*,#7885,.T.);
#7885 = EDGE_CURVE('',#7878,#7825,#7886,.T.);
#7886 = CIRCLE('',#7887,3.35);
#7887 = AXIS2_PLACEMENT_3D('',#7888,#7889,#7890);
#7888 = CARTESIAN_POINT('',(0.,0.,0.65));
#7889 = DIRECTION('',(0.,0.,1.));
#7890 = DIRECTION('',(-1.,1.224646799147E-16,0.));
#7891 = FACE_BOUND('',#7892,.T.);
#7892 = EDGE_LOOP('',(#7893));
#7893 = ORIENTED_EDGE('',*,*,#7735,.T.);
#7894 = PLANE('',#7895);
#7895 = AXIS2_PLACEMENT_3D('',#7896,#7897,#7898);
#7896 = CARTESIAN_POINT('',(2.040955421701E-16,-6.734331626528E-17,0.65)
  );
#7897 = DIRECTION('',(0.,0.,1.));
#7898 = DIRECTION('',(-1.,1.224646799147E-16,0.));
#7899 = ADVANCED_FACE('',(#7900),#7930,.F.);
#7900 = FACE_BOUND('',#7901,.F.);
#7901 = EDGE_LOOP('',(#7902,#7911,#7912,#7913));
#7902 = ORIENTED_EDGE('',*,*,#7903,.F.);
#7903 = EDGE_CURVE('',#7752,#7904,#7906,.T.);
#7904 = VERTEX_POINT('',#7905);
#7905 = CARTESIAN_POINT('',(-3.121363636364,3.822567986248E-16,
    2.562028979904));
#7906 = CIRCLE('',#7907,0.315);
#7907 = AXIS2_PLACEMENT_3D('',#7908,#7909,#7910);
#7908 = CARTESIAN_POINT('',(-3.15,3.857637417314E-16,2.248333333333));
#7909 = DIRECTION('',(-1.224646799147E-16,-1.,-0.));
#7910 = DIRECTION('',(0.,0.,-1.));
#7911 = ORIENTED_EDGE('',*,*,#7759,.T.);
#7912 = ORIENTED_EDGE('',*,*,#7903,.T.);
#7913 = ORIENTED_EDGE('',*,*,#7914,.F.);
#7914 = EDGE_CURVE('',#7904,#7904,#7915,.T.);
#7915 = ( BOUNDED_CURVE() B_SPLINE_CURVE(13,(#7916,#7917,#7918,#7919,
    #7920,#7921,#7922,#7923,#7924,#7925,#7926,#7927,#7928,#7929),
.UNSPECIFIED.,.T.,.F.) B_SPLINE_CURVE_WITH_KNOTS((1,13,13,1),(
    -19.79203371761,3.914259941243E-16,19.792033717616,39.584067435232),
.UNSPECIFIED.) CURVE() GEOMETRIC_REPRESENTATION_ITEM() 
RATIONAL_B_SPLINE_CURVE((1.,1.,1.000000000001,0.999999999998,
    1.000000000004,0.999999999994,1.000000000007,0.999999999994,
    1.000000000005,0.999999999997,1.000000000001,1.,1.,1.)) 
REPRESENTATION_ITEM('') );
#7916 = CARTESIAN_POINT('',(-3.121363636364,3.822567986248E-16,
    2.562028979904));
#7917 = CARTESIAN_POINT('',(-3.121363636364,1.486800248075,
    2.562028979904));
#7918 = CARTESIAN_POINT('',(-2.352936213531,3.007887230306,
    2.562028979904));
#7919 = CARTESIAN_POINT('',(-0.771620175947,4.095529142455,
    2.562028979904));
#7920 = CARTESIAN_POINT('',(1.404471408799,4.262570212172,2.562028979904
    ));
#7921 = CARTESIAN_POINT('',(3.284355526347,3.103316100394,2.562028979904
    ));
#7922 = CARTESIAN_POINT('',(4.663053053976,1.411064085019,2.562028979904
    ));
#7923 = CARTESIAN_POINT('',(4.663053054016,-1.411064085037,
    2.562028979904));
#7924 = CARTESIAN_POINT('',(3.284355526329,-3.103316100364,
    2.562028979904));
#7925 = CARTESIAN_POINT('',(1.404471408799,-4.262570212199,
    2.562028979904));
#7926 = CARTESIAN_POINT('',(-0.771620175941,-4.095529142443,
    2.562028979904));
#7927 = CARTESIAN_POINT('',(-2.352936213535,-3.007887230309,
    2.562028979904));
#7928 = CARTESIAN_POINT('',(-3.121363636363,-1.486800248074,
    2.562028979904));
#7929 = CARTESIAN_POINT('',(-3.121363636364,3.822567986248E-16,
    2.562028979904));
#7930 = SURFACE_OF_REVOLUTION('',#7931,#7936);
#7931 = CIRCLE('',#7932,0.315);
#7932 = AXIS2_PLACEMENT_3D('',#7933,#7934,#7935);
#7933 = CARTESIAN_POINT('',(-3.15,3.857637417314E-16,2.248333333333));
#7934 = DIRECTION('',(-1.224646799147E-16,-1.,-0.));
#7935 = DIRECTION('',(0.,0.,-1.));
#7936 = AXIS1_PLACEMENT('',#7937,#7938);
#7937 = CARTESIAN_POINT('',(0.,0.,0.65));
#7938 = DIRECTION('',(-0.,0.,-1.));
#7939 = ADVANCED_FACE('',(#7940),#8013,.F.);
#7940 = FACE_BOUND('',#7941,.F.);
#7941 = EDGE_LOOP('',(#7942,#7952,#7960,#7968,#7974,#7975,#7983,#7991,
    #7999,#8007));
#7942 = ORIENTED_EDGE('',*,*,#7943,.F.);
#7943 = EDGE_CURVE('',#7944,#7946,#7948,.T.);
#7944 = VERTEX_POINT('',#7945);
#7945 = CARTESIAN_POINT('',(-3.3,2.3,0.15));
#7946 = VERTEX_POINT('',#7947);
#7947 = CARTESIAN_POINT('',(-3.3,0.325,0.15));
#7948 = LINE('',#7949,#7950);
#7949 = CARTESIAN_POINT('',(-3.3,2.3,0.15));
#7950 = VECTOR('',#7951,1.);
#7951 = DIRECTION('',(-1.224646799147E-16,-1.,0.));
#7952 = ORIENTED_EDGE('',*,*,#7953,.T.);
#7953 = EDGE_CURVE('',#7944,#7954,#7956,.T.);
#7954 = VERTEX_POINT('',#7955);
#7955 = CARTESIAN_POINT('',(-3.3,2.3,0.85));
#7956 = LINE('',#7957,#7958);
#7957 = CARTESIAN_POINT('',(-3.3,2.3,0.15));
#7958 = VECTOR('',#7959,1.);
#7959 = DIRECTION('',(0.,0.,1.));
#7960 = ORIENTED_EDGE('',*,*,#7961,.T.);
#7961 = EDGE_CURVE('',#7954,#7962,#7964,.T.);
#7962 = VERTEX_POINT('',#7963);
#7963 = CARTESIAN_POINT('',(-3.3,0.576628129734,0.85));
#7964 = LINE('',#7965,#7966);
#7965 = CARTESIAN_POINT('',(-3.3,3.3,0.85));
#7966 = VECTOR('',#7967,1.);
#7967 = DIRECTION('',(-1.224646799147E-16,-1.,0.));
#7968 = ORIENTED_EDGE('',*,*,#7969,.T.);
#7969 = EDGE_CURVE('',#7962,#7825,#7970,.T.);
#7970 = LINE('',#7971,#7972);
#7971 = CARTESIAN_POINT('',(-3.3,0.576628129734,0.65));
#7972 = VECTOR('',#7973,1.);
#7973 = DIRECTION('',(0.,0.,-1.));
#7974 = ORIENTED_EDGE('',*,*,#7824,.T.);
#7975 = ORIENTED_EDGE('',*,*,#7976,.F.);
#7976 = EDGE_CURVE('',#7977,#7827,#7979,.T.);
#7977 = VERTEX_POINT('',#7978);
#7978 = CARTESIAN_POINT('',(-3.3,-0.576628129734,0.85));
#7979 = LINE('',#7980,#7981);
#7980 = CARTESIAN_POINT('',(-3.3,-0.576628129734,0.65));
#7981 = VECTOR('',#7982,1.);
#7982 = DIRECTION('',(0.,0.,-1.));
#7983 = ORIENTED_EDGE('',*,*,#7984,.T.);
#7984 = EDGE_CURVE('',#7977,#7985,#7987,.T.);
#7985 = VERTEX_POINT('',#7986);
#7986 = CARTESIAN_POINT('',(-3.3,-2.3,0.85));
#7987 = LINE('',#7988,#7989);
#7988 = CARTESIAN_POINT('',(-3.3,3.3,0.85));
#7989 = VECTOR('',#7990,1.);
#7990 = DIRECTION('',(-1.224646799147E-16,-1.,0.));
#7991 = ORIENTED_EDGE('',*,*,#7992,.F.);
#7992 = EDGE_CURVE('',#7993,#7985,#7995,.T.);
#7993 = VERTEX_POINT('',#7994);
#7994 = CARTESIAN_POINT('',(-3.3,-2.3,0.15));
#7995 = LINE('',#7996,#7997);
#7996 = CARTESIAN_POINT('',(-3.3,-2.3,0.15));
#7997 = VECTOR('',#7998,1.);
#7998 = DIRECTION('',(0.,0.,1.));
#7999 = ORIENTED_EDGE('',*,*,#8000,.F.);
#8000 = EDGE_CURVE('',#8001,#7993,#8003,.T.);
#8001 = VERTEX_POINT('',#8002);
#8002 = CARTESIAN_POINT('',(-3.3,-0.325,0.15));
#8003 = LINE('',#8004,#8005);
#8004 = CARTESIAN_POINT('',(-3.3,2.3,0.15));
#8005 = VECTOR('',#8006,1.);
#8006 = DIRECTION('',(-1.224646799147E-16,-1.,0.));
#8007 = ORIENTED_EDGE('',*,*,#8008,.F.);
#8008 = EDGE_CURVE('',#7946,#8001,#8009,.T.);
#8009 = LINE('',#8010,#8011);
#8010 = CARTESIAN_POINT('',(-3.3,2.3,0.15));
#8011 = VECTOR('',#8012,1.);
#8012 = DIRECTION('',(-1.224646799147E-16,-1.,0.));
#8013 = PLANE('',#8014);
#8014 = AXIS2_PLACEMENT_3D('',#8015,#8016,#8017);
#8015 = CARTESIAN_POINT('',(-3.3,2.3,0.15));
#8016 = DIRECTION('',(1.,-1.224646799147E-16,0.));
#8017 = DIRECTION('',(-1.224646799147E-16,-1.,0.));
#8018 = ADVANCED_FACE('',(#8019),#8038,.F.);
#8019 = FACE_BOUND('',#8020,.F.);
#8020 = EDGE_LOOP('',(#8021,#8029,#8030,#8031));
#8021 = ORIENTED_EDGE('',*,*,#8022,.T.);
#8022 = EDGE_CURVE('',#8023,#7878,#8025,.T.);
#8023 = VERTEX_POINT('',#8024);
#8024 = CARTESIAN_POINT('',(-0.576628129734,3.3,0.85));
#8025 = LINE('',#8026,#8027);
#8026 = CARTESIAN_POINT('',(-0.576628129734,3.3,0.65));
#8027 = VECTOR('',#8028,1.);
#8028 = DIRECTION('',(0.,0.,-1.));
#8029 = ORIENTED_EDGE('',*,*,#7885,.T.);
#8030 = ORIENTED_EDGE('',*,*,#7969,.F.);
#8031 = ORIENTED_EDGE('',*,*,#8032,.T.);
#8032 = EDGE_CURVE('',#7962,#8023,#8033,.T.);
#8033 = CIRCLE('',#8034,3.35);
#8034 = AXIS2_PLACEMENT_3D('',#8035,#8036,#8037);
#8035 = CARTESIAN_POINT('',(0.,0.,0.85));
#8036 = DIRECTION('',(0.,0.,-1.));
#8037 = DIRECTION('',(-1.,1.224646799147E-16,0.));
#8038 = CYLINDRICAL_SURFACE('',#8039,3.35);
#8039 = AXIS2_PLACEMENT_3D('',#8040,#8041,#8042);
#8040 = CARTESIAN_POINT('',(0.,0.,0.65));
#8041 = DIRECTION('',(0.,0.,-1.));
#8042 = DIRECTION('',(-1.,1.224646799147E-16,0.));
#8043 = ADVANCED_FACE('',(#8044),#8063,.F.);
#8044 = FACE_BOUND('',#8045,.F.);
#8045 = EDGE_LOOP('',(#8046,#8054,#8061,#8062));
#8046 = ORIENTED_EDGE('',*,*,#8047,.F.);
#8047 = EDGE_CURVE('',#8048,#7835,#8050,.T.);
#8048 = VERTEX_POINT('',#8049);
#8049 = CARTESIAN_POINT('',(-0.576628129734,-3.3,0.85));
#8050 = LINE('',#8051,#8052);
#8051 = CARTESIAN_POINT('',(-0.576628129734,-3.3,0.65));
#8052 = VECTOR('',#8053,1.);
#8053 = DIRECTION('',(0.,0.,-1.));
#8054 = ORIENTED_EDGE('',*,*,#8055,.T.);
#8055 = EDGE_CURVE('',#8048,#7977,#8056,.T.);
#8056 = CIRCLE('',#8057,3.35);
#8057 = AXIS2_PLACEMENT_3D('',#8058,#8059,#8060);
#8058 = CARTESIAN_POINT('',(0.,0.,0.85));
#8059 = DIRECTION('',(0.,0.,-1.));
#8060 = DIRECTION('',(-1.,1.224646799147E-16,0.));
#8061 = ORIENTED_EDGE('',*,*,#7976,.T.);
#8062 = ORIENTED_EDGE('',*,*,#7834,.T.);
#8063 = CYLINDRICAL_SURFACE('',#8064,3.35);
#8064 = AXIS2_PLACEMENT_3D('',#8065,#8066,#8067);
#8065 = CARTESIAN_POINT('',(0.,0.,0.65));
#8066 = DIRECTION('',(0.,0.,-1.));
#8067 = DIRECTION('',(-1.,1.224646799147E-16,0.));
#8068 = ADVANCED_FACE('',(#8069),#8119,.F.);
#8069 = FACE_BOUND('',#8070,.F.);
#8070 = EDGE_LOOP('',(#8071,#8081,#8089,#8097,#8103,#8104,#8105,#8113));
#8071 = ORIENTED_EDGE('',*,*,#8072,.F.);
#8072 = EDGE_CURVE('',#8073,#8075,#8077,.T.);
#8073 = VERTEX_POINT('',#8074);
#8074 = CARTESIAN_POINT('',(2.9,3.3,0.15));
#8075 = VERTEX_POINT('',#8076);
#8076 = CARTESIAN_POINT('',(-2.3,3.3,0.15));
#8077 = LINE('',#8078,#8079);
#8078 = CARTESIAN_POINT('',(3.3,3.3,0.15));
#8079 = VECTOR('',#8080,1.);
#8080 = DIRECTION('',(-1.,1.224646799147E-16,0.));
#8081 = ORIENTED_EDGE('',*,*,#8082,.T.);
#8082 = EDGE_CURVE('',#8073,#8083,#8085,.T.);
#8083 = VERTEX_POINT('',#8084);
#8084 = CARTESIAN_POINT('',(2.9,3.3,1.15));
#8085 = LINE('',#8086,#8087);
#8086 = CARTESIAN_POINT('',(2.9,3.3,0.15));
#8087 = VECTOR('',#8088,1.);
#8088 = DIRECTION('',(0.,0.,1.));
#8089 = ORIENTED_EDGE('',*,*,#8090,.T.);
#8090 = EDGE_CURVE('',#8083,#8091,#8093,.T.);
#8091 = VERTEX_POINT('',#8092);
#8092 = CARTESIAN_POINT('',(0.576628129734,3.3,1.15));
#8093 = LINE('',#8094,#8095);
#8094 = CARTESIAN_POINT('',(3.3,3.3,1.15));
#8095 = VECTOR('',#8096,1.);
#8096 = DIRECTION('',(-1.,1.224646799147E-16,0.));
#8097 = ORIENTED_EDGE('',*,*,#8098,.T.);
#8098 = EDGE_CURVE('',#8091,#7869,#8099,.T.);
#8099 = LINE('',#8100,#8101);
#8100 = CARTESIAN_POINT('',(0.576628129734,3.3,0.65));
#8101 = VECTOR('',#8102,1.);
#8102 = DIRECTION('',(0.,0.,-1.));
#8103 = ORIENTED_EDGE('',*,*,#7877,.T.);
#8104 = ORIENTED_EDGE('',*,*,#8022,.F.);
#8105 = ORIENTED_EDGE('',*,*,#8106,.T.);
#8106 = EDGE_CURVE('',#8023,#8107,#8109,.T.);
#8107 = VERTEX_POINT('',#8108);
#8108 = CARTESIAN_POINT('',(-2.3,3.3,0.85));
#8109 = LINE('',#8110,#8111);
#8110 = CARTESIAN_POINT('',(4.041334437186E-16,3.3,0.85));
#8111 = VECTOR('',#8112,1.);
#8112 = DIRECTION('',(-1.,1.224646799147E-16,0.));
#8113 = ORIENTED_EDGE('',*,*,#8114,.F.);
#8114 = EDGE_CURVE('',#8075,#8107,#8115,.T.);
#8115 = LINE('',#8116,#8117);
#8116 = CARTESIAN_POINT('',(-2.3,3.3,0.15));
#8117 = VECTOR('',#8118,1.);
#8118 = DIRECTION('',(0.,0.,1.));
#8119 = PLANE('',#8120);
#8120 = AXIS2_PLACEMENT_3D('',#8121,#8122,#8123);
#8121 = CARTESIAN_POINT('',(3.3,3.3,0.15));
#8122 = DIRECTION('',(-1.224646799147E-16,-1.,0.));
#8123 = DIRECTION('',(-1.,1.224646799147E-16,0.));
#8124 = ADVANCED_FACE('',(#8125),#8175,.F.);
#8125 = FACE_BOUND('',#8126,.F.);
#8126 = EDGE_LOOP('',(#8127,#8137,#8145,#8153,#8159,#8160,#8161,#8169));
#8127 = ORIENTED_EDGE('',*,*,#8128,.F.);
#8128 = EDGE_CURVE('',#8129,#8131,#8133,.T.);
#8129 = VERTEX_POINT('',#8130);
#8130 = CARTESIAN_POINT('',(2.9,-3.3,0.15));
#8131 = VERTEX_POINT('',#8132);
#8132 = CARTESIAN_POINT('',(2.9,-3.3,1.15));
#8133 = LINE('',#8134,#8135);
#8134 = CARTESIAN_POINT('',(2.9,-3.3,0.15));
#8135 = VECTOR('',#8136,1.);
#8136 = DIRECTION('',(0.,0.,1.));
#8137 = ORIENTED_EDGE('',*,*,#8138,.F.);
#8138 = EDGE_CURVE('',#8139,#8129,#8141,.T.);
#8139 = VERTEX_POINT('',#8140);
#8140 = CARTESIAN_POINT('',(-2.3,-3.3,0.15));
#8141 = LINE('',#8142,#8143);
#8142 = CARTESIAN_POINT('',(-2.3,-3.3,0.15));
#8143 = VECTOR('',#8144,1.);
#8144 = DIRECTION('',(1.,-1.224646799147E-16,0.));
#8145 = ORIENTED_EDGE('',*,*,#8146,.T.);
#8146 = EDGE_CURVE('',#8139,#8147,#8149,.T.);
#8147 = VERTEX_POINT('',#8148);
#8148 = CARTESIAN_POINT('',(-2.3,-3.3,0.85));
#8149 = LINE('',#8150,#8151);
#8150 = CARTESIAN_POINT('',(-2.3,-3.3,0.15));
#8151 = VECTOR('',#8152,1.);
#8152 = DIRECTION('',(0.,0.,1.));
#8153 = ORIENTED_EDGE('',*,*,#8154,.F.);
#8154 = EDGE_CURVE('',#8048,#8147,#8155,.T.);
#8155 = LINE('',#8156,#8157);
#8156 = CARTESIAN_POINT('',(-4.041334437186E-16,-3.3,0.85));
#8157 = VECTOR('',#8158,1.);
#8158 = DIRECTION('',(-1.,1.224646799147E-16,0.));
#8159 = ORIENTED_EDGE('',*,*,#8047,.T.);
#8160 = ORIENTED_EDGE('',*,*,#7843,.T.);
#8161 = ORIENTED_EDGE('',*,*,#8162,.F.);
#8162 = EDGE_CURVE('',#8163,#7844,#8165,.T.);
#8163 = VERTEX_POINT('',#8164);
#8164 = CARTESIAN_POINT('',(0.576628129734,-3.3,1.15));
#8165 = LINE('',#8166,#8167);
#8166 = CARTESIAN_POINT('',(0.576628129734,-3.3,0.65));
#8167 = VECTOR('',#8168,1.);
#8168 = DIRECTION('',(0.,0.,-1.));
#8169 = ORIENTED_EDGE('',*,*,#8170,.T.);
#8170 = EDGE_CURVE('',#8163,#8131,#8171,.T.);
#8171 = LINE('',#8172,#8173);
#8172 = CARTESIAN_POINT('',(-2.3,-3.3,1.15));
#8173 = VECTOR('',#8174,1.);
#8174 = DIRECTION('',(1.,-1.224646799147E-16,0.));
#8175 = PLANE('',#8176);
#8176 = AXIS2_PLACEMENT_3D('',#8177,#8178,#8179);
#8177 = CARTESIAN_POINT('',(-2.3,-3.3,0.15));
#8178 = DIRECTION('',(1.224646799147E-16,1.,0.));
#8179 = DIRECTION('',(1.,-1.224646799147E-16,0.));
#8180 = ADVANCED_FACE('',(#8181),#8200,.F.);
#8181 = FACE_BOUND('',#8182,.F.);
#8182 = EDGE_LOOP('',(#8183,#8192,#8198,#8199));
#8183 = ORIENTED_EDGE('',*,*,#8184,.F.);
#8184 = EDGE_CURVE('',#8185,#8091,#8187,.T.);
#8185 = VERTEX_POINT('',#8186);
#8186 = CARTESIAN_POINT('',(3.3,0.576628129734,1.15));
#8187 = CIRCLE('',#8188,3.35);
#8188 = AXIS2_PLACEMENT_3D('',#8189,#8190,#8191);
#8189 = CARTESIAN_POINT('',(0.,0.,1.15));
#8190 = DIRECTION('',(0.,0.,1.));
#8191 = DIRECTION('',(-1.,1.224646799147E-16,0.));
#8192 = ORIENTED_EDGE('',*,*,#8193,.T.);
#8193 = EDGE_CURVE('',#8185,#7861,#8194,.T.);
#8194 = LINE('',#8195,#8196);
#8195 = CARTESIAN_POINT('',(3.3,0.576628129734,0.65));
#8196 = VECTOR('',#8197,1.);
#8197 = DIRECTION('',(0.,0.,-1.));
#8198 = ORIENTED_EDGE('',*,*,#7868,.T.);
#8199 = ORIENTED_EDGE('',*,*,#8098,.F.);
#8200 = CYLINDRICAL_SURFACE('',#8201,3.35);
#8201 = AXIS2_PLACEMENT_3D('',#8202,#8203,#8204);
#8202 = CARTESIAN_POINT('',(0.,0.,0.65));
#8203 = DIRECTION('',(0.,0.,-1.));
#8204 = DIRECTION('',(-1.,1.224646799147E-16,0.));
#8205 = ADVANCED_FACE('',(#8206),#8225,.F.);
#8206 = FACE_BOUND('',#8207,.F.);
#8207 = EDGE_LOOP('',(#8208,#8216,#8223,#8224));
#8208 = ORIENTED_EDGE('',*,*,#8209,.F.);
#8209 = EDGE_CURVE('',#8210,#7852,#8212,.T.);
#8210 = VERTEX_POINT('',#8211);
#8211 = CARTESIAN_POINT('',(3.3,-0.576628129734,1.15));
#8212 = LINE('',#8213,#8214);
#8213 = CARTESIAN_POINT('',(3.3,-0.576628129734,0.65));
#8214 = VECTOR('',#8215,1.);
#8215 = DIRECTION('',(0.,0.,-1.));
#8216 = ORIENTED_EDGE('',*,*,#8217,.F.);
#8217 = EDGE_CURVE('',#8163,#8210,#8218,.T.);
#8218 = CIRCLE('',#8219,3.35);
#8219 = AXIS2_PLACEMENT_3D('',#8220,#8221,#8222);
#8220 = CARTESIAN_POINT('',(0.,0.,1.15));
#8221 = DIRECTION('',(0.,0.,1.));
#8222 = DIRECTION('',(-1.,1.224646799147E-16,0.));
#8223 = ORIENTED_EDGE('',*,*,#8162,.T.);
#8224 = ORIENTED_EDGE('',*,*,#7851,.T.);
#8225 = CYLINDRICAL_SURFACE('',#8226,3.35);
#8226 = AXIS2_PLACEMENT_3D('',#8227,#8228,#8229);
#8227 = CARTESIAN_POINT('',(0.,0.,0.65));
#8228 = DIRECTION('',(0.,0.,-1.));
#8229 = DIRECTION('',(-1.,1.224646799147E-16,0.));
#8230 = ADVANCED_FACE('',(#8231),#8290,.F.);
#8231 = FACE_BOUND('',#8232,.F.);
#8232 = EDGE_LOOP('',(#8233,#8243,#8251,#8257,#8258,#8259,#8260,#8268,
    #8276,#8284));
#8233 = ORIENTED_EDGE('',*,*,#8234,.F.);
#8234 = EDGE_CURVE('',#8235,#8237,#8239,.T.);
#8235 = VERTEX_POINT('',#8236);
#8236 = CARTESIAN_POINT('',(3.3,-2.9,0.15));
#8237 = VERTEX_POINT('',#8238);
#8238 = CARTESIAN_POINT('',(3.3,-0.325,0.15));
#8239 = LINE('',#8240,#8241);
#8240 = CARTESIAN_POINT('',(3.3,-3.3,0.15));
#8241 = VECTOR('',#8242,1.);
#8242 = DIRECTION('',(1.224646799147E-16,1.,0.));
#8243 = ORIENTED_EDGE('',*,*,#8244,.T.);
#8244 = EDGE_CURVE('',#8235,#8245,#8247,.T.);
#8245 = VERTEX_POINT('',#8246);
#8246 = CARTESIAN_POINT('',(3.3,-2.9,1.15));
#8247 = LINE('',#8248,#8249);
#8248 = CARTESIAN_POINT('',(3.3,-2.9,0.15));
#8249 = VECTOR('',#8250,1.);
#8250 = DIRECTION('',(0.,0.,1.));
#8251 = ORIENTED_EDGE('',*,*,#8252,.T.);
#8252 = EDGE_CURVE('',#8245,#8210,#8253,.T.);
#8253 = LINE('',#8254,#8255);
#8254 = CARTESIAN_POINT('',(3.3,-3.3,1.15));
#8255 = VECTOR('',#8256,1.);
#8256 = DIRECTION('',(1.224646799147E-16,1.,0.));
#8257 = ORIENTED_EDGE('',*,*,#8209,.T.);
#8258 = ORIENTED_EDGE('',*,*,#7860,.T.);
#8259 = ORIENTED_EDGE('',*,*,#8193,.F.);
#8260 = ORIENTED_EDGE('',*,*,#8261,.T.);
#8261 = EDGE_CURVE('',#8185,#8262,#8264,.T.);
#8262 = VERTEX_POINT('',#8263);
#8263 = CARTESIAN_POINT('',(3.3,2.9,1.15));
#8264 = LINE('',#8265,#8266);
#8265 = CARTESIAN_POINT('',(3.3,-3.3,1.15));
#8266 = VECTOR('',#8267,1.);
#8267 = DIRECTION('',(1.224646799147E-16,1.,0.));
#8268 = ORIENTED_EDGE('',*,*,#8269,.F.);
#8269 = EDGE_CURVE('',#8270,#8262,#8272,.T.);
#8270 = VERTEX_POINT('',#8271);
#8271 = CARTESIAN_POINT('',(3.3,2.9,0.15));
#8272 = LINE('',#8273,#8274);
#8273 = CARTESIAN_POINT('',(3.3,2.9,0.15));
#8274 = VECTOR('',#8275,1.);
#8275 = DIRECTION('',(0.,0.,1.));
#8276 = ORIENTED_EDGE('',*,*,#8277,.F.);
#8277 = EDGE_CURVE('',#8278,#8270,#8280,.T.);
#8278 = VERTEX_POINT('',#8279);
#8279 = CARTESIAN_POINT('',(3.3,0.325,0.15));
#8280 = LINE('',#8281,#8282);
#8281 = CARTESIAN_POINT('',(3.3,-3.3,0.15));
#8282 = VECTOR('',#8283,1.);
#8283 = DIRECTION('',(1.224646799147E-16,1.,0.));
#8284 = ORIENTED_EDGE('',*,*,#8285,.F.);
#8285 = EDGE_CURVE('',#8237,#8278,#8286,.T.);
#8286 = LINE('',#8287,#8288);
#8287 = CARTESIAN_POINT('',(3.3,-3.3,0.15));
#8288 = VECTOR('',#8289,1.);
#8289 = DIRECTION('',(1.224646799147E-16,1.,0.));
#8290 = PLANE('',#8291);
#8291 = AXIS2_PLACEMENT_3D('',#8292,#8293,#8294);
#8292 = CARTESIAN_POINT('',(3.3,-3.3,0.15));
#8293 = DIRECTION('',(-1.,1.224646799147E-16,0.));
#8294 = DIRECTION('',(1.224646799147E-16,1.,0.));
#8295 = ADVANCED_FACE('',(#8296),#8325,.T.);
#8296 = FACE_BOUND('',#8297,.T.);
#8297 = EDGE_LOOP('',(#8298,#8306,#8323,#8324));
#8298 = ORIENTED_EDGE('',*,*,#8299,.T.);
#8299 = EDGE_CURVE('',#7904,#8300,#8302,.T.);
#8300 = VERTEX_POINT('',#8301);
#8301 = CARTESIAN_POINT('',(-3.15,3.857637417314E-16,2.593398544562));
#8302 = ( BOUNDED_CURVE() B_SPLINE_CURVE(2,(#8303,#8304,#8305),
.UNSPECIFIED.,.F.,.F.) B_SPLINE_CURVE_WITH_KNOTS((3,3),(0.,
19.792033717616),.PIECEWISE_BEZIER_KNOTS.) CURVE() 
GEOMETRIC_REPRESENTATION_ITEM() RATIONAL_B_SPLINE_CURVE((1.,
0.738548945876,1.)) REPRESENTATION_ITEM('') );
#8303 = CARTESIAN_POINT('',(-3.121363636364,3.822567986248E-16,
    2.562028979904));
#8304 = CARTESIAN_POINT('',(-3.15,-4.395309519645E-16,2.564643110293));
#8305 = CARTESIAN_POINT('',(-3.15,3.857637417314E-16,2.593398544562));
#8306 = ORIENTED_EDGE('',*,*,#8307,.T.);
#8307 = EDGE_CURVE('',#8300,#8300,#8308,.T.);
#8308 = ( BOUNDED_CURVE() B_SPLINE_CURVE(13,(#8309,#8310,#8311,#8312,
    #8313,#8314,#8315,#8316,#8317,#8318,#8319,#8320,#8321,#8322),
.UNSPECIFIED.,.T.,.F.) B_SPLINE_CURVE_WITH_KNOTS((1,13,13,1),(
    -19.79203371761,3.914259941243E-16,19.792033717616,39.584067435232),
.UNSPECIFIED.) CURVE() GEOMETRIC_REPRESENTATION_ITEM() 
RATIONAL_B_SPLINE_CURVE((1.,1.,1.000000000001,0.999999999998,
    1.000000000004,0.999999999994,1.000000000007,0.999999999994,
    1.000000000005,0.999999999997,1.000000000001,1.,1.,1.)) 
REPRESENTATION_ITEM('') );
#8309 = CARTESIAN_POINT('',(-3.15,3.857637417314E-16,2.593398544562));
#8310 = CARTESIAN_POINT('',(-3.150000000001,1.500440617323,
    2.593398544562));
#8311 = CARTESIAN_POINT('',(-2.374522784297,3.035482525996,
    2.593398544562));
#8312 = CARTESIAN_POINT('',(-0.778699260131,4.133102804314,
    2.593398544562));
#8313 = CARTESIAN_POINT('',(1.417356467596,4.301676360904,2.593398544562
    ));
#8314 = CARTESIAN_POINT('',(3.314487228421,3.131786890311,2.593398544561
    ));
#8315 = CARTESIAN_POINT('',(4.705833357228,1.424009627078,2.593398544562
    ));
#8316 = CARTESIAN_POINT('',(4.705833357259,-1.424009627096,
    2.593398544561));
#8317 = CARTESIAN_POINT('',(3.31448722841,-3.131786890279,2.593398544562
    ));
#8318 = CARTESIAN_POINT('',(1.417356467592,-4.301676360932,
    2.593398544562));
#8319 = CARTESIAN_POINT('',(-0.778699260122,-4.133102804301,
    2.593398544562));
#8320 = CARTESIAN_POINT('',(-2.374522784302,-3.035482525999,
    2.593398544562));
#8321 = CARTESIAN_POINT('',(-3.15,-1.500440617323,2.593398544562));
#8322 = CARTESIAN_POINT('',(-3.15,3.857637417314E-16,2.593398544562));
#8323 = ORIENTED_EDGE('',*,*,#8299,.F.);
#8324 = ORIENTED_EDGE('',*,*,#7914,.F.);
#8325 = ( BOUNDED_SURFACE() B_SPLINE_SURFACE(2,13,(
    (#8326,#8327,#8328,#8329,#8330,#8331,#8332,#8333,#8334,#8335,#8336
      ,#8337,#8338,#8339)
    ,(#8340,#8341,#8342,#8343,#8344,#8345,#8346,#8347,#8348,#8349,#8350
      ,#8351,#8352,#8353)
    ,(#8354,#8355,#8356,#8357,#8358,#8359,#8360,#8361,#8362,#8363,#8364
      ,#8365,#8366,#8367
)),.UNSPECIFIED.,.F.,.T.,.F.) B_SPLINE_SURFACE_WITH_KNOTS((3,3),(1,13,13
    ,1),(0.,19.792033717616),(-19.79203371761,3.914259941243E-16,
    19.792033717616,39.584067435232),.UNSPECIFIED.) 
GEOMETRIC_REPRESENTATION_ITEM() RATIONAL_B_SPLINE_SURFACE((
    (1.,1.,1.000000000001,0.999999999998,1.000000000004,0.999999999994
      ,1.000000000007,0.999999999994,1.000000000005,0.999999999997
      ,1.000000000001,1.,1.,1.)
    ,(0.738548945876,0.738548945876,0.738548945876,0.738548945875
      ,0.738548945878,0.738548945873,0.738548945879,0.738548945873
      ,0.738548945878,0.738548945875,0.738548945877,0.738548945876
      ,0.738548945876,0.738548945876)
    ,(1.,1.,1.000000000001,0.999999999998,1.000000000004,0.999999999994
      ,1.000000000007,0.999999999994,1.000000000005,0.999999999997
,1.000000000001,1.,1.,1.))) REPRESENTATION_ITEM('') SURFACE() );
#8326 = CARTESIAN_POINT('',(-3.121363636364,3.822567986248E-16,
    2.562028979904));
#8327 = CARTESIAN_POINT('',(-3.121363636364,1.486800248075,
    2.562028979904));
#8328 = CARTESIAN_POINT('',(-2.352936213531,3.007887230306,
    2.562028979904));
#8329 = CARTESIAN_POINT('',(-0.771620175947,4.095529142455,
    2.562028979904));
#8330 = CARTESIAN_POINT('',(1.404471408799,4.262570212172,2.562028979904
    ));
#8331 = CARTESIAN_POINT('',(3.284355526347,3.103316100394,2.562028979904
    ));
#8332 = CARTESIAN_POINT('',(4.663053053976,1.411064085019,2.562028979904
    ));
#8333 = CARTESIAN_POINT('',(4.663053054016,-1.411064085037,
    2.562028979904));
#8334 = CARTESIAN_POINT('',(3.284355526329,-3.103316100364,
    2.562028979904));
#8335 = CARTESIAN_POINT('',(1.404471408799,-4.262570212199,
    2.562028979904));
#8336 = CARTESIAN_POINT('',(-0.771620175941,-4.095529142443,
    2.562028979904));
#8337 = CARTESIAN_POINT('',(-2.352936213535,-3.007887230309,
    2.562028979904));
#8338 = CARTESIAN_POINT('',(-3.121363636363,-1.486800248074,
    2.562028979904));
#8339 = CARTESIAN_POINT('',(-3.121363636364,3.822567986248E-16,
    2.562028979904));
#8340 = CARTESIAN_POINT('',(-3.15,-4.395309519645E-16,2.564643110293));
#8341 = CARTESIAN_POINT('',(-3.150000000001,1.500440617323,
    2.564643110293));
#8342 = CARTESIAN_POINT('',(-2.374522784295,3.035482525996,
    2.564643110293));
#8343 = CARTESIAN_POINT('',(-0.778699260136,4.133102804312,
    2.564643110292));
#8344 = CARTESIAN_POINT('',(1.41735646761,4.301676360909,2.564643110293)
  );
#8345 = CARTESIAN_POINT('',(3.314487228397,3.131786890306,2.564643110292
    ));
#8346 = CARTESIAN_POINT('',(4.705833357259,1.424009627081,2.564643110293
    ));
#8347 = CARTESIAN_POINT('',(4.705833357228,-1.424009627094,
    2.564643110292));
#8348 = CARTESIAN_POINT('',(3.314487228431,-3.131786890283,
    2.564643110293));
#8349 = CARTESIAN_POINT('',(1.41735646758,-4.301676360929,2.564643110292
    ));
#8350 = CARTESIAN_POINT('',(-0.778699260117,-4.133102804302,
    2.564643110293));
#8351 = CARTESIAN_POINT('',(-2.374522784304,-3.035482525999,
    2.564643110293));
#8352 = CARTESIAN_POINT('',(-3.149999999999,-1.500440617323,
    2.564643110293));
#8353 = CARTESIAN_POINT('',(-3.15,-4.395309519645E-16,2.564643110293));
#8354 = CARTESIAN_POINT('',(-3.15,3.857637417314E-16,2.593398544562));
#8355 = CARTESIAN_POINT('',(-3.150000000001,1.500440617323,
    2.593398544562));
#8356 = CARTESIAN_POINT('',(-2.374522784297,3.035482525996,
    2.593398544562));
#8357 = CARTESIAN_POINT('',(-0.778699260131,4.133102804314,
    2.593398544562));
#8358 = CARTESIAN_POINT('',(1.417356467596,4.301676360904,2.593398544562
    ));
#8359 = CARTESIAN_POINT('',(3.314487228421,3.131786890311,2.593398544561
    ));
#8360 = CARTESIAN_POINT('',(4.705833357228,1.424009627078,2.593398544562
    ));
#8361 = CARTESIAN_POINT('',(4.705833357259,-1.424009627096,
    2.593398544561));
#8362 = CARTESIAN_POINT('',(3.31448722841,-3.131786890279,2.593398544562
    ));
#8363 = CARTESIAN_POINT('',(1.417356467592,-4.301676360932,
    2.593398544562));
#8364 = CARTESIAN_POINT('',(-0.778699260122,-4.133102804301,
    2.593398544562));
#8365 = CARTESIAN_POINT('',(-2.374522784302,-3.035482525999,
    2.593398544562));
#8366 = CARTESIAN_POINT('',(-3.15,-1.500440617323,2.593398544562));
#8367 = CARTESIAN_POINT('',(-3.15,3.857637417314E-16,2.593398544562));
#8368 = ADVANCED_FACE('',(#8369),#8449,.F.);
#8369 = FACE_BOUND('',#8370,.F.);
#8370 = EDGE_LOOP('',(#8371,#8378,#8379,#8387,#8396,#8402,#8403,#8410,
    #8411,#8417,#8418,#8426,#8435,#8441,#8442,#8448));
#8371 = ORIENTED_EDGE('',*,*,#8372,.F.);
#8372 = EDGE_CURVE('',#8235,#8129,#8373,.T.);
#8373 = CIRCLE('',#8374,0.4);
#8374 = AXIS2_PLACEMENT_3D('',#8375,#8376,#8377);
#8375 = CARTESIAN_POINT('',(2.9,-2.9,0.15));
#8376 = DIRECTION('',(0.,0.,-1.));
#8377 = DIRECTION('',(1.224646799147E-16,1.,0.));
#8378 = ORIENTED_EDGE('',*,*,#8234,.T.);
#8379 = ORIENTED_EDGE('',*,*,#8380,.F.);
#8380 = EDGE_CURVE('',#8381,#8237,#8383,.T.);
#8381 = VERTEX_POINT('',#8382);
#8382 = CARTESIAN_POINT('',(1.225,-0.325,0.15));
#8383 = LINE('',#8384,#8385);
#8384 = CARTESIAN_POINT('',(1.225,-0.325,0.15));
#8385 = VECTOR('',#8386,1.);
#8386 = DIRECTION('',(1.,-2.656811920655E-16,0.));
#8387 = ORIENTED_EDGE('',*,*,#8388,.F.);
#8388 = EDGE_CURVE('',#8389,#8381,#8391,.T.);
#8389 = VERTEX_POINT('',#8390);
#8390 = CARTESIAN_POINT('',(1.225,0.325,0.15));
#8391 = CIRCLE('',#8392,0.325);
#8392 = AXIS2_PLACEMENT_3D('',#8393,#8394,#8395);
#8393 = CARTESIAN_POINT('',(1.225,-3.000384657911E-16,0.15));
#8394 = DIRECTION('',(0.,-0.,1.));
#8395 = DIRECTION('',(9.281435288296E-16,1.,0.));
#8396 = ORIENTED_EDGE('',*,*,#8397,.F.);
#8397 = EDGE_CURVE('',#8278,#8389,#8398,.T.);
#8398 = LINE('',#8399,#8400);
#8399 = CARTESIAN_POINT('',(3.9,0.325,0.15));
#8400 = VECTOR('',#8401,1.);
#8401 = DIRECTION('',(-1.,2.449293598295E-16,0.));
#8402 = ORIENTED_EDGE('',*,*,#8277,.T.);
#8403 = ORIENTED_EDGE('',*,*,#8404,.F.);
#8404 = EDGE_CURVE('',#8073,#8270,#8405,.T.);
#8405 = CIRCLE('',#8406,0.4);
#8406 = AXIS2_PLACEMENT_3D('',#8407,#8408,#8409);
#8407 = CARTESIAN_POINT('',(2.9,2.9,0.15));
#8408 = DIRECTION('',(0.,0.,-1.));
#8409 = DIRECTION('',(1.224646799147E-16,1.,0.));
#8410 = ORIENTED_EDGE('',*,*,#8072,.T.);
#8411 = ORIENTED_EDGE('',*,*,#8412,.T.);
#8412 = EDGE_CURVE('',#8075,#7944,#8413,.T.);
#8413 = LINE('',#8414,#8415);
#8414 = CARTESIAN_POINT('',(-2.3,3.3,0.15));
#8415 = VECTOR('',#8416,1.);
#8416 = DIRECTION('',(-0.707106781187,-0.707106781187,0.));
#8417 = ORIENTED_EDGE('',*,*,#7943,.T.);
#8418 = ORIENTED_EDGE('',*,*,#8419,.F.);
#8419 = EDGE_CURVE('',#8420,#7946,#8422,.T.);
#8420 = VERTEX_POINT('',#8421);
#8421 = CARTESIAN_POINT('',(-1.225,0.325,0.15));
#8422 = LINE('',#8423,#8424);
#8423 = CARTESIAN_POINT('',(-1.225,0.325,0.15));
#8424 = VECTOR('',#8425,1.);
#8425 = DIRECTION('',(-1.,1.432165121507E-16,0.));
#8426 = ORIENTED_EDGE('',*,*,#8427,.F.);
#8427 = EDGE_CURVE('',#8428,#8420,#8430,.T.);
#8428 = VERTEX_POINT('',#8429);
#8429 = CARTESIAN_POINT('',(-1.225,-0.325,0.15));
#8430 = CIRCLE('',#8431,0.325);
#8431 = AXIS2_PLACEMENT_3D('',#8432,#8433,#8434);
#8432 = CARTESIAN_POINT('',(-1.225,1.500192328956E-16,0.15));
#8433 = DIRECTION('',(0.,0.,1.));
#8434 = DIRECTION('',(-8.056788489148E-16,-1.,0.));
#8435 = ORIENTED_EDGE('',*,*,#8436,.F.);
#8436 = EDGE_CURVE('',#8001,#8428,#8437,.T.);
#8437 = LINE('',#8438,#8439);
#8438 = CARTESIAN_POINT('',(-3.9,-0.325,0.15));
#8439 = VECTOR('',#8440,1.);
#8440 = DIRECTION('',(1.,-1.224646799147E-16,0.));
#8441 = ORIENTED_EDGE('',*,*,#8000,.T.);
#8442 = ORIENTED_EDGE('',*,*,#8443,.T.);
#8443 = EDGE_CURVE('',#7993,#8139,#8444,.T.);
#8444 = LINE('',#8445,#8446);
#8445 = CARTESIAN_POINT('',(-3.3,-2.3,0.15));
#8446 = VECTOR('',#8447,1.);
#8447 = DIRECTION('',(0.707106781187,-0.707106781187,0.));
#8448 = ORIENTED_EDGE('',*,*,#8138,.T.);
#8449 = PLANE('',#8450);
#8450 = AXIS2_PLACEMENT_3D('',#8451,#8452,#8453);
#8451 = CARTESIAN_POINT('',(0.169665910187,-2.077808138351E-17,0.15));
#8452 = DIRECTION('',(0.,0.,1.));
#8453 = DIRECTION('',(-1.,1.224646799147E-16,0.));
#8454 = ADVANCED_FACE('',(#8455),#8466,.F.);
#8455 = FACE_BOUND('',#8456,.F.);
#8456 = EDGE_LOOP('',(#8457,#8458,#8459,#8465));
#8457 = ORIENTED_EDGE('',*,*,#8412,.F.);
#8458 = ORIENTED_EDGE('',*,*,#8114,.T.);
#8459 = ORIENTED_EDGE('',*,*,#8460,.T.);
#8460 = EDGE_CURVE('',#8107,#7954,#8461,.T.);
#8461 = LINE('',#8462,#8463);
#8462 = CARTESIAN_POINT('',(-1.725,3.875,0.85));
#8463 = VECTOR('',#8464,1.);
#8464 = DIRECTION('',(-0.707106781187,-0.707106781187,0.));
#8465 = ORIENTED_EDGE('',*,*,#7953,.F.);
#8466 = PLANE('',#8467);
#8467 = AXIS2_PLACEMENT_3D('',#8468,#8469,#8470);
#8468 = CARTESIAN_POINT('',(-2.3,3.3,0.15));
#8469 = DIRECTION('',(0.707106781187,-0.707106781187,0.));
#8470 = DIRECTION('',(-0.707106781187,-0.707106781187,0.));
#8471 = ADVANCED_FACE('',(#8472),#8497,.T.);
#8472 = FACE_BOUND('',#8473,.T.);
#8473 = EDGE_LOOP('',(#8474,#8482,#8490,#8496));
#8474 = ORIENTED_EDGE('',*,*,#8475,.T.);
#8475 = EDGE_CURVE('',#7946,#8476,#8478,.T.);
#8476 = VERTEX_POINT('',#8477);
#8477 = CARTESIAN_POINT('',(-3.9,0.325,0.15));
#8478 = LINE('',#8479,#8480);
#8479 = CARTESIAN_POINT('',(-1.225,0.325,0.15));
#8480 = VECTOR('',#8481,1.);
#8481 = DIRECTION('',(-1.,1.432165121507E-16,0.));
#8482 = ORIENTED_EDGE('',*,*,#8483,.T.);
#8483 = EDGE_CURVE('',#8476,#8484,#8486,.T.);
#8484 = VERTEX_POINT('',#8485);
#8485 = CARTESIAN_POINT('',(-3.9,-0.325,0.15));
#8486 = LINE('',#8487,#8488);
#8487 = CARTESIAN_POINT('',(-3.9,0.325,0.15));
#8488 = VECTOR('',#8489,1.);
#8489 = DIRECTION('',(-1.224646799147E-16,-1.,0.));
#8490 = ORIENTED_EDGE('',*,*,#8491,.T.);
#8491 = EDGE_CURVE('',#8484,#8001,#8492,.T.);
#8492 = LINE('',#8493,#8494);
#8493 = CARTESIAN_POINT('',(-3.9,-0.325,0.15));
#8494 = VECTOR('',#8495,1.);
#8495 = DIRECTION('',(1.,-1.224646799147E-16,0.));
#8496 = ORIENTED_EDGE('',*,*,#8008,.F.);
#8497 = PLANE('',#8498);
#8498 = AXIS2_PLACEMENT_3D('',#8499,#8500,#8501);
#8499 = CARTESIAN_POINT('',(-2.47395012666,2.870543344061E-16,0.15));
#8500 = DIRECTION('',(0.,0.,1.));
#8501 = DIRECTION('',(-1.,1.224646799147E-16,0.));
#8502 = ADVANCED_FACE('',(#8503),#8509,.T.);
#8503 = FACE_BOUND('',#8504,.T.);
#8504 = EDGE_LOOP('',(#8505,#8506,#8507,#8508));
#8505 = ORIENTED_EDGE('',*,*,#8032,.T.);
#8506 = ORIENTED_EDGE('',*,*,#8106,.T.);
#8507 = ORIENTED_EDGE('',*,*,#8460,.T.);
#8508 = ORIENTED_EDGE('',*,*,#7961,.T.);
#8509 = PLANE('',#8510);
#8510 = AXIS2_PLACEMENT_3D('',#8511,#8512,#8513);
#8511 = CARTESIAN_POINT('',(4.041334437186E-16,3.3,0.85));
#8512 = DIRECTION('',(0.,0.,1.));
#8513 = DIRECTION('',(-1.,1.224646799147E-16,0.));
#8514 = ADVANCED_FACE('',(#8515),#8526,.F.);
#8515 = FACE_BOUND('',#8516,.F.);
#8516 = EDGE_LOOP('',(#8517,#8518,#8519,#8525));
#8517 = ORIENTED_EDGE('',*,*,#8443,.F.);
#8518 = ORIENTED_EDGE('',*,*,#7992,.T.);
#8519 = ORIENTED_EDGE('',*,*,#8520,.T.);
#8520 = EDGE_CURVE('',#7985,#8147,#8521,.T.);
#8521 = LINE('',#8522,#8523);
#8522 = CARTESIAN_POINT('',(-3.875,-1.725,0.85));
#8523 = VECTOR('',#8524,1.);
#8524 = DIRECTION('',(0.707106781187,-0.707106781187,0.));
#8525 = ORIENTED_EDGE('',*,*,#8146,.F.);
#8526 = PLANE('',#8527);
#8527 = AXIS2_PLACEMENT_3D('',#8528,#8529,#8530);
#8528 = CARTESIAN_POINT('',(-3.3,-2.3,0.15));
#8529 = DIRECTION('',(0.707106781187,0.707106781187,0.));
#8530 = DIRECTION('',(0.707106781187,-0.707106781187,0.));
#8531 = ADVANCED_FACE('',(#8532),#8538,.T.);
#8532 = FACE_BOUND('',#8533,.T.);
#8533 = EDGE_LOOP('',(#8534,#8535,#8536,#8537));
#8534 = ORIENTED_EDGE('',*,*,#8154,.F.);
#8535 = ORIENTED_EDGE('',*,*,#8055,.T.);
#8536 = ORIENTED_EDGE('',*,*,#7984,.T.);
#8537 = ORIENTED_EDGE('',*,*,#8520,.T.);
#8538 = PLANE('',#8539);
#8539 = AXIS2_PLACEMENT_3D('',#8540,#8541,#8542);
#8540 = CARTESIAN_POINT('',(4.041334437186E-16,3.3,0.85));
#8541 = DIRECTION('',(0.,0.,1.));
#8542 = DIRECTION('',(-1.,1.224646799147E-16,0.));
#8543 = ADVANCED_FACE('',(#8544),#8556,.T.);
#8544 = FACE_BOUND('',#8545,.T.);
#8545 = EDGE_LOOP('',(#8546,#8547,#8548,#8555));
#8546 = ORIENTED_EDGE('',*,*,#8184,.F.);
#8547 = ORIENTED_EDGE('',*,*,#8261,.T.);
#8548 = ORIENTED_EDGE('',*,*,#8549,.F.);
#8549 = EDGE_CURVE('',#8083,#8262,#8550,.T.);
#8550 = CIRCLE('',#8551,0.4);
#8551 = AXIS2_PLACEMENT_3D('',#8552,#8553,#8554);
#8552 = CARTESIAN_POINT('',(2.9,2.9,1.15));
#8553 = DIRECTION('',(0.,0.,-1.));
#8554 = DIRECTION('',(1.224646799147E-16,1.,0.));
#8555 = ORIENTED_EDGE('',*,*,#8090,.T.);
#8556 = PLANE('',#8557);
#8557 = AXIS2_PLACEMENT_3D('',#8558,#8559,#8560);
#8558 = CARTESIAN_POINT('',(0.169665910187,-2.077808138351E-17,1.15));
#8559 = DIRECTION('',(0.,0.,1.));
#8560 = DIRECTION('',(-1.,1.224646799147E-16,0.));
#8561 = ADVANCED_FACE('',(#8562),#8568,.T.);
#8562 = FACE_BOUND('',#8563,.T.);
#8563 = EDGE_LOOP('',(#8564,#8565,#8566,#8567));
#8564 = ORIENTED_EDGE('',*,*,#8082,.T.);
#8565 = ORIENTED_EDGE('',*,*,#8549,.T.);
#8566 = ORIENTED_EDGE('',*,*,#8269,.F.);
#8567 = ORIENTED_EDGE('',*,*,#8404,.F.);
#8568 = CYLINDRICAL_SURFACE('',#8569,0.4);
#8569 = AXIS2_PLACEMENT_3D('',#8570,#8571,#8572);
#8570 = CARTESIAN_POINT('',(2.9,2.9,0.15));
#8571 = DIRECTION('',(0.,0.,1.));
#8572 = DIRECTION('',(1.224646799147E-16,1.,-0.));
#8573 = ADVANCED_FACE('',(#8574),#8586,.T.);
#8574 = FACE_BOUND('',#8575,.T.);
#8575 = EDGE_LOOP('',(#8576,#8577,#8584,#8585));
#8576 = ORIENTED_EDGE('',*,*,#8244,.T.);
#8577 = ORIENTED_EDGE('',*,*,#8578,.T.);
#8578 = EDGE_CURVE('',#8245,#8131,#8579,.T.);
#8579 = CIRCLE('',#8580,0.4);
#8580 = AXIS2_PLACEMENT_3D('',#8581,#8582,#8583);
#8581 = CARTESIAN_POINT('',(2.9,-2.9,1.15));
#8582 = DIRECTION('',(0.,0.,-1.));
#8583 = DIRECTION('',(1.224646799147E-16,1.,0.));
#8584 = ORIENTED_EDGE('',*,*,#8128,.F.);
#8585 = ORIENTED_EDGE('',*,*,#8372,.F.);
#8586 = CYLINDRICAL_SURFACE('',#8587,0.4);
#8587 = AXIS2_PLACEMENT_3D('',#8588,#8589,#8590);
#8588 = CARTESIAN_POINT('',(2.9,-2.9,0.15));
#8589 = DIRECTION('',(0.,0.,1.));
#8590 = DIRECTION('',(1.,-1.224646799147E-16,0.));
#8591 = ADVANCED_FACE('',(#8592),#8598,.T.);
#8592 = FACE_BOUND('',#8593,.T.);
#8593 = EDGE_LOOP('',(#8594,#8595,#8596,#8597));
#8594 = ORIENTED_EDGE('',*,*,#8578,.F.);
#8595 = ORIENTED_EDGE('',*,*,#8252,.T.);
#8596 = ORIENTED_EDGE('',*,*,#8217,.F.);
#8597 = ORIENTED_EDGE('',*,*,#8170,.T.);
#8598 = PLANE('',#8599);
#8599 = AXIS2_PLACEMENT_3D('',#8600,#8601,#8602);
#8600 = CARTESIAN_POINT('',(0.169665910187,-2.077808138351E-17,1.15));
#8601 = DIRECTION('',(0.,0.,1.));
#8602 = DIRECTION('',(-1.,1.224646799147E-16,0.));
#8603 = ADVANCED_FACE('',(#8604),#8629,.T.);
#8604 = FACE_BOUND('',#8605,.T.);
#8605 = EDGE_LOOP('',(#8606,#8614,#8622,#8628));
#8606 = ORIENTED_EDGE('',*,*,#8607,.T.);
#8607 = EDGE_CURVE('',#8237,#8608,#8610,.T.);
#8608 = VERTEX_POINT('',#8609);
#8609 = CARTESIAN_POINT('',(3.9,-0.325,0.15));
#8610 = LINE('',#8611,#8612);
#8611 = CARTESIAN_POINT('',(1.225,-0.325,0.15));
#8612 = VECTOR('',#8613,1.);
#8613 = DIRECTION('',(1.,-2.656811920655E-16,0.));
#8614 = ORIENTED_EDGE('',*,*,#8615,.T.);
#8615 = EDGE_CURVE('',#8608,#8616,#8618,.T.);
#8616 = VERTEX_POINT('',#8617);
#8617 = CARTESIAN_POINT('',(3.9,0.325,0.15));
#8618 = LINE('',#8619,#8620);
#8619 = CARTESIAN_POINT('',(3.9,-0.325,0.15));
#8620 = VECTOR('',#8621,1.);
#8621 = DIRECTION('',(2.449293598295E-16,1.,0.));
#8622 = ORIENTED_EDGE('',*,*,#8623,.T.);
#8623 = EDGE_CURVE('',#8616,#8278,#8624,.T.);
#8624 = LINE('',#8625,#8626);
#8625 = CARTESIAN_POINT('',(3.9,0.325,0.15));
#8626 = VECTOR('',#8627,1.);
#8627 = DIRECTION('',(-1.,2.449293598295E-16,0.));
#8628 = ORIENTED_EDGE('',*,*,#8285,.F.);
#8629 = PLANE('',#8630);
#8630 = AXIS2_PLACEMENT_3D('',#8631,#8632,#8633);
#8631 = CARTESIAN_POINT('',(2.47395012666,-5.900258447925E-16,0.15));
#8632 = DIRECTION('',(0.,0.,1.));
#8633 = DIRECTION('',(1.,-2.449293598295E-16,0.));
#8634 = ADVANCED_FACE('',(#8635),#8681,.T.);
#8635 = FACE_BOUND('',#8636,.T.);
#8636 = EDGE_LOOP('',(#8637,#8638,#8646,#8655,#8664,#8673,#8680));
#8637 = ORIENTED_EDGE('',*,*,#8307,.F.);
#8638 = ORIENTED_EDGE('',*,*,#8639,.T.);
#8639 = EDGE_CURVE('',#8300,#8640,#8642,.T.);
#8640 = VERTEX_POINT('',#8641);
#8641 = CARTESIAN_POINT('',(-3.15,3.857637417314E-16,7.28));
#8642 = LINE('',#8643,#8644);
#8643 = CARTESIAN_POINT('',(-3.15,3.857637417314E-16,2.563333333333));
#8644 = VECTOR('',#8645,1.);
#8645 = DIRECTION('',(0.,0.,1.));
#8646 = ORIENTED_EDGE('',*,*,#8647,.T.);
#8647 = EDGE_CURVE('',#8640,#8648,#8650,.T.);
#8648 = VERTEX_POINT('',#8649);
#8649 = CARTESIAN_POINT('',(0.945,3.004908484463,7.28));
#8650 = CIRCLE('',#8651,3.15);
#8651 = AXIS2_PLACEMENT_3D('',#8652,#8653,#8654);
#8652 = CARTESIAN_POINT('',(0.,0.,7.28));
#8653 = DIRECTION('',(0.,0.,-1.));
#8654 = DIRECTION('',(-1.,1.224646799147E-16,0.));
#8655 = ORIENTED_EDGE('',*,*,#8656,.T.);
#8656 = EDGE_CURVE('',#8648,#8657,#8659,.T.);
#8657 = VERTEX_POINT('',#8658);
#8658 = CARTESIAN_POINT('',(3.15,3.20055036432E-08,7.28));
#8659 = CIRCLE('',#8660,3.15);
#8660 = AXIS2_PLACEMENT_3D('',#8661,#8662,#8663);
#8661 = CARTESIAN_POINT('',(0.,0.,7.28));
#8662 = DIRECTION('',(0.,0.,-1.));
#8663 = DIRECTION('',(-1.,1.224646799147E-16,0.));
#8664 = ORIENTED_EDGE('',*,*,#8665,.T.);
#8665 = EDGE_CURVE('',#8657,#8666,#8668,.T.);
#8666 = VERTEX_POINT('',#8667);
#8667 = CARTESIAN_POINT('',(0.945,-3.004908484463,7.28));
#8668 = CIRCLE('',#8669,3.15);
#8669 = AXIS2_PLACEMENT_3D('',#8670,#8671,#8672);
#8670 = CARTESIAN_POINT('',(0.,0.,7.28));
#8671 = DIRECTION('',(0.,0.,-1.));
#8672 = DIRECTION('',(-1.,1.224646799147E-16,0.));
#8673 = ORIENTED_EDGE('',*,*,#8674,.T.);
#8674 = EDGE_CURVE('',#8666,#8640,#8675,.T.);
#8675 = CIRCLE('',#8676,3.15);
#8676 = AXIS2_PLACEMENT_3D('',#8677,#8678,#8679);
#8677 = CARTESIAN_POINT('',(0.,0.,7.28));
#8678 = DIRECTION('',(0.,0.,-1.));
#8679 = DIRECTION('',(-1.,1.224646799147E-16,0.));
#8680 = ORIENTED_EDGE('',*,*,#8639,.F.);
#8681 = CYLINDRICAL_SURFACE('',#8682,3.15);
#8682 = AXIS2_PLACEMENT_3D('',#8683,#8684,#8685);
#8683 = CARTESIAN_POINT('',(0.,0.,2.563333333333));
#8684 = DIRECTION('',(0.,0.,1.));
#8685 = DIRECTION('',(-1.,1.224646799147E-16,0.));
#8686 = ADVANCED_FACE('',(#8687),#8713,.F.);
#8687 = FACE_BOUND('',#8688,.F.);
#8688 = EDGE_LOOP('',(#8689,#8697,#8698,#8699,#8707));
#8689 = ORIENTED_EDGE('',*,*,#8690,.T.);
#8690 = EDGE_CURVE('',#8691,#8484,#8693,.T.);
#8691 = VERTEX_POINT('',#8692);
#8692 = CARTESIAN_POINT('',(-3.9,-0.325,0.));
#8693 = LINE('',#8694,#8695);
#8694 = CARTESIAN_POINT('',(-3.9,-0.325,0.));
#8695 = VECTOR('',#8696,1.);
#8696 = DIRECTION('',(0.,0.,1.));
#8697 = ORIENTED_EDGE('',*,*,#8491,.T.);
#8698 = ORIENTED_EDGE('',*,*,#8436,.T.);
#8699 = ORIENTED_EDGE('',*,*,#8700,.F.);
#8700 = EDGE_CURVE('',#8701,#8428,#8703,.T.);
#8701 = VERTEX_POINT('',#8702);
#8702 = CARTESIAN_POINT('',(-1.225,-0.325,0.));
#8703 = LINE('',#8704,#8705);
#8704 = CARTESIAN_POINT('',(-1.225,-0.325,0.));
#8705 = VECTOR('',#8706,1.);
#8706 = DIRECTION('',(0.,0.,1.));
#8707 = ORIENTED_EDGE('',*,*,#8708,.F.);
#8708 = EDGE_CURVE('',#8691,#8701,#8709,.T.);
#8709 = LINE('',#8710,#8711);
#8710 = CARTESIAN_POINT('',(-3.9,-0.325,0.));
#8711 = VECTOR('',#8712,1.);
#8712 = DIRECTION('',(1.,-1.224646799147E-16,0.));
#8713 = PLANE('',#8714);
#8714 = AXIS2_PLACEMENT_3D('',#8715,#8716,#8717);
#8715 = CARTESIAN_POINT('',(-3.9,-0.325,0.));
#8716 = DIRECTION('',(1.224646799147E-16,1.,0.));
#8717 = DIRECTION('',(1.,-1.224646799147E-16,0.));
#8718 = ADVANCED_FACE('',(#8719),#8738,.T.);
#8719 = FACE_BOUND('',#8720,.T.);
#8720 = EDGE_LOOP('',(#8721,#8730,#8736,#8737));
#8721 = ORIENTED_EDGE('',*,*,#8722,.T.);
#8722 = EDGE_CURVE('',#8701,#8723,#8725,.T.);
#8723 = VERTEX_POINT('',#8724);
#8724 = CARTESIAN_POINT('',(-1.225,0.325,0.));
#8725 = CIRCLE('',#8726,0.325);
#8726 = AXIS2_PLACEMENT_3D('',#8727,#8728,#8729);
#8727 = CARTESIAN_POINT('',(-1.225,1.500192328956E-16,0.));
#8728 = DIRECTION('',(0.,0.,1.));
#8729 = DIRECTION('',(-8.056788489148E-16,-1.,0.));
#8730 = ORIENTED_EDGE('',*,*,#8731,.T.);
#8731 = EDGE_CURVE('',#8723,#8420,#8732,.T.);
#8732 = LINE('',#8733,#8734);
#8733 = CARTESIAN_POINT('',(-1.225,0.325,0.));
#8734 = VECTOR('',#8735,1.);
#8735 = DIRECTION('',(0.,0.,1.));
#8736 = ORIENTED_EDGE('',*,*,#8427,.F.);
#8737 = ORIENTED_EDGE('',*,*,#8700,.F.);
#8738 = CYLINDRICAL_SURFACE('',#8739,0.325);
#8739 = AXIS2_PLACEMENT_3D('',#8740,#8741,#8742);
#8740 = CARTESIAN_POINT('',(-1.225,1.500192328956E-16,0.));
#8741 = DIRECTION('',(0.,0.,-1.));
#8742 = DIRECTION('',(-8.056788489148E-16,-1.,-0.));
#8743 = ADVANCED_FACE('',(#8744),#8763,.F.);
#8744 = FACE_BOUND('',#8745,.F.);
#8745 = EDGE_LOOP('',(#8746,#8747,#8748,#8749,#8757));
#8746 = ORIENTED_EDGE('',*,*,#8731,.T.);
#8747 = ORIENTED_EDGE('',*,*,#8419,.T.);
#8748 = ORIENTED_EDGE('',*,*,#8475,.T.);
#8749 = ORIENTED_EDGE('',*,*,#8750,.F.);
#8750 = EDGE_CURVE('',#8751,#8476,#8753,.T.);
#8751 = VERTEX_POINT('',#8752);
#8752 = CARTESIAN_POINT('',(-3.9,0.325,0.));
#8753 = LINE('',#8754,#8755);
#8754 = CARTESIAN_POINT('',(-3.9,0.325,0.));
#8755 = VECTOR('',#8756,1.);
#8756 = DIRECTION('',(0.,0.,1.));
#8757 = ORIENTED_EDGE('',*,*,#8758,.F.);
#8758 = EDGE_CURVE('',#8723,#8751,#8759,.T.);
#8759 = LINE('',#8760,#8761);
#8760 = CARTESIAN_POINT('',(-1.225,0.325,0.));
#8761 = VECTOR('',#8762,1.);
#8762 = DIRECTION('',(-1.,1.432165121507E-16,0.));
#8763 = PLANE('',#8764);
#8764 = AXIS2_PLACEMENT_3D('',#8765,#8766,#8767);
#8765 = CARTESIAN_POINT('',(-1.225,0.325,0.));
#8766 = DIRECTION('',(-1.432165121507E-16,-1.,0.));
#8767 = DIRECTION('',(-1.,1.432165121507E-16,0.));
#8768 = ADVANCED_FACE('',(#8769),#8795,.F.);
#8769 = FACE_BOUND('',#8770,.F.);
#8770 = EDGE_LOOP('',(#8771,#8779,#8780,#8781,#8789));
#8771 = ORIENTED_EDGE('',*,*,#8772,.T.);
#8772 = EDGE_CURVE('',#8773,#8616,#8775,.T.);
#8773 = VERTEX_POINT('',#8774);
#8774 = CARTESIAN_POINT('',(3.9,0.325,0.));
#8775 = LINE('',#8776,#8777);
#8776 = CARTESIAN_POINT('',(3.9,0.325,0.));
#8777 = VECTOR('',#8778,1.);
#8778 = DIRECTION('',(0.,0.,1.));
#8779 = ORIENTED_EDGE('',*,*,#8623,.T.);
#8780 = ORIENTED_EDGE('',*,*,#8397,.T.);
#8781 = ORIENTED_EDGE('',*,*,#8782,.F.);
#8782 = EDGE_CURVE('',#8783,#8389,#8785,.T.);
#8783 = VERTEX_POINT('',#8784);
#8784 = CARTESIAN_POINT('',(1.225,0.325,0.));
#8785 = LINE('',#8786,#8787);
#8786 = CARTESIAN_POINT('',(1.225,0.325,0.));
#8787 = VECTOR('',#8788,1.);
#8788 = DIRECTION('',(0.,0.,1.));
#8789 = ORIENTED_EDGE('',*,*,#8790,.F.);
#8790 = EDGE_CURVE('',#8773,#8783,#8791,.T.);
#8791 = LINE('',#8792,#8793);
#8792 = CARTESIAN_POINT('',(3.9,0.325,0.));
#8793 = VECTOR('',#8794,1.);
#8794 = DIRECTION('',(-1.,2.449293598295E-16,0.));
#8795 = PLANE('',#8796);
#8796 = AXIS2_PLACEMENT_3D('',#8797,#8798,#8799);
#8797 = CARTESIAN_POINT('',(3.9,0.325,0.));
#8798 = DIRECTION('',(-2.449293598295E-16,-1.,0.));
#8799 = DIRECTION('',(-1.,2.449293598295E-16,0.));
#8800 = ADVANCED_FACE('',(#8801),#8820,.T.);
#8801 = FACE_BOUND('',#8802,.T.);
#8802 = EDGE_LOOP('',(#8803,#8812,#8818,#8819));
#8803 = ORIENTED_EDGE('',*,*,#8804,.T.);
#8804 = EDGE_CURVE('',#8783,#8805,#8807,.T.);
#8805 = VERTEX_POINT('',#8806);
#8806 = CARTESIAN_POINT('',(1.225,-0.325,0.));
#8807 = CIRCLE('',#8808,0.325);
#8808 = AXIS2_PLACEMENT_3D('',#8809,#8810,#8811);
#8809 = CARTESIAN_POINT('',(1.225,-3.000384657911E-16,0.));
#8810 = DIRECTION('',(0.,-0.,1.));
#8811 = DIRECTION('',(9.281435288296E-16,1.,0.));
#8812 = ORIENTED_EDGE('',*,*,#8813,.T.);
#8813 = EDGE_CURVE('',#8805,#8381,#8814,.T.);
#8814 = LINE('',#8815,#8816);
#8815 = CARTESIAN_POINT('',(1.225,-0.325,0.));
#8816 = VECTOR('',#8817,1.);
#8817 = DIRECTION('',(0.,0.,1.));
#8818 = ORIENTED_EDGE('',*,*,#8388,.F.);
#8819 = ORIENTED_EDGE('',*,*,#8782,.F.);
#8820 = CYLINDRICAL_SURFACE('',#8821,0.325);
#8821 = AXIS2_PLACEMENT_3D('',#8822,#8823,#8824);
#8822 = CARTESIAN_POINT('',(1.225,-3.000384657911E-16,0.));
#8823 = DIRECTION('',(-0.,0.,-1.));
#8824 = DIRECTION('',(9.281435288296E-16,1.,0.));
#8825 = ADVANCED_FACE('',(#8826),#8845,.F.);
#8826 = FACE_BOUND('',#8827,.F.);
#8827 = EDGE_LOOP('',(#8828,#8829,#8830,#8831,#8839));
#8828 = ORIENTED_EDGE('',*,*,#8813,.T.);
#8829 = ORIENTED_EDGE('',*,*,#8380,.T.);
#8830 = ORIENTED_EDGE('',*,*,#8607,.T.);
#8831 = ORIENTED_EDGE('',*,*,#8832,.F.);
#8832 = EDGE_CURVE('',#8833,#8608,#8835,.T.);
#8833 = VERTEX_POINT('',#8834);
#8834 = CARTESIAN_POINT('',(3.9,-0.325,0.));
#8835 = LINE('',#8836,#8837);
#8836 = CARTESIAN_POINT('',(3.9,-0.325,0.));
#8837 = VECTOR('',#8838,1.);
#8838 = DIRECTION('',(0.,0.,1.));
#8839 = ORIENTED_EDGE('',*,*,#8840,.F.);
#8840 = EDGE_CURVE('',#8805,#8833,#8841,.T.);
#8841 = LINE('',#8842,#8843);
#8842 = CARTESIAN_POINT('',(1.225,-0.325,0.));
#8843 = VECTOR('',#8844,1.);
#8844 = DIRECTION('',(1.,-2.656811920655E-16,0.));
#8845 = PLANE('',#8846);
#8846 = AXIS2_PLACEMENT_3D('',#8847,#8848,#8849);
#8847 = CARTESIAN_POINT('',(1.225,-0.325,0.));
#8848 = DIRECTION('',(2.656811920655E-16,1.,0.));
#8849 = DIRECTION('',(1.,-2.656811920655E-16,0.));
#8850 = ADVANCED_FACE('',(#8851),#8862,.F.);
#8851 = FACE_BOUND('',#8852,.F.);
#8852 = EDGE_LOOP('',(#8853,#8854,#8855,#8856));
#8853 = ORIENTED_EDGE('',*,*,#8750,.T.);
#8854 = ORIENTED_EDGE('',*,*,#8483,.T.);
#8855 = ORIENTED_EDGE('',*,*,#8690,.F.);
#8856 = ORIENTED_EDGE('',*,*,#8857,.F.);
#8857 = EDGE_CURVE('',#8751,#8691,#8858,.T.);
#8858 = LINE('',#8859,#8860);
#8859 = CARTESIAN_POINT('',(-3.9,0.325,0.));
#8860 = VECTOR('',#8861,1.);
#8861 = DIRECTION('',(-1.224646799147E-16,-1.,0.));
#8862 = PLANE('',#8863);
#8863 = AXIS2_PLACEMENT_3D('',#8864,#8865,#8866);
#8864 = CARTESIAN_POINT('',(-3.9,0.325,0.));
#8865 = DIRECTION('',(1.,-1.224646799147E-16,0.));
#8866 = DIRECTION('',(-1.224646799147E-16,-1.,0.));
#8867 = ADVANCED_FACE('',(#8868),#8879,.F.);
#8868 = FACE_BOUND('',#8869,.F.);
#8869 = EDGE_LOOP('',(#8870,#8871,#8872,#8873));
#8870 = ORIENTED_EDGE('',*,*,#8832,.T.);
#8871 = ORIENTED_EDGE('',*,*,#8615,.T.);
#8872 = ORIENTED_EDGE('',*,*,#8772,.F.);
#8873 = ORIENTED_EDGE('',*,*,#8874,.F.);
#8874 = EDGE_CURVE('',#8833,#8773,#8875,.T.);
#8875 = LINE('',#8876,#8877);
#8876 = CARTESIAN_POINT('',(3.9,-0.325,0.));
#8877 = VECTOR('',#8878,1.);
#8878 = DIRECTION('',(2.449293598295E-16,1.,0.));
#8879 = PLANE('',#8880);
#8880 = AXIS2_PLACEMENT_3D('',#8881,#8882,#8883);
#8881 = CARTESIAN_POINT('',(3.9,-0.325,0.));
#8882 = DIRECTION('',(-1.,2.449293598295E-16,0.));
#8883 = DIRECTION('',(2.449293598295E-16,1.,0.));
#8884 = ADVANCED_FACE('',(#8885),#8927,.T.);
#8885 = FACE_BOUND('',#8886,.T.);
#8886 = EDGE_LOOP('',(#8887,#8898,#8919,#8920));
#8887 = ORIENTED_EDGE('',*,*,#8888,.T.);
#8888 = EDGE_CURVE('',#8889,#8891,#8893,.T.);
#8889 = VERTEX_POINT('',#8890);
#8890 = CARTESIAN_POINT('',(-2.73,3.343285761672E-16,7.7));
#8891 = VERTEX_POINT('',#8892);
#8892 = CARTESIAN_POINT('',(0.945,2.561225292707,7.7));
#8893 = CIRCLE('',#8894,2.73);
#8894 = AXIS2_PLACEMENT_3D('',#8895,#8896,#8897);
#8895 = CARTESIAN_POINT('',(0.,0.,7.7));
#8896 = DIRECTION('',(0.,0.,-1.));
#8897 = DIRECTION('',(-1.,1.224646799147E-16,0.));
#8898 = ORIENTED_EDGE('',*,*,#8899,.F.);
#8899 = EDGE_CURVE('',#8648,#8891,#8900,.T.);
#8900 = B_SPLINE_CURVE_WITH_KNOTS('',5,(#8901,#8902,#8903,#8904,#8905,
    #8906,#8907,#8908,#8909,#8910,#8911,#8912,#8913,#8914,#8915,#8916,
    #8917,#8918),.UNSPECIFIED.,.F.,.F.,(6,4,4,4,6),(0.,0.249577466955,
    0.497599275591,0.74730978514,1.),.UNSPECIFIED.);
#8901 = CARTESIAN_POINT('',(0.945,3.004908484463,7.28));
#8902 = CARTESIAN_POINT('',(0.945,3.00490848098,7.313228015972));
#8903 = CARTESIAN_POINT('',(0.945,3.001463821946,7.346456730622));
#8904 = CARTESIAN_POINT('',(0.945,2.994574119979,7.379237505919));
#8905 = CARTESIAN_POINT('',(0.945,2.984338296282,7.411126992482));
#8906 = CARTESIAN_POINT('',(0.945,2.957631160106,7.472127049006));
#8907 = CARTESIAN_POINT('',(0.945,2.941198599864,7.501254840031));
#8908 = CARTESIAN_POINT('',(0.945,2.921827872491,7.528710244247));
#8909 = CARTESIAN_POINT('',(0.945,2.899782785018,7.554145479611));
#8910 = CARTESIAN_POINT('',(0.945,2.850815155175,7.600572655349));
#8911 = CARTESIAN_POINT('',(0.945,2.823859719074,7.62153380299));
#8912 = CARTESIAN_POINT('',(0.945,2.794840653888,7.63987747649));
#8913 = CARTESIAN_POINT('',(0.945,2.764133571656,7.655390822856));
#8914 = CARTESIAN_POINT('',(0.945,2.699757531029,7.680632446489));
#8915 = CARTESIAN_POINT('',(0.945,2.666057065744,7.690289667083));
#8916 = CARTESIAN_POINT('',(0.945,2.631447275386,7.696766294835));
#8917 = CARTESIAN_POINT('',(0.945,2.596359892027,7.699999996714));
#8918 = CARTESIAN_POINT('',(0.945,2.561225292707,7.7));
#8919 = ORIENTED_EDGE('',*,*,#8647,.F.);
#8920 = ORIENTED_EDGE('',*,*,#8921,.T.);
#8921 = EDGE_CURVE('',#8640,#8889,#8922,.T.);
#8922 = CIRCLE('',#8923,0.42);
#8923 = AXIS2_PLACEMENT_3D('',#8924,#8925,#8926);
#8924 = CARTESIAN_POINT('',(-2.73,3.343285761672E-16,7.28));
#8925 = DIRECTION('',(1.224646799147E-16,1.,-0.));
#8926 = DIRECTION('',(-1.,1.224646799147E-16,0.));
#8927 = TOROIDAL_SURFACE('',#8928,2.73,0.42);
#8928 = AXIS2_PLACEMENT_3D('',#8929,#8930,#8931);
#8929 = CARTESIAN_POINT('',(0.,0.,7.28));
#8930 = DIRECTION('',(0.,0.,1.));
#8931 = DIRECTION('',(-1.,1.224646799147E-16,0.));
#8932 = ADVANCED_FACE('',(#8933),#8968,.T.);
#8933 = FACE_BOUND('',#8934,.T.);
#8934 = EDGE_LOOP('',(#8935,#8944,#8965,#8966,#8967));
#8935 = ORIENTED_EDGE('',*,*,#8936,.T.);
#8936 = EDGE_CURVE('',#8891,#8937,#8939,.T.);
#8937 = VERTEX_POINT('',#8938);
#8938 = CARTESIAN_POINT('',(0.945,-2.561225292707,7.7));
#8939 = CIRCLE('',#8940,2.73);
#8940 = AXIS2_PLACEMENT_3D('',#8941,#8942,#8943);
#8941 = CARTESIAN_POINT('',(0.,0.,7.7));
#8942 = DIRECTION('',(0.,0.,-1.));
#8943 = DIRECTION('',(-1.,1.224646799147E-16,0.));
#8944 = ORIENTED_EDGE('',*,*,#8945,.F.);
#8945 = EDGE_CURVE('',#8666,#8937,#8946,.T.);
#8946 = B_SPLINE_CURVE_WITH_KNOTS('',5,(#8947,#8948,#8949,#8950,#8951,
    #8952,#8953,#8954,#8955,#8956,#8957,#8958,#8959,#8960,#8961,#8962,
    #8963,#8964),.UNSPECIFIED.,.F.,.F.,(6,4,4,4,6),(0.,0.249577466959,
    0.497599275595,0.747309785144,1.),.UNSPECIFIED.);
#8947 = CARTESIAN_POINT('',(0.945,-3.004908484463,7.28));
#8948 = CARTESIAN_POINT('',(0.945,-3.00490848098,7.313228015972));
#8949 = CARTESIAN_POINT('',(0.945,-3.001463821946,7.346456730623));
#8950 = CARTESIAN_POINT('',(0.945,-2.994574119979,7.37923750592));
#8951 = CARTESIAN_POINT('',(0.945,-2.984338296281,7.411126992484));
#8952 = CARTESIAN_POINT('',(0.945,-2.957631160105,7.472127049008));
#8953 = CARTESIAN_POINT('',(0.945,-2.941198599863,7.501254840033));
#8954 = CARTESIAN_POINT('',(0.945,-2.921827872489,7.528710244249));
#8955 = CARTESIAN_POINT('',(0.945,-2.899782785017,7.554145479613));
#8956 = CARTESIAN_POINT('',(0.945,-2.850815155173,7.600572655351));
#8957 = CARTESIAN_POINT('',(0.945,-2.823859719072,7.621533802992));
#8958 = CARTESIAN_POINT('',(0.945,-2.794840653886,7.639877476491));
#8959 = CARTESIAN_POINT('',(0.945,-2.764133571654,7.655390822857));
#8960 = CARTESIAN_POINT('',(0.945,-2.699757531027,7.680632446489));
#8961 = CARTESIAN_POINT('',(0.945,-2.666057065743,7.690289667083));
#8962 = CARTESIAN_POINT('',(0.945,-2.631447275385,7.696766294835));
#8963 = CARTESIAN_POINT('',(0.945,-2.596359892027,7.699999996714));
#8964 = CARTESIAN_POINT('',(0.945,-2.561225292707,7.7));
#8965 = ORIENTED_EDGE('',*,*,#8665,.F.);
#8966 = ORIENTED_EDGE('',*,*,#8656,.F.);
#8967 = ORIENTED_EDGE('',*,*,#8899,.T.);
#8968 = TOROIDAL_SURFACE('',#8969,2.73,0.42);
#8969 = AXIS2_PLACEMENT_3D('',#8970,#8971,#8972);
#8970 = CARTESIAN_POINT('',(0.,0.,7.28));
#8971 = DIRECTION('',(0.,0.,1.));
#8972 = DIRECTION('',(-1.,1.224646799147E-16,0.));
#8973 = ADVANCED_FACE('',(#8974),#8986,.T.);
#8974 = FACE_BOUND('',#8975,.T.);
#8975 = EDGE_LOOP('',(#8976,#8977,#8984,#8985));
#8976 = ORIENTED_EDGE('',*,*,#8945,.T.);
#8977 = ORIENTED_EDGE('',*,*,#8978,.T.);
#8978 = EDGE_CURVE('',#8937,#8889,#8979,.T.);
#8979 = CIRCLE('',#8980,2.73);
#8980 = AXIS2_PLACEMENT_3D('',#8981,#8982,#8983);
#8981 = CARTESIAN_POINT('',(0.,0.,7.7));
#8982 = DIRECTION('',(0.,0.,-1.));
#8983 = DIRECTION('',(-1.,1.224646799147E-16,0.));
#8984 = ORIENTED_EDGE('',*,*,#8921,.F.);
#8985 = ORIENTED_EDGE('',*,*,#8674,.F.);
#8986 = TOROIDAL_SURFACE('',#8987,2.73,0.42);
#8987 = AXIS2_PLACEMENT_3D('',#8988,#8989,#8990);
#8988 = CARTESIAN_POINT('',(0.,0.,7.28));
#8989 = DIRECTION('',(0.,0.,1.));
#8990 = DIRECTION('',(-1.,1.224646799147E-16,0.));
#8991 = ADVANCED_FACE('',(#8992),#8998,.F.);
#8992 = FACE_BOUND('',#8993,.F.);
#8993 = EDGE_LOOP('',(#8994,#8995,#8996,#8997));
#8994 = ORIENTED_EDGE('',*,*,#8857,.T.);
#8995 = ORIENTED_EDGE('',*,*,#8708,.T.);
#8996 = ORIENTED_EDGE('',*,*,#8722,.T.);
#8997 = ORIENTED_EDGE('',*,*,#8758,.T.);
#8998 = PLANE('',#8999);
#8999 = AXIS2_PLACEMENT_3D('',#9000,#9001,#9002);
#9000 = CARTESIAN_POINT('',(-2.47395012666,2.870543344061E-16,0.));
#9001 = DIRECTION('',(0.,0.,1.));
#9002 = DIRECTION('',(-1.,1.224646799147E-16,0.));
#9003 = ADVANCED_FACE('',(#9004),#9010,.F.);
#9004 = FACE_BOUND('',#9005,.F.);
#9005 = EDGE_LOOP('',(#9006,#9007,#9008,#9009));
#9006 = ORIENTED_EDGE('',*,*,#8874,.T.);
#9007 = ORIENTED_EDGE('',*,*,#8790,.T.);
#9008 = ORIENTED_EDGE('',*,*,#8804,.T.);
#9009 = ORIENTED_EDGE('',*,*,#8840,.T.);
#9010 = PLANE('',#9011);
#9011 = AXIS2_PLACEMENT_3D('',#9012,#9013,#9014);
#9012 = CARTESIAN_POINT('',(2.47395012666,-5.900258447925E-16,0.));
#9013 = DIRECTION('',(0.,0.,1.));
#9014 = DIRECTION('',(1.,-2.449293598295E-16,0.));
#9015 = ADVANCED_FACE('',(#9016),#9026,.F.);
#9016 = FACE_BOUND('',#9017,.F.);
#9017 = EDGE_LOOP('',(#9018,#9019,#9020));
#9018 = ORIENTED_EDGE('',*,*,#8978,.T.);
#9019 = ORIENTED_EDGE('',*,*,#8888,.T.);
#9020 = ORIENTED_EDGE('',*,*,#9021,.T.);
#9021 = EDGE_CURVE('',#8891,#8937,#9022,.T.);
#9022 = LINE('',#9023,#9024);
#9023 = CARTESIAN_POINT('',(0.945,3.15,7.7));
#9024 = VECTOR('',#9025,1.);
#9025 = DIRECTION('',(-1.224646799147E-16,-1.,0.));
#9026 = PLANE('',#9027);
#9027 = AXIS2_PLACEMENT_3D('',#9028,#9029,#9030);
#9028 = CARTESIAN_POINT('',(0.,0.,7.7));
#9029 = DIRECTION('',(-0.,0.,-1.));
#9030 = DIRECTION('',(-1.,1.224646799147E-16,0.));
#9031 = ADVANCED_FACE('',(#9032),#9036,.T.);
#9032 = FACE_BOUND('',#9033,.T.);
#9033 = EDGE_LOOP('',(#9034,#9035));
#9034 = ORIENTED_EDGE('',*,*,#8936,.F.);
#9035 = ORIENTED_EDGE('',*,*,#9021,.T.);
#9036 = PLANE('',#9037);
#9037 = AXIS2_PLACEMENT_3D('',#9038,#9039,#9040);
#9038 = CARTESIAN_POINT('',(3.15,3.15,7.7));
#9039 = DIRECTION('',(0.,0.,1.));
#9040 = DIRECTION('',(-1.,1.224646799147E-16,0.));
#9041 = ( GEOMETRIC_REPRESENTATION_CONTEXT(3) 
GLOBAL_UNCERTAINTY_ASSIGNED_CONTEXT((#9045)) 
GLOBAL_UNIT_ASSIGNED_CONTEXT((#9042,#9043,#9044)) REPRESENTATION_CONTEXT
('Context #1','3D Context with UNIT and UNCERTAINTY') );
#9042 = ( LENGTH_UNIT() NAMED_UNIT(*) SI_UNIT(.MILLI.,.METRE.) );
#9043 = ( NAMED_UNIT(*) PLANE_ANGLE_UNIT() SI_UNIT($,.RADIAN.) );
#9044 = ( NAMED_UNIT(*) SI_UNIT($,.STERADIAN.) SOLID_ANGLE_UNIT() );
#9045 = UNCERTAINTY_MEASURE_WITH_UNIT(LENGTH_MEASURE(1.E-06),#9042,
  'distance_accuracy_value','confusion accuracy');
#9046 = CONTEXT_DEPENDENT_SHAPE_REPRESENTATION(#9047,#9049);
#9047 = ( REPRESENTATION_RELATIONSHIP('','',#7675,#10) 
REPRESENTATION_RELATIONSHIP_WITH_TRANSFORMATION(#9048) 
SHAPE_REPRESENTATION_RELATIONSHIP() );
#9048 = ITEM_DEFINED_TRANSFORMATION('','',#11,#43);
#9049 = PRODUCT_DEFINITION_SHAPE('Placement','Placement of an item',
  #9050);
#9050 = NEXT_ASSEMBLY_USAGE_OCCURRENCE('8','C1','',#5,#7670,$);
#9051 = PRODUCT_RELATED_PRODUCT_CATEGORY('part',$,(#7672));
#9052 = SHAPE_DEFINITION_REPRESENTATION(#9053,#9059);
#9053 = PRODUCT_DEFINITION_SHAPE('','',#9054);
#9054 = PRODUCT_DEFINITION('design','',#9055,#9058);
#9055 = PRODUCT_DEFINITION_FORMATION('','',#9056);
#9056 = PRODUCT('SOT-23','SOT-23','',(#9057));
#9057 = PRODUCT_CONTEXT('',#2,'mechanical');
#9058 = PRODUCT_DEFINITION_CONTEXT('part definition',#2,'design');
#9059 = ADVANCED_BREP_SHAPE_REPRESENTATION('',(#11,#9060),#11042);
#9060 = MANIFOLD_SOLID_BREP('',#9061);
#9061 = CLOSED_SHELL('',(#9062,#9100,#9163,#9186,#9215,#9238,#9293,#9332
    ,#9355,#9378,#9395,#9418,#9506,#9522,#9552,#9585,#9616,#9649,#9666,
    #9683,#9716,#9746,#9769,#9792,#9809,#9838,#9892,#9915,#9938,#9961,
    #10000,#10022,#10066,#10141,#10165,#10233,#10250,#10325,#10349,
    #10417,#10492,#10516,#10584,#10601,#10618,#10664,#10680,#10696,
    #10713,#10725,#10742,#10759,#10776,#10793,#10810,#10827,#10839,
    #10856,#10873,#10890,#10907,#10924,#10936,#10953,#10970,#10987,
    #11004,#11021,#11033));
#9062 = ADVANCED_FACE('',(#9063),#9095,.F.);
#9063 = FACE_BOUND('',#9064,.F.);
#9064 = EDGE_LOOP('',(#9065,#9075,#9082,#9090));
#9065 = ORIENTED_EDGE('',*,*,#9066,.T.);
#9066 = EDGE_CURVE('',#9067,#9069,#9071,.T.);
#9067 = VERTEX_POINT('',#9068);
#9068 = CARTESIAN_POINT('',(-0.571621551758,1.433243103516,0.1));
#9069 = VERTEX_POINT('',#9070);
#9070 = CARTESIAN_POINT('',(0.571621551758,1.433243103516,0.1));
#9071 = LINE('',#9072,#9073);
#9072 = CARTESIAN_POINT('',(-0.571621551758,1.433243103516,0.1));
#9073 = VECTOR('',#9074,1.);
#9074 = DIRECTION('',(1.,1.110223024625E-16,0.));
#9075 = ORIENTED_EDGE('',*,*,#9076,.T.);
#9076 = EDGE_CURVE('',#9069,#9077,#9079,.T.);
#9077 = VERTEX_POINT('',#9078);
#9078 = CARTESIAN_POINT('',(0.605,1.5,0.575));
#9079 = B_SPLINE_CURVE_WITH_KNOTS('',1,(#9080,#9081),.UNSPECIFIED.,.F.,
  .F.,(2,2),(0.,1.),.PIECEWISE_BEZIER_KNOTS.);
#9080 = CARTESIAN_POINT('',(0.571621551758,1.433243103516,0.1));
#9081 = CARTESIAN_POINT('',(0.605,1.5,0.575));
#9082 = ORIENTED_EDGE('',*,*,#9083,.F.);
#9083 = EDGE_CURVE('',#9084,#9077,#9086,.T.);
#9084 = VERTEX_POINT('',#9085);
#9085 = CARTESIAN_POINT('',(-0.605,1.5,0.575));
#9086 = LINE('',#9087,#9088);
#9087 = CARTESIAN_POINT('',(-0.605,1.5,0.575));
#9088 = VECTOR('',#9089,1.);
#9089 = DIRECTION('',(1.,1.110223024625E-16,0.));
#9090 = ORIENTED_EDGE('',*,*,#9091,.F.);
#9091 = EDGE_CURVE('',#9067,#9084,#9092,.T.);
#9092 = B_SPLINE_CURVE_WITH_KNOTS('',1,(#9093,#9094),.UNSPECIFIED.,.F.,
  .F.,(2,2),(0.,1.),.PIECEWISE_BEZIER_KNOTS.);
#9093 = CARTESIAN_POINT('',(-0.571621551758,1.433243103516,0.1));
#9094 = CARTESIAN_POINT('',(-0.605,1.5,0.575));
#9095 = B_SPLINE_SURFACE_WITH_KNOTS('',1,1,(
    (#9096,#9097)
    ,(#9098,#9099
    )),.UNSPECIFIED.,.F.,.F.,.F.,(2,2),(2,2),(0.,1.21),(0.,1.),
  .PIECEWISE_BEZIER_KNOTS.);
#9096 = CARTESIAN_POINT('',(-0.571621551758,1.433243103516,0.1));
#9097 = CARTESIAN_POINT('',(-0.605,1.5,0.575));
#9098 = CARTESIAN_POINT('',(0.571621551758,1.433243103516,0.1));
#9099 = CARTESIAN_POINT('',(0.605,1.5,0.575));
#9100 = ADVANCED_FACE('',(#9101),#9158,.T.);
#9101 = FACE_BOUND('',#9102,.T.);
#9102 = EDGE_LOOP('',(#9103,#9104,#9112,#9120,#9128,#9136,#9144,#9152));
#9103 = ORIENTED_EDGE('',*,*,#9066,.T.);
#9104 = ORIENTED_EDGE('',*,*,#9105,.T.);
#9105 = EDGE_CURVE('',#9069,#9106,#9108,.T.);
#9106 = VERTEX_POINT('',#9107);
#9107 = CARTESIAN_POINT('',(0.633243103516,1.371621551758,0.1));
#9108 = LINE('',#9109,#9110);
#9109 = CARTESIAN_POINT('',(0.571621551758,1.433243103516,0.1));
#9110 = VECTOR('',#9111,1.);
#9111 = DIRECTION('',(0.707106781187,-0.707106781187,0.));
#9112 = ORIENTED_EDGE('',*,*,#9113,.T.);
#9113 = EDGE_CURVE('',#9106,#9114,#9116,.T.);
#9114 = VERTEX_POINT('',#9115);
#9115 = CARTESIAN_POINT('',(0.633243103516,-1.371621551758,0.1));
#9116 = LINE('',#9117,#9118);
#9117 = CARTESIAN_POINT('',(0.633243103516,1.371621551758,0.1));
#9118 = VECTOR('',#9119,1.);
#9119 = DIRECTION('',(1.110223024625E-16,-1.,0.));
#9120 = ORIENTED_EDGE('',*,*,#9121,.T.);
#9121 = EDGE_CURVE('',#9114,#9122,#9124,.T.);
#9122 = VERTEX_POINT('',#9123);
#9123 = CARTESIAN_POINT('',(0.571621551758,-1.433243103516,0.1));
#9124 = LINE('',#9125,#9126);
#9125 = CARTESIAN_POINT('',(0.633243103516,-1.371621551758,0.1));
#9126 = VECTOR('',#9127,1.);
#9127 = DIRECTION('',(-0.707106781187,-0.707106781187,0.));
#9128 = ORIENTED_EDGE('',*,*,#9129,.T.);
#9129 = EDGE_CURVE('',#9122,#9130,#9132,.T.);
#9130 = VERTEX_POINT('',#9131);
#9131 = CARTESIAN_POINT('',(-0.571621551758,-1.433243103516,0.1));
#9132 = LINE('',#9133,#9134);
#9133 = CARTESIAN_POINT('',(0.571621551758,-1.433243103516,0.1));
#9134 = VECTOR('',#9135,1.);
#9135 = DIRECTION('',(-1.,-1.110223024625E-16,0.));
#9136 = ORIENTED_EDGE('',*,*,#9137,.T.);
#9137 = EDGE_CURVE('',#9130,#9138,#9140,.T.);
#9138 = VERTEX_POINT('',#9139);
#9139 = CARTESIAN_POINT('',(-0.633243103516,-1.371621551758,0.1));
#9140 = LINE('',#9141,#9142);
#9141 = CARTESIAN_POINT('',(-0.571621551758,-1.433243103516,0.1));
#9142 = VECTOR('',#9143,1.);
#9143 = DIRECTION('',(-0.707106781187,0.707106781187,0.));
#9144 = ORIENTED_EDGE('',*,*,#9145,.T.);
#9145 = EDGE_CURVE('',#9138,#9146,#9148,.T.);
#9146 = VERTEX_POINT('',#9147);
#9147 = CARTESIAN_POINT('',(-0.633243103516,1.371621551758,0.1));
#9148 = LINE('',#9149,#9150);
#9149 = CARTESIAN_POINT('',(-0.633243103516,-1.371621551758,0.1));
#9150 = VECTOR('',#9151,1.);
#9151 = DIRECTION('',(-1.110223024625E-16,1.,0.));
#9152 = ORIENTED_EDGE('',*,*,#9153,.T.);
#9153 = EDGE_CURVE('',#9146,#9067,#9154,.T.);
#9154 = LINE('',#9155,#9156);
#9155 = CARTESIAN_POINT('',(-0.633243103516,1.371621551758,0.1));
#9156 = VECTOR('',#9157,1.);
#9157 = DIRECTION('',(0.707106781187,0.707106781187,0.));
#9158 = PLANE('',#9159);
#9159 = AXIS2_PLACEMENT_3D('',#9160,#9161,#9162);
#9160 = CARTESIAN_POINT('',(-0.571621551758,1.433243103516,0.1));
#9161 = DIRECTION('',(0.,0.,-1.));
#9162 = DIRECTION('',(0.370454302632,-0.928850692879,0.));
#9163 = ADVANCED_FACE('',(#9164),#9181,.F.);
#9164 = FACE_BOUND('',#9165,.F.);
#9165 = EDGE_LOOP('',(#9166,#9167,#9174,#9180));
#9166 = ORIENTED_EDGE('',*,*,#9105,.T.);
#9167 = ORIENTED_EDGE('',*,*,#9168,.T.);
#9168 = EDGE_CURVE('',#9106,#9169,#9171,.T.);
#9169 = VERTEX_POINT('',#9170);
#9170 = CARTESIAN_POINT('',(0.7,1.405,0.575));
#9171 = B_SPLINE_CURVE_WITH_KNOTS('',1,(#9172,#9173),.UNSPECIFIED.,.F.,
  .F.,(2,2),(0.,1.),.PIECEWISE_BEZIER_KNOTS.);
#9172 = CARTESIAN_POINT('',(0.633243103516,1.371621551758,0.1));
#9173 = CARTESIAN_POINT('',(0.7,1.405,0.575));
#9174 = ORIENTED_EDGE('',*,*,#9175,.F.);
#9175 = EDGE_CURVE('',#9077,#9169,#9176,.T.);
#9176 = LINE('',#9177,#9178);
#9177 = CARTESIAN_POINT('',(0.605,1.5,0.575));
#9178 = VECTOR('',#9179,1.);
#9179 = DIRECTION('',(0.707106781187,-0.707106781187,0.));
#9180 = ORIENTED_EDGE('',*,*,#9076,.F.);
#9181 = B_SPLINE_SURFACE_WITH_KNOTS('',1,1,(
    (#9182,#9183)
    ,(#9184,#9185
    )),.UNSPECIFIED.,.F.,.F.,.F.,(2,2),(2,2),(0.,0.134350288425),(0.,1.)
  ,.PIECEWISE_BEZIER_KNOTS.);
#9182 = CARTESIAN_POINT('',(0.571621551758,1.433243103516,0.1));
#9183 = CARTESIAN_POINT('',(0.605,1.5,0.575));
#9184 = CARTESIAN_POINT('',(0.633243103516,1.371621551758,0.1));
#9185 = CARTESIAN_POINT('',(0.7,1.405,0.575));
#9186 = ADVANCED_FACE('',(#9187),#9210,.F.);
#9187 = FACE_BOUND('',#9188,.F.);
#9188 = EDGE_LOOP('',(#9189,#9190,#9197,#9205));
#9189 = ORIENTED_EDGE('',*,*,#9083,.T.);
#9190 = ORIENTED_EDGE('',*,*,#9191,.T.);
#9191 = EDGE_CURVE('',#9077,#9192,#9194,.T.);
#9192 = VERTEX_POINT('',#9193);
#9193 = CARTESIAN_POINT('',(0.605,1.5,0.725));
#9194 = B_SPLINE_CURVE_WITH_KNOTS('',1,(#9195,#9196),.UNSPECIFIED.,.F.,
  .F.,(2,2),(0.,1.),.PIECEWISE_BEZIER_KNOTS.);
#9195 = CARTESIAN_POINT('',(0.605,1.5,0.575));
#9196 = CARTESIAN_POINT('',(0.605,1.5,0.725));
#9197 = ORIENTED_EDGE('',*,*,#9198,.F.);
#9198 = EDGE_CURVE('',#9199,#9192,#9201,.T.);
#9199 = VERTEX_POINT('',#9200);
#9200 = CARTESIAN_POINT('',(-0.605,1.5,0.725));
#9201 = LINE('',#9202,#9203);
#9202 = CARTESIAN_POINT('',(-0.605,1.5,0.725));
#9203 = VECTOR('',#9204,1.);
#9204 = DIRECTION('',(1.,1.110223024625E-16,0.));
#9205 = ORIENTED_EDGE('',*,*,#9206,.F.);
#9206 = EDGE_CURVE('',#9084,#9199,#9207,.T.);
#9207 = B_SPLINE_CURVE_WITH_KNOTS('',1,(#9208,#9209),.UNSPECIFIED.,.F.,
  .F.,(2,2),(0.,1.),.PIECEWISE_BEZIER_KNOTS.);
#9208 = CARTESIAN_POINT('',(-0.605,1.5,0.575));
#9209 = CARTESIAN_POINT('',(-0.605,1.5,0.725));
#9210 = PLANE('',#9211);
#9211 = AXIS2_PLACEMENT_3D('',#9212,#9213,#9214);
#9212 = CARTESIAN_POINT('',(-0.605,1.5,0.725));
#9213 = DIRECTION('',(1.110223024625E-16,-1.,0.));
#9214 = DIRECTION('',(1.,1.110223024625E-16,0.));
#9215 = ADVANCED_FACE('',(#9216),#9233,.F.);
#9216 = FACE_BOUND('',#9217,.F.);
#9217 = EDGE_LOOP('',(#9218,#9219,#9220,#9228));
#9218 = ORIENTED_EDGE('',*,*,#9153,.T.);
#9219 = ORIENTED_EDGE('',*,*,#9091,.T.);
#9220 = ORIENTED_EDGE('',*,*,#9221,.F.);
#9221 = EDGE_CURVE('',#9222,#9084,#9224,.T.);
#9222 = VERTEX_POINT('',#9223);
#9223 = CARTESIAN_POINT('',(-0.7,1.405,0.575));
#9224 = LINE('',#9225,#9226);
#9225 = CARTESIAN_POINT('',(-0.7,1.405,0.575));
#9226 = VECTOR('',#9227,1.);
#9227 = DIRECTION('',(0.707106781187,0.707106781187,0.));
#9228 = ORIENTED_EDGE('',*,*,#9229,.F.);
#9229 = EDGE_CURVE('',#9146,#9222,#9230,.T.);
#9230 = B_SPLINE_CURVE_WITH_KNOTS('',1,(#9231,#9232),.UNSPECIFIED.,.F.,
  .F.,(2,2),(0.,1.),.PIECEWISE_BEZIER_KNOTS.);
#9231 = CARTESIAN_POINT('',(-0.633243103516,1.371621551758,0.1));
#9232 = CARTESIAN_POINT('',(-0.7,1.405,0.575));
#9233 = B_SPLINE_SURFACE_WITH_KNOTS('',1,1,(
    (#9234,#9235)
    ,(#9236,#9237
    )),.UNSPECIFIED.,.F.,.F.,.F.,(2,2),(2,2),(0.,0.134350288425),(0.,1.)
  ,.PIECEWISE_BEZIER_KNOTS.);
#9234 = CARTESIAN_POINT('',(-0.633243103516,1.371621551758,0.1));
#9235 = CARTESIAN_POINT('',(-0.7,1.405,0.575));
#9236 = CARTESIAN_POINT('',(-0.571621551758,1.433243103516,0.1));
#9237 = CARTESIAN_POINT('',(-0.605,1.5,0.575));
#9238 = ADVANCED_FACE('',(#9239),#9288,.F.);
#9239 = FACE_BOUND('',#9240,.F.);
#9240 = EDGE_LOOP('',(#9241,#9242,#9243,#9251,#9259,#9267,#9275,#9283));
#9241 = ORIENTED_EDGE('',*,*,#9145,.T.);
#9242 = ORIENTED_EDGE('',*,*,#9229,.T.);
#9243 = ORIENTED_EDGE('',*,*,#9244,.F.);
#9244 = EDGE_CURVE('',#9245,#9222,#9247,.T.);
#9245 = VERTEX_POINT('',#9246);
#9246 = CARTESIAN_POINT('',(-0.7,1.15,0.575));
#9247 = LINE('',#9248,#9249);
#9248 = CARTESIAN_POINT('',(-0.7,-1.405,0.575));
#9249 = VECTOR('',#9250,1.);
#9250 = DIRECTION('',(-1.110223024625E-16,1.,0.));
#9251 = ORIENTED_EDGE('',*,*,#9252,.F.);
#9252 = EDGE_CURVE('',#9253,#9245,#9255,.T.);
#9253 = VERTEX_POINT('',#9254);
#9254 = CARTESIAN_POINT('',(-0.7,0.75,0.575));
#9255 = LINE('',#9256,#9257);
#9256 = CARTESIAN_POINT('',(-0.7,0.75,0.575));
#9257 = VECTOR('',#9258,1.);
#9258 = DIRECTION('',(1.144237745222E-17,1.,0.));
#9259 = ORIENTED_EDGE('',*,*,#9260,.F.);
#9260 = EDGE_CURVE('',#9261,#9253,#9263,.T.);
#9261 = VERTEX_POINT('',#9262);
#9262 = CARTESIAN_POINT('',(-0.7,-0.75,0.575));
#9263 = LINE('',#9264,#9265);
#9264 = CARTESIAN_POINT('',(-0.7,-1.405,0.575));
#9265 = VECTOR('',#9266,1.);
#9266 = DIRECTION('',(-1.110223024625E-16,1.,0.));
#9267 = ORIENTED_EDGE('',*,*,#9268,.F.);
#9268 = EDGE_CURVE('',#9269,#9261,#9271,.T.);
#9269 = VERTEX_POINT('',#9270);
#9270 = CARTESIAN_POINT('',(-0.7,-1.15,0.575));
#9271 = LINE('',#9272,#9273);
#9272 = CARTESIAN_POINT('',(-0.7,-1.15,0.575));
#9273 = VECTOR('',#9274,1.);
#9274 = DIRECTION('',(1.144237745222E-17,1.,0.));
#9275 = ORIENTED_EDGE('',*,*,#9276,.F.);
#9276 = EDGE_CURVE('',#9277,#9269,#9279,.T.);
#9277 = VERTEX_POINT('',#9278);
#9278 = CARTESIAN_POINT('',(-0.7,-1.405,0.575));
#9279 = LINE('',#9280,#9281);
#9280 = CARTESIAN_POINT('',(-0.7,-1.405,0.575));
#9281 = VECTOR('',#9282,1.);
#9282 = DIRECTION('',(-1.110223024625E-16,1.,0.));
#9283 = ORIENTED_EDGE('',*,*,#9284,.F.);
#9284 = EDGE_CURVE('',#9138,#9277,#9285,.T.);
#9285 = B_SPLINE_CURVE_WITH_KNOTS('',1,(#9286,#9287),.UNSPECIFIED.,.F.,
  .F.,(2,2),(0.,1.),.PIECEWISE_BEZIER_KNOTS.);
#9286 = CARTESIAN_POINT('',(-0.633243103516,-1.371621551758,0.1));
#9287 = CARTESIAN_POINT('',(-0.7,-1.405,0.575));
#9288 = B_SPLINE_SURFACE_WITH_KNOTS('',1,1,(
    (#9289,#9290)
    ,(#9291,#9292
    )),.UNSPECIFIED.,.F.,.F.,.F.,(2,2),(2,2),(0.,2.81),(0.,1.),
  .PIECEWISE_BEZIER_KNOTS.);
#9289 = CARTESIAN_POINT('',(-0.633243103516,-1.371621551758,0.1));
#9290 = CARTESIAN_POINT('',(-0.7,-1.405,0.575));
#9291 = CARTESIAN_POINT('',(-0.633243103516,1.371621551758,0.1));
#9292 = CARTESIAN_POINT('',(-0.7,1.405,0.575));
#9293 = ADVANCED_FACE('',(#9294),#9327,.F.);
#9294 = FACE_BOUND('',#9295,.F.);
#9295 = EDGE_LOOP('',(#9296,#9297,#9304,#9312,#9320,#9326));
#9296 = ORIENTED_EDGE('',*,*,#9113,.T.);
#9297 = ORIENTED_EDGE('',*,*,#9298,.T.);
#9298 = EDGE_CURVE('',#9114,#9299,#9301,.T.);
#9299 = VERTEX_POINT('',#9300);
#9300 = CARTESIAN_POINT('',(0.7,-1.405,0.575));
#9301 = B_SPLINE_CURVE_WITH_KNOTS('',1,(#9302,#9303),.UNSPECIFIED.,.F.,
  .F.,(2,2),(0.,1.),.PIECEWISE_BEZIER_KNOTS.);
#9302 = CARTESIAN_POINT('',(0.633243103516,-1.371621551758,0.1));
#9303 = CARTESIAN_POINT('',(0.7,-1.405,0.575));
#9304 = ORIENTED_EDGE('',*,*,#9305,.F.);
#9305 = EDGE_CURVE('',#9306,#9299,#9308,.T.);
#9306 = VERTEX_POINT('',#9307);
#9307 = CARTESIAN_POINT('',(0.7,-0.2,0.575));
#9308 = LINE('',#9309,#9310);
#9309 = CARTESIAN_POINT('',(0.7,1.405,0.575));
#9310 = VECTOR('',#9311,1.);
#9311 = DIRECTION('',(1.110223024625E-16,-1.,0.));
#9312 = ORIENTED_EDGE('',*,*,#9313,.F.);
#9313 = EDGE_CURVE('',#9314,#9306,#9316,.T.);
#9314 = VERTEX_POINT('',#9315);
#9315 = CARTESIAN_POINT('',(0.7,0.2,0.575));
#9316 = LINE('',#9317,#9318);
#9317 = CARTESIAN_POINT('',(0.7,0.2,0.575));
#9318 = VECTOR('',#9319,1.);
#9319 = DIRECTION('',(1.110223024625E-16,-1.,0.));
#9320 = ORIENTED_EDGE('',*,*,#9321,.F.);
#9321 = EDGE_CURVE('',#9169,#9314,#9322,.T.);
#9322 = LINE('',#9323,#9324);
#9323 = CARTESIAN_POINT('',(0.7,1.405,0.575));
#9324 = VECTOR('',#9325,1.);
#9325 = DIRECTION('',(1.110223024625E-16,-1.,0.));
#9326 = ORIENTED_EDGE('',*,*,#9168,.F.);
#9327 = B_SPLINE_SURFACE_WITH_KNOTS('',1,1,(
    (#9328,#9329)
    ,(#9330,#9331
    )),.UNSPECIFIED.,.F.,.F.,.F.,(2,2),(2,2),(0.,2.81),(0.,1.),
  .PIECEWISE_BEZIER_KNOTS.);
#9328 = CARTESIAN_POINT('',(0.633243103516,1.371621551758,0.1));
#9329 = CARTESIAN_POINT('',(0.7,1.405,0.575));
#9330 = CARTESIAN_POINT('',(0.633243103516,-1.371621551758,0.1));
#9331 = CARTESIAN_POINT('',(0.7,-1.405,0.575));
#9332 = ADVANCED_FACE('',(#9333),#9350,.F.);
#9333 = FACE_BOUND('',#9334,.F.);
#9334 = EDGE_LOOP('',(#9335,#9336,#9337,#9345));
#9335 = ORIENTED_EDGE('',*,*,#9137,.T.);
#9336 = ORIENTED_EDGE('',*,*,#9284,.T.);
#9337 = ORIENTED_EDGE('',*,*,#9338,.F.);
#9338 = EDGE_CURVE('',#9339,#9277,#9341,.T.);
#9339 = VERTEX_POINT('',#9340);
#9340 = CARTESIAN_POINT('',(-0.605,-1.5,0.575));
#9341 = LINE('',#9342,#9343);
#9342 = CARTESIAN_POINT('',(-0.605,-1.5,0.575));
#9343 = VECTOR('',#9344,1.);
#9344 = DIRECTION('',(-0.707106781187,0.707106781187,0.));
#9345 = ORIENTED_EDGE('',*,*,#9346,.F.);
#9346 = EDGE_CURVE('',#9130,#9339,#9347,.T.);
#9347 = B_SPLINE_CURVE_WITH_KNOTS('',1,(#9348,#9349),.UNSPECIFIED.,.F.,
  .F.,(2,2),(0.,1.),.PIECEWISE_BEZIER_KNOTS.);
#9348 = CARTESIAN_POINT('',(-0.571621551758,-1.433243103516,0.1));
#9349 = CARTESIAN_POINT('',(-0.605,-1.5,0.575));
#9350 = B_SPLINE_SURFACE_WITH_KNOTS('',1,1,(
    (#9351,#9352)
    ,(#9353,#9354
    )),.UNSPECIFIED.,.F.,.F.,.F.,(2,2),(2,2),(0.,0.134350288425),(0.,1.)
  ,.PIECEWISE_BEZIER_KNOTS.);
#9351 = CARTESIAN_POINT('',(-0.571621551758,-1.433243103516,0.1));
#9352 = CARTESIAN_POINT('',(-0.605,-1.5,0.575));
#9353 = CARTESIAN_POINT('',(-0.633243103516,-1.371621551758,0.1));
#9354 = CARTESIAN_POINT('',(-0.7,-1.405,0.575));
#9355 = ADVANCED_FACE('',(#9356),#9373,.F.);
#9356 = FACE_BOUND('',#9357,.F.);
#9357 = EDGE_LOOP('',(#9358,#9359,#9366,#9372));
#9358 = ORIENTED_EDGE('',*,*,#9121,.T.);
#9359 = ORIENTED_EDGE('',*,*,#9360,.T.);
#9360 = EDGE_CURVE('',#9122,#9361,#9363,.T.);
#9361 = VERTEX_POINT('',#9362);
#9362 = CARTESIAN_POINT('',(0.605,-1.5,0.575));
#9363 = B_SPLINE_CURVE_WITH_KNOTS('',1,(#9364,#9365),.UNSPECIFIED.,.F.,
  .F.,(2,2),(0.,1.),.PIECEWISE_BEZIER_KNOTS.);
#9364 = CARTESIAN_POINT('',(0.571621551758,-1.433243103516,0.1));
#9365 = CARTESIAN_POINT('',(0.605,-1.5,0.575));
#9366 = ORIENTED_EDGE('',*,*,#9367,.F.);
#9367 = EDGE_CURVE('',#9299,#9361,#9368,.T.);
#9368 = LINE('',#9369,#9370);
#9369 = CARTESIAN_POINT('',(0.7,-1.405,0.575));
#9370 = VECTOR('',#9371,1.);
#9371 = DIRECTION('',(-0.707106781187,-0.707106781187,0.));
#9372 = ORIENTED_EDGE('',*,*,#9298,.F.);
#9373 = B_SPLINE_SURFACE_WITH_KNOTS('',1,1,(
    (#9374,#9375)
    ,(#9376,#9377
    )),.UNSPECIFIED.,.F.,.F.,.F.,(2,2),(2,2),(0.,0.134350288425),(0.,1.)
  ,.PIECEWISE_BEZIER_KNOTS.);
#9374 = CARTESIAN_POINT('',(0.633243103516,-1.371621551758,0.1));
#9375 = CARTESIAN_POINT('',(0.7,-1.405,0.575));
#9376 = CARTESIAN_POINT('',(0.571621551758,-1.433243103516,0.1));
#9377 = CARTESIAN_POINT('',(0.605,-1.5,0.575));
#9378 = ADVANCED_FACE('',(#9379),#9390,.F.);
#9379 = FACE_BOUND('',#9380,.F.);
#9380 = EDGE_LOOP('',(#9381,#9382,#9383,#9389));
#9381 = ORIENTED_EDGE('',*,*,#9129,.T.);
#9382 = ORIENTED_EDGE('',*,*,#9346,.T.);
#9383 = ORIENTED_EDGE('',*,*,#9384,.F.);
#9384 = EDGE_CURVE('',#9361,#9339,#9385,.T.);
#9385 = LINE('',#9386,#9387);
#9386 = CARTESIAN_POINT('',(0.605,-1.5,0.575));
#9387 = VECTOR('',#9388,1.);
#9388 = DIRECTION('',(-1.,-1.110223024625E-16,0.));
#9389 = ORIENTED_EDGE('',*,*,#9360,.F.);
#9390 = B_SPLINE_SURFACE_WITH_KNOTS('',1,1,(
    (#9391,#9392)
    ,(#9393,#9394
    )),.UNSPECIFIED.,.F.,.F.,.F.,(2,2),(2,2),(0.,1.21),(0.,1.),
  .PIECEWISE_BEZIER_KNOTS.);
#9391 = CARTESIAN_POINT('',(0.571621551758,-1.433243103516,0.1));
#9392 = CARTESIAN_POINT('',(0.605,-1.5,0.575));
#9393 = CARTESIAN_POINT('',(-0.571621551758,-1.433243103516,0.1));
#9394 = CARTESIAN_POINT('',(-0.605,-1.5,0.575));
#9395 = ADVANCED_FACE('',(#9396),#9413,.F.);
#9396 = FACE_BOUND('',#9397,.F.);
#9397 = EDGE_LOOP('',(#9398,#9399,#9406,#9412));
#9398 = ORIENTED_EDGE('',*,*,#9175,.T.);
#9399 = ORIENTED_EDGE('',*,*,#9400,.T.);
#9400 = EDGE_CURVE('',#9169,#9401,#9403,.T.);
#9401 = VERTEX_POINT('',#9402);
#9402 = CARTESIAN_POINT('',(0.7,1.405,0.725));
#9403 = B_SPLINE_CURVE_WITH_KNOTS('',1,(#9404,#9405),.UNSPECIFIED.,.F.,
  .F.,(2,2),(0.,1.),.PIECEWISE_BEZIER_KNOTS.);
#9404 = CARTESIAN_POINT('',(0.7,1.405,0.575));
#9405 = CARTESIAN_POINT('',(0.7,1.405,0.725));
#9406 = ORIENTED_EDGE('',*,*,#9407,.F.);
#9407 = EDGE_CURVE('',#9192,#9401,#9408,.T.);
#9408 = LINE('',#9409,#9410);
#9409 = CARTESIAN_POINT('',(0.605,1.5,0.725));
#9410 = VECTOR('',#9411,1.);
#9411 = DIRECTION('',(0.707106781187,-0.707106781187,0.));
#9412 = ORIENTED_EDGE('',*,*,#9191,.F.);
#9413 = PLANE('',#9414);
#9414 = AXIS2_PLACEMENT_3D('',#9415,#9416,#9417);
#9415 = CARTESIAN_POINT('',(0.605,1.5,0.725));
#9416 = DIRECTION('',(-0.707106781187,-0.707106781187,0.));
#9417 = DIRECTION('',(0.707106781187,-0.707106781187,0.));
#9418 = ADVANCED_FACE('',(#9419),#9501,.F.);
#9419 = FACE_BOUND('',#9420,.F.);
#9420 = EDGE_LOOP('',(#9421,#9429,#9430,#9431,#9439,#9447,#9455,#9463,
    #9471,#9479,#9487,#9495));
#9421 = ORIENTED_EDGE('',*,*,#9422,.T.);
#9422 = EDGE_CURVE('',#9423,#9199,#9425,.T.);
#9423 = VERTEX_POINT('',#9424);
#9424 = CARTESIAN_POINT('',(-0.7,1.405,0.725));
#9425 = LINE('',#9426,#9427);
#9426 = CARTESIAN_POINT('',(-0.7,1.405,0.725));
#9427 = VECTOR('',#9428,1.);
#9428 = DIRECTION('',(0.707106781187,0.707106781187,0.));
#9429 = ORIENTED_EDGE('',*,*,#9198,.T.);
#9430 = ORIENTED_EDGE('',*,*,#9407,.T.);
#9431 = ORIENTED_EDGE('',*,*,#9432,.T.);
#9432 = EDGE_CURVE('',#9401,#9433,#9435,.T.);
#9433 = VERTEX_POINT('',#9434);
#9434 = CARTESIAN_POINT('',(0.7,0.2,0.725));
#9435 = LINE('',#9436,#9437);
#9436 = CARTESIAN_POINT('',(0.7,1.405,0.725));
#9437 = VECTOR('',#9438,1.);
#9438 = DIRECTION('',(1.110223024625E-16,-1.,0.));
#9439 = ORIENTED_EDGE('',*,*,#9440,.T.);
#9440 = EDGE_CURVE('',#9433,#9441,#9443,.T.);
#9441 = VERTEX_POINT('',#9442);
#9442 = CARTESIAN_POINT('',(0.675,0.2,0.725));
#9443 = LINE('',#9444,#9445);
#9444 = CARTESIAN_POINT('',(0.7,0.2,0.725));
#9445 = VECTOR('',#9446,1.);
#9446 = DIRECTION('',(-1.,-1.110223024625E-16,0.));
#9447 = ORIENTED_EDGE('',*,*,#9448,.F.);
#9448 = EDGE_CURVE('',#9449,#9441,#9451,.T.);
#9449 = VERTEX_POINT('',#9450);
#9450 = CARTESIAN_POINT('',(0.675,1.3925,0.725));
#9451 = LINE('',#9452,#9453);
#9452 = CARTESIAN_POINT('',(0.675,1.3925,0.725));
#9453 = VECTOR('',#9454,1.);
#9454 = DIRECTION('',(1.110223024625E-16,-1.,0.));
#9455 = ORIENTED_EDGE('',*,*,#9456,.F.);
#9456 = EDGE_CURVE('',#9457,#9449,#9459,.T.);
#9457 = VERTEX_POINT('',#9458);
#9458 = CARTESIAN_POINT('',(0.5925,1.475,0.725));
#9459 = LINE('',#9460,#9461);
#9460 = CARTESIAN_POINT('',(0.5925,1.475,0.725));
#9461 = VECTOR('',#9462,1.);
#9462 = DIRECTION('',(0.707106781187,-0.707106781187,0.));
#9463 = ORIENTED_EDGE('',*,*,#9464,.F.);
#9464 = EDGE_CURVE('',#9465,#9457,#9467,.T.);
#9465 = VERTEX_POINT('',#9466);
#9466 = CARTESIAN_POINT('',(-0.5925,1.475,0.725));
#9467 = LINE('',#9468,#9469);
#9468 = CARTESIAN_POINT('',(-0.5925,1.475,0.725));
#9469 = VECTOR('',#9470,1.);
#9470 = DIRECTION('',(1.,1.110223024625E-16,0.));
#9471 = ORIENTED_EDGE('',*,*,#9472,.F.);
#9472 = EDGE_CURVE('',#9473,#9465,#9475,.T.);
#9473 = VERTEX_POINT('',#9474);
#9474 = CARTESIAN_POINT('',(-0.675,1.3925,0.725));
#9475 = LINE('',#9476,#9477);
#9476 = CARTESIAN_POINT('',(-0.675,1.3925,0.725));
#9477 = VECTOR('',#9478,1.);
#9478 = DIRECTION('',(0.707106781187,0.707106781187,0.));
#9479 = ORIENTED_EDGE('',*,*,#9480,.F.);
#9480 = EDGE_CURVE('',#9481,#9473,#9483,.T.);
#9481 = VERTEX_POINT('',#9482);
#9482 = CARTESIAN_POINT('',(-0.675,1.15,0.725));
#9483 = LINE('',#9484,#9485);
#9484 = CARTESIAN_POINT('',(-0.675,-1.3925,0.725));
#9485 = VECTOR('',#9486,1.);
#9486 = DIRECTION('',(-1.110223024625E-16,1.,0.));
#9487 = ORIENTED_EDGE('',*,*,#9488,.F.);
#9488 = EDGE_CURVE('',#9489,#9481,#9491,.T.);
#9489 = VERTEX_POINT('',#9490);
#9490 = CARTESIAN_POINT('',(-0.7,1.15,0.725));
#9491 = LINE('',#9492,#9493);
#9492 = CARTESIAN_POINT('',(-0.7,1.15,0.725));
#9493 = VECTOR('',#9494,1.);
#9494 = DIRECTION('',(1.,-1.144237745222E-17,0.));
#9495 = ORIENTED_EDGE('',*,*,#9496,.T.);
#9496 = EDGE_CURVE('',#9489,#9423,#9497,.T.);
#9497 = LINE('',#9498,#9499);
#9498 = CARTESIAN_POINT('',(-0.7,-1.405,0.725));
#9499 = VECTOR('',#9500,1.);
#9500 = DIRECTION('',(-1.110223024625E-16,1.,0.));
#9501 = PLANE('',#9502);
#9502 = AXIS2_PLACEMENT_3D('',#9503,#9504,#9505);
#9503 = CARTESIAN_POINT('',(-1.486299604971E-16,1.4875,0.725));
#9504 = DIRECTION('',(1.022886882533E-31,-6.310887241768E-27,-1.));
#9505 = DIRECTION('',(1.,1.217738924546E-16,1.022886882525E-31));
#9506 = ADVANCED_FACE('',(#9507),#9517,.F.);
#9507 = FACE_BOUND('',#9508,.F.);
#9508 = EDGE_LOOP('',(#9509,#9510,#9511,#9512));
#9509 = ORIENTED_EDGE('',*,*,#9221,.T.);
#9510 = ORIENTED_EDGE('',*,*,#9206,.T.);
#9511 = ORIENTED_EDGE('',*,*,#9422,.F.);
#9512 = ORIENTED_EDGE('',*,*,#9513,.F.);
#9513 = EDGE_CURVE('',#9222,#9423,#9514,.T.);
#9514 = B_SPLINE_CURVE_WITH_KNOTS('',1,(#9515,#9516),.UNSPECIFIED.,.F.,
  .F.,(2,2),(0.,1.),.PIECEWISE_BEZIER_KNOTS.);
#9515 = CARTESIAN_POINT('',(-0.7,1.405,0.575));
#9516 = CARTESIAN_POINT('',(-0.7,1.405,0.725));
#9517 = PLANE('',#9518);
#9518 = AXIS2_PLACEMENT_3D('',#9519,#9520,#9521);
#9519 = CARTESIAN_POINT('',(-0.7,1.405,0.725));
#9520 = DIRECTION('',(0.707106781187,-0.707106781187,0.));
#9521 = DIRECTION('',(0.707106781187,0.707106781187,0.));
#9522 = ADVANCED_FACE('',(#9523),#9547,.F.);
#9523 = FACE_BOUND('',#9524,.F.);
#9524 = EDGE_LOOP('',(#9525,#9532,#9533,#9541));
#9525 = ORIENTED_EDGE('',*,*,#9526,.F.);
#9526 = EDGE_CURVE('',#9277,#9527,#9529,.T.);
#9527 = VERTEX_POINT('',#9528);
#9528 = CARTESIAN_POINT('',(-0.7,-1.405,0.725));
#9529 = B_SPLINE_CURVE_WITH_KNOTS('',1,(#9530,#9531),.UNSPECIFIED.,.F.,
  .F.,(2,2),(0.,1.),.PIECEWISE_BEZIER_KNOTS.);
#9530 = CARTESIAN_POINT('',(-0.7,-1.405,0.575));
#9531 = CARTESIAN_POINT('',(-0.7,-1.405,0.725));
#9532 = ORIENTED_EDGE('',*,*,#9276,.T.);
#9533 = ORIENTED_EDGE('',*,*,#9534,.T.);
#9534 = EDGE_CURVE('',#9269,#9535,#9537,.T.);
#9535 = VERTEX_POINT('',#9536);
#9536 = CARTESIAN_POINT('',(-0.7,-1.15,0.725));
#9537 = LINE('',#9538,#9539);
#9538 = CARTESIAN_POINT('',(-0.7,-1.15,0.529763586955));
#9539 = VECTOR('',#9540,1.);
#9540 = DIRECTION('',(0.,0.,1.));
#9541 = ORIENTED_EDGE('',*,*,#9542,.F.);
#9542 = EDGE_CURVE('',#9527,#9535,#9543,.T.);
#9543 = LINE('',#9544,#9545);
#9544 = CARTESIAN_POINT('',(-0.7,-1.405,0.725));
#9545 = VECTOR('',#9546,1.);
#9546 = DIRECTION('',(-1.110223024625E-16,1.,0.));
#9547 = PLANE('',#9548);
#9548 = AXIS2_PLACEMENT_3D('',#9549,#9550,#9551);
#9549 = CARTESIAN_POINT('',(-0.7,-1.405,0.725));
#9550 = DIRECTION('',(1.,1.110223024625E-16,0.));
#9551 = DIRECTION('',(-1.110223024625E-16,1.,0.));
#9552 = ADVANCED_FACE('',(#9553),#9580,.F.);
#9553 = FACE_BOUND('',#9554,.F.);
#9554 = EDGE_LOOP('',(#9555,#9556,#9565,#9573));
#9555 = ORIENTED_EDGE('',*,*,#9268,.T.);
#9556 = ORIENTED_EDGE('',*,*,#9557,.T.);
#9557 = EDGE_CURVE('',#9261,#9558,#9560,.T.);
#9558 = VERTEX_POINT('',#9559);
#9559 = CARTESIAN_POINT('',(-0.798480775301,-0.75,0.492364817767));
#9560 = CIRCLE('',#9561,0.1);
#9561 = AXIS2_PLACEMENT_3D('',#9562,#9563,#9564);
#9562 = CARTESIAN_POINT('',(-0.7,-0.75,0.475));
#9563 = DIRECTION('',(-1.144237745222E-17,-1.,-5.473822126269E-48));
#9564 = DIRECTION('',(2.22044604925E-15,-2.540718180781E-32,1.));
#9565 = ORIENTED_EDGE('',*,*,#9566,.F.);
#9566 = EDGE_CURVE('',#9567,#9558,#9569,.T.);
#9567 = VERTEX_POINT('',#9568);
#9568 = CARTESIAN_POINT('',(-0.798480775301,-1.15,0.492364817767));
#9569 = LINE('',#9570,#9571);
#9570 = CARTESIAN_POINT('',(-0.798480775301,-1.15,0.492364817767));
#9571 = VECTOR('',#9572,1.);
#9572 = DIRECTION('',(1.144237745222E-17,1.,0.));
#9573 = ORIENTED_EDGE('',*,*,#9574,.F.);
#9574 = EDGE_CURVE('',#9269,#9567,#9575,.T.);
#9575 = CIRCLE('',#9576,0.1);
#9576 = AXIS2_PLACEMENT_3D('',#9577,#9578,#9579);
#9577 = CARTESIAN_POINT('',(-0.7,-1.15,0.475));
#9578 = DIRECTION('',(-1.144237745222E-17,-1.,-5.473822126269E-48));
#9579 = DIRECTION('',(2.22044604925E-15,-2.540718180781E-32,1.));
#9580 = CYLINDRICAL_SURFACE('',#9581,0.1);
#9581 = AXIS2_PLACEMENT_3D('',#9582,#9583,#9584);
#9582 = CARTESIAN_POINT('',(-0.7,-1.15,0.475));
#9583 = DIRECTION('',(-1.144237745222E-17,-1.,0.));
#9584 = DIRECTION('',(2.22044604925E-15,-2.540718180781E-32,1.));
#9585 = ADVANCED_FACE('',(#9586),#9611,.F.);
#9586 = FACE_BOUND('',#9587,.F.);
#9587 = EDGE_LOOP('',(#9588,#9596,#9597,#9605));
#9588 = ORIENTED_EDGE('',*,*,#9589,.F.);
#9589 = EDGE_CURVE('',#9261,#9590,#9592,.T.);
#9590 = VERTEX_POINT('',#9591);
#9591 = CARTESIAN_POINT('',(-0.7,-0.75,0.725));
#9592 = LINE('',#9593,#9594);
#9593 = CARTESIAN_POINT('',(-0.7,-0.75,0.529763586955));
#9594 = VECTOR('',#9595,1.);
#9595 = DIRECTION('',(0.,0.,1.));
#9596 = ORIENTED_EDGE('',*,*,#9260,.T.);
#9597 = ORIENTED_EDGE('',*,*,#9598,.T.);
#9598 = EDGE_CURVE('',#9253,#9599,#9601,.T.);
#9599 = VERTEX_POINT('',#9600);
#9600 = CARTESIAN_POINT('',(-0.7,0.75,0.725));
#9601 = LINE('',#9602,#9603);
#9602 = CARTESIAN_POINT('',(-0.7,0.75,0.529763586955));
#9603 = VECTOR('',#9604,1.);
#9604 = DIRECTION('',(0.,0.,1.));
#9605 = ORIENTED_EDGE('',*,*,#9606,.F.);
#9606 = EDGE_CURVE('',#9590,#9599,#9607,.T.);
#9607 = LINE('',#9608,#9609);
#9608 = CARTESIAN_POINT('',(-0.7,-1.405,0.725));
#9609 = VECTOR('',#9610,1.);
#9610 = DIRECTION('',(-1.110223024625E-16,1.,0.));
#9611 = PLANE('',#9612);
#9612 = AXIS2_PLACEMENT_3D('',#9613,#9614,#9615);
#9613 = CARTESIAN_POINT('',(-0.7,-1.405,0.725));
#9614 = DIRECTION('',(1.,1.110223024625E-16,0.));
#9615 = DIRECTION('',(-1.110223024625E-16,1.,0.));
#9616 = ADVANCED_FACE('',(#9617),#9644,.F.);
#9617 = FACE_BOUND('',#9618,.F.);
#9618 = EDGE_LOOP('',(#9619,#9620,#9629,#9637));
#9619 = ORIENTED_EDGE('',*,*,#9252,.T.);
#9620 = ORIENTED_EDGE('',*,*,#9621,.T.);
#9621 = EDGE_CURVE('',#9245,#9622,#9624,.T.);
#9622 = VERTEX_POINT('',#9623);
#9623 = CARTESIAN_POINT('',(-0.798480775301,1.15,0.492364817767));
#9624 = CIRCLE('',#9625,0.1);
#9625 = AXIS2_PLACEMENT_3D('',#9626,#9627,#9628);
#9626 = CARTESIAN_POINT('',(-0.7,1.15,0.475));
#9627 = DIRECTION('',(-1.144237745222E-17,-1.,-5.473822126269E-48));
#9628 = DIRECTION('',(2.22044604925E-15,-2.540718180781E-32,1.));
#9629 = ORIENTED_EDGE('',*,*,#9630,.F.);
#9630 = EDGE_CURVE('',#9631,#9622,#9633,.T.);
#9631 = VERTEX_POINT('',#9632);
#9632 = CARTESIAN_POINT('',(-0.798480775301,0.75,0.492364817767));
#9633 = LINE('',#9634,#9635);
#9634 = CARTESIAN_POINT('',(-0.798480775301,0.75,0.492364817767));
#9635 = VECTOR('',#9636,1.);
#9636 = DIRECTION('',(1.144237745222E-17,1.,0.));
#9637 = ORIENTED_EDGE('',*,*,#9638,.F.);
#9638 = EDGE_CURVE('',#9253,#9631,#9639,.T.);
#9639 = CIRCLE('',#9640,0.1);
#9640 = AXIS2_PLACEMENT_3D('',#9641,#9642,#9643);
#9641 = CARTESIAN_POINT('',(-0.7,0.75,0.475));
#9642 = DIRECTION('',(-1.144237745222E-17,-1.,-5.473822126269E-48));
#9643 = DIRECTION('',(2.22044604925E-15,-2.540718180781E-32,1.));
#9644 = CYLINDRICAL_SURFACE('',#9645,0.1);
#9645 = AXIS2_PLACEMENT_3D('',#9646,#9647,#9648);
#9646 = CARTESIAN_POINT('',(-0.7,0.75,0.475));
#9647 = DIRECTION('',(-1.144237745222E-17,-1.,0.));
#9648 = DIRECTION('',(2.22044604925E-15,-2.540718180781E-32,1.));
#9649 = ADVANCED_FACE('',(#9650),#9661,.F.);
#9650 = FACE_BOUND('',#9651,.F.);
#9651 = EDGE_LOOP('',(#9652,#9658,#9659,#9660));
#9652 = ORIENTED_EDGE('',*,*,#9653,.F.);
#9653 = EDGE_CURVE('',#9245,#9489,#9654,.T.);
#9654 = LINE('',#9655,#9656);
#9655 = CARTESIAN_POINT('',(-0.7,1.15,0.529763586955));
#9656 = VECTOR('',#9657,1.);
#9657 = DIRECTION('',(0.,0.,1.));
#9658 = ORIENTED_EDGE('',*,*,#9244,.T.);
#9659 = ORIENTED_EDGE('',*,*,#9513,.T.);
#9660 = ORIENTED_EDGE('',*,*,#9496,.F.);
#9661 = PLANE('',#9662);
#9662 = AXIS2_PLACEMENT_3D('',#9663,#9664,#9665);
#9663 = CARTESIAN_POINT('',(-0.7,-1.405,0.725));
#9664 = DIRECTION('',(1.,1.110223024625E-16,0.));
#9665 = DIRECTION('',(-1.110223024625E-16,1.,0.));
#9666 = ADVANCED_FACE('',(#9667),#9678,.F.);
#9667 = FACE_BOUND('',#9668,.F.);
#9668 = EDGE_LOOP('',(#9669,#9670,#9671,#9677));
#9669 = ORIENTED_EDGE('',*,*,#9400,.F.);
#9670 = ORIENTED_EDGE('',*,*,#9321,.T.);
#9671 = ORIENTED_EDGE('',*,*,#9672,.T.);
#9672 = EDGE_CURVE('',#9314,#9433,#9673,.T.);
#9673 = LINE('',#9674,#9675);
#9674 = CARTESIAN_POINT('',(0.7,0.2,0.529763586955));
#9675 = VECTOR('',#9676,1.);
#9676 = DIRECTION('',(0.,0.,1.));
#9677 = ORIENTED_EDGE('',*,*,#9432,.F.);
#9678 = PLANE('',#9679);
#9679 = AXIS2_PLACEMENT_3D('',#9680,#9681,#9682);
#9680 = CARTESIAN_POINT('',(0.7,1.405,0.725));
#9681 = DIRECTION('',(-1.,-1.110223024625E-16,0.));
#9682 = DIRECTION('',(1.110223024625E-16,-1.,0.));
#9683 = ADVANCED_FACE('',(#9684),#9711,.F.);
#9684 = FACE_BOUND('',#9685,.F.);
#9685 = EDGE_LOOP('',(#9686,#9687,#9696,#9704));
#9686 = ORIENTED_EDGE('',*,*,#9313,.T.);
#9687 = ORIENTED_EDGE('',*,*,#9688,.T.);
#9688 = EDGE_CURVE('',#9306,#9689,#9691,.T.);
#9689 = VERTEX_POINT('',#9690);
#9690 = CARTESIAN_POINT('',(0.798480775301,-0.2,0.492364817767));
#9691 = CIRCLE('',#9692,0.1);
#9692 = AXIS2_PLACEMENT_3D('',#9693,#9694,#9695);
#9693 = CARTESIAN_POINT('',(0.7,-0.2,0.475));
#9694 = DIRECTION('',(-1.110223024625E-16,1.,0.));
#9695 = DIRECTION('',(-2.22044604925E-15,-2.465190328815E-31,1.));
#9696 = ORIENTED_EDGE('',*,*,#9697,.F.);
#9697 = EDGE_CURVE('',#9698,#9689,#9700,.T.);
#9698 = VERTEX_POINT('',#9699);
#9699 = CARTESIAN_POINT('',(0.798480775301,0.2,0.492364817767));
#9700 = LINE('',#9701,#9702);
#9701 = CARTESIAN_POINT('',(0.798480775301,0.2,0.492364817767));
#9702 = VECTOR('',#9703,1.);
#9703 = DIRECTION('',(1.110223024625E-16,-1.,0.));
#9704 = ORIENTED_EDGE('',*,*,#9705,.F.);
#9705 = EDGE_CURVE('',#9314,#9698,#9706,.T.);
#9706 = CIRCLE('',#9707,0.1);
#9707 = AXIS2_PLACEMENT_3D('',#9708,#9709,#9710);
#9708 = CARTESIAN_POINT('',(0.7,0.2,0.475));
#9709 = DIRECTION('',(-1.110223024625E-16,1.,0.));
#9710 = DIRECTION('',(-2.22044604925E-15,-2.465190328815E-31,1.));
#9711 = CYLINDRICAL_SURFACE('',#9712,0.1);
#9712 = AXIS2_PLACEMENT_3D('',#9713,#9714,#9715);
#9713 = CARTESIAN_POINT('',(0.7,0.2,0.475));
#9714 = DIRECTION('',(-1.110223024625E-16,1.,0.));
#9715 = DIRECTION('',(-2.22044604925E-15,-2.465190328815E-31,1.));
#9716 = ADVANCED_FACE('',(#9717),#9741,.F.);
#9717 = FACE_BOUND('',#9718,.F.);
#9718 = EDGE_LOOP('',(#9719,#9727,#9728,#9735));
#9719 = ORIENTED_EDGE('',*,*,#9720,.F.);
#9720 = EDGE_CURVE('',#9306,#9721,#9723,.T.);
#9721 = VERTEX_POINT('',#9722);
#9722 = CARTESIAN_POINT('',(0.7,-0.2,0.725));
#9723 = LINE('',#9724,#9725);
#9724 = CARTESIAN_POINT('',(0.7,-0.2,0.529763586955));
#9725 = VECTOR('',#9726,1.);
#9726 = DIRECTION('',(0.,0.,1.));
#9727 = ORIENTED_EDGE('',*,*,#9305,.T.);
#9728 = ORIENTED_EDGE('',*,*,#9729,.T.);
#9729 = EDGE_CURVE('',#9299,#9730,#9732,.T.);
#9730 = VERTEX_POINT('',#9731);
#9731 = CARTESIAN_POINT('',(0.7,-1.405,0.725));
#9732 = B_SPLINE_CURVE_WITH_KNOTS('',1,(#9733,#9734),.UNSPECIFIED.,.F.,
  .F.,(2,2),(0.,1.),.PIECEWISE_BEZIER_KNOTS.);
#9733 = CARTESIAN_POINT('',(0.7,-1.405,0.575));
#9734 = CARTESIAN_POINT('',(0.7,-1.405,0.725));
#9735 = ORIENTED_EDGE('',*,*,#9736,.F.);
#9736 = EDGE_CURVE('',#9721,#9730,#9737,.T.);
#9737 = LINE('',#9738,#9739);
#9738 = CARTESIAN_POINT('',(0.7,1.405,0.725));
#9739 = VECTOR('',#9740,1.);
#9740 = DIRECTION('',(1.110223024625E-16,-1.,0.));
#9741 = PLANE('',#9742);
#9742 = AXIS2_PLACEMENT_3D('',#9743,#9744,#9745);
#9743 = CARTESIAN_POINT('',(0.7,1.405,0.725));
#9744 = DIRECTION('',(-1.,-1.110223024625E-16,0.));
#9745 = DIRECTION('',(1.110223024625E-16,-1.,0.));
#9746 = ADVANCED_FACE('',(#9747),#9764,.F.);
#9747 = FACE_BOUND('',#9748,.F.);
#9748 = EDGE_LOOP('',(#9749,#9750,#9751,#9759));
#9749 = ORIENTED_EDGE('',*,*,#9338,.T.);
#9750 = ORIENTED_EDGE('',*,*,#9526,.T.);
#9751 = ORIENTED_EDGE('',*,*,#9752,.F.);
#9752 = EDGE_CURVE('',#9753,#9527,#9755,.T.);
#9753 = VERTEX_POINT('',#9754);
#9754 = CARTESIAN_POINT('',(-0.605,-1.5,0.725));
#9755 = LINE('',#9756,#9757);
#9756 = CARTESIAN_POINT('',(-0.605,-1.5,0.725));
#9757 = VECTOR('',#9758,1.);
#9758 = DIRECTION('',(-0.707106781187,0.707106781187,0.));
#9759 = ORIENTED_EDGE('',*,*,#9760,.F.);
#9760 = EDGE_CURVE('',#9339,#9753,#9761,.T.);
#9761 = B_SPLINE_CURVE_WITH_KNOTS('',1,(#9762,#9763),.UNSPECIFIED.,.F.,
  .F.,(2,2),(0.,1.),.PIECEWISE_BEZIER_KNOTS.);
#9762 = CARTESIAN_POINT('',(-0.605,-1.5,0.575));
#9763 = CARTESIAN_POINT('',(-0.605,-1.5,0.725));
#9764 = PLANE('',#9765);
#9765 = AXIS2_PLACEMENT_3D('',#9766,#9767,#9768);
#9766 = CARTESIAN_POINT('',(-0.605,-1.5,0.725));
#9767 = DIRECTION('',(0.707106781187,0.707106781187,0.));
#9768 = DIRECTION('',(-0.707106781187,0.707106781187,0.));
#9769 = ADVANCED_FACE('',(#9770),#9787,.F.);
#9770 = FACE_BOUND('',#9771,.F.);
#9771 = EDGE_LOOP('',(#9772,#9773,#9780,#9786));
#9772 = ORIENTED_EDGE('',*,*,#9367,.T.);
#9773 = ORIENTED_EDGE('',*,*,#9774,.T.);
#9774 = EDGE_CURVE('',#9361,#9775,#9777,.T.);
#9775 = VERTEX_POINT('',#9776);
#9776 = CARTESIAN_POINT('',(0.605,-1.5,0.725));
#9777 = B_SPLINE_CURVE_WITH_KNOTS('',1,(#9778,#9779),.UNSPECIFIED.,.F.,
  .F.,(2,2),(0.,1.),.PIECEWISE_BEZIER_KNOTS.);
#9778 = CARTESIAN_POINT('',(0.605,-1.5,0.575));
#9779 = CARTESIAN_POINT('',(0.605,-1.5,0.725));
#9780 = ORIENTED_EDGE('',*,*,#9781,.F.);
#9781 = EDGE_CURVE('',#9730,#9775,#9782,.T.);
#9782 = LINE('',#9783,#9784);
#9783 = CARTESIAN_POINT('',(0.7,-1.405,0.725));
#9784 = VECTOR('',#9785,1.);
#9785 = DIRECTION('',(-0.707106781187,-0.707106781187,0.));
#9786 = ORIENTED_EDGE('',*,*,#9729,.F.);
#9787 = PLANE('',#9788);
#9788 = AXIS2_PLACEMENT_3D('',#9789,#9790,#9791);
#9789 = CARTESIAN_POINT('',(0.7,-1.405,0.725));
#9790 = DIRECTION('',(-0.707106781187,0.707106781187,0.));
#9791 = DIRECTION('',(-0.707106781187,-0.707106781187,0.));
#9792 = ADVANCED_FACE('',(#9793),#9804,.F.);
#9793 = FACE_BOUND('',#9794,.F.);
#9794 = EDGE_LOOP('',(#9795,#9796,#9797,#9803));
#9795 = ORIENTED_EDGE('',*,*,#9384,.T.);
#9796 = ORIENTED_EDGE('',*,*,#9760,.T.);
#9797 = ORIENTED_EDGE('',*,*,#9798,.F.);
#9798 = EDGE_CURVE('',#9775,#9753,#9799,.T.);
#9799 = LINE('',#9800,#9801);
#9800 = CARTESIAN_POINT('',(0.605,-1.5,0.725));
#9801 = VECTOR('',#9802,1.);
#9802 = DIRECTION('',(-1.,-1.110223024625E-16,0.));
#9803 = ORIENTED_EDGE('',*,*,#9774,.F.);
#9804 = PLANE('',#9805);
#9805 = AXIS2_PLACEMENT_3D('',#9806,#9807,#9808);
#9806 = CARTESIAN_POINT('',(0.605,-1.5,0.725));
#9807 = DIRECTION('',(-1.110223024625E-16,1.,0.));
#9808 = DIRECTION('',(-1.,-1.110223024625E-16,0.));
#9809 = ADVANCED_FACE('',(#9810),#9833,.F.);
#9810 = FACE_BOUND('',#9811,.F.);
#9811 = EDGE_LOOP('',(#9812,#9820,#9826,#9827));
#9812 = ORIENTED_EDGE('',*,*,#9813,.F.);
#9813 = EDGE_CURVE('',#9599,#9814,#9816,.T.);
#9814 = VERTEX_POINT('',#9815);
#9815 = CARTESIAN_POINT('',(-0.675,0.75,0.725));
#9816 = LINE('',#9817,#9818);
#9817 = CARTESIAN_POINT('',(-0.7,0.75,0.725));
#9818 = VECTOR('',#9819,1.);
#9819 = DIRECTION('',(1.,-1.144237745222E-17,0.));
#9820 = ORIENTED_EDGE('',*,*,#9821,.T.);
#9821 = EDGE_CURVE('',#9599,#9489,#9822,.T.);
#9822 = LINE('',#9823,#9824);
#9823 = CARTESIAN_POINT('',(-0.7,0.75,0.725));
#9824 = VECTOR('',#9825,1.);
#9825 = DIRECTION('',(1.144237745222E-17,1.,0.));
#9826 = ORIENTED_EDGE('',*,*,#9488,.T.);
#9827 = ORIENTED_EDGE('',*,*,#9828,.F.);
#9828 = EDGE_CURVE('',#9814,#9481,#9829,.T.);
#9829 = LINE('',#9830,#9831);
#9830 = CARTESIAN_POINT('',(-0.675,-1.3925,0.725));
#9831 = VECTOR('',#9832,1.);
#9832 = DIRECTION('',(-1.110223024625E-16,1.,0.));
#9833 = PLANE('',#9834);
#9834 = AXIS2_PLACEMENT_3D('',#9835,#9836,#9837);
#9835 = CARTESIAN_POINT('',(-0.7,0.75,0.725));
#9836 = DIRECTION('',(0.,0.,-1.));
#9837 = DIRECTION('',(1.,-1.144237745222E-17,0.));
#9838 = ADVANCED_FACE('',(#9839),#9887,.F.);
#9839 = FACE_BOUND('',#9840,.F.);
#9840 = EDGE_LOOP('',(#9841,#9851,#9859,#9865,#9866,#9867,#9874,#9882));
#9841 = ORIENTED_EDGE('',*,*,#9842,.T.);
#9842 = EDGE_CURVE('',#9843,#9845,#9847,.T.);
#9843 = VERTEX_POINT('',#9844);
#9844 = CARTESIAN_POINT('',(-0.675,-1.3925,0.725));
#9845 = VERTEX_POINT('',#9846);
#9846 = CARTESIAN_POINT('',(-0.675,-1.15,0.725));
#9847 = LINE('',#9848,#9849);
#9848 = CARTESIAN_POINT('',(-0.675,-1.3925,0.725));
#9849 = VECTOR('',#9850,1.);
#9850 = DIRECTION('',(-1.110223024625E-16,1.,0.));
#9851 = ORIENTED_EDGE('',*,*,#9852,.T.);
#9852 = EDGE_CURVE('',#9845,#9853,#9855,.T.);
#9853 = VERTEX_POINT('',#9854);
#9854 = CARTESIAN_POINT('',(-0.675,-0.75,0.725));
#9855 = LINE('',#9856,#9857);
#9856 = CARTESIAN_POINT('',(-0.675,-1.3925,0.725));
#9857 = VECTOR('',#9858,1.);
#9858 = DIRECTION('',(-1.110223024625E-16,1.,0.));
#9859 = ORIENTED_EDGE('',*,*,#9860,.T.);
#9860 = EDGE_CURVE('',#9853,#9814,#9861,.T.);
#9861 = LINE('',#9862,#9863);
#9862 = CARTESIAN_POINT('',(-0.675,-1.3925,0.725));
#9863 = VECTOR('',#9864,1.);
#9864 = DIRECTION('',(-1.110223024625E-16,1.,0.));
#9865 = ORIENTED_EDGE('',*,*,#9828,.T.);
#9866 = ORIENTED_EDGE('',*,*,#9480,.T.);
#9867 = ORIENTED_EDGE('',*,*,#9868,.T.);
#9868 = EDGE_CURVE('',#9473,#9869,#9871,.T.);
#9869 = VERTEX_POINT('',#9870);
#9870 = CARTESIAN_POINT('',(-0.608243103516,1.359121551758,1.2));
#9871 = B_SPLINE_CURVE_WITH_KNOTS('',1,(#9872,#9873),.UNSPECIFIED.,.F.,
  .F.,(2,2),(0.,1.),.PIECEWISE_BEZIER_KNOTS.);
#9872 = CARTESIAN_POINT('',(-0.675,1.3925,0.725));
#9873 = CARTESIAN_POINT('',(-0.608243103516,1.359121551758,1.2));
#9874 = ORIENTED_EDGE('',*,*,#9875,.F.);
#9875 = EDGE_CURVE('',#9876,#9869,#9878,.T.);
#9876 = VERTEX_POINT('',#9877);
#9877 = CARTESIAN_POINT('',(-0.608243103516,-1.359121551758,1.2));
#9878 = LINE('',#9879,#9880);
#9879 = CARTESIAN_POINT('',(-0.608243103516,-1.359121551758,1.2));
#9880 = VECTOR('',#9881,1.);
#9881 = DIRECTION('',(-1.110223024625E-16,1.,0.));
#9882 = ORIENTED_EDGE('',*,*,#9883,.F.);
#9883 = EDGE_CURVE('',#9843,#9876,#9884,.T.);
#9884 = B_SPLINE_CURVE_WITH_KNOTS('',1,(#9885,#9886),.UNSPECIFIED.,.F.,
  .F.,(2,2),(0.,1.),.PIECEWISE_BEZIER_KNOTS.);
#9885 = CARTESIAN_POINT('',(-0.675,-1.3925,0.725));
#9886 = CARTESIAN_POINT('',(-0.608243103516,-1.359121551758,1.2));
#9887 = B_SPLINE_SURFACE_WITH_KNOTS('',1,1,(
    (#9888,#9889)
    ,(#9890,#9891
    )),.UNSPECIFIED.,.F.,.F.,.F.,(2,2),(2,2),(0.,2.785),(0.,1.),
  .PIECEWISE_BEZIER_KNOTS.);
#9888 = CARTESIAN_POINT('',(-0.675,-1.3925,0.725));
#9889 = CARTESIAN_POINT('',(-0.608243103516,-1.359121551758,1.2));
#9890 = CARTESIAN_POINT('',(-0.675,1.3925,0.725));
#9891 = CARTESIAN_POINT('',(-0.608243103516,1.359121551758,1.2));
#9892 = ADVANCED_FACE('',(#9893),#9910,.F.);
#9893 = FACE_BOUND('',#9894,.F.);
#9894 = EDGE_LOOP('',(#9895,#9896,#9903,#9909));
#9895 = ORIENTED_EDGE('',*,*,#9472,.T.);
#9896 = ORIENTED_EDGE('',*,*,#9897,.T.);
#9897 = EDGE_CURVE('',#9465,#9898,#9900,.T.);
#9898 = VERTEX_POINT('',#9899);
#9899 = CARTESIAN_POINT('',(-0.559121551758,1.408243103516,1.2));
#9900 = B_SPLINE_CURVE_WITH_KNOTS('',1,(#9901,#9902),.UNSPECIFIED.,.F.,
  .F.,(2,2),(0.,1.),.PIECEWISE_BEZIER_KNOTS.);
#9901 = CARTESIAN_POINT('',(-0.5925,1.475,0.725));
#9902 = CARTESIAN_POINT('',(-0.559121551758,1.408243103516,1.2));
#9903 = ORIENTED_EDGE('',*,*,#9904,.F.);
#9904 = EDGE_CURVE('',#9869,#9898,#9905,.T.);
#9905 = LINE('',#9906,#9907);
#9906 = CARTESIAN_POINT('',(-0.608243103516,1.359121551758,1.2));
#9907 = VECTOR('',#9908,1.);
#9908 = DIRECTION('',(0.707106781187,0.707106781187,0.));
#9909 = ORIENTED_EDGE('',*,*,#9868,.F.);
#9910 = B_SPLINE_SURFACE_WITH_KNOTS('',1,1,(
    (#9911,#9912)
    ,(#9913,#9914
    )),.UNSPECIFIED.,.F.,.F.,.F.,(2,2),(2,2),(0.,0.116672618896),(0.,1.)
  ,.PIECEWISE_BEZIER_KNOTS.);
#9911 = CARTESIAN_POINT('',(-0.675,1.3925,0.725));
#9912 = CARTESIAN_POINT('',(-0.608243103516,1.359121551758,1.2));
#9913 = CARTESIAN_POINT('',(-0.5925,1.475,0.725));
#9914 = CARTESIAN_POINT('',(-0.559121551758,1.408243103516,1.2));
#9915 = ADVANCED_FACE('',(#9916),#9933,.F.);
#9916 = FACE_BOUND('',#9917,.F.);
#9917 = EDGE_LOOP('',(#9918,#9919,#9926,#9932));
#9918 = ORIENTED_EDGE('',*,*,#9464,.T.);
#9919 = ORIENTED_EDGE('',*,*,#9920,.T.);
#9920 = EDGE_CURVE('',#9457,#9921,#9923,.T.);
#9921 = VERTEX_POINT('',#9922);
#9922 = CARTESIAN_POINT('',(0.559121551758,1.408243103516,1.2));
#9923 = B_SPLINE_CURVE_WITH_KNOTS('',1,(#9924,#9925),.UNSPECIFIED.,.F.,
  .F.,(2,2),(0.,1.),.PIECEWISE_BEZIER_KNOTS.);
#9924 = CARTESIAN_POINT('',(0.5925,1.475,0.725));
#9925 = CARTESIAN_POINT('',(0.559121551758,1.408243103516,1.2));
#9926 = ORIENTED_EDGE('',*,*,#9927,.F.);
#9927 = EDGE_CURVE('',#9898,#9921,#9928,.T.);
#9928 = LINE('',#9929,#9930);
#9929 = CARTESIAN_POINT('',(-0.559121551758,1.408243103516,1.2));
#9930 = VECTOR('',#9931,1.);
#9931 = DIRECTION('',(1.,1.110223024625E-16,0.));
#9932 = ORIENTED_EDGE('',*,*,#9897,.F.);
#9933 = B_SPLINE_SURFACE_WITH_KNOTS('',1,1,(
    (#9934,#9935)
    ,(#9936,#9937
    )),.UNSPECIFIED.,.F.,.F.,.F.,(2,2),(2,2),(0.,1.185),(0.,1.),
  .PIECEWISE_BEZIER_KNOTS.);
#9934 = CARTESIAN_POINT('',(-0.5925,1.475,0.725));
#9935 = CARTESIAN_POINT('',(-0.559121551758,1.408243103516,1.2));
#9936 = CARTESIAN_POINT('',(0.5925,1.475,0.725));
#9937 = CARTESIAN_POINT('',(0.559121551758,1.408243103516,1.2));
#9938 = ADVANCED_FACE('',(#9939),#9956,.F.);
#9939 = FACE_BOUND('',#9940,.F.);
#9940 = EDGE_LOOP('',(#9941,#9942,#9949,#9955));
#9941 = ORIENTED_EDGE('',*,*,#9456,.T.);
#9942 = ORIENTED_EDGE('',*,*,#9943,.T.);
#9943 = EDGE_CURVE('',#9449,#9944,#9946,.T.);
#9944 = VERTEX_POINT('',#9945);
#9945 = CARTESIAN_POINT('',(0.608243103516,1.359121551758,1.2));
#9946 = B_SPLINE_CURVE_WITH_KNOTS('',1,(#9947,#9948),.UNSPECIFIED.,.F.,
  .F.,(2,2),(0.,1.),.PIECEWISE_BEZIER_KNOTS.);
#9947 = CARTESIAN_POINT('',(0.675,1.3925,0.725));
#9948 = CARTESIAN_POINT('',(0.608243103516,1.359121551758,1.2));
#9949 = ORIENTED_EDGE('',*,*,#9950,.F.);
#9950 = EDGE_CURVE('',#9921,#9944,#9951,.T.);
#9951 = LINE('',#9952,#9953);
#9952 = CARTESIAN_POINT('',(0.559121551758,1.408243103516,1.2));
#9953 = VECTOR('',#9954,1.);
#9954 = DIRECTION('',(0.707106781187,-0.707106781187,0.));
#9955 = ORIENTED_EDGE('',*,*,#9920,.F.);
#9956 = B_SPLINE_SURFACE_WITH_KNOTS('',1,1,(
    (#9957,#9958)
    ,(#9959,#9960
    )),.UNSPECIFIED.,.F.,.F.,.F.,(2,2),(2,2),(0.,0.116672618896),(0.,1.)
  ,.PIECEWISE_BEZIER_KNOTS.);
#9957 = CARTESIAN_POINT('',(0.5925,1.475,0.725));
#9958 = CARTESIAN_POINT('',(0.559121551758,1.408243103516,1.2));
#9959 = CARTESIAN_POINT('',(0.675,1.3925,0.725));
#9960 = CARTESIAN_POINT('',(0.608243103516,1.359121551758,1.2));
#9961 = ADVANCED_FACE('',(#9962),#9995,.F.);
#9962 = FACE_BOUND('',#9963,.F.);
#9963 = EDGE_LOOP('',(#9964,#9965,#9973,#9981,#9988,#9994));
#9964 = ORIENTED_EDGE('',*,*,#9448,.T.);
#9965 = ORIENTED_EDGE('',*,*,#9966,.T.);
#9966 = EDGE_CURVE('',#9441,#9967,#9969,.T.);
#9967 = VERTEX_POINT('',#9968);
#9968 = CARTESIAN_POINT('',(0.675,-0.2,0.725));
#9969 = LINE('',#9970,#9971);
#9970 = CARTESIAN_POINT('',(0.675,1.3925,0.725));
#9971 = VECTOR('',#9972,1.);
#9972 = DIRECTION('',(1.110223024625E-16,-1.,0.));
#9973 = ORIENTED_EDGE('',*,*,#9974,.T.);
#9974 = EDGE_CURVE('',#9967,#9975,#9977,.T.);
#9975 = VERTEX_POINT('',#9976);
#9976 = CARTESIAN_POINT('',(0.675,-1.3925,0.725));
#9977 = LINE('',#9978,#9979);
#9978 = CARTESIAN_POINT('',(0.675,1.3925,0.725));
#9979 = VECTOR('',#9980,1.);
#9980 = DIRECTION('',(1.110223024625E-16,-1.,0.));
#9981 = ORIENTED_EDGE('',*,*,#9982,.T.);
#9982 = EDGE_CURVE('',#9975,#9983,#9985,.T.);
#9983 = VERTEX_POINT('',#9984);
#9984 = CARTESIAN_POINT('',(0.608243103516,-1.359121551758,1.2));
#9985 = B_SPLINE_CURVE_WITH_KNOTS('',1,(#9986,#9987),.UNSPECIFIED.,.F.,
  .F.,(2,2),(0.,1.),.PIECEWISE_BEZIER_KNOTS.);
#9986 = CARTESIAN_POINT('',(0.675,-1.3925,0.725));
#9987 = CARTESIAN_POINT('',(0.608243103516,-1.359121551758,1.2));
#9988 = ORIENTED_EDGE('',*,*,#9989,.F.);
#9989 = EDGE_CURVE('',#9944,#9983,#9990,.T.);
#9990 = LINE('',#9991,#9992);
#9991 = CARTESIAN_POINT('',(0.608243103516,1.359121551758,1.2));
#9992 = VECTOR('',#9993,1.);
#9993 = DIRECTION('',(1.110223024625E-16,-1.,0.));
#9994 = ORIENTED_EDGE('',*,*,#9943,.F.);
#9995 = B_SPLINE_SURFACE_WITH_KNOTS('',1,1,(
    (#9996,#9997)
    ,(#9998,#9999
    )),.UNSPECIFIED.,.F.,.F.,.F.,(2,2),(2,2),(0.,2.785),(0.,1.),
  .PIECEWISE_BEZIER_KNOTS.);
#9996 = CARTESIAN_POINT('',(0.675,1.3925,0.725));
#9997 = CARTESIAN_POINT('',(0.608243103516,1.359121551758,1.2));
#9998 = CARTESIAN_POINT('',(0.675,-1.3925,0.725));
#9999 = CARTESIAN_POINT('',(0.608243103516,-1.359121551758,1.2));
#10000 = ADVANCED_FACE('',(#10001),#10017,.F.);
#10001 = FACE_BOUND('',#10002,.F.);
#10002 = EDGE_LOOP('',(#10003,#10004,#10010,#10016));
#10003 = ORIENTED_EDGE('',*,*,#9440,.F.);
#10004 = ORIENTED_EDGE('',*,*,#10005,.T.);
#10005 = EDGE_CURVE('',#9433,#9721,#10006,.T.);
#10006 = LINE('',#10007,#10008);
#10007 = CARTESIAN_POINT('',(0.7,0.2,0.725));
#10008 = VECTOR('',#10009,1.);
#10009 = DIRECTION('',(1.110223024625E-16,-1.,0.));
#10010 = ORIENTED_EDGE('',*,*,#10011,.T.);
#10011 = EDGE_CURVE('',#9721,#9967,#10012,.T.);
#10012 = LINE('',#10013,#10014);
#10013 = CARTESIAN_POINT('',(0.7,-0.2,0.725));
#10014 = VECTOR('',#10015,1.);
#10015 = DIRECTION('',(-1.,-1.110223024625E-16,0.));
#10016 = ORIENTED_EDGE('',*,*,#9966,.F.);
#10017 = PLANE('',#10018);
#10018 = AXIS2_PLACEMENT_3D('',#10019,#10020,#10021);
#10019 = CARTESIAN_POINT('',(0.7,0.2,0.725));
#10020 = DIRECTION('',(0.,0.,-1.));
#10021 = DIRECTION('',(-1.,-1.110223024625E-16,-0.));
#10022 = ADVANCED_FACE('',(#10023),#10061,.F.);
#10023 = FACE_BOUND('',#10024,.F.);
#10024 = EDGE_LOOP('',(#10025,#10026,#10027,#10028,#10029,#10030,#10031,
    #10037,#10038,#10046,#10054,#10060));
#10025 = ORIENTED_EDGE('',*,*,#10011,.F.);
#10026 = ORIENTED_EDGE('',*,*,#9736,.T.);
#10027 = ORIENTED_EDGE('',*,*,#9781,.T.);
#10028 = ORIENTED_EDGE('',*,*,#9798,.T.);
#10029 = ORIENTED_EDGE('',*,*,#9752,.T.);
#10030 = ORIENTED_EDGE('',*,*,#9542,.T.);
#10031 = ORIENTED_EDGE('',*,*,#10032,.T.);
#10032 = EDGE_CURVE('',#9535,#9845,#10033,.T.);
#10033 = LINE('',#10034,#10035);
#10034 = CARTESIAN_POINT('',(-0.7,-1.15,0.725));
#10035 = VECTOR('',#10036,1.);
#10036 = DIRECTION('',(1.,-1.144237745222E-17,0.));
#10037 = ORIENTED_EDGE('',*,*,#9842,.F.);
#10038 = ORIENTED_EDGE('',*,*,#10039,.F.);
#10039 = EDGE_CURVE('',#10040,#9843,#10042,.T.);
#10040 = VERTEX_POINT('',#10041);
#10041 = CARTESIAN_POINT('',(-0.5925,-1.475,0.725));
#10042 = LINE('',#10043,#10044);
#10043 = CARTESIAN_POINT('',(-0.5925,-1.475,0.725));
#10044 = VECTOR('',#10045,1.);
#10045 = DIRECTION('',(-0.707106781187,0.707106781187,0.));
#10046 = ORIENTED_EDGE('',*,*,#10047,.F.);
#10047 = EDGE_CURVE('',#10048,#10040,#10050,.T.);
#10048 = VERTEX_POINT('',#10049);
#10049 = CARTESIAN_POINT('',(0.5925,-1.475,0.725));
#10050 = LINE('',#10051,#10052);
#10051 = CARTESIAN_POINT('',(0.5925,-1.475,0.725));
#10052 = VECTOR('',#10053,1.);
#10053 = DIRECTION('',(-1.,-1.110223024625E-16,0.));
#10054 = ORIENTED_EDGE('',*,*,#10055,.F.);
#10055 = EDGE_CURVE('',#9975,#10048,#10056,.T.);
#10056 = LINE('',#10057,#10058);
#10057 = CARTESIAN_POINT('',(0.675,-1.3925,0.725));
#10058 = VECTOR('',#10059,1.);
#10059 = DIRECTION('',(-0.707106781187,-0.707106781187,0.));
#10060 = ORIENTED_EDGE('',*,*,#9974,.F.);
#10061 = PLANE('',#10062);
#10062 = AXIS2_PLACEMENT_3D('',#10063,#10064,#10065);
#10063 = CARTESIAN_POINT('',(-1.486299604971E-16,1.4875,0.725));
#10064 = DIRECTION('',(1.022886882533E-31,-6.310887241768E-27,-1.));
#10065 = DIRECTION('',(1.,1.217738924546E-16,1.022886882525E-31));
#10066 = ADVANCED_FACE('',(#10067),#10136,.F.);
#10067 = FACE_BOUND('',#10068,.F.);
#10068 = EDGE_LOOP('',(#10069,#10070,#10071,#10079,#10088,#10096,#10104,
    #10112,#10121,#10129));
#10069 = ORIENTED_EDGE('',*,*,#9534,.F.);
#10070 = ORIENTED_EDGE('',*,*,#9574,.T.);
#10071 = ORIENTED_EDGE('',*,*,#10072,.T.);
#10072 = EDGE_CURVE('',#9567,#10073,#10075,.T.);
#10073 = VERTEX_POINT('',#10074);
#10074 = CARTESIAN_POINT('',(-0.843471632406,-1.15,0.206587955583));
#10075 = LINE('',#10076,#10077);
#10076 = CARTESIAN_POINT('',(-0.798480775301,-1.15,0.492364817767));
#10077 = VECTOR('',#10078,1.);
#10078 = DIRECTION('',(-0.155518033909,1.779496044609E-18,
    -0.987833053268));
#10079 = ORIENTED_EDGE('',*,*,#10080,.T.);
#10080 = EDGE_CURVE('',#10073,#10081,#10083,.T.);
#10081 = VERTEX_POINT('',#10082);
#10082 = CARTESIAN_POINT('',(-1.089673570659,-1.15,5.551115123126E-17));
#10083 = CIRCLE('',#10084,0.25);
#10084 = AXIS2_PLACEMENT_3D('',#10085,#10086,#10087);
#10085 = CARTESIAN_POINT('',(-1.089673570659,-1.15,0.25));
#10086 = DIRECTION('',(1.144237745222E-17,1.,3.851859888774E-34));
#10087 = DIRECTION('',(0.984807753012,-1.126854202784E-17,
    -0.173648177667));
#10088 = ORIENTED_EDGE('',*,*,#10089,.T.);
#10089 = EDGE_CURVE('',#10081,#10090,#10092,.T.);
#10090 = VERTEX_POINT('',#10091);
#10091 = CARTESIAN_POINT('',(-1.25,-1.15,5.551115123126E-17));
#10092 = LINE('',#10093,#10094);
#10093 = CARTESIAN_POINT('',(-1.089673570659,-1.15,5.551115123126E-17));
#10094 = VECTOR('',#10095,1.);
#10095 = DIRECTION('',(-1.,1.144237745222E-17,0.));
#10096 = ORIENTED_EDGE('',*,*,#10097,.T.);
#10097 = EDGE_CURVE('',#10090,#10098,#10100,.T.);
#10098 = VERTEX_POINT('',#10099);
#10099 = CARTESIAN_POINT('',(-1.25,-1.15,0.15));
#10100 = LINE('',#10101,#10102);
#10101 = CARTESIAN_POINT('',(-1.25,-1.15,5.551115123126E-17));
#10102 = VECTOR('',#10103,1.);
#10103 = DIRECTION('',(0.,0.,1.));
#10104 = ORIENTED_EDGE('',*,*,#10105,.T.);
#10105 = EDGE_CURVE('',#10098,#10106,#10108,.T.);
#10106 = VERTEX_POINT('',#10107);
#10107 = CARTESIAN_POINT('',(-1.089673570659,-1.15,0.15));
#10108 = LINE('',#10109,#10110);
#10109 = CARTESIAN_POINT('',(-1.25,-1.15,0.15));
#10110 = VECTOR('',#10111,1.);
#10111 = DIRECTION('',(1.,-1.144237745222E-17,0.));
#10112 = ORIENTED_EDGE('',*,*,#10113,.T.);
#10113 = EDGE_CURVE('',#10106,#10114,#10116,.T.);
#10114 = VERTEX_POINT('',#10115);
#10115 = CARTESIAN_POINT('',(-0.991192795358,-1.15,0.232635182233));
#10116 = CIRCLE('',#10117,0.1);
#10117 = AXIS2_PLACEMENT_3D('',#10118,#10119,#10120);
#10118 = CARTESIAN_POINT('',(-1.089673570659,-1.15,0.25));
#10119 = DIRECTION('',(-1.144237745222E-17,-1.,1.094764425254E-47));
#10120 = DIRECTION('',(-2.22044604925E-15,2.540718180781E-32,-1.));
#10121 = ORIENTED_EDGE('',*,*,#10122,.T.);
#10122 = EDGE_CURVE('',#10114,#10123,#10125,.T.);
#10123 = VERTEX_POINT('',#10124);
#10124 = CARTESIAN_POINT('',(-0.946201938253,-1.15,0.518412044417));
#10125 = LINE('',#10126,#10127);
#10126 = CARTESIAN_POINT('',(-0.991192795358,-1.15,0.232635182233));
#10127 = VECTOR('',#10128,1.);
#10128 = DIRECTION('',(0.155518033909,-1.779496044609E-18,0.987833053268
    ));
#10129 = ORIENTED_EDGE('',*,*,#10130,.T.);
#10130 = EDGE_CURVE('',#10123,#9535,#10131,.T.);
#10131 = CIRCLE('',#10132,0.25);
#10132 = AXIS2_PLACEMENT_3D('',#10133,#10134,#10135);
#10133 = CARTESIAN_POINT('',(-0.7,-1.15,0.475));
#10134 = DIRECTION('',(1.144237745222E-17,1.,0.));
#10135 = DIRECTION('',(-0.984807753012,1.126854202784E-17,0.173648177667
    ));
#10136 = PLANE('',#10137);
#10137 = AXIS2_PLACEMENT_3D('',#10138,#10139,#10140);
#10138 = CARTESIAN_POINT('',(-0.931323080229,-1.15,0.33452717391));
#10139 = DIRECTION('',(1.144237745222E-17,1.,0.));
#10140 = DIRECTION('',(0.,-0.,1.));
#10141 = ADVANCED_FACE('',(#10142),#10160,.F.);
#10142 = FACE_BOUND('',#10143,.F.);
#10143 = EDGE_LOOP('',(#10144,#10145,#10153,#10159));
#10144 = ORIENTED_EDGE('',*,*,#9566,.T.);
#10145 = ORIENTED_EDGE('',*,*,#10146,.T.);
#10146 = EDGE_CURVE('',#9558,#10147,#10149,.T.);
#10147 = VERTEX_POINT('',#10148);
#10148 = CARTESIAN_POINT('',(-0.843471632406,-0.75,0.206587955583));
#10149 = LINE('',#10150,#10151);
#10150 = CARTESIAN_POINT('',(-0.798480775301,-0.75,0.492364817767));
#10151 = VECTOR('',#10152,1.);
#10152 = DIRECTION('',(-0.155518033909,1.779496044609E-18,
    -0.987833053268));
#10153 = ORIENTED_EDGE('',*,*,#10154,.F.);
#10154 = EDGE_CURVE('',#10073,#10147,#10155,.T.);
#10155 = LINE('',#10156,#10157);
#10156 = CARTESIAN_POINT('',(-0.843471632406,-1.15,0.206587955583));
#10157 = VECTOR('',#10158,1.);
#10158 = DIRECTION('',(1.144237745222E-17,1.,0.));
#10159 = ORIENTED_EDGE('',*,*,#10072,.F.);
#10160 = PLANE('',#10161);
#10161 = AXIS2_PLACEMENT_3D('',#10162,#10163,#10164);
#10162 = CARTESIAN_POINT('',(-0.798480775301,-1.15,0.492364817767));
#10163 = DIRECTION('',(-0.987833053268,1.130315865527E-17,0.155518033909
    ));
#10164 = DIRECTION('',(-0.155518033909,1.779496044609E-18,
    -0.987833053268));
#10165 = ADVANCED_FACE('',(#10166),#10228,.T.);
#10166 = FACE_BOUND('',#10167,.T.);
#10167 = EDGE_LOOP('',(#10168,#10169,#10170,#10171,#10180,#10188,#10196,
    #10204,#10213,#10221));
#10168 = ORIENTED_EDGE('',*,*,#9589,.F.);
#10169 = ORIENTED_EDGE('',*,*,#9557,.T.);
#10170 = ORIENTED_EDGE('',*,*,#10146,.T.);
#10171 = ORIENTED_EDGE('',*,*,#10172,.T.);
#10172 = EDGE_CURVE('',#10147,#10173,#10175,.T.);
#10173 = VERTEX_POINT('',#10174);
#10174 = CARTESIAN_POINT('',(-1.089673570659,-0.75,5.551115123126E-17));
#10175 = CIRCLE('',#10176,0.25);
#10176 = AXIS2_PLACEMENT_3D('',#10177,#10178,#10179);
#10177 = CARTESIAN_POINT('',(-1.089673570659,-0.75,0.25));
#10178 = DIRECTION('',(1.144237745222E-17,1.,3.851859888774E-34));
#10179 = DIRECTION('',(0.984807753012,-1.126854202784E-17,
    -0.173648177667));
#10180 = ORIENTED_EDGE('',*,*,#10181,.T.);
#10181 = EDGE_CURVE('',#10173,#10182,#10184,.T.);
#10182 = VERTEX_POINT('',#10183);
#10183 = CARTESIAN_POINT('',(-1.25,-0.75,5.551115123126E-17));
#10184 = LINE('',#10185,#10186);
#10185 = CARTESIAN_POINT('',(-1.089673570659,-0.75,5.551115123126E-17));
#10186 = VECTOR('',#10187,1.);
#10187 = DIRECTION('',(-1.,1.144237745222E-17,0.));
#10188 = ORIENTED_EDGE('',*,*,#10189,.T.);
#10189 = EDGE_CURVE('',#10182,#10190,#10192,.T.);
#10190 = VERTEX_POINT('',#10191);
#10191 = CARTESIAN_POINT('',(-1.25,-0.75,0.15));
#10192 = LINE('',#10193,#10194);
#10193 = CARTESIAN_POINT('',(-1.25,-0.75,5.551115123126E-17));
#10194 = VECTOR('',#10195,1.);
#10195 = DIRECTION('',(0.,0.,1.));
#10196 = ORIENTED_EDGE('',*,*,#10197,.T.);
#10197 = EDGE_CURVE('',#10190,#10198,#10200,.T.);
#10198 = VERTEX_POINT('',#10199);
#10199 = CARTESIAN_POINT('',(-1.089673570659,-0.75,0.15));
#10200 = LINE('',#10201,#10202);
#10201 = CARTESIAN_POINT('',(-1.25,-0.75,0.15));
#10202 = VECTOR('',#10203,1.);
#10203 = DIRECTION('',(1.,-1.144237745222E-17,0.));
#10204 = ORIENTED_EDGE('',*,*,#10205,.T.);
#10205 = EDGE_CURVE('',#10198,#10206,#10208,.T.);
#10206 = VERTEX_POINT('',#10207);
#10207 = CARTESIAN_POINT('',(-0.991192795358,-0.75,0.232635182233));
#10208 = CIRCLE('',#10209,0.1);
#10209 = AXIS2_PLACEMENT_3D('',#10210,#10211,#10212);
#10210 = CARTESIAN_POINT('',(-1.089673570659,-0.75,0.25));
#10211 = DIRECTION('',(-1.144237745222E-17,-1.,1.094764425254E-47));
#10212 = DIRECTION('',(-2.22044604925E-15,2.540718180781E-32,-1.));
#10213 = ORIENTED_EDGE('',*,*,#10214,.T.);
#10214 = EDGE_CURVE('',#10206,#10215,#10217,.T.);
#10215 = VERTEX_POINT('',#10216);
#10216 = CARTESIAN_POINT('',(-0.946201938253,-0.75,0.518412044417));
#10217 = LINE('',#10218,#10219);
#10218 = CARTESIAN_POINT('',(-0.991192795358,-0.75,0.232635182233));
#10219 = VECTOR('',#10220,1.);
#10220 = DIRECTION('',(0.155518033909,-1.779496044609E-18,0.987833053268
    ));
#10221 = ORIENTED_EDGE('',*,*,#10222,.T.);
#10222 = EDGE_CURVE('',#10215,#9590,#10223,.T.);
#10223 = CIRCLE('',#10224,0.25);
#10224 = AXIS2_PLACEMENT_3D('',#10225,#10226,#10227);
#10225 = CARTESIAN_POINT('',(-0.7,-0.75,0.475));
#10226 = DIRECTION('',(1.144237745222E-17,1.,0.));
#10227 = DIRECTION('',(-0.984807753012,1.126854202784E-17,0.173648177667
    ));
#10228 = PLANE('',#10229);
#10229 = AXIS2_PLACEMENT_3D('',#10230,#10231,#10232);
#10230 = CARTESIAN_POINT('',(-0.931323080229,-0.75,0.33452717391));
#10231 = DIRECTION('',(1.144237745222E-17,1.,0.));
#10232 = DIRECTION('',(0.,-0.,1.));
#10233 = ADVANCED_FACE('',(#10234),#10245,.F.);
#10234 = FACE_BOUND('',#10235,.F.);
#10235 = EDGE_LOOP('',(#10236,#10237,#10238,#10239));
#10236 = ORIENTED_EDGE('',*,*,#9606,.T.);
#10237 = ORIENTED_EDGE('',*,*,#9813,.T.);
#10238 = ORIENTED_EDGE('',*,*,#9860,.F.);
#10239 = ORIENTED_EDGE('',*,*,#10240,.F.);
#10240 = EDGE_CURVE('',#9590,#9853,#10241,.T.);
#10241 = LINE('',#10242,#10243);
#10242 = CARTESIAN_POINT('',(-0.7,-0.75,0.725));
#10243 = VECTOR('',#10244,1.);
#10244 = DIRECTION('',(1.,-1.144237745222E-17,0.));
#10245 = PLANE('',#10246);
#10246 = AXIS2_PLACEMENT_3D('',#10247,#10248,#10249);
#10247 = CARTESIAN_POINT('',(-1.486299604971E-16,1.4875,0.725));
#10248 = DIRECTION('',(1.022886882533E-31,-6.310887241768E-27,-1.));
#10249 = DIRECTION('',(1.,1.217738924546E-16,1.022886882525E-31));
#10250 = ADVANCED_FACE('',(#10251),#10320,.F.);
#10251 = FACE_BOUND('',#10252,.F.);
#10252 = EDGE_LOOP('',(#10253,#10254,#10255,#10263,#10272,#10280,#10288,
    #10296,#10305,#10313));
#10253 = ORIENTED_EDGE('',*,*,#9598,.F.);
#10254 = ORIENTED_EDGE('',*,*,#9638,.T.);
#10255 = ORIENTED_EDGE('',*,*,#10256,.T.);
#10256 = EDGE_CURVE('',#9631,#10257,#10259,.T.);
#10257 = VERTEX_POINT('',#10258);
#10258 = CARTESIAN_POINT('',(-0.843471632406,0.75,0.206587955583));
#10259 = LINE('',#10260,#10261);
#10260 = CARTESIAN_POINT('',(-0.798480775301,0.75,0.492364817767));
#10261 = VECTOR('',#10262,1.);
#10262 = DIRECTION('',(-0.155518033909,1.779496044609E-18,
    -0.987833053268));
#10263 = ORIENTED_EDGE('',*,*,#10264,.T.);
#10264 = EDGE_CURVE('',#10257,#10265,#10267,.T.);
#10265 = VERTEX_POINT('',#10266);
#10266 = CARTESIAN_POINT('',(-1.089673570659,0.75,5.551115123126E-17));
#10267 = CIRCLE('',#10268,0.25);
#10268 = AXIS2_PLACEMENT_3D('',#10269,#10270,#10271);
#10269 = CARTESIAN_POINT('',(-1.089673570659,0.75,0.25));
#10270 = DIRECTION('',(1.144237745222E-17,1.,3.851859888774E-34));
#10271 = DIRECTION('',(0.984807753012,-1.126854202784E-17,
    -0.173648177667));
#10272 = ORIENTED_EDGE('',*,*,#10273,.T.);
#10273 = EDGE_CURVE('',#10265,#10274,#10276,.T.);
#10274 = VERTEX_POINT('',#10275);
#10275 = CARTESIAN_POINT('',(-1.25,0.75,5.551115123126E-17));
#10276 = LINE('',#10277,#10278);
#10277 = CARTESIAN_POINT('',(-1.089673570659,0.75,5.551115123126E-17));
#10278 = VECTOR('',#10279,1.);
#10279 = DIRECTION('',(-1.,1.144237745222E-17,0.));
#10280 = ORIENTED_EDGE('',*,*,#10281,.T.);
#10281 = EDGE_CURVE('',#10274,#10282,#10284,.T.);
#10282 = VERTEX_POINT('',#10283);
#10283 = CARTESIAN_POINT('',(-1.25,0.75,0.15));
#10284 = LINE('',#10285,#10286);
#10285 = CARTESIAN_POINT('',(-1.25,0.75,5.551115123126E-17));
#10286 = VECTOR('',#10287,1.);
#10287 = DIRECTION('',(0.,0.,1.));
#10288 = ORIENTED_EDGE('',*,*,#10289,.T.);
#10289 = EDGE_CURVE('',#10282,#10290,#10292,.T.);
#10290 = VERTEX_POINT('',#10291);
#10291 = CARTESIAN_POINT('',(-1.089673570659,0.75,0.15));
#10292 = LINE('',#10293,#10294);
#10293 = CARTESIAN_POINT('',(-1.25,0.75,0.15));
#10294 = VECTOR('',#10295,1.);
#10295 = DIRECTION('',(1.,-1.144237745222E-17,0.));
#10296 = ORIENTED_EDGE('',*,*,#10297,.T.);
#10297 = EDGE_CURVE('',#10290,#10298,#10300,.T.);
#10298 = VERTEX_POINT('',#10299);
#10299 = CARTESIAN_POINT('',(-0.991192795358,0.75,0.232635182233));
#10300 = CIRCLE('',#10301,0.1);
#10301 = AXIS2_PLACEMENT_3D('',#10302,#10303,#10304);
#10302 = CARTESIAN_POINT('',(-1.089673570659,0.75,0.25));
#10303 = DIRECTION('',(-1.144237745222E-17,-1.,1.094764425254E-47));
#10304 = DIRECTION('',(-2.22044604925E-15,2.540718180781E-32,-1.));
#10305 = ORIENTED_EDGE('',*,*,#10306,.T.);
#10306 = EDGE_CURVE('',#10298,#10307,#10309,.T.);
#10307 = VERTEX_POINT('',#10308);
#10308 = CARTESIAN_POINT('',(-0.946201938253,0.75,0.518412044417));
#10309 = LINE('',#10310,#10311);
#10310 = CARTESIAN_POINT('',(-0.991192795358,0.75,0.232635182233));
#10311 = VECTOR('',#10312,1.);
#10312 = DIRECTION('',(0.155518033909,-1.779496044609E-18,0.987833053268
    ));
#10313 = ORIENTED_EDGE('',*,*,#10314,.T.);
#10314 = EDGE_CURVE('',#10307,#9599,#10315,.T.);
#10315 = CIRCLE('',#10316,0.25);
#10316 = AXIS2_PLACEMENT_3D('',#10317,#10318,#10319);
#10317 = CARTESIAN_POINT('',(-0.7,0.75,0.475));
#10318 = DIRECTION('',(1.144237745222E-17,1.,0.));
#10319 = DIRECTION('',(-0.984807753012,1.126854202784E-17,0.173648177667
    ));
#10320 = PLANE('',#10321);
#10321 = AXIS2_PLACEMENT_3D('',#10322,#10323,#10324);
#10322 = CARTESIAN_POINT('',(-0.931323080229,0.75,0.33452717391));
#10323 = DIRECTION('',(1.144237745222E-17,1.,0.));
#10324 = DIRECTION('',(0.,-0.,1.));
#10325 = ADVANCED_FACE('',(#10326),#10344,.F.);
#10326 = FACE_BOUND('',#10327,.F.);
#10327 = EDGE_LOOP('',(#10328,#10329,#10337,#10343));
#10328 = ORIENTED_EDGE('',*,*,#9630,.T.);
#10329 = ORIENTED_EDGE('',*,*,#10330,.T.);
#10330 = EDGE_CURVE('',#9622,#10331,#10333,.T.);
#10331 = VERTEX_POINT('',#10332);
#10332 = CARTESIAN_POINT('',(-0.843471632406,1.15,0.206587955583));
#10333 = LINE('',#10334,#10335);
#10334 = CARTESIAN_POINT('',(-0.798480775301,1.15,0.492364817767));
#10335 = VECTOR('',#10336,1.);
#10336 = DIRECTION('',(-0.155518033909,1.779496044609E-18,
    -0.987833053268));
#10337 = ORIENTED_EDGE('',*,*,#10338,.F.);
#10338 = EDGE_CURVE('',#10257,#10331,#10339,.T.);
#10339 = LINE('',#10340,#10341);
#10340 = CARTESIAN_POINT('',(-0.843471632406,0.75,0.206587955583));
#10341 = VECTOR('',#10342,1.);
#10342 = DIRECTION('',(1.144237745222E-17,1.,0.));
#10343 = ORIENTED_EDGE('',*,*,#10256,.F.);
#10344 = PLANE('',#10345);
#10345 = AXIS2_PLACEMENT_3D('',#10346,#10347,#10348);
#10346 = CARTESIAN_POINT('',(-0.798480775301,0.75,0.492364817767));
#10347 = DIRECTION('',(-0.987833053268,1.130315865527E-17,0.155518033909
    ));
#10348 = DIRECTION('',(-0.155518033909,1.779496044609E-18,
    -0.987833053268));
#10349 = ADVANCED_FACE('',(#10350),#10412,.T.);
#10350 = FACE_BOUND('',#10351,.T.);
#10351 = EDGE_LOOP('',(#10352,#10353,#10354,#10355,#10364,#10372,#10380,
    #10388,#10397,#10405));
#10352 = ORIENTED_EDGE('',*,*,#9653,.F.);
#10353 = ORIENTED_EDGE('',*,*,#9621,.T.);
#10354 = ORIENTED_EDGE('',*,*,#10330,.T.);
#10355 = ORIENTED_EDGE('',*,*,#10356,.T.);
#10356 = EDGE_CURVE('',#10331,#10357,#10359,.T.);
#10357 = VERTEX_POINT('',#10358);
#10358 = CARTESIAN_POINT('',(-1.089673570659,1.15,5.551115123126E-17));
#10359 = CIRCLE('',#10360,0.25);
#10360 = AXIS2_PLACEMENT_3D('',#10361,#10362,#10363);
#10361 = CARTESIAN_POINT('',(-1.089673570659,1.15,0.25));
#10362 = DIRECTION('',(1.144237745222E-17,1.,3.851859888774E-34));
#10363 = DIRECTION('',(0.984807753012,-1.126854202784E-17,
    -0.173648177667));
#10364 = ORIENTED_EDGE('',*,*,#10365,.T.);
#10365 = EDGE_CURVE('',#10357,#10366,#10368,.T.);
#10366 = VERTEX_POINT('',#10367);
#10367 = CARTESIAN_POINT('',(-1.25,1.15,5.551115123126E-17));
#10368 = LINE('',#10369,#10370);
#10369 = CARTESIAN_POINT('',(-1.089673570659,1.15,5.551115123126E-17));
#10370 = VECTOR('',#10371,1.);
#10371 = DIRECTION('',(-1.,1.144237745222E-17,0.));
#10372 = ORIENTED_EDGE('',*,*,#10373,.T.);
#10373 = EDGE_CURVE('',#10366,#10374,#10376,.T.);
#10374 = VERTEX_POINT('',#10375);
#10375 = CARTESIAN_POINT('',(-1.25,1.15,0.15));
#10376 = LINE('',#10377,#10378);
#10377 = CARTESIAN_POINT('',(-1.25,1.15,5.551115123126E-17));
#10378 = VECTOR('',#10379,1.);
#10379 = DIRECTION('',(0.,0.,1.));
#10380 = ORIENTED_EDGE('',*,*,#10381,.T.);
#10381 = EDGE_CURVE('',#10374,#10382,#10384,.T.);
#10382 = VERTEX_POINT('',#10383);
#10383 = CARTESIAN_POINT('',(-1.089673570659,1.15,0.15));
#10384 = LINE('',#10385,#10386);
#10385 = CARTESIAN_POINT('',(-1.25,1.15,0.15));
#10386 = VECTOR('',#10387,1.);
#10387 = DIRECTION('',(1.,-1.144237745222E-17,0.));
#10388 = ORIENTED_EDGE('',*,*,#10389,.T.);
#10389 = EDGE_CURVE('',#10382,#10390,#10392,.T.);
#10390 = VERTEX_POINT('',#10391);
#10391 = CARTESIAN_POINT('',(-0.991192795358,1.15,0.232635182233));
#10392 = CIRCLE('',#10393,0.1);
#10393 = AXIS2_PLACEMENT_3D('',#10394,#10395,#10396);
#10394 = CARTESIAN_POINT('',(-1.089673570659,1.15,0.25));
#10395 = DIRECTION('',(-1.144237745222E-17,-1.,1.094764425254E-47));
#10396 = DIRECTION('',(-2.22044604925E-15,2.540718180781E-32,-1.));
#10397 = ORIENTED_EDGE('',*,*,#10398,.T.);
#10398 = EDGE_CURVE('',#10390,#10399,#10401,.T.);
#10399 = VERTEX_POINT('',#10400);
#10400 = CARTESIAN_POINT('',(-0.946201938253,1.15,0.518412044417));
#10401 = LINE('',#10402,#10403);
#10402 = CARTESIAN_POINT('',(-0.991192795358,1.15,0.232635182233));
#10403 = VECTOR('',#10404,1.);
#10404 = DIRECTION('',(0.155518033909,-1.779496044609E-18,0.987833053268
    ));
#10405 = ORIENTED_EDGE('',*,*,#10406,.T.);
#10406 = EDGE_CURVE('',#10399,#9489,#10407,.T.);
#10407 = CIRCLE('',#10408,0.25);
#10408 = AXIS2_PLACEMENT_3D('',#10409,#10410,#10411);
#10409 = CARTESIAN_POINT('',(-0.7,1.15,0.475));
#10410 = DIRECTION('',(1.144237745222E-17,1.,0.));
#10411 = DIRECTION('',(-0.984807753012,1.126854202784E-17,0.173648177667
    ));
#10412 = PLANE('',#10413);
#10413 = AXIS2_PLACEMENT_3D('',#10414,#10415,#10416);
#10414 = CARTESIAN_POINT('',(-0.931323080229,1.15,0.33452717391));
#10415 = DIRECTION('',(1.144237745222E-17,1.,0.));
#10416 = DIRECTION('',(0.,-0.,1.));
#10417 = ADVANCED_FACE('',(#10418),#10487,.F.);
#10418 = FACE_BOUND('',#10419,.F.);
#10419 = EDGE_LOOP('',(#10420,#10421,#10422,#10430,#10439,#10447,#10455,
    #10463,#10472,#10480));
#10420 = ORIENTED_EDGE('',*,*,#9672,.F.);
#10421 = ORIENTED_EDGE('',*,*,#9705,.T.);
#10422 = ORIENTED_EDGE('',*,*,#10423,.T.);
#10423 = EDGE_CURVE('',#9698,#10424,#10426,.T.);
#10424 = VERTEX_POINT('',#10425);
#10425 = CARTESIAN_POINT('',(0.843471632406,0.2,0.206587955583));
#10426 = LINE('',#10427,#10428);
#10427 = CARTESIAN_POINT('',(0.798480775301,0.2,0.492364817767));
#10428 = VECTOR('',#10429,1.);
#10429 = DIRECTION('',(0.155518033909,1.726597019897E-17,-0.987833053268
    ));
#10430 = ORIENTED_EDGE('',*,*,#10431,.T.);
#10431 = EDGE_CURVE('',#10424,#10432,#10434,.T.);
#10432 = VERTEX_POINT('',#10433);
#10433 = CARTESIAN_POINT('',(1.089673570659,0.2,5.551115123126E-17));
#10434 = CIRCLE('',#10435,0.25);
#10435 = AXIS2_PLACEMENT_3D('',#10436,#10437,#10438);
#10436 = CARTESIAN_POINT('',(1.089673570659,0.2,0.25));
#10437 = DIRECTION('',(1.110223024625E-16,-1.,0.));
#10438 = DIRECTION('',(-0.984807753012,-1.093356242223E-16,
    -0.173648177667));
#10439 = ORIENTED_EDGE('',*,*,#10440,.T.);
#10440 = EDGE_CURVE('',#10432,#10441,#10443,.T.);
#10441 = VERTEX_POINT('',#10442);
#10442 = CARTESIAN_POINT('',(1.25,0.2,5.551115123126E-17));
#10443 = LINE('',#10444,#10445);
#10444 = CARTESIAN_POINT('',(1.089673570659,0.2,5.551115123126E-17));
#10445 = VECTOR('',#10446,1.);
#10446 = DIRECTION('',(1.,1.110223024625E-16,0.));
#10447 = ORIENTED_EDGE('',*,*,#10448,.T.);
#10448 = EDGE_CURVE('',#10441,#10449,#10451,.T.);
#10449 = VERTEX_POINT('',#10450);
#10450 = CARTESIAN_POINT('',(1.25,0.2,0.15));
#10451 = LINE('',#10452,#10453);
#10452 = CARTESIAN_POINT('',(1.25,0.2,5.551115123126E-17));
#10453 = VECTOR('',#10454,1.);
#10454 = DIRECTION('',(0.,0.,1.));
#10455 = ORIENTED_EDGE('',*,*,#10456,.T.);
#10456 = EDGE_CURVE('',#10449,#10457,#10459,.T.);
#10457 = VERTEX_POINT('',#10458);
#10458 = CARTESIAN_POINT('',(1.089673570659,0.2,0.15));
#10459 = LINE('',#10460,#10461);
#10460 = CARTESIAN_POINT('',(1.25,0.2,0.15));
#10461 = VECTOR('',#10462,1.);
#10462 = DIRECTION('',(-1.,-1.110223024625E-16,0.));
#10463 = ORIENTED_EDGE('',*,*,#10464,.T.);
#10464 = EDGE_CURVE('',#10457,#10465,#10467,.T.);
#10465 = VERTEX_POINT('',#10466);
#10466 = CARTESIAN_POINT('',(0.991192795358,0.2,0.232635182233));
#10467 = CIRCLE('',#10468,0.1);
#10468 = AXIS2_PLACEMENT_3D('',#10469,#10470,#10471);
#10469 = CARTESIAN_POINT('',(1.089673570659,0.2,0.25));
#10470 = DIRECTION('',(-1.110223024625E-16,1.,0.));
#10471 = DIRECTION('',(2.22044604925E-15,2.465190328815E-31,-1.));
#10472 = ORIENTED_EDGE('',*,*,#10473,.T.);
#10473 = EDGE_CURVE('',#10465,#10474,#10476,.T.);
#10474 = VERTEX_POINT('',#10475);
#10475 = CARTESIAN_POINT('',(0.946201938253,0.2,0.518412044417));
#10476 = LINE('',#10477,#10478);
#10477 = CARTESIAN_POINT('',(0.991192795358,0.2,0.232635182233));
#10478 = VECTOR('',#10479,1.);
#10479 = DIRECTION('',(-0.155518033909,-1.726597019897E-17,
    0.987833053268));
#10480 = ORIENTED_EDGE('',*,*,#10481,.T.);
#10481 = EDGE_CURVE('',#10474,#9433,#10482,.T.);
#10482 = CIRCLE('',#10483,0.25);
#10483 = AXIS2_PLACEMENT_3D('',#10484,#10485,#10486);
#10484 = CARTESIAN_POINT('',(0.7,0.2,0.475));
#10485 = DIRECTION('',(1.110223024625E-16,-1.,0.));
#10486 = DIRECTION('',(0.984807753012,1.093356242223E-16,0.173648177667)
  );
#10487 = PLANE('',#10488);
#10488 = AXIS2_PLACEMENT_3D('',#10489,#10490,#10491);
#10489 = CARTESIAN_POINT('',(0.931323080229,0.2,0.33452717391));
#10490 = DIRECTION('',(1.110223024625E-16,-1.,0.));
#10491 = DIRECTION('',(0.,0.,1.));
#10492 = ADVANCED_FACE('',(#10493),#10511,.F.);
#10493 = FACE_BOUND('',#10494,.F.);
#10494 = EDGE_LOOP('',(#10495,#10496,#10504,#10510));
#10495 = ORIENTED_EDGE('',*,*,#9697,.T.);
#10496 = ORIENTED_EDGE('',*,*,#10497,.T.);
#10497 = EDGE_CURVE('',#9689,#10498,#10500,.T.);
#10498 = VERTEX_POINT('',#10499);
#10499 = CARTESIAN_POINT('',(0.843471632406,-0.2,0.206587955583));
#10500 = LINE('',#10501,#10502);
#10501 = CARTESIAN_POINT('',(0.798480775301,-0.2,0.492364817767));
#10502 = VECTOR('',#10503,1.);
#10503 = DIRECTION('',(0.155518033909,1.726597019897E-17,-0.987833053268
    ));
#10504 = ORIENTED_EDGE('',*,*,#10505,.F.);
#10505 = EDGE_CURVE('',#10424,#10498,#10506,.T.);
#10506 = LINE('',#10507,#10508);
#10507 = CARTESIAN_POINT('',(0.843471632406,0.2,0.206587955583));
#10508 = VECTOR('',#10509,1.);
#10509 = DIRECTION('',(1.110223024625E-16,-1.,0.));
#10510 = ORIENTED_EDGE('',*,*,#10423,.F.);
#10511 = PLANE('',#10512);
#10512 = AXIS2_PLACEMENT_3D('',#10513,#10514,#10515);
#10513 = CARTESIAN_POINT('',(0.798480775301,0.2,0.492364817767));
#10514 = DIRECTION('',(0.987833053268,1.096715000224E-16,0.155518033909)
  );
#10515 = DIRECTION('',(0.155518033909,1.726597019897E-17,-0.987833053268
    ));
#10516 = ADVANCED_FACE('',(#10517),#10579,.T.);
#10517 = FACE_BOUND('',#10518,.T.);
#10518 = EDGE_LOOP('',(#10519,#10520,#10521,#10522,#10531,#10539,#10547,
    #10555,#10564,#10572));
#10519 = ORIENTED_EDGE('',*,*,#9720,.F.);
#10520 = ORIENTED_EDGE('',*,*,#9688,.T.);
#10521 = ORIENTED_EDGE('',*,*,#10497,.T.);
#10522 = ORIENTED_EDGE('',*,*,#10523,.T.);
#10523 = EDGE_CURVE('',#10498,#10524,#10526,.T.);
#10524 = VERTEX_POINT('',#10525);
#10525 = CARTESIAN_POINT('',(1.089673570659,-0.2,5.551115123126E-17));
#10526 = CIRCLE('',#10527,0.25);
#10527 = AXIS2_PLACEMENT_3D('',#10528,#10529,#10530);
#10528 = CARTESIAN_POINT('',(1.089673570659,-0.2,0.25));
#10529 = DIRECTION('',(1.110223024625E-16,-1.,0.));
#10530 = DIRECTION('',(-0.984807753012,-1.093356242223E-16,
    -0.173648177667));
#10531 = ORIENTED_EDGE('',*,*,#10532,.T.);
#10532 = EDGE_CURVE('',#10524,#10533,#10535,.T.);
#10533 = VERTEX_POINT('',#10534);
#10534 = CARTESIAN_POINT('',(1.25,-0.2,5.551115123126E-17));
#10535 = LINE('',#10536,#10537);
#10536 = CARTESIAN_POINT('',(1.089673570659,-0.2,5.551115123126E-17));
#10537 = VECTOR('',#10538,1.);
#10538 = DIRECTION('',(1.,1.110223024625E-16,0.));
#10539 = ORIENTED_EDGE('',*,*,#10540,.T.);
#10540 = EDGE_CURVE('',#10533,#10541,#10543,.T.);
#10541 = VERTEX_POINT('',#10542);
#10542 = CARTESIAN_POINT('',(1.25,-0.2,0.15));
#10543 = LINE('',#10544,#10545);
#10544 = CARTESIAN_POINT('',(1.25,-0.2,5.551115123126E-17));
#10545 = VECTOR('',#10546,1.);
#10546 = DIRECTION('',(0.,0.,1.));
#10547 = ORIENTED_EDGE('',*,*,#10548,.T.);
#10548 = EDGE_CURVE('',#10541,#10549,#10551,.T.);
#10549 = VERTEX_POINT('',#10550);
#10550 = CARTESIAN_POINT('',(1.089673570659,-0.2,0.15));
#10551 = LINE('',#10552,#10553);
#10552 = CARTESIAN_POINT('',(1.25,-0.2,0.15));
#10553 = VECTOR('',#10554,1.);
#10554 = DIRECTION('',(-1.,-1.110223024625E-16,0.));
#10555 = ORIENTED_EDGE('',*,*,#10556,.T.);
#10556 = EDGE_CURVE('',#10549,#10557,#10559,.T.);
#10557 = VERTEX_POINT('',#10558);
#10558 = CARTESIAN_POINT('',(0.991192795358,-0.2,0.232635182233));
#10559 = CIRCLE('',#10560,0.1);
#10560 = AXIS2_PLACEMENT_3D('',#10561,#10562,#10563);
#10561 = CARTESIAN_POINT('',(1.089673570659,-0.2,0.25));
#10562 = DIRECTION('',(-1.110223024625E-16,1.,0.));
#10563 = DIRECTION('',(2.22044604925E-15,2.465190328815E-31,-1.));
#10564 = ORIENTED_EDGE('',*,*,#10565,.T.);
#10565 = EDGE_CURVE('',#10557,#10566,#10568,.T.);
#10566 = VERTEX_POINT('',#10567);
#10567 = CARTESIAN_POINT('',(0.946201938253,-0.2,0.518412044417));
#10568 = LINE('',#10569,#10570);
#10569 = CARTESIAN_POINT('',(0.991192795358,-0.2,0.232635182233));
#10570 = VECTOR('',#10571,1.);
#10571 = DIRECTION('',(-0.155518033909,-1.726597019897E-17,
    0.987833053268));
#10572 = ORIENTED_EDGE('',*,*,#10573,.T.);
#10573 = EDGE_CURVE('',#10566,#9721,#10574,.T.);
#10574 = CIRCLE('',#10575,0.25);
#10575 = AXIS2_PLACEMENT_3D('',#10576,#10577,#10578);
#10576 = CARTESIAN_POINT('',(0.7,-0.2,0.475));
#10577 = DIRECTION('',(1.110223024625E-16,-1.,0.));
#10578 = DIRECTION('',(0.984807753012,1.093356242223E-16,0.173648177667)
  );
#10579 = PLANE('',#10580);
#10580 = AXIS2_PLACEMENT_3D('',#10581,#10582,#10583);
#10581 = CARTESIAN_POINT('',(0.931323080229,-0.2,0.33452717391));
#10582 = DIRECTION('',(1.110223024625E-16,-1.,0.));
#10583 = DIRECTION('',(0.,0.,1.));
#10584 = ADVANCED_FACE('',(#10585),#10596,.T.);
#10585 = FACE_BOUND('',#10586,.T.);
#10586 = EDGE_LOOP('',(#10587,#10588,#10589,#10590));
#10587 = ORIENTED_EDGE('',*,*,#10314,.T.);
#10588 = ORIENTED_EDGE('',*,*,#9821,.T.);
#10589 = ORIENTED_EDGE('',*,*,#10406,.F.);
#10590 = ORIENTED_EDGE('',*,*,#10591,.F.);
#10591 = EDGE_CURVE('',#10307,#10399,#10592,.T.);
#10592 = LINE('',#10593,#10594);
#10593 = CARTESIAN_POINT('',(-0.946201938253,0.75,0.518412044417));
#10594 = VECTOR('',#10595,1.);
#10595 = DIRECTION('',(1.144237745222E-17,1.,0.));
#10596 = CYLINDRICAL_SURFACE('',#10597,0.25);
#10597 = AXIS2_PLACEMENT_3D('',#10598,#10599,#10600);
#10598 = CARTESIAN_POINT('',(-0.7,0.75,0.475));
#10599 = DIRECTION('',(-1.144237745222E-17,-1.,0.));
#10600 = DIRECTION('',(-0.984807753012,1.126854202784E-17,0.173648177667
    ));
#10601 = ADVANCED_FACE('',(#10602),#10613,.F.);
#10602 = FACE_BOUND('',#10603,.F.);
#10603 = EDGE_LOOP('',(#10604,#10605,#10611,#10612));
#10604 = ORIENTED_EDGE('',*,*,#10032,.F.);
#10605 = ORIENTED_EDGE('',*,*,#10606,.T.);
#10606 = EDGE_CURVE('',#9535,#9590,#10607,.T.);
#10607 = LINE('',#10608,#10609);
#10608 = CARTESIAN_POINT('',(-0.7,-1.15,0.725));
#10609 = VECTOR('',#10610,1.);
#10610 = DIRECTION('',(1.144237745222E-17,1.,0.));
#10611 = ORIENTED_EDGE('',*,*,#10240,.T.);
#10612 = ORIENTED_EDGE('',*,*,#9852,.F.);
#10613 = PLANE('',#10614);
#10614 = AXIS2_PLACEMENT_3D('',#10615,#10616,#10617);
#10615 = CARTESIAN_POINT('',(-0.7,-1.15,0.725));
#10616 = DIRECTION('',(0.,0.,-1.));
#10617 = DIRECTION('',(1.,-1.144237745222E-17,0.));
#10618 = ADVANCED_FACE('',(#10619,#10648),#10659,.T.);
#10619 = FACE_BOUND('',#10620,.T.);
#10620 = EDGE_LOOP('',(#10621,#10622,#10623,#10624,#10632,#10640,#10646,
    #10647));
#10621 = ORIENTED_EDGE('',*,*,#9927,.F.);
#10622 = ORIENTED_EDGE('',*,*,#9904,.F.);
#10623 = ORIENTED_EDGE('',*,*,#9875,.F.);
#10624 = ORIENTED_EDGE('',*,*,#10625,.F.);
#10625 = EDGE_CURVE('',#10626,#9876,#10628,.T.);
#10626 = VERTEX_POINT('',#10627);
#10627 = CARTESIAN_POINT('',(-0.559121551758,-1.408243103516,1.2));
#10628 = LINE('',#10629,#10630);
#10629 = CARTESIAN_POINT('',(-0.559121551758,-1.408243103516,1.2));
#10630 = VECTOR('',#10631,1.);
#10631 = DIRECTION('',(-0.707106781187,0.707106781187,0.));
#10632 = ORIENTED_EDGE('',*,*,#10633,.F.);
#10633 = EDGE_CURVE('',#10634,#10626,#10636,.T.);
#10634 = VERTEX_POINT('',#10635);
#10635 = CARTESIAN_POINT('',(0.559121551758,-1.408243103516,1.2));
#10636 = LINE('',#10637,#10638);
#10637 = CARTESIAN_POINT('',(0.559121551758,-1.408243103516,1.2));
#10638 = VECTOR('',#10639,1.);
#10639 = DIRECTION('',(-1.,-1.110223024625E-16,0.));
#10640 = ORIENTED_EDGE('',*,*,#10641,.F.);
#10641 = EDGE_CURVE('',#9983,#10634,#10642,.T.);
#10642 = LINE('',#10643,#10644);
#10643 = CARTESIAN_POINT('',(0.608243103516,-1.359121551758,1.2));
#10644 = VECTOR('',#10645,1.);
#10645 = DIRECTION('',(-0.707106781187,-0.707106781187,0.));
#10646 = ORIENTED_EDGE('',*,*,#9989,.F.);
#10647 = ORIENTED_EDGE('',*,*,#9950,.F.);
#10648 = FACE_BOUND('',#10649,.T.);
#10649 = EDGE_LOOP('',(#10650));
#10650 = ORIENTED_EDGE('',*,*,#10651,.T.);
#10651 = EDGE_CURVE('',#10652,#10652,#10654,.T.);
#10652 = VERTEX_POINT('',#10653);
#10653 = CARTESIAN_POINT('',(-0.428243103516,1.178243103516,1.2));
#10654 = CIRCLE('',#10655,5.E-02);
#10655 = AXIS2_PLACEMENT_3D('',#10656,#10657,#10658);
#10656 = CARTESIAN_POINT('',(-0.428243103516,1.228243103516,1.2));
#10657 = DIRECTION('',(0.,-0.,-1.));
#10658 = DIRECTION('',(1.110223024625E-16,-1.,0.));
#10659 = PLANE('',#10660);
#10660 = AXIS2_PLACEMENT_3D('',#10661,#10662,#10663);
#10661 = CARTESIAN_POINT('',(-0.559121551758,1.408243103516,1.2));
#10662 = DIRECTION('',(0.,0.,1.));
#10663 = DIRECTION('',(0.369013679242,-0.929423963825,0.));
#10664 = ADVANCED_FACE('',(#10665),#10675,.F.);
#10665 = FACE_BOUND('',#10666,.F.);
#10666 = EDGE_LOOP('',(#10667,#10668,#10669,#10670));
#10667 = ORIENTED_EDGE('',*,*,#10039,.T.);
#10668 = ORIENTED_EDGE('',*,*,#9883,.T.);
#10669 = ORIENTED_EDGE('',*,*,#10625,.F.);
#10670 = ORIENTED_EDGE('',*,*,#10671,.F.);
#10671 = EDGE_CURVE('',#10040,#10626,#10672,.T.);
#10672 = B_SPLINE_CURVE_WITH_KNOTS('',1,(#10673,#10674),.UNSPECIFIED.,
  .F.,.F.,(2,2),(0.,1.),.PIECEWISE_BEZIER_KNOTS.);
#10673 = CARTESIAN_POINT('',(-0.5925,-1.475,0.725));
#10674 = CARTESIAN_POINT('',(-0.559121551758,-1.408243103516,1.2));
#10675 = B_SPLINE_SURFACE_WITH_KNOTS('',1,1,(
    (#10676,#10677)
    ,(#10678,#10679
    )),.UNSPECIFIED.,.F.,.F.,.F.,(2,2),(2,2),(0.,0.116672618896),(0.,1.)
  ,.PIECEWISE_BEZIER_KNOTS.);
#10676 = CARTESIAN_POINT('',(-0.5925,-1.475,0.725));
#10677 = CARTESIAN_POINT('',(-0.559121551758,-1.408243103516,1.2));
#10678 = CARTESIAN_POINT('',(-0.675,-1.3925,0.725));
#10679 = CARTESIAN_POINT('',(-0.608243103516,-1.359121551758,1.2));
#10680 = ADVANCED_FACE('',(#10681),#10691,.F.);
#10681 = FACE_BOUND('',#10682,.F.);
#10682 = EDGE_LOOP('',(#10683,#10684,#10689,#10690));
#10683 = ORIENTED_EDGE('',*,*,#10055,.T.);
#10684 = ORIENTED_EDGE('',*,*,#10685,.T.);
#10685 = EDGE_CURVE('',#10048,#10634,#10686,.T.);
#10686 = B_SPLINE_CURVE_WITH_KNOTS('',1,(#10687,#10688),.UNSPECIFIED.,
  .F.,.F.,(2,2),(0.,1.),.PIECEWISE_BEZIER_KNOTS.);
#10687 = CARTESIAN_POINT('',(0.5925,-1.475,0.725));
#10688 = CARTESIAN_POINT('',(0.559121551758,-1.408243103516,1.2));
#10689 = ORIENTED_EDGE('',*,*,#10641,.F.);
#10690 = ORIENTED_EDGE('',*,*,#9982,.F.);
#10691 = B_SPLINE_SURFACE_WITH_KNOTS('',1,1,(
    (#10692,#10693)
    ,(#10694,#10695
    )),.UNSPECIFIED.,.F.,.F.,.F.,(2,2),(2,2),(0.,0.116672618896),(0.,1.)
  ,.PIECEWISE_BEZIER_KNOTS.);
#10692 = CARTESIAN_POINT('',(0.675,-1.3925,0.725));
#10693 = CARTESIAN_POINT('',(0.608243103516,-1.359121551758,1.2));
#10694 = CARTESIAN_POINT('',(0.5925,-1.475,0.725));
#10695 = CARTESIAN_POINT('',(0.559121551758,-1.408243103516,1.2));
#10696 = ADVANCED_FACE('',(#10697),#10708,.T.);
#10697 = FACE_BOUND('',#10698,.T.);
#10698 = EDGE_LOOP('',(#10699,#10700,#10701,#10702));
#10699 = ORIENTED_EDGE('',*,*,#10481,.T.);
#10700 = ORIENTED_EDGE('',*,*,#10005,.T.);
#10701 = ORIENTED_EDGE('',*,*,#10573,.F.);
#10702 = ORIENTED_EDGE('',*,*,#10703,.F.);
#10703 = EDGE_CURVE('',#10474,#10566,#10704,.T.);
#10704 = LINE('',#10705,#10706);
#10705 = CARTESIAN_POINT('',(0.946201938253,0.2,0.518412044417));
#10706 = VECTOR('',#10707,1.);
#10707 = DIRECTION('',(1.110223024625E-16,-1.,0.));
#10708 = CYLINDRICAL_SURFACE('',#10709,0.25);
#10709 = AXIS2_PLACEMENT_3D('',#10710,#10711,#10712);
#10710 = CARTESIAN_POINT('',(0.7,0.2,0.475));
#10711 = DIRECTION('',(-1.110223024625E-16,1.,0.));
#10712 = DIRECTION('',(0.984807753012,1.093356242223E-16,0.173648177667)
  );
#10713 = ADVANCED_FACE('',(#10714),#10720,.F.);
#10714 = FACE_BOUND('',#10715,.F.);
#10715 = EDGE_LOOP('',(#10716,#10717,#10718,#10719));
#10716 = ORIENTED_EDGE('',*,*,#10047,.T.);
#10717 = ORIENTED_EDGE('',*,*,#10671,.T.);
#10718 = ORIENTED_EDGE('',*,*,#10633,.F.);
#10719 = ORIENTED_EDGE('',*,*,#10685,.F.);
#10720 = B_SPLINE_SURFACE_WITH_KNOTS('',1,1,(
    (#10721,#10722)
    ,(#10723,#10724
    )),.UNSPECIFIED.,.F.,.F.,.F.,(2,2),(2,2),(0.,1.185),(0.,1.),
  .PIECEWISE_BEZIER_KNOTS.);
#10721 = CARTESIAN_POINT('',(0.5925,-1.475,0.725));
#10722 = CARTESIAN_POINT('',(0.559121551758,-1.408243103516,1.2));
#10723 = CARTESIAN_POINT('',(-0.5925,-1.475,0.725));
#10724 = CARTESIAN_POINT('',(-0.559121551758,-1.408243103516,1.2));
#10725 = ADVANCED_FACE('',(#10726),#10737,.T.);
#10726 = FACE_BOUND('',#10727,.T.);
#10727 = EDGE_LOOP('',(#10728,#10729,#10730,#10731));
#10728 = ORIENTED_EDGE('',*,*,#10130,.T.);
#10729 = ORIENTED_EDGE('',*,*,#10606,.T.);
#10730 = ORIENTED_EDGE('',*,*,#10222,.F.);
#10731 = ORIENTED_EDGE('',*,*,#10732,.F.);
#10732 = EDGE_CURVE('',#10123,#10215,#10733,.T.);
#10733 = LINE('',#10734,#10735);
#10734 = CARTESIAN_POINT('',(-0.946201938253,-1.15,0.518412044417));
#10735 = VECTOR('',#10736,1.);
#10736 = DIRECTION('',(1.144237745222E-17,1.,0.));
#10737 = CYLINDRICAL_SURFACE('',#10738,0.25);
#10738 = AXIS2_PLACEMENT_3D('',#10739,#10740,#10741);
#10739 = CARTESIAN_POINT('',(-0.7,-1.15,0.475));
#10740 = DIRECTION('',(-1.144237745222E-17,-1.,0.));
#10741 = DIRECTION('',(-0.984807753012,1.126854202784E-17,0.173648177667
    ));
#10742 = ADVANCED_FACE('',(#10743),#10754,.F.);
#10743 = FACE_BOUND('',#10744,.F.);
#10744 = EDGE_LOOP('',(#10745,#10751,#10752,#10753));
#10745 = ORIENTED_EDGE('',*,*,#10746,.T.);
#10746 = EDGE_CURVE('',#10114,#10206,#10747,.T.);
#10747 = LINE('',#10748,#10749);
#10748 = CARTESIAN_POINT('',(-0.991192795358,-1.15,0.232635182233));
#10749 = VECTOR('',#10750,1.);
#10750 = DIRECTION('',(1.144237745222E-17,1.,0.));
#10751 = ORIENTED_EDGE('',*,*,#10214,.T.);
#10752 = ORIENTED_EDGE('',*,*,#10732,.F.);
#10753 = ORIENTED_EDGE('',*,*,#10122,.F.);
#10754 = PLANE('',#10755);
#10755 = AXIS2_PLACEMENT_3D('',#10756,#10757,#10758);
#10756 = CARTESIAN_POINT('',(-0.991192795358,-1.15,0.232635182233));
#10757 = DIRECTION('',(0.987833053268,-1.130315865527E-17,
    -0.155518033909));
#10758 = DIRECTION('',(0.155518033909,-1.779496044609E-18,0.987833053268
    ));
#10759 = ADVANCED_FACE('',(#10760),#10771,.F.);
#10760 = FACE_BOUND('',#10761,.F.);
#10761 = EDGE_LOOP('',(#10762,#10768,#10769,#10770));
#10762 = ORIENTED_EDGE('',*,*,#10763,.T.);
#10763 = EDGE_CURVE('',#10106,#10198,#10764,.T.);
#10764 = LINE('',#10765,#10766);
#10765 = CARTESIAN_POINT('',(-1.089673570659,-1.15,0.15));
#10766 = VECTOR('',#10767,1.);
#10767 = DIRECTION('',(1.144237745222E-17,1.,0.));
#10768 = ORIENTED_EDGE('',*,*,#10205,.T.);
#10769 = ORIENTED_EDGE('',*,*,#10746,.F.);
#10770 = ORIENTED_EDGE('',*,*,#10113,.F.);
#10771 = CYLINDRICAL_SURFACE('',#10772,0.1);
#10772 = AXIS2_PLACEMENT_3D('',#10773,#10774,#10775);
#10773 = CARTESIAN_POINT('',(-1.089673570659,-1.15,0.25));
#10774 = DIRECTION('',(-1.144237745222E-17,-1.,0.));
#10775 = DIRECTION('',(-2.22044604925E-15,2.540718180781E-32,-1.));
#10776 = ADVANCED_FACE('',(#10777),#10788,.F.);
#10777 = FACE_BOUND('',#10778,.F.);
#10778 = EDGE_LOOP('',(#10779,#10785,#10786,#10787));
#10779 = ORIENTED_EDGE('',*,*,#10780,.T.);
#10780 = EDGE_CURVE('',#10098,#10190,#10781,.T.);
#10781 = LINE('',#10782,#10783);
#10782 = CARTESIAN_POINT('',(-1.25,-1.15,0.15));
#10783 = VECTOR('',#10784,1.);
#10784 = DIRECTION('',(1.144237745222E-17,1.,0.));
#10785 = ORIENTED_EDGE('',*,*,#10197,.T.);
#10786 = ORIENTED_EDGE('',*,*,#10763,.F.);
#10787 = ORIENTED_EDGE('',*,*,#10105,.F.);
#10788 = PLANE('',#10789);
#10789 = AXIS2_PLACEMENT_3D('',#10790,#10791,#10792);
#10790 = CARTESIAN_POINT('',(-1.25,-1.15,0.15));
#10791 = DIRECTION('',(0.,0.,-1.));
#10792 = DIRECTION('',(1.,-1.144237745222E-17,0.));
#10793 = ADVANCED_FACE('',(#10794),#10805,.F.);
#10794 = FACE_BOUND('',#10795,.F.);
#10795 = EDGE_LOOP('',(#10796,#10802,#10803,#10804));
#10796 = ORIENTED_EDGE('',*,*,#10797,.T.);
#10797 = EDGE_CURVE('',#10090,#10182,#10798,.T.);
#10798 = LINE('',#10799,#10800);
#10799 = CARTESIAN_POINT('',(-1.25,-1.15,5.551115123126E-17));
#10800 = VECTOR('',#10801,1.);
#10801 = DIRECTION('',(1.144237745222E-17,1.,0.));
#10802 = ORIENTED_EDGE('',*,*,#10189,.T.);
#10803 = ORIENTED_EDGE('',*,*,#10780,.F.);
#10804 = ORIENTED_EDGE('',*,*,#10097,.F.);
#10805 = PLANE('',#10806);
#10806 = AXIS2_PLACEMENT_3D('',#10807,#10808,#10809);
#10807 = CARTESIAN_POINT('',(-1.25,-1.15,5.551115123126E-17));
#10808 = DIRECTION('',(1.,-1.144237745222E-17,0.));
#10809 = DIRECTION('',(0.,0.,1.));
#10810 = ADVANCED_FACE('',(#10811),#10822,.F.);
#10811 = FACE_BOUND('',#10812,.F.);
#10812 = EDGE_LOOP('',(#10813,#10819,#10820,#10821));
#10813 = ORIENTED_EDGE('',*,*,#10814,.T.);
#10814 = EDGE_CURVE('',#10081,#10173,#10815,.T.);
#10815 = LINE('',#10816,#10817);
#10816 = CARTESIAN_POINT('',(-1.089673570659,-1.15,5.551115123126E-17));
#10817 = VECTOR('',#10818,1.);
#10818 = DIRECTION('',(1.144237745222E-17,1.,0.));
#10819 = ORIENTED_EDGE('',*,*,#10181,.T.);
#10820 = ORIENTED_EDGE('',*,*,#10797,.F.);
#10821 = ORIENTED_EDGE('',*,*,#10089,.F.);
#10822 = PLANE('',#10823);
#10823 = AXIS2_PLACEMENT_3D('',#10824,#10825,#10826);
#10824 = CARTESIAN_POINT('',(-1.089673570659,-1.15,5.551115123126E-17));
#10825 = DIRECTION('',(0.,0.,1.));
#10826 = DIRECTION('',(-1.,1.144237745222E-17,0.));
#10827 = ADVANCED_FACE('',(#10828),#10834,.T.);
#10828 = FACE_BOUND('',#10829,.T.);
#10829 = EDGE_LOOP('',(#10830,#10831,#10832,#10833));
#10830 = ORIENTED_EDGE('',*,*,#10080,.T.);
#10831 = ORIENTED_EDGE('',*,*,#10814,.T.);
#10832 = ORIENTED_EDGE('',*,*,#10172,.F.);
#10833 = ORIENTED_EDGE('',*,*,#10154,.F.);
#10834 = CYLINDRICAL_SURFACE('',#10835,0.25);
#10835 = AXIS2_PLACEMENT_3D('',#10836,#10837,#10838);
#10836 = CARTESIAN_POINT('',(-1.089673570659,-1.15,0.25));
#10837 = DIRECTION('',(-1.144237745222E-17,-1.,0.));
#10838 = DIRECTION('',(0.984807753012,-1.126854202784E-17,
    -0.173648177667));
#10839 = ADVANCED_FACE('',(#10840),#10851,.F.);
#10840 = FACE_BOUND('',#10841,.F.);
#10841 = EDGE_LOOP('',(#10842,#10848,#10849,#10850));
#10842 = ORIENTED_EDGE('',*,*,#10843,.T.);
#10843 = EDGE_CURVE('',#10298,#10390,#10844,.T.);
#10844 = LINE('',#10845,#10846);
#10845 = CARTESIAN_POINT('',(-0.991192795358,0.75,0.232635182233));
#10846 = VECTOR('',#10847,1.);
#10847 = DIRECTION('',(1.144237745222E-17,1.,0.));
#10848 = ORIENTED_EDGE('',*,*,#10398,.T.);
#10849 = ORIENTED_EDGE('',*,*,#10591,.F.);
#10850 = ORIENTED_EDGE('',*,*,#10306,.F.);
#10851 = PLANE('',#10852);
#10852 = AXIS2_PLACEMENT_3D('',#10853,#10854,#10855);
#10853 = CARTESIAN_POINT('',(-0.991192795358,0.75,0.232635182233));
#10854 = DIRECTION('',(0.987833053268,-1.130315865527E-17,
    -0.155518033909));
#10855 = DIRECTION('',(0.155518033909,-1.779496044609E-18,0.987833053268
    ));
#10856 = ADVANCED_FACE('',(#10857),#10868,.F.);
#10857 = FACE_BOUND('',#10858,.F.);
#10858 = EDGE_LOOP('',(#10859,#10865,#10866,#10867));
#10859 = ORIENTED_EDGE('',*,*,#10860,.T.);
#10860 = EDGE_CURVE('',#10290,#10382,#10861,.T.);
#10861 = LINE('',#10862,#10863);
#10862 = CARTESIAN_POINT('',(-1.089673570659,0.75,0.15));
#10863 = VECTOR('',#10864,1.);
#10864 = DIRECTION('',(1.144237745222E-17,1.,0.));
#10865 = ORIENTED_EDGE('',*,*,#10389,.T.);
#10866 = ORIENTED_EDGE('',*,*,#10843,.F.);
#10867 = ORIENTED_EDGE('',*,*,#10297,.F.);
#10868 = CYLINDRICAL_SURFACE('',#10869,0.1);
#10869 = AXIS2_PLACEMENT_3D('',#10870,#10871,#10872);
#10870 = CARTESIAN_POINT('',(-1.089673570659,0.75,0.25));
#10871 = DIRECTION('',(-1.144237745222E-17,-1.,0.));
#10872 = DIRECTION('',(-2.22044604925E-15,2.540718180781E-32,-1.));
#10873 = ADVANCED_FACE('',(#10874),#10885,.F.);
#10874 = FACE_BOUND('',#10875,.F.);
#10875 = EDGE_LOOP('',(#10876,#10882,#10883,#10884));
#10876 = ORIENTED_EDGE('',*,*,#10877,.T.);
#10877 = EDGE_CURVE('',#10282,#10374,#10878,.T.);
#10878 = LINE('',#10879,#10880);
#10879 = CARTESIAN_POINT('',(-1.25,0.75,0.15));
#10880 = VECTOR('',#10881,1.);
#10881 = DIRECTION('',(1.144237745222E-17,1.,0.));
#10882 = ORIENTED_EDGE('',*,*,#10381,.T.);
#10883 = ORIENTED_EDGE('',*,*,#10860,.F.);
#10884 = ORIENTED_EDGE('',*,*,#10289,.F.);
#10885 = PLANE('',#10886);
#10886 = AXIS2_PLACEMENT_3D('',#10887,#10888,#10889);
#10887 = CARTESIAN_POINT('',(-1.25,0.75,0.15));
#10888 = DIRECTION('',(0.,0.,-1.));
#10889 = DIRECTION('',(1.,-1.144237745222E-17,0.));
#10890 = ADVANCED_FACE('',(#10891),#10902,.F.);
#10891 = FACE_BOUND('',#10892,.F.);
#10892 = EDGE_LOOP('',(#10893,#10899,#10900,#10901));
#10893 = ORIENTED_EDGE('',*,*,#10894,.T.);
#10894 = EDGE_CURVE('',#10274,#10366,#10895,.T.);
#10895 = LINE('',#10896,#10897);
#10896 = CARTESIAN_POINT('',(-1.25,0.75,5.551115123126E-17));
#10897 = VECTOR('',#10898,1.);
#10898 = DIRECTION('',(1.144237745222E-17,1.,0.));
#10899 = ORIENTED_EDGE('',*,*,#10373,.T.);
#10900 = ORIENTED_EDGE('',*,*,#10877,.F.);
#10901 = ORIENTED_EDGE('',*,*,#10281,.F.);
#10902 = PLANE('',#10903);
#10903 = AXIS2_PLACEMENT_3D('',#10904,#10905,#10906);
#10904 = CARTESIAN_POINT('',(-1.25,0.75,5.551115123126E-17));
#10905 = DIRECTION('',(1.,-1.144237745222E-17,0.));
#10906 = DIRECTION('',(0.,0.,1.));
#10907 = ADVANCED_FACE('',(#10908),#10919,.F.);
#10908 = FACE_BOUND('',#10909,.F.);
#10909 = EDGE_LOOP('',(#10910,#10916,#10917,#10918));
#10910 = ORIENTED_EDGE('',*,*,#10911,.T.);
#10911 = EDGE_CURVE('',#10265,#10357,#10912,.T.);
#10912 = LINE('',#10913,#10914);
#10913 = CARTESIAN_POINT('',(-1.089673570659,0.75,5.551115123126E-17));
#10914 = VECTOR('',#10915,1.);
#10915 = DIRECTION('',(1.144237745222E-17,1.,0.));
#10916 = ORIENTED_EDGE('',*,*,#10365,.T.);
#10917 = ORIENTED_EDGE('',*,*,#10894,.F.);
#10918 = ORIENTED_EDGE('',*,*,#10273,.F.);
#10919 = PLANE('',#10920);
#10920 = AXIS2_PLACEMENT_3D('',#10921,#10922,#10923);
#10921 = CARTESIAN_POINT('',(-1.089673570659,0.75,5.551115123126E-17));
#10922 = DIRECTION('',(0.,0.,1.));
#10923 = DIRECTION('',(-1.,1.144237745222E-17,0.));
#10924 = ADVANCED_FACE('',(#10925),#10931,.T.);
#10925 = FACE_BOUND('',#10926,.T.);
#10926 = EDGE_LOOP('',(#10927,#10928,#10929,#10930));
#10927 = ORIENTED_EDGE('',*,*,#10264,.T.);
#10928 = ORIENTED_EDGE('',*,*,#10911,.T.);
#10929 = ORIENTED_EDGE('',*,*,#10356,.F.);
#10930 = ORIENTED_EDGE('',*,*,#10338,.F.);
#10931 = CYLINDRICAL_SURFACE('',#10932,0.25);
#10932 = AXIS2_PLACEMENT_3D('',#10933,#10934,#10935);
#10933 = CARTESIAN_POINT('',(-1.089673570659,0.75,0.25));
#10934 = DIRECTION('',(-1.144237745222E-17,-1.,0.));
#10935 = DIRECTION('',(0.984807753012,-1.126854202784E-17,
    -0.173648177667));
#10936 = ADVANCED_FACE('',(#10937),#10948,.F.);
#10937 = FACE_BOUND('',#10938,.F.);
#10938 = EDGE_LOOP('',(#10939,#10945,#10946,#10947));
#10939 = ORIENTED_EDGE('',*,*,#10940,.T.);
#10940 = EDGE_CURVE('',#10465,#10557,#10941,.T.);
#10941 = LINE('',#10942,#10943);
#10942 = CARTESIAN_POINT('',(0.991192795358,0.2,0.232635182233));
#10943 = VECTOR('',#10944,1.);
#10944 = DIRECTION('',(1.110223024625E-16,-1.,0.));
#10945 = ORIENTED_EDGE('',*,*,#10565,.T.);
#10946 = ORIENTED_EDGE('',*,*,#10703,.F.);
#10947 = ORIENTED_EDGE('',*,*,#10473,.F.);
#10948 = PLANE('',#10949);
#10949 = AXIS2_PLACEMENT_3D('',#10950,#10951,#10952);
#10950 = CARTESIAN_POINT('',(0.991192795358,0.2,0.232635182233));
#10951 = DIRECTION('',(-0.987833053268,-1.096715000224E-16,
    -0.155518033909));
#10952 = DIRECTION('',(-0.155518033909,-1.726597019897E-17,
    0.987833053268));
#10953 = ADVANCED_FACE('',(#10954),#10965,.F.);
#10954 = FACE_BOUND('',#10955,.F.);
#10955 = EDGE_LOOP('',(#10956,#10962,#10963,#10964));
#10956 = ORIENTED_EDGE('',*,*,#10957,.T.);
#10957 = EDGE_CURVE('',#10457,#10549,#10958,.T.);
#10958 = LINE('',#10959,#10960);
#10959 = CARTESIAN_POINT('',(1.089673570659,0.2,0.15));
#10960 = VECTOR('',#10961,1.);
#10961 = DIRECTION('',(1.110223024625E-16,-1.,0.));
#10962 = ORIENTED_EDGE('',*,*,#10556,.T.);
#10963 = ORIENTED_EDGE('',*,*,#10940,.F.);
#10964 = ORIENTED_EDGE('',*,*,#10464,.F.);
#10965 = CYLINDRICAL_SURFACE('',#10966,0.1);
#10966 = AXIS2_PLACEMENT_3D('',#10967,#10968,#10969);
#10967 = CARTESIAN_POINT('',(1.089673570659,0.2,0.25));
#10968 = DIRECTION('',(-1.110223024625E-16,1.,0.));
#10969 = DIRECTION('',(2.22044604925E-15,2.465190328815E-31,-1.));
#10970 = ADVANCED_FACE('',(#10971),#10982,.F.);
#10971 = FACE_BOUND('',#10972,.F.);
#10972 = EDGE_LOOP('',(#10973,#10979,#10980,#10981));
#10973 = ORIENTED_EDGE('',*,*,#10974,.T.);
#10974 = EDGE_CURVE('',#10449,#10541,#10975,.T.);
#10975 = LINE('',#10976,#10977);
#10976 = CARTESIAN_POINT('',(1.25,0.2,0.15));
#10977 = VECTOR('',#10978,1.);
#10978 = DIRECTION('',(1.110223024625E-16,-1.,0.));
#10979 = ORIENTED_EDGE('',*,*,#10548,.T.);
#10980 = ORIENTED_EDGE('',*,*,#10957,.F.);
#10981 = ORIENTED_EDGE('',*,*,#10456,.F.);
#10982 = PLANE('',#10983);
#10983 = AXIS2_PLACEMENT_3D('',#10984,#10985,#10986);
#10984 = CARTESIAN_POINT('',(1.25,0.2,0.15));
#10985 = DIRECTION('',(0.,0.,-1.));
#10986 = DIRECTION('',(-1.,-1.110223024625E-16,-0.));
#10987 = ADVANCED_FACE('',(#10988),#10999,.F.);
#10988 = FACE_BOUND('',#10989,.F.);
#10989 = EDGE_LOOP('',(#10990,#10996,#10997,#10998));
#10990 = ORIENTED_EDGE('',*,*,#10991,.T.);
#10991 = EDGE_CURVE('',#10441,#10533,#10992,.T.);
#10992 = LINE('',#10993,#10994);
#10993 = CARTESIAN_POINT('',(1.25,0.2,5.551115123126E-17));
#10994 = VECTOR('',#10995,1.);
#10995 = DIRECTION('',(1.110223024625E-16,-1.,0.));
#10996 = ORIENTED_EDGE('',*,*,#10540,.T.);
#10997 = ORIENTED_EDGE('',*,*,#10974,.F.);
#10998 = ORIENTED_EDGE('',*,*,#10448,.F.);
#10999 = PLANE('',#11000);
#11000 = AXIS2_PLACEMENT_3D('',#11001,#11002,#11003);
#11001 = CARTESIAN_POINT('',(1.25,0.2,5.551115123126E-17));
#11002 = DIRECTION('',(-1.,-1.110223024625E-16,0.));
#11003 = DIRECTION('',(0.,0.,1.));
#11004 = ADVANCED_FACE('',(#11005),#11016,.F.);
#11005 = FACE_BOUND('',#11006,.F.);
#11006 = EDGE_LOOP('',(#11007,#11013,#11014,#11015));
#11007 = ORIENTED_EDGE('',*,*,#11008,.T.);
#11008 = EDGE_CURVE('',#10432,#10524,#11009,.T.);
#11009 = LINE('',#11010,#11011);
#11010 = CARTESIAN_POINT('',(1.089673570659,0.2,5.551115123126E-17));
#11011 = VECTOR('',#11012,1.);
#11012 = DIRECTION('',(1.110223024625E-16,-1.,0.));
#11013 = ORIENTED_EDGE('',*,*,#10532,.T.);
#11014 = ORIENTED_EDGE('',*,*,#10991,.F.);
#11015 = ORIENTED_EDGE('',*,*,#10440,.F.);
#11016 = PLANE('',#11017);
#11017 = AXIS2_PLACEMENT_3D('',#11018,#11019,#11020);
#11018 = CARTESIAN_POINT('',(1.089673570659,0.2,5.551115123126E-17));
#11019 = DIRECTION('',(0.,0.,1.));
#11020 = DIRECTION('',(1.,1.110223024625E-16,-0.));
#11021 = ADVANCED_FACE('',(#11022),#11028,.T.);
#11022 = FACE_BOUND('',#11023,.T.);
#11023 = EDGE_LOOP('',(#11024,#11025,#11026,#11027));
#11024 = ORIENTED_EDGE('',*,*,#10431,.T.);
#11025 = ORIENTED_EDGE('',*,*,#11008,.T.);
#11026 = ORIENTED_EDGE('',*,*,#10523,.F.);
#11027 = ORIENTED_EDGE('',*,*,#10505,.F.);
#11028 = CYLINDRICAL_SURFACE('',#11029,0.25);
#11029 = AXIS2_PLACEMENT_3D('',#11030,#11031,#11032);
#11030 = CARTESIAN_POINT('',(1.089673570659,0.2,0.25));
#11031 = DIRECTION('',(-1.110223024625E-16,1.,0.));
#11032 = DIRECTION('',(-0.984807753012,-1.093356242223E-16,
    -0.173648177667));
#11033 = ADVANCED_FACE('',(#11034),#11037,.F.);
#11034 = FACE_BOUND('',#11035,.T.);
#11035 = EDGE_LOOP('',(#11036));
#11036 = ORIENTED_EDGE('',*,*,#10651,.F.);
#11037 = PLANE('',#11038);
#11038 = AXIS2_PLACEMENT_3D('',#11039,#11040,#11041);
#11039 = CARTESIAN_POINT('',(-0.428243103516,1.228243103516,1.2));
#11040 = DIRECTION('',(0.,0.,-1.));
#11041 = DIRECTION('',(1.110223024625E-16,-1.,0.));
#11042 = ( GEOMETRIC_REPRESENTATION_CONTEXT(3) 
GLOBAL_UNCERTAINTY_ASSIGNED_CONTEXT((#11046)) 
GLOBAL_UNIT_ASSIGNED_CONTEXT((#11043,#11044,#11045)) 
REPRESENTATION_CONTEXT('Context #1',
  '3D Context with UNIT and UNCERTAINTY') );
#11043 = ( LENGTH_UNIT() NAMED_UNIT(*) SI_UNIT(.MILLI.,.METRE.) );
#11044 = ( NAMED_UNIT(*) PLANE_ANGLE_UNIT() SI_UNIT($,.RADIAN.) );
#11045 = ( NAMED_UNIT(*) SI_UNIT($,.STERADIAN.) SOLID_ANGLE_UNIT() );
#11046 = UNCERTAINTY_MEASURE_WITH_UNIT(LENGTH_MEASURE(1.E-07),#11043,
  'distance_accuracy_value','confusion accuracy');
#11047 = CONTEXT_DEPENDENT_SHAPE_REPRESENTATION(#11048,#11050);
#11048 = ( REPRESENTATION_RELATIONSHIP('','',#9059,#10) 
REPRESENTATION_RELATIONSHIP_WITH_TRANSFORMATION(#11049) 
SHAPE_REPRESENTATION_RELATIONSHIP() );
#11049 = ITEM_DEFINED_TRANSFORMATION('','',#11,#47);
#11050 = PRODUCT_DEFINITION_SHAPE('Placement','Placement of an item',
  #11051);
#11051 = NEXT_ASSEMBLY_USAGE_OCCURRENCE('9','Q1','',#5,#9054,$);
#11052 = PRODUCT_RELATED_PRODUCT_CATEGORY('part',$,(#9056));
#11053 = CONTEXT_DEPENDENT_SHAPE_REPRESENTATION(#11054,#11056);
#11054 = ( REPRESENTATION_RELATIONSHIP('','',#2229,#10) 
REPRESENTATION_RELATIONSHIP_WITH_TRANSFORMATION(#11055) 
SHAPE_REPRESENTATION_RELATIONSHIP() );
#11055 = ITEM_DEFINED_TRANSFORMATION('','',#11,#51);
#11056 = PRODUCT_DEFINITION_SHAPE('Placement','Placement of an item',
  #11057);
#11057 = NEXT_ASSEMBLY_USAGE_OCCURRENCE('10','R2','',#5,#2224,$);
#11058 = CONTEXT_DEPENDENT_SHAPE_REPRESENTATION(#11059,#11061);
#11059 = ( REPRESENTATION_RELATIONSHIP('','',#2229,#10) 
REPRESENTATION_RELATIONSHIP_WITH_TRANSFORMATION(#11060) 
SHAPE_REPRESENTATION_RELATIONSHIP() );
#11060 = ITEM_DEFINED_TRANSFORMATION('','',#11,#55);
#11061 = PRODUCT_DEFINITION_SHAPE('Placement','Placement of an item',
  #11062);
#11062 = NEXT_ASSEMBLY_USAGE_OCCURRENCE('11','R1','',#5,#2224,$);
#11063 = CONTEXT_DEPENDENT_SHAPE_REPRESENTATION(#11064,#11066);
#11064 = ( REPRESENTATION_RELATIONSHIP('','',#2229,#10) 
REPRESENTATION_RELATIONSHIP_WITH_TRANSFORMATION(#11065) 
SHAPE_REPRESENTATION_RELATIONSHIP() );
#11065 = ITEM_DEFINED_TRANSFORMATION('','',#11,#59);
#11066 = PRODUCT_DEFINITION_SHAPE('Placement','Placement of an item',
  #11067);
#11067 = NEXT_ASSEMBLY_USAGE_OCCURRENCE('12','R6','',#5,#2224,$);
#11068 = CONTEXT_DEPENDENT_SHAPE_REPRESENTATION(#11069,#11071);
#11069 = ( REPRESENTATION_RELATIONSHIP('','',#2229,#10) 
REPRESENTATION_RELATIONSHIP_WITH_TRANSFORMATION(#11070) 
SHAPE_REPRESENTATION_RELATIONSHIP() );
#11070 = ITEM_DEFINED_TRANSFORMATION('','',#11,#63);
#11071 = PRODUCT_DEFINITION_SHAPE('Placement','Placement of an item',
  #11072);
#11072 = NEXT_ASSEMBLY_USAGE_OCCURRENCE('13','R5','',#5,#2224,$);
#11073 = CONTEXT_DEPENDENT_SHAPE_REPRESENTATION(#11074,#11076);
#11074 = ( REPRESENTATION_RELATIONSHIP('','',#2229,#10) 
REPRESENTATION_RELATIONSHIP_WITH_TRANSFORMATION(#11075) 
SHAPE_REPRESENTATION_RELATIONSHIP() );
#11075 = ITEM_DEFINED_TRANSFORMATION('','',#11,#67);
#11076 = PRODUCT_DEFINITION_SHAPE('Placement','Placement of an item',
  #11077);
#11077 = NEXT_ASSEMBLY_USAGE_OCCURRENCE('14','R10','',#5,#2224,$);
#11078 = CONTEXT_DEPENDENT_SHAPE_REPRESENTATION(#11079,#11081);
#11079 = ( REPRESENTATION_RELATIONSHIP('','',#2229,#10) 
REPRESENTATION_RELATIONSHIP_WITH_TRANSFORMATION(#11080) 
SHAPE_REPRESENTATION_RELATIONSHIP() );
#11080 = ITEM_DEFINED_TRANSFORMATION('','',#11,#71);
#11081 = PRODUCT_DEFINITION_SHAPE('Placement','Placement of an item',
  #11082);
#11082 = NEXT_ASSEMBLY_USAGE_OCCURRENCE('15','R8','',#5,#2224,$);
#11083 = CONTEXT_DEPENDENT_SHAPE_REPRESENTATION(#11084,#11086);
#11084 = ( REPRESENTATION_RELATIONSHIP('','',#7675,#10) 
REPRESENTATION_RELATIONSHIP_WITH_TRANSFORMATION(#11085) 
SHAPE_REPRESENTATION_RELATIONSHIP() );
#11085 = ITEM_DEFINED_TRANSFORMATION('','',#11,#75);
#11086 = PRODUCT_DEFINITION_SHAPE('Placement','Placement of an item',
  #11087);
#11087 = NEXT_ASSEMBLY_USAGE_OCCURRENCE('16','C3','',#5,#7670,$);
#11088 = SHAPE_DEFINITION_REPRESENTATION(#11089,#11095);
#11089 = PRODUCT_DEFINITION_SHAPE('','',#11090);
#11090 = PRODUCT_DEFINITION('design','',#11091,#11094);
#11091 = PRODUCT_DEFINITION_FORMATION('','',#11092);
#11092 = PRODUCT('Molex_KK-254_AE-6410-02A_1x02_P2.54mm_Vertical',
  'Molex_KK-254_AE-6410-02A_1x02_P2.54mm_Vertical','',(#11093));
#11093 = PRODUCT_CONTEXT('',#2,'mechanical');
#11094 = PRODUCT_DEFINITION_CONTEXT('part definition',#2,'design');
#11095 = ADVANCED_BREP_SHAPE_REPRESENTATION('',(#11,#11096),#12963);
#11096 = MANIFOLD_SOLID_BREP('',#11097);
#11097 = CLOSED_SHELL('',(#11098,#11138,#11281,#11305,#11345,#11362,
    #11393,#11417,#11475,#11499,#11557,#11581,#11639,#11663,#11687,
    #11711,#11860,#11911,#11962,#11979,#11996,#12016,#12047,#12071,
    #12095,#12112,#12134,#12151,#12168,#12180,#12211,#12235,#12259,
    #12276,#12293,#12324,#12348,#12372,#12389,#12420,#12444,#12468,
    #12485,#12502,#12519,#12531,#12562,#12586,#12610,#12627,#12658,
    #12682,#12706,#12723,#12754,#12778,#12802,#12819,#12850,#12874,
    #12898,#12915,#12927,#12939,#12951));
#11098 = ADVANCED_FACE('',(#11099),#11133,.T.);
#11099 = FACE_BOUND('',#11100,.T.);
#11100 = EDGE_LOOP('',(#11101,#11111,#11119,#11127));
#11101 = ORIENTED_EDGE('',*,*,#11102,.T.);
#11102 = EDGE_CURVE('',#11103,#11105,#11107,.T.);
#11103 = VERTEX_POINT('',#11104);
#11104 = CARTESIAN_POINT('',(0.3,-2.9,11.7));
#11105 = VERTEX_POINT('',#11106);
#11106 = CARTESIAN_POINT('',(2.24,-2.9,11.7));
#11107 = LINE('',#11108,#11109);
#11108 = CARTESIAN_POINT('',(1.27,-2.9,11.7));
#11109 = VECTOR('',#11110,1.);
#11110 = DIRECTION('',(1.,0.,0.));
#11111 = ORIENTED_EDGE('',*,*,#11112,.T.);
#11112 = EDGE_CURVE('',#11105,#11113,#11115,.T.);
#11113 = VERTEX_POINT('',#11114);
#11114 = CARTESIAN_POINT('',(2.24,-1.9,11.7));
#11115 = LINE('',#11116,#11117);
#11116 = CARTESIAN_POINT('',(2.24,-2.9,11.7));
#11117 = VECTOR('',#11118,1.);
#11118 = DIRECTION('',(0.,1.,0.));
#11119 = ORIENTED_EDGE('',*,*,#11120,.F.);
#11120 = EDGE_CURVE('',#11121,#11113,#11123,.T.);
#11121 = VERTEX_POINT('',#11122);
#11122 = CARTESIAN_POINT('',(0.3,-1.9,11.7));
#11123 = LINE('',#11124,#11125);
#11124 = CARTESIAN_POINT('',(1.27,-1.9,11.7));
#11125 = VECTOR('',#11126,1.);
#11126 = DIRECTION('',(1.,0.,0.));
#11127 = ORIENTED_EDGE('',*,*,#11128,.F.);
#11128 = EDGE_CURVE('',#11103,#11121,#11129,.T.);
#11129 = LINE('',#11130,#11131);
#11130 = CARTESIAN_POINT('',(0.3,-2.9,11.7));
#11131 = VECTOR('',#11132,1.);
#11132 = DIRECTION('',(0.,1.,0.));
#11133 = PLANE('',#11134);
#11134 = AXIS2_PLACEMENT_3D('',#11135,#11136,#11137);
#11135 = CARTESIAN_POINT('',(1.27,-2.4,11.7));
#11136 = DIRECTION('',(-2.659933359858E-32,3.219840429474E-30,1.));
#11137 = DIRECTION('',(0.,1.,-3.219840429474E-30));
#11138 = ADVANCED_FACE('',(#11139),#11276,.T.);
#11139 = FACE_BOUND('',#11140,.T.);
#11140 = EDGE_LOOP('',(#11141,#11151,#11159,#11167,#11175,#11183,#11191,
    #11199,#11207,#11215,#11223,#11231,#11239,#11245,#11246,#11254,
    #11262,#11270));
#11141 = ORIENTED_EDGE('',*,*,#11142,.T.);
#11142 = EDGE_CURVE('',#11143,#11145,#11147,.T.);
#11143 = VERTEX_POINT('',#11144);
#11144 = CARTESIAN_POINT('',(-1.27,-2.9,0.));
#11145 = VERTEX_POINT('',#11146);
#11146 = CARTESIAN_POINT('',(-0.75,-2.9,0.));
#11147 = LINE('',#11148,#11149);
#11148 = CARTESIAN_POINT('',(-1.27,-2.9,0.));
#11149 = VECTOR('',#11150,1.);
#11150 = DIRECTION('',(1.,0.,0.));
#11151 = ORIENTED_EDGE('',*,*,#11152,.T.);
#11152 = EDGE_CURVE('',#11145,#11153,#11155,.T.);
#11153 = VERTEX_POINT('',#11154);
#11154 = CARTESIAN_POINT('',(-0.75,-2.9,0.6));
#11155 = LINE('',#11156,#11157);
#11156 = CARTESIAN_POINT('',(-0.75,-2.9,0.));
#11157 = VECTOR('',#11158,1.);
#11158 = DIRECTION('',(0.,0.,1.));
#11159 = ORIENTED_EDGE('',*,*,#11160,.F.);
#11160 = EDGE_CURVE('',#11161,#11153,#11163,.T.);
#11161 = VERTEX_POINT('',#11162);
#11162 = CARTESIAN_POINT('',(0.75,-2.9,0.6));
#11163 = LINE('',#11164,#11165);
#11164 = CARTESIAN_POINT('',(0.75,-2.9,0.6));
#11165 = VECTOR('',#11166,1.);
#11166 = DIRECTION('',(-1.,0.,0.));
#11167 = ORIENTED_EDGE('',*,*,#11168,.F.);
#11168 = EDGE_CURVE('',#11169,#11161,#11171,.T.);
#11169 = VERTEX_POINT('',#11170);
#11170 = CARTESIAN_POINT('',(0.75,-2.9,0.));
#11171 = LINE('',#11172,#11173);
#11172 = CARTESIAN_POINT('',(0.75,-2.9,0.));
#11173 = VECTOR('',#11174,1.);
#11174 = DIRECTION('',(0.,0.,1.));
#11175 = ORIENTED_EDGE('',*,*,#11176,.T.);
#11176 = EDGE_CURVE('',#11169,#11177,#11179,.T.);
#11177 = VERTEX_POINT('',#11178);
#11178 = CARTESIAN_POINT('',(1.79,-2.9,0.));
#11179 = LINE('',#11180,#11181);
#11180 = CARTESIAN_POINT('',(-1.27,-2.9,0.));
#11181 = VECTOR('',#11182,1.);
#11182 = DIRECTION('',(1.,0.,0.));
#11183 = ORIENTED_EDGE('',*,*,#11184,.T.);
#11184 = EDGE_CURVE('',#11177,#11185,#11187,.T.);
#11185 = VERTEX_POINT('',#11186);
#11186 = CARTESIAN_POINT('',(1.79,-2.9,0.6));
#11187 = LINE('',#11188,#11189);
#11188 = CARTESIAN_POINT('',(1.79,-2.9,0.));
#11189 = VECTOR('',#11190,1.);
#11190 = DIRECTION('',(0.,0.,1.));
#11191 = ORIENTED_EDGE('',*,*,#11192,.F.);
#11192 = EDGE_CURVE('',#11193,#11185,#11195,.T.);
#11193 = VERTEX_POINT('',#11194);
#11194 = CARTESIAN_POINT('',(3.29,-2.9,0.6));
#11195 = LINE('',#11196,#11197);
#11196 = CARTESIAN_POINT('',(3.29,-2.9,0.6));
#11197 = VECTOR('',#11198,1.);
#11198 = DIRECTION('',(-1.,0.,0.));
#11199 = ORIENTED_EDGE('',*,*,#11200,.F.);
#11200 = EDGE_CURVE('',#11201,#11193,#11203,.T.);
#11201 = VERTEX_POINT('',#11202);
#11202 = CARTESIAN_POINT('',(3.29,-2.9,0.));
#11203 = LINE('',#11204,#11205);
#11204 = CARTESIAN_POINT('',(3.29,-2.9,0.));
#11205 = VECTOR('',#11206,1.);
#11206 = DIRECTION('',(0.,0.,1.));
#11207 = ORIENTED_EDGE('',*,*,#11208,.T.);
#11208 = EDGE_CURVE('',#11201,#11209,#11211,.T.);
#11209 = VERTEX_POINT('',#11210);
#11210 = CARTESIAN_POINT('',(3.81,-2.9,0.));
#11211 = LINE('',#11212,#11213);
#11212 = CARTESIAN_POINT('',(-1.27,-2.9,0.));
#11213 = VECTOR('',#11214,1.);
#11214 = DIRECTION('',(1.,0.,0.));
#11215 = ORIENTED_EDGE('',*,*,#11216,.T.);
#11216 = EDGE_CURVE('',#11209,#11217,#11219,.T.);
#11217 = VERTEX_POINT('',#11218);
#11218 = CARTESIAN_POINT('',(3.81,-2.9,3.17));
#11219 = LINE('',#11220,#11221);
#11220 = CARTESIAN_POINT('',(3.81,-2.9,0.));
#11221 = VECTOR('',#11222,1.);
#11222 = DIRECTION('',(0.,0.,1.));
#11223 = ORIENTED_EDGE('',*,*,#11224,.F.);
#11224 = EDGE_CURVE('',#11225,#11217,#11227,.T.);
#11225 = VERTEX_POINT('',#11226);
#11226 = CARTESIAN_POINT('',(2.54,-2.9,3.17));
#11227 = LINE('',#11228,#11229);
#11228 = CARTESIAN_POINT('',(-1.27,-2.9,3.17));
#11229 = VECTOR('',#11230,1.);
#11230 = DIRECTION('',(1.,0.,0.));
#11231 = ORIENTED_EDGE('',*,*,#11232,.T.);
#11232 = EDGE_CURVE('',#11225,#11233,#11235,.T.);
#11233 = VERTEX_POINT('',#11234);
#11234 = CARTESIAN_POINT('',(2.54,-2.9,11.));
#11235 = LINE('',#11236,#11237);
#11236 = CARTESIAN_POINT('',(2.54,-2.9,3.17));
#11237 = VECTOR('',#11238,1.);
#11238 = DIRECTION('',(0.,0.,1.));
#11239 = ORIENTED_EDGE('',*,*,#11240,.F.);
#11240 = EDGE_CURVE('',#11105,#11233,#11241,.T.);
#11241 = LINE('',#11242,#11243);
#11242 = CARTESIAN_POINT('',(3.783965517241,-2.9,8.097413793103));
#11243 = VECTOR('',#11244,1.);
#11244 = DIRECTION('',(0.393919298579,0.,-0.919145030018));
#11245 = ORIENTED_EDGE('',*,*,#11102,.F.);
#11246 = ORIENTED_EDGE('',*,*,#11247,.T.);
#11247 = EDGE_CURVE('',#11103,#11248,#11250,.T.);
#11248 = VERTEX_POINT('',#11249);
#11249 = CARTESIAN_POINT('',(0.,-2.9,11.));
#11250 = LINE('',#11251,#11252);
#11251 = CARTESIAN_POINT('',(-1.243965517241,-2.9,8.097413793103));
#11252 = VECTOR('',#11253,1.);
#11253 = DIRECTION('',(-0.393919298579,-0.,-0.919145030018));
#11254 = ORIENTED_EDGE('',*,*,#11255,.F.);
#11255 = EDGE_CURVE('',#11256,#11248,#11258,.T.);
#11256 = VERTEX_POINT('',#11257);
#11257 = CARTESIAN_POINT('',(0.,-2.9,3.17));
#11258 = LINE('',#11259,#11260);
#11259 = CARTESIAN_POINT('',(0.,-2.9,3.17));
#11260 = VECTOR('',#11261,1.);
#11261 = DIRECTION('',(0.,0.,1.));
#11262 = ORIENTED_EDGE('',*,*,#11263,.F.);
#11263 = EDGE_CURVE('',#11264,#11256,#11266,.T.);
#11264 = VERTEX_POINT('',#11265);
#11265 = CARTESIAN_POINT('',(-1.27,-2.9,3.17));
#11266 = LINE('',#11267,#11268);
#11267 = CARTESIAN_POINT('',(-1.27,-2.9,3.17));
#11268 = VECTOR('',#11269,1.);
#11269 = DIRECTION('',(1.,0.,0.));
#11270 = ORIENTED_EDGE('',*,*,#11271,.F.);
#11271 = EDGE_CURVE('',#11143,#11264,#11272,.T.);
#11272 = LINE('',#11273,#11274);
#11273 = CARTESIAN_POINT('',(-1.27,-2.9,0.));
#11274 = VECTOR('',#11275,1.);
#11275 = DIRECTION('',(0.,0.,1.));
#11276 = PLANE('',#11277);
#11277 = AXIS2_PLACEMENT_3D('',#11278,#11279,#11280);
#11278 = CARTESIAN_POINT('',(1.27,-2.9,4.834902837189));
#11279 = DIRECTION('',(-0.,-1.,-0.));
#11280 = DIRECTION('',(0.,0.,-1.));
#11281 = ADVANCED_FACE('',(#11282),#11300,.F.);
#11282 = FACE_BOUND('',#11283,.F.);
#11283 = EDGE_LOOP('',(#11284,#11285,#11286,#11294));
#11284 = ORIENTED_EDGE('',*,*,#11240,.F.);
#11285 = ORIENTED_EDGE('',*,*,#11112,.T.);
#11286 = ORIENTED_EDGE('',*,*,#11287,.T.);
#11287 = EDGE_CURVE('',#11113,#11288,#11290,.T.);
#11288 = VERTEX_POINT('',#11289);
#11289 = CARTESIAN_POINT('',(2.54,-1.9,11.));
#11290 = LINE('',#11291,#11292);
#11291 = CARTESIAN_POINT('',(2.23974137931,-1.9,11.700603448276));
#11292 = VECTOR('',#11293,1.);
#11293 = DIRECTION('',(0.393919298579,0.,-0.919145030018));
#11294 = ORIENTED_EDGE('',*,*,#11295,.F.);
#11295 = EDGE_CURVE('',#11233,#11288,#11296,.T.);
#11296 = LINE('',#11297,#11298);
#11297 = CARTESIAN_POINT('',(2.54,-2.9,11.));
#11298 = VECTOR('',#11299,1.);
#11299 = DIRECTION('',(0.,1.,0.));
#11300 = PLANE('',#11301);
#11301 = AXIS2_PLACEMENT_3D('',#11302,#11303,#11304);
#11302 = CARTESIAN_POINT('',(2.39,-2.9,11.35));
#11303 = DIRECTION('',(-0.919145030018,3.479493801245E-18,
    -0.393919298579));
#11304 = DIRECTION('',(3.198159434393E-18,1.,1.370639757597E-18));
#11305 = ADVANCED_FACE('',(#11306),#11340,.T.);
#11306 = FACE_BOUND('',#11307,.T.);
#11307 = EDGE_LOOP('',(#11308,#11309,#11310,#11318,#11326,#11334));
#11308 = ORIENTED_EDGE('',*,*,#11120,.T.);
#11309 = ORIENTED_EDGE('',*,*,#11287,.T.);
#11310 = ORIENTED_EDGE('',*,*,#11311,.T.);
#11311 = EDGE_CURVE('',#11288,#11312,#11314,.T.);
#11312 = VERTEX_POINT('',#11313);
#11313 = CARTESIAN_POINT('',(2.54,-1.9,7.9));
#11314 = LINE('',#11315,#11316);
#11315 = CARTESIAN_POINT('',(2.54,-1.9,11.7));
#11316 = VECTOR('',#11317,1.);
#11317 = DIRECTION('',(0.,0.,-1.));
#11318 = ORIENTED_EDGE('',*,*,#11319,.F.);
#11319 = EDGE_CURVE('',#11320,#11312,#11322,.T.);
#11320 = VERTEX_POINT('',#11321);
#11321 = CARTESIAN_POINT('',(0.,-1.9,7.9));
#11322 = LINE('',#11323,#11324);
#11323 = CARTESIAN_POINT('',(1.27,-1.9,7.9));
#11324 = VECTOR('',#11325,1.);
#11325 = DIRECTION('',(1.,0.,0.));
#11326 = ORIENTED_EDGE('',*,*,#11327,.F.);
#11327 = EDGE_CURVE('',#11328,#11320,#11330,.T.);
#11328 = VERTEX_POINT('',#11329);
#11329 = CARTESIAN_POINT('',(0.,-1.9,11.));
#11330 = LINE('',#11331,#11332);
#11331 = CARTESIAN_POINT('',(0.,-1.9,11.7));
#11332 = VECTOR('',#11333,1.);
#11333 = DIRECTION('',(-0.,-0.,-1.));
#11334 = ORIENTED_EDGE('',*,*,#11335,.F.);
#11335 = EDGE_CURVE('',#11121,#11328,#11336,.T.);
#11336 = LINE('',#11337,#11338);
#11337 = CARTESIAN_POINT('',(0.30025862069,-1.9,11.700603448276));
#11338 = VECTOR('',#11339,1.);
#11339 = DIRECTION('',(-0.393919298579,-0.,-0.919145030018));
#11340 = PLANE('',#11341);
#11341 = AXIS2_PLACEMENT_3D('',#11342,#11343,#11344);
#11342 = CARTESIAN_POINT('',(1.27,-1.9,9.722224181644));
#11343 = DIRECTION('',(2.563435716725E-33,1.,-7.298636045313E-32));
#11344 = DIRECTION('',(0.,7.298636045313E-32,1.));
#11345 = ADVANCED_FACE('',(#11346),#11357,.F.);
#11346 = FACE_BOUND('',#11347,.T.);
#11347 = EDGE_LOOP('',(#11348,#11349,#11350,#11351));
#11348 = ORIENTED_EDGE('',*,*,#11247,.F.);
#11349 = ORIENTED_EDGE('',*,*,#11128,.T.);
#11350 = ORIENTED_EDGE('',*,*,#11335,.T.);
#11351 = ORIENTED_EDGE('',*,*,#11352,.F.);
#11352 = EDGE_CURVE('',#11248,#11328,#11353,.T.);
#11353 = LINE('',#11354,#11355);
#11354 = CARTESIAN_POINT('',(0.,-2.9,11.));
#11355 = VECTOR('',#11356,1.);
#11356 = DIRECTION('',(0.,1.,0.));
#11357 = PLANE('',#11358);
#11358 = AXIS2_PLACEMENT_3D('',#11359,#11360,#11361);
#11359 = CARTESIAN_POINT('',(0.15,-2.9,11.35));
#11360 = DIRECTION('',(0.919145030018,3.479493801245E-18,-0.393919298579
    ));
#11361 = DIRECTION('',(3.198159434393E-18,-1.,-1.370639757597E-18));
#11362 = ADVANCED_FACE('',(#11363),#11388,.F.);
#11363 = FACE_BOUND('',#11364,.F.);
#11364 = EDGE_LOOP('',(#11365,#11373,#11374,#11382));
#11365 = ORIENTED_EDGE('',*,*,#11366,.T.);
#11366 = EDGE_CURVE('',#11367,#11143,#11369,.T.);
#11367 = VERTEX_POINT('',#11368);
#11368 = CARTESIAN_POINT('',(-1.27,2.9,0.));
#11369 = LINE('',#11370,#11371);
#11370 = CARTESIAN_POINT('',(-1.27,2.9,0.));
#11371 = VECTOR('',#11372,1.);
#11372 = DIRECTION('',(0.,-1.,0.));
#11373 = ORIENTED_EDGE('',*,*,#11142,.T.);
#11374 = ORIENTED_EDGE('',*,*,#11375,.T.);
#11375 = EDGE_CURVE('',#11145,#11376,#11378,.T.);
#11376 = VERTEX_POINT('',#11377);
#11377 = CARTESIAN_POINT('',(-0.75,2.9,0.));
#11378 = LINE('',#11379,#11380);
#11379 = CARTESIAN_POINT('',(-0.75,-2.9,0.));
#11380 = VECTOR('',#11381,1.);
#11381 = DIRECTION('',(0.,1.,0.));
#11382 = ORIENTED_EDGE('',*,*,#11383,.T.);
#11383 = EDGE_CURVE('',#11376,#11367,#11384,.T.);
#11384 = LINE('',#11385,#11386);
#11385 = CARTESIAN_POINT('',(3.81,2.9,0.));
#11386 = VECTOR('',#11387,1.);
#11387 = DIRECTION('',(-1.,0.,0.));
#11388 = PLANE('',#11389);
#11389 = AXIS2_PLACEMENT_3D('',#11390,#11391,#11392);
#11390 = CARTESIAN_POINT('',(1.27,0.,0.));
#11391 = DIRECTION('',(0.,0.,1.));
#11392 = DIRECTION('',(1.,0.,-0.));
#11393 = ADVANCED_FACE('',(#11394),#11412,.F.);
#11394 = FACE_BOUND('',#11395,.F.);
#11395 = EDGE_LOOP('',(#11396,#11397,#11405,#11411));
#11396 = ORIENTED_EDGE('',*,*,#11152,.T.);
#11397 = ORIENTED_EDGE('',*,*,#11398,.T.);
#11398 = EDGE_CURVE('',#11153,#11399,#11401,.T.);
#11399 = VERTEX_POINT('',#11400);
#11400 = CARTESIAN_POINT('',(-0.75,2.9,0.6));
#11401 = LINE('',#11402,#11403);
#11402 = CARTESIAN_POINT('',(-0.75,-2.9,0.6));
#11403 = VECTOR('',#11404,1.);
#11404 = DIRECTION('',(0.,1.,0.));
#11405 = ORIENTED_EDGE('',*,*,#11406,.F.);
#11406 = EDGE_CURVE('',#11376,#11399,#11407,.T.);
#11407 = LINE('',#11408,#11409);
#11408 = CARTESIAN_POINT('',(-0.75,2.9,0.));
#11409 = VECTOR('',#11410,1.);
#11410 = DIRECTION('',(0.,0.,1.));
#11411 = ORIENTED_EDGE('',*,*,#11375,.F.);
#11412 = PLANE('',#11413);
#11413 = AXIS2_PLACEMENT_3D('',#11414,#11415,#11416);
#11414 = CARTESIAN_POINT('',(-0.75,-2.9,0.));
#11415 = DIRECTION('',(-1.,0.,0.));
#11416 = DIRECTION('',(0.,1.,0.));
#11417 = ADVANCED_FACE('',(#11418,#11436),#11470,.T.);
#11418 = FACE_BOUND('',#11419,.T.);
#11419 = EDGE_LOOP('',(#11420,#11428,#11434,#11435));
#11420 = ORIENTED_EDGE('',*,*,#11421,.T.);
#11421 = EDGE_CURVE('',#11399,#11422,#11424,.T.);
#11422 = VERTEX_POINT('',#11423);
#11423 = CARTESIAN_POINT('',(0.75,2.9,0.6));
#11424 = LINE('',#11425,#11426);
#11425 = CARTESIAN_POINT('',(-0.75,2.9,0.6));
#11426 = VECTOR('',#11427,1.);
#11427 = DIRECTION('',(1.,0.,0.));
#11428 = ORIENTED_EDGE('',*,*,#11429,.T.);
#11429 = EDGE_CURVE('',#11422,#11161,#11430,.T.);
#11430 = LINE('',#11431,#11432);
#11431 = CARTESIAN_POINT('',(0.75,2.9,0.6));
#11432 = VECTOR('',#11433,1.);
#11433 = DIRECTION('',(0.,-1.,0.));
#11434 = ORIENTED_EDGE('',*,*,#11160,.T.);
#11435 = ORIENTED_EDGE('',*,*,#11398,.T.);
#11436 = FACE_BOUND('',#11437,.T.);
#11437 = EDGE_LOOP('',(#11438,#11448,#11456,#11464));
#11438 = ORIENTED_EDGE('',*,*,#11439,.T.);
#11439 = EDGE_CURVE('',#11440,#11442,#11444,.T.);
#11440 = VERTEX_POINT('',#11441);
#11441 = CARTESIAN_POINT('',(-0.32,0.32,0.6));
#11442 = VERTEX_POINT('',#11443);
#11443 = CARTESIAN_POINT('',(-0.32,-0.32,0.6));
#11444 = LINE('',#11445,#11446);
#11445 = CARTESIAN_POINT('',(-0.32,0.,0.6));
#11446 = VECTOR('',#11447,1.);
#11447 = DIRECTION('',(0.,-1.,0.));
#11448 = ORIENTED_EDGE('',*,*,#11449,.T.);
#11449 = EDGE_CURVE('',#11442,#11450,#11452,.T.);
#11450 = VERTEX_POINT('',#11451);
#11451 = CARTESIAN_POINT('',(0.32,-0.32,0.6));
#11452 = LINE('',#11453,#11454);
#11453 = CARTESIAN_POINT('',(-0.16,-0.32,0.6));
#11454 = VECTOR('',#11455,1.);
#11455 = DIRECTION('',(1.,0.,0.));
#11456 = ORIENTED_EDGE('',*,*,#11457,.F.);
#11457 = EDGE_CURVE('',#11458,#11450,#11460,.T.);
#11458 = VERTEX_POINT('',#11459);
#11459 = CARTESIAN_POINT('',(0.32,0.32,0.6));
#11460 = LINE('',#11461,#11462);
#11461 = CARTESIAN_POINT('',(0.32,0.,0.6));
#11462 = VECTOR('',#11463,1.);
#11463 = DIRECTION('',(0.,-1.,0.));
#11464 = ORIENTED_EDGE('',*,*,#11465,.T.);
#11465 = EDGE_CURVE('',#11458,#11440,#11466,.T.);
#11466 = LINE('',#11467,#11468);
#11467 = CARTESIAN_POINT('',(-0.16,0.32,0.6));
#11468 = VECTOR('',#11469,1.);
#11469 = DIRECTION('',(-1.,0.,0.));
#11470 = PLANE('',#11471);
#11471 = AXIS2_PLACEMENT_3D('',#11472,#11473,#11474);
#11472 = CARTESIAN_POINT('',(1.825024150069E-16,0.,0.6));
#11473 = DIRECTION('',(-0.,-0.,-1.));
#11474 = DIRECTION('',(-1.,0.,0.));
#11475 = ADVANCED_FACE('',(#11476),#11494,.F.);
#11476 = FACE_BOUND('',#11477,.F.);
#11477 = EDGE_LOOP('',(#11478,#11486,#11487,#11488));
#11478 = ORIENTED_EDGE('',*,*,#11479,.T.);
#11479 = EDGE_CURVE('',#11480,#11422,#11482,.T.);
#11480 = VERTEX_POINT('',#11481);
#11481 = CARTESIAN_POINT('',(0.75,2.9,0.));
#11482 = LINE('',#11483,#11484);
#11483 = CARTESIAN_POINT('',(0.75,2.9,0.));
#11484 = VECTOR('',#11485,1.);
#11485 = DIRECTION('',(0.,0.,1.));
#11486 = ORIENTED_EDGE('',*,*,#11429,.T.);
#11487 = ORIENTED_EDGE('',*,*,#11168,.F.);
#11488 = ORIENTED_EDGE('',*,*,#11489,.F.);
#11489 = EDGE_CURVE('',#11480,#11169,#11490,.T.);
#11490 = LINE('',#11491,#11492);
#11491 = CARTESIAN_POINT('',(0.75,2.9,0.));
#11492 = VECTOR('',#11493,1.);
#11493 = DIRECTION('',(0.,-1.,0.));
#11494 = PLANE('',#11495);
#11495 = AXIS2_PLACEMENT_3D('',#11496,#11497,#11498);
#11496 = CARTESIAN_POINT('',(0.75,2.9,0.));
#11497 = DIRECTION('',(1.,0.,0.));
#11498 = DIRECTION('',(0.,-1.,0.));
#11499 = ADVANCED_FACE('',(#11500,#11518),#11552,.F.);
#11500 = FACE_BOUND('',#11501,.F.);
#11501 = EDGE_LOOP('',(#11502,#11503,#11504,#11512));
#11502 = ORIENTED_EDGE('',*,*,#11489,.T.);
#11503 = ORIENTED_EDGE('',*,*,#11176,.T.);
#11504 = ORIENTED_EDGE('',*,*,#11505,.T.);
#11505 = EDGE_CURVE('',#11177,#11506,#11508,.T.);
#11506 = VERTEX_POINT('',#11507);
#11507 = CARTESIAN_POINT('',(1.79,2.9,0.));
#11508 = LINE('',#11509,#11510);
#11509 = CARTESIAN_POINT('',(1.79,-2.9,0.));
#11510 = VECTOR('',#11511,1.);
#11511 = DIRECTION('',(0.,1.,0.));
#11512 = ORIENTED_EDGE('',*,*,#11513,.T.);
#11513 = EDGE_CURVE('',#11506,#11480,#11514,.T.);
#11514 = LINE('',#11515,#11516);
#11515 = CARTESIAN_POINT('',(3.81,2.9,0.));
#11516 = VECTOR('',#11517,1.);
#11517 = DIRECTION('',(-1.,0.,0.));
#11518 = FACE_BOUND('',#11519,.F.);
#11519 = EDGE_LOOP('',(#11520,#11530,#11538,#11546));
#11520 = ORIENTED_EDGE('',*,*,#11521,.F.);
#11521 = EDGE_CURVE('',#11522,#11524,#11526,.T.);
#11522 = VERTEX_POINT('',#11523);
#11523 = CARTESIAN_POINT('',(0.97,0.6,0.));
#11524 = VERTEX_POINT('',#11525);
#11525 = CARTESIAN_POINT('',(0.97,-0.6,0.));
#11526 = LINE('',#11527,#11528);
#11527 = CARTESIAN_POINT('',(0.97,0.3,0.));
#11528 = VECTOR('',#11529,1.);
#11529 = DIRECTION('',(0.,-1.,0.));
#11530 = ORIENTED_EDGE('',*,*,#11531,.F.);
#11531 = EDGE_CURVE('',#11532,#11522,#11534,.T.);
#11532 = VERTEX_POINT('',#11533);
#11533 = CARTESIAN_POINT('',(1.57,0.6,0.));
#11534 = LINE('',#11535,#11536);
#11535 = CARTESIAN_POINT('',(1.42,0.6,0.));
#11536 = VECTOR('',#11537,1.);
#11537 = DIRECTION('',(-1.,0.,0.));
#11538 = ORIENTED_EDGE('',*,*,#11539,.F.);
#11539 = EDGE_CURVE('',#11540,#11532,#11542,.T.);
#11540 = VERTEX_POINT('',#11541);
#11541 = CARTESIAN_POINT('',(1.57,-0.6,0.));
#11542 = LINE('',#11543,#11544);
#11543 = CARTESIAN_POINT('',(1.57,-0.3,0.));
#11544 = VECTOR('',#11545,1.);
#11545 = DIRECTION('',(0.,1.,0.));
#11546 = ORIENTED_EDGE('',*,*,#11547,.F.);
#11547 = EDGE_CURVE('',#11524,#11540,#11548,.T.);
#11548 = LINE('',#11549,#11550);
#11549 = CARTESIAN_POINT('',(1.12,-0.6,0.));
#11550 = VECTOR('',#11551,1.);
#11551 = DIRECTION('',(1.,0.,0.));
#11552 = PLANE('',#11553);
#11553 = AXIS2_PLACEMENT_3D('',#11554,#11555,#11556);
#11554 = CARTESIAN_POINT('',(1.27,0.,0.));
#11555 = DIRECTION('',(0.,0.,1.));
#11556 = DIRECTION('',(1.,0.,-0.));
#11557 = ADVANCED_FACE('',(#11558),#11576,.F.);
#11558 = FACE_BOUND('',#11559,.F.);
#11559 = EDGE_LOOP('',(#11560,#11561,#11569,#11575));
#11560 = ORIENTED_EDGE('',*,*,#11184,.T.);
#11561 = ORIENTED_EDGE('',*,*,#11562,.T.);
#11562 = EDGE_CURVE('',#11185,#11563,#11565,.T.);
#11563 = VERTEX_POINT('',#11564);
#11564 = CARTESIAN_POINT('',(1.79,2.9,0.6));
#11565 = LINE('',#11566,#11567);
#11566 = CARTESIAN_POINT('',(1.79,-2.9,0.6));
#11567 = VECTOR('',#11568,1.);
#11568 = DIRECTION('',(0.,1.,0.));
#11569 = ORIENTED_EDGE('',*,*,#11570,.F.);
#11570 = EDGE_CURVE('',#11506,#11563,#11571,.T.);
#11571 = LINE('',#11572,#11573);
#11572 = CARTESIAN_POINT('',(1.79,2.9,0.));
#11573 = VECTOR('',#11574,1.);
#11574 = DIRECTION('',(0.,0.,1.));
#11575 = ORIENTED_EDGE('',*,*,#11505,.F.);
#11576 = PLANE('',#11577);
#11577 = AXIS2_PLACEMENT_3D('',#11578,#11579,#11580);
#11578 = CARTESIAN_POINT('',(1.79,-2.9,0.));
#11579 = DIRECTION('',(-1.,0.,0.));
#11580 = DIRECTION('',(0.,1.,0.));
#11581 = ADVANCED_FACE('',(#11582,#11600),#11634,.T.);
#11582 = FACE_BOUND('',#11583,.T.);
#11583 = EDGE_LOOP('',(#11584,#11592,#11598,#11599));
#11584 = ORIENTED_EDGE('',*,*,#11585,.T.);
#11585 = EDGE_CURVE('',#11563,#11586,#11588,.T.);
#11586 = VERTEX_POINT('',#11587);
#11587 = CARTESIAN_POINT('',(3.29,2.9,0.6));
#11588 = LINE('',#11589,#11590);
#11589 = CARTESIAN_POINT('',(1.79,2.9,0.6));
#11590 = VECTOR('',#11591,1.);
#11591 = DIRECTION('',(1.,0.,0.));
#11592 = ORIENTED_EDGE('',*,*,#11593,.T.);
#11593 = EDGE_CURVE('',#11586,#11193,#11594,.T.);
#11594 = LINE('',#11595,#11596);
#11595 = CARTESIAN_POINT('',(3.29,2.9,0.6));
#11596 = VECTOR('',#11597,1.);
#11597 = DIRECTION('',(0.,-1.,0.));
#11598 = ORIENTED_EDGE('',*,*,#11192,.T.);
#11599 = ORIENTED_EDGE('',*,*,#11562,.T.);
#11600 = FACE_BOUND('',#11601,.T.);
#11601 = EDGE_LOOP('',(#11602,#11612,#11620,#11628));
#11602 = ORIENTED_EDGE('',*,*,#11603,.F.);
#11603 = EDGE_CURVE('',#11604,#11606,#11608,.T.);
#11604 = VERTEX_POINT('',#11605);
#11605 = CARTESIAN_POINT('',(2.86,0.32,0.6));
#11606 = VERTEX_POINT('',#11607);
#11607 = CARTESIAN_POINT('',(2.86,-0.32,0.6));
#11608 = LINE('',#11609,#11610);
#11609 = CARTESIAN_POINT('',(2.86,0.,0.6));
#11610 = VECTOR('',#11611,1.);
#11611 = DIRECTION('',(0.,-1.,0.));
#11612 = ORIENTED_EDGE('',*,*,#11613,.T.);
#11613 = EDGE_CURVE('',#11604,#11614,#11616,.T.);
#11614 = VERTEX_POINT('',#11615);
#11615 = CARTESIAN_POINT('',(2.22,0.32,0.6));
#11616 = LINE('',#11617,#11618);
#11617 = CARTESIAN_POINT('',(2.38,0.32,0.6));
#11618 = VECTOR('',#11619,1.);
#11619 = DIRECTION('',(-1.,0.,0.));
#11620 = ORIENTED_EDGE('',*,*,#11621,.T.);
#11621 = EDGE_CURVE('',#11614,#11622,#11624,.T.);
#11622 = VERTEX_POINT('',#11623);
#11623 = CARTESIAN_POINT('',(2.22,-0.32,0.6));
#11624 = LINE('',#11625,#11626);
#11625 = CARTESIAN_POINT('',(2.22,0.,0.6));
#11626 = VECTOR('',#11627,1.);
#11627 = DIRECTION('',(0.,-1.,0.));
#11628 = ORIENTED_EDGE('',*,*,#11629,.T.);
#11629 = EDGE_CURVE('',#11622,#11606,#11630,.T.);
#11630 = LINE('',#11631,#11632);
#11631 = CARTESIAN_POINT('',(2.38,-0.32,0.6));
#11632 = VECTOR('',#11633,1.);
#11633 = DIRECTION('',(1.,0.,0.));
#11634 = PLANE('',#11635);
#11635 = AXIS2_PLACEMENT_3D('',#11636,#11637,#11638);
#11636 = CARTESIAN_POINT('',(2.54,0.,0.6));
#11637 = DIRECTION('',(-0.,-0.,-1.));
#11638 = DIRECTION('',(-1.,0.,0.));
#11639 = ADVANCED_FACE('',(#11640),#11658,.F.);
#11640 = FACE_BOUND('',#11641,.F.);
#11641 = EDGE_LOOP('',(#11642,#11650,#11651,#11652));
#11642 = ORIENTED_EDGE('',*,*,#11643,.T.);
#11643 = EDGE_CURVE('',#11644,#11586,#11646,.T.);
#11644 = VERTEX_POINT('',#11645);
#11645 = CARTESIAN_POINT('',(3.29,2.9,0.));
#11646 = LINE('',#11647,#11648);
#11647 = CARTESIAN_POINT('',(3.29,2.9,0.));
#11648 = VECTOR('',#11649,1.);
#11649 = DIRECTION('',(0.,0.,1.));
#11650 = ORIENTED_EDGE('',*,*,#11593,.T.);
#11651 = ORIENTED_EDGE('',*,*,#11200,.F.);
#11652 = ORIENTED_EDGE('',*,*,#11653,.F.);
#11653 = EDGE_CURVE('',#11644,#11201,#11654,.T.);
#11654 = LINE('',#11655,#11656);
#11655 = CARTESIAN_POINT('',(3.29,2.9,0.));
#11656 = VECTOR('',#11657,1.);
#11657 = DIRECTION('',(0.,-1.,0.));
#11658 = PLANE('',#11659);
#11659 = AXIS2_PLACEMENT_3D('',#11660,#11661,#11662);
#11660 = CARTESIAN_POINT('',(3.29,2.9,0.));
#11661 = DIRECTION('',(1.,0.,0.));
#11662 = DIRECTION('',(0.,-1.,0.));
#11663 = ADVANCED_FACE('',(#11664),#11682,.F.);
#11664 = FACE_BOUND('',#11665,.F.);
#11665 = EDGE_LOOP('',(#11666,#11667,#11668,#11676));
#11666 = ORIENTED_EDGE('',*,*,#11653,.T.);
#11667 = ORIENTED_EDGE('',*,*,#11208,.T.);
#11668 = ORIENTED_EDGE('',*,*,#11669,.T.);
#11669 = EDGE_CURVE('',#11209,#11670,#11672,.T.);
#11670 = VERTEX_POINT('',#11671);
#11671 = CARTESIAN_POINT('',(3.81,2.9,0.));
#11672 = LINE('',#11673,#11674);
#11673 = CARTESIAN_POINT('',(3.81,-2.9,0.));
#11674 = VECTOR('',#11675,1.);
#11675 = DIRECTION('',(0.,1.,0.));
#11676 = ORIENTED_EDGE('',*,*,#11677,.T.);
#11677 = EDGE_CURVE('',#11670,#11644,#11678,.T.);
#11678 = LINE('',#11679,#11680);
#11679 = CARTESIAN_POINT('',(3.81,2.9,0.));
#11680 = VECTOR('',#11681,1.);
#11681 = DIRECTION('',(-1.,0.,0.));
#11682 = PLANE('',#11683);
#11683 = AXIS2_PLACEMENT_3D('',#11684,#11685,#11686);
#11684 = CARTESIAN_POINT('',(1.27,0.,0.));
#11685 = DIRECTION('',(0.,0.,1.));
#11686 = DIRECTION('',(1.,0.,-0.));
#11687 = ADVANCED_FACE('',(#11688),#11706,.F.);
#11688 = FACE_BOUND('',#11689,.F.);
#11689 = EDGE_LOOP('',(#11690,#11691,#11699,#11705));
#11690 = ORIENTED_EDGE('',*,*,#11216,.T.);
#11691 = ORIENTED_EDGE('',*,*,#11692,.T.);
#11692 = EDGE_CURVE('',#11217,#11693,#11695,.T.);
#11693 = VERTEX_POINT('',#11694);
#11694 = CARTESIAN_POINT('',(3.81,2.9,3.17));
#11695 = LINE('',#11696,#11697);
#11696 = CARTESIAN_POINT('',(3.81,-2.9,3.17));
#11697 = VECTOR('',#11698,1.);
#11698 = DIRECTION('',(0.,1.,0.));
#11699 = ORIENTED_EDGE('',*,*,#11700,.F.);
#11700 = EDGE_CURVE('',#11670,#11693,#11701,.T.);
#11701 = LINE('',#11702,#11703);
#11702 = CARTESIAN_POINT('',(3.81,2.9,0.));
#11703 = VECTOR('',#11704,1.);
#11704 = DIRECTION('',(0.,0.,1.));
#11705 = ORIENTED_EDGE('',*,*,#11669,.F.);
#11706 = PLANE('',#11707);
#11707 = AXIS2_PLACEMENT_3D('',#11708,#11709,#11710);
#11708 = CARTESIAN_POINT('',(3.81,-2.9,0.));
#11709 = DIRECTION('',(-1.,0.,0.));
#11710 = DIRECTION('',(0.,1.,0.));
#11711 = ADVANCED_FACE('',(#11712,#11753,#11787,#11821),#11855,.T.);
#11712 = FACE_BOUND('',#11713,.T.);
#11713 = EDGE_LOOP('',(#11714,#11722,#11723,#11731,#11739,#11745,#11746,
    #11747));
#11714 = ORIENTED_EDGE('',*,*,#11715,.T.);
#11715 = EDGE_CURVE('',#11716,#11264,#11718,.T.);
#11716 = VERTEX_POINT('',#11717);
#11717 = CARTESIAN_POINT('',(-1.27,2.9,3.17));
#11718 = LINE('',#11719,#11720);
#11719 = CARTESIAN_POINT('',(-1.27,2.9,3.17));
#11720 = VECTOR('',#11721,1.);
#11721 = DIRECTION('',(0.,-1.,0.));
#11722 = ORIENTED_EDGE('',*,*,#11263,.T.);
#11723 = ORIENTED_EDGE('',*,*,#11724,.F.);
#11724 = EDGE_CURVE('',#11725,#11256,#11727,.T.);
#11725 = VERTEX_POINT('',#11726);
#11726 = CARTESIAN_POINT('',(0.,-1.3,3.17));
#11727 = LINE('',#11728,#11729);
#11728 = CARTESIAN_POINT('',(0.,-1.3,3.17));
#11729 = VECTOR('',#11730,1.);
#11730 = DIRECTION('',(-0.,-1.,-0.));
#11731 = ORIENTED_EDGE('',*,*,#11732,.F.);
#11732 = EDGE_CURVE('',#11733,#11725,#11735,.T.);
#11733 = VERTEX_POINT('',#11734);
#11734 = CARTESIAN_POINT('',(2.54,-1.3,3.17));
#11735 = LINE('',#11736,#11737);
#11736 = CARTESIAN_POINT('',(1.27,-1.3,3.17));
#11737 = VECTOR('',#11738,1.);
#11738 = DIRECTION('',(-1.,-0.,-0.));
#11739 = ORIENTED_EDGE('',*,*,#11740,.T.);
#11740 = EDGE_CURVE('',#11733,#11225,#11741,.T.);
#11741 = LINE('',#11742,#11743);
#11742 = CARTESIAN_POINT('',(2.54,-1.3,3.17));
#11743 = VECTOR('',#11744,1.);
#11744 = DIRECTION('',(0.,-1.,0.));
#11745 = ORIENTED_EDGE('',*,*,#11224,.T.);
#11746 = ORIENTED_EDGE('',*,*,#11692,.T.);
#11747 = ORIENTED_EDGE('',*,*,#11748,.T.);
#11748 = EDGE_CURVE('',#11693,#11716,#11749,.T.);
#11749 = LINE('',#11750,#11751);
#11750 = CARTESIAN_POINT('',(3.81,2.9,3.17));
#11751 = VECTOR('',#11752,1.);
#11752 = DIRECTION('',(-1.,0.,0.));
#11753 = FACE_BOUND('',#11754,.T.);
#11754 = EDGE_LOOP('',(#11755,#11765,#11773,#11781));
#11755 = ORIENTED_EDGE('',*,*,#11756,.F.);
#11756 = EDGE_CURVE('',#11757,#11759,#11761,.T.);
#11757 = VERTEX_POINT('',#11758);
#11758 = CARTESIAN_POINT('',(2.86,-0.32,3.17));
#11759 = VERTEX_POINT('',#11760);
#11760 = CARTESIAN_POINT('',(2.86,0.32,3.17));
#11761 = LINE('',#11762,#11763);
#11762 = CARTESIAN_POINT('',(2.86,0.,3.17));
#11763 = VECTOR('',#11764,1.);
#11764 = DIRECTION('',(0.,1.,0.));
#11765 = ORIENTED_EDGE('',*,*,#11766,.T.);
#11766 = EDGE_CURVE('',#11757,#11767,#11769,.T.);
#11767 = VERTEX_POINT('',#11768);
#11768 = CARTESIAN_POINT('',(2.22,-0.32,3.17));
#11769 = LINE('',#11770,#11771);
#11770 = CARTESIAN_POINT('',(1.745,-0.32,3.17));
#11771 = VECTOR('',#11772,1.);
#11772 = DIRECTION('',(-1.,0.,0.));
#11773 = ORIENTED_EDGE('',*,*,#11774,.T.);
#11774 = EDGE_CURVE('',#11767,#11775,#11777,.T.);
#11775 = VERTEX_POINT('',#11776);
#11776 = CARTESIAN_POINT('',(2.22,0.32,3.17));
#11777 = LINE('',#11778,#11779);
#11778 = CARTESIAN_POINT('',(2.22,0.,3.17));
#11779 = VECTOR('',#11780,1.);
#11780 = DIRECTION('',(0.,1.,0.));
#11781 = ORIENTED_EDGE('',*,*,#11782,.T.);
#11782 = EDGE_CURVE('',#11775,#11759,#11783,.T.);
#11783 = LINE('',#11784,#11785);
#11784 = CARTESIAN_POINT('',(1.745,0.32,3.17));
#11785 = VECTOR('',#11786,1.);
#11786 = DIRECTION('',(1.,0.,0.));
#11787 = FACE_BOUND('',#11788,.T.);
#11788 = EDGE_LOOP('',(#11789,#11799,#11807,#11815));
#11789 = ORIENTED_EDGE('',*,*,#11790,.F.);
#11790 = EDGE_CURVE('',#11791,#11793,#11795,.T.);
#11791 = VERTEX_POINT('',#11792);
#11792 = CARTESIAN_POINT('',(1.57,0.6,3.17));
#11793 = VERTEX_POINT('',#11794);
#11794 = CARTESIAN_POINT('',(0.97,0.6,3.17));
#11795 = LINE('',#11796,#11797);
#11796 = CARTESIAN_POINT('',(1.57,0.6,3.17));
#11797 = VECTOR('',#11798,1.);
#11798 = DIRECTION('',(-1.,0.,0.));
#11799 = ORIENTED_EDGE('',*,*,#11800,.F.);
#11800 = EDGE_CURVE('',#11801,#11791,#11803,.T.);
#11801 = VERTEX_POINT('',#11802);
#11802 = CARTESIAN_POINT('',(1.57,-0.6,3.17));
#11803 = LINE('',#11804,#11805);
#11804 = CARTESIAN_POINT('',(1.57,-0.6,3.17));
#11805 = VECTOR('',#11806,1.);
#11806 = DIRECTION('',(0.,1.,0.));
#11807 = ORIENTED_EDGE('',*,*,#11808,.F.);
#11808 = EDGE_CURVE('',#11809,#11801,#11811,.T.);
#11809 = VERTEX_POINT('',#11810);
#11810 = CARTESIAN_POINT('',(0.97,-0.6,3.17));
#11811 = LINE('',#11812,#11813);
#11812 = CARTESIAN_POINT('',(0.97,-0.6,3.17));
#11813 = VECTOR('',#11814,1.);
#11814 = DIRECTION('',(1.,0.,0.));
#11815 = ORIENTED_EDGE('',*,*,#11816,.F.);
#11816 = EDGE_CURVE('',#11793,#11809,#11817,.T.);
#11817 = LINE('',#11818,#11819);
#11818 = CARTESIAN_POINT('',(0.97,0.6,3.17));
#11819 = VECTOR('',#11820,1.);
#11820 = DIRECTION('',(0.,-1.,0.));
#11821 = FACE_BOUND('',#11822,.T.);
#11822 = EDGE_LOOP('',(#11823,#11833,#11841,#11849));
#11823 = ORIENTED_EDGE('',*,*,#11824,.F.);
#11824 = EDGE_CURVE('',#11825,#11827,#11829,.T.);
#11825 = VERTEX_POINT('',#11826);
#11826 = CARTESIAN_POINT('',(0.32,-0.32,3.17));
#11827 = VERTEX_POINT('',#11828);
#11828 = CARTESIAN_POINT('',(0.32,0.32,3.17));
#11829 = LINE('',#11830,#11831);
#11830 = CARTESIAN_POINT('',(0.32,0.,3.17));
#11831 = VECTOR('',#11832,1.);
#11832 = DIRECTION('',(0.,1.,0.));
#11833 = ORIENTED_EDGE('',*,*,#11834,.T.);
#11834 = EDGE_CURVE('',#11825,#11835,#11837,.T.);
#11835 = VERTEX_POINT('',#11836);
#11836 = CARTESIAN_POINT('',(-0.32,-0.32,3.17));
#11837 = LINE('',#11838,#11839);
#11838 = CARTESIAN_POINT('',(0.475,-0.32,3.17));
#11839 = VECTOR('',#11840,1.);
#11840 = DIRECTION('',(-1.,0.,0.));
#11841 = ORIENTED_EDGE('',*,*,#11842,.T.);
#11842 = EDGE_CURVE('',#11835,#11843,#11845,.T.);
#11843 = VERTEX_POINT('',#11844);
#11844 = CARTESIAN_POINT('',(-0.32,0.32,3.17));
#11845 = LINE('',#11846,#11847);
#11846 = CARTESIAN_POINT('',(-0.32,0.,3.17));
#11847 = VECTOR('',#11848,1.);
#11848 = DIRECTION('',(0.,1.,0.));
#11849 = ORIENTED_EDGE('',*,*,#11850,.T.);
#11850 = EDGE_CURVE('',#11843,#11827,#11851,.T.);
#11851 = LINE('',#11852,#11853);
#11852 = CARTESIAN_POINT('',(0.475,0.32,3.17));
#11853 = VECTOR('',#11854,1.);
#11854 = DIRECTION('',(1.,0.,0.));
#11855 = PLANE('',#11856);
#11856 = AXIS2_PLACEMENT_3D('',#11857,#11858,#11859);
#11857 = CARTESIAN_POINT('',(1.27,0.,3.17));
#11858 = DIRECTION('',(0.,0.,1.));
#11859 = DIRECTION('',(1.,0.,-0.));
#11860 = ADVANCED_FACE('',(#11861),#11906,.F.);
#11861 = FACE_BOUND('',#11862,.F.);
#11862 = EDGE_LOOP('',(#11863,#11864,#11865,#11866,#11874,#11882,#11890,
    #11898,#11905));
#11863 = ORIENTED_EDGE('',*,*,#11232,.T.);
#11864 = ORIENTED_EDGE('',*,*,#11295,.T.);
#11865 = ORIENTED_EDGE('',*,*,#11311,.T.);
#11866 = ORIENTED_EDGE('',*,*,#11867,.T.);
#11867 = EDGE_CURVE('',#11312,#11868,#11870,.T.);
#11868 = VERTEX_POINT('',#11869);
#11869 = CARTESIAN_POINT('',(2.54,-1.4,7.));
#11870 = LINE('',#11871,#11872);
#11871 = CARTESIAN_POINT('',(2.54,-1.9,7.9));
#11872 = VECTOR('',#11873,1.);
#11873 = DIRECTION('',(0.,0.485642931179,-0.874157276121));
#11874 = ORIENTED_EDGE('',*,*,#11875,.T.);
#11875 = EDGE_CURVE('',#11868,#11876,#11878,.T.);
#11876 = VERTEX_POINT('',#11877);
#11877 = CARTESIAN_POINT('',(2.54,-1.4,6.));
#11878 = LINE('',#11879,#11880);
#11879 = CARTESIAN_POINT('',(2.54,-1.4,7.));
#11880 = VECTOR('',#11881,1.);
#11881 = DIRECTION('',(0.,0.,-1.));
#11882 = ORIENTED_EDGE('',*,*,#11883,.T.);
#11883 = EDGE_CURVE('',#11876,#11884,#11886,.T.);
#11884 = VERTEX_POINT('',#11885);
#11885 = CARTESIAN_POINT('',(2.54,-1.9,5.5));
#11886 = LINE('',#11887,#11888);
#11887 = CARTESIAN_POINT('',(2.54,-1.4,6.));
#11888 = VECTOR('',#11889,1.);
#11889 = DIRECTION('',(0.,-0.707106781187,-0.707106781187));
#11890 = ORIENTED_EDGE('',*,*,#11891,.T.);
#11891 = EDGE_CURVE('',#11884,#11892,#11894,.T.);
#11892 = VERTEX_POINT('',#11893);
#11893 = CARTESIAN_POINT('',(2.54,-1.9,3.8));
#11894 = LINE('',#11895,#11896);
#11895 = CARTESIAN_POINT('',(2.54,-1.9,5.5));
#11896 = VECTOR('',#11897,1.);
#11897 = DIRECTION('',(0.,0.,-1.));
#11898 = ORIENTED_EDGE('',*,*,#11899,.T.);
#11899 = EDGE_CURVE('',#11892,#11733,#11900,.T.);
#11900 = CIRCLE('',#11901,0.601382070665);
#11901 = AXIS2_PLACEMENT_3D('',#11902,#11903,#11904);
#11902 = CARTESIAN_POINT('',(2.54,-1.299299254479,3.771381662401));
#11903 = DIRECTION('',(1.,0.,0.));
#11904 = DIRECTION('',(0.,-0.998867067749,4.758761359E-02));
#11905 = ORIENTED_EDGE('',*,*,#11740,.T.);
#11906 = PLANE('',#11907);
#11907 = AXIS2_PLACEMENT_3D('',#11908,#11909,#11910);
#11908 = CARTESIAN_POINT('',(2.54,-2.303583274757,7.224177570025));
#11909 = DIRECTION('',(-1.,-0.,-0.));
#11910 = DIRECTION('',(0.,0.,-1.));
#11911 = ADVANCED_FACE('',(#11912),#11957,.F.);
#11912 = FACE_BOUND('',#11913,.T.);
#11913 = EDGE_LOOP('',(#11914,#11915,#11916,#11917,#11925,#11933,#11941,
    #11949,#11956));
#11914 = ORIENTED_EDGE('',*,*,#11255,.T.);
#11915 = ORIENTED_EDGE('',*,*,#11352,.T.);
#11916 = ORIENTED_EDGE('',*,*,#11327,.T.);
#11917 = ORIENTED_EDGE('',*,*,#11918,.T.);
#11918 = EDGE_CURVE('',#11320,#11919,#11921,.T.);
#11919 = VERTEX_POINT('',#11920);
#11920 = CARTESIAN_POINT('',(0.,-1.4,7.));
#11921 = LINE('',#11922,#11923);
#11922 = CARTESIAN_POINT('',(0.,-1.9,7.9));
#11923 = VECTOR('',#11924,1.);
#11924 = DIRECTION('',(0.,0.485642931179,-0.874157276121));
#11925 = ORIENTED_EDGE('',*,*,#11926,.T.);
#11926 = EDGE_CURVE('',#11919,#11927,#11929,.T.);
#11927 = VERTEX_POINT('',#11928);
#11928 = CARTESIAN_POINT('',(0.,-1.4,6.));
#11929 = LINE('',#11930,#11931);
#11930 = CARTESIAN_POINT('',(0.,-1.4,7.));
#11931 = VECTOR('',#11932,1.);
#11932 = DIRECTION('',(-0.,-0.,-1.));
#11933 = ORIENTED_EDGE('',*,*,#11934,.T.);
#11934 = EDGE_CURVE('',#11927,#11935,#11937,.T.);
#11935 = VERTEX_POINT('',#11936);
#11936 = CARTESIAN_POINT('',(0.,-1.9,5.5));
#11937 = LINE('',#11938,#11939);
#11938 = CARTESIAN_POINT('',(0.,-1.4,6.));
#11939 = VECTOR('',#11940,1.);
#11940 = DIRECTION('',(-0.,-0.707106781187,-0.707106781187));
#11941 = ORIENTED_EDGE('',*,*,#11942,.T.);
#11942 = EDGE_CURVE('',#11935,#11943,#11945,.T.);
#11943 = VERTEX_POINT('',#11944);
#11944 = CARTESIAN_POINT('',(0.,-1.9,3.8));
#11945 = LINE('',#11946,#11947);
#11946 = CARTESIAN_POINT('',(0.,-1.9,5.5));
#11947 = VECTOR('',#11948,1.);
#11948 = DIRECTION('',(-0.,-0.,-1.));
#11949 = ORIENTED_EDGE('',*,*,#11950,.T.);
#11950 = EDGE_CURVE('',#11943,#11725,#11951,.T.);
#11951 = CIRCLE('',#11952,0.601382070665);
#11952 = AXIS2_PLACEMENT_3D('',#11953,#11954,#11955);
#11953 = CARTESIAN_POINT('',(0.,-1.299299254479,3.771381662401));
#11954 = DIRECTION('',(1.,0.,0.));
#11955 = DIRECTION('',(0.,-0.998867067749,4.758761359E-02));
#11956 = ORIENTED_EDGE('',*,*,#11724,.T.);
#11957 = PLANE('',#11958);
#11958 = AXIS2_PLACEMENT_3D('',#11959,#11960,#11961);
#11959 = CARTESIAN_POINT('',(0.,-2.303583274757,7.224177570025));
#11960 = DIRECTION('',(1.,0.,0.));
#11961 = DIRECTION('',(0.,0.,1.));
#11962 = ADVANCED_FACE('',(#11963),#11974,.F.);
#11963 = FACE_BOUND('',#11964,.F.);
#11964 = EDGE_LOOP('',(#11965,#11971,#11972,#11973));
#11965 = ORIENTED_EDGE('',*,*,#11966,.T.);
#11966 = EDGE_CURVE('',#11367,#11716,#11967,.T.);
#11967 = LINE('',#11968,#11969);
#11968 = CARTESIAN_POINT('',(-1.27,2.9,0.));
#11969 = VECTOR('',#11970,1.);
#11970 = DIRECTION('',(0.,0.,1.));
#11971 = ORIENTED_EDGE('',*,*,#11715,.T.);
#11972 = ORIENTED_EDGE('',*,*,#11271,.F.);
#11973 = ORIENTED_EDGE('',*,*,#11366,.F.);
#11974 = PLANE('',#11975);
#11975 = AXIS2_PLACEMENT_3D('',#11976,#11977,#11978);
#11976 = CARTESIAN_POINT('',(-1.27,2.9,0.));
#11977 = DIRECTION('',(1.,0.,0.));
#11978 = DIRECTION('',(0.,-1.,0.));
#11979 = ADVANCED_FACE('',(#11980),#11991,.T.);
#11980 = FACE_BOUND('',#11981,.T.);
#11981 = EDGE_LOOP('',(#11982,#11983,#11984,#11990));
#11982 = ORIENTED_EDGE('',*,*,#11319,.T.);
#11983 = ORIENTED_EDGE('',*,*,#11867,.T.);
#11984 = ORIENTED_EDGE('',*,*,#11985,.F.);
#11985 = EDGE_CURVE('',#11919,#11868,#11986,.T.);
#11986 = LINE('',#11987,#11988);
#11987 = CARTESIAN_POINT('',(1.27,-1.4,7.));
#11988 = VECTOR('',#11989,1.);
#11989 = DIRECTION('',(1.,0.,0.));
#11990 = ORIENTED_EDGE('',*,*,#11918,.F.);
#11991 = PLANE('',#11992);
#11992 = AXIS2_PLACEMENT_3D('',#11993,#11994,#11995);
#11993 = CARTESIAN_POINT('',(1.27,-1.65,7.45));
#11994 = DIRECTION('',(4.615494888525E-19,0.874157276121,0.485642931179)
  );
#11995 = DIRECTION('',(0.,-0.485642931179,0.874157276121));
#11996 = ADVANCED_FACE('',(#11997),#12011,.F.);
#11997 = FACE_BOUND('',#11998,.F.);
#11998 = EDGE_LOOP('',(#11999,#12000,#12001,#12002,#12003,#12004,#12005,
    #12006,#12007,#12008,#12009,#12010));
#11999 = ORIENTED_EDGE('',*,*,#11677,.F.);
#12000 = ORIENTED_EDGE('',*,*,#11700,.T.);
#12001 = ORIENTED_EDGE('',*,*,#11748,.T.);
#12002 = ORIENTED_EDGE('',*,*,#11966,.F.);
#12003 = ORIENTED_EDGE('',*,*,#11383,.F.);
#12004 = ORIENTED_EDGE('',*,*,#11406,.T.);
#12005 = ORIENTED_EDGE('',*,*,#11421,.T.);
#12006 = ORIENTED_EDGE('',*,*,#11479,.F.);
#12007 = ORIENTED_EDGE('',*,*,#11513,.F.);
#12008 = ORIENTED_EDGE('',*,*,#11570,.T.);
#12009 = ORIENTED_EDGE('',*,*,#11585,.T.);
#12010 = ORIENTED_EDGE('',*,*,#11643,.F.);
#12011 = PLANE('',#12012);
#12012 = AXIS2_PLACEMENT_3D('',#12013,#12014,#12015);
#12013 = CARTESIAN_POINT('',(3.81,2.9,0.));
#12014 = DIRECTION('',(0.,-1.,0.));
#12015 = DIRECTION('',(-1.,0.,0.));
#12016 = ADVANCED_FACE('',(#12017),#12042,.F.);
#12017 = FACE_BOUND('',#12018,.F.);
#12018 = EDGE_LOOP('',(#12019,#12029,#12035,#12036));
#12019 = ORIENTED_EDGE('',*,*,#12020,.T.);
#12020 = EDGE_CURVE('',#12021,#12023,#12025,.T.);
#12021 = VERTEX_POINT('',#12022);
#12022 = CARTESIAN_POINT('',(-0.32,-0.32,-3.31));
#12023 = VERTEX_POINT('',#12024);
#12024 = CARTESIAN_POINT('',(-0.32,0.32,-3.31));
#12025 = LINE('',#12026,#12027);
#12026 = CARTESIAN_POINT('',(-0.32,-0.32,-3.31));
#12027 = VECTOR('',#12028,1.);
#12028 = DIRECTION('',(0.,1.,0.));
#12029 = ORIENTED_EDGE('',*,*,#12030,.T.);
#12030 = EDGE_CURVE('',#12023,#11440,#12031,.T.);
#12031 = LINE('',#12032,#12033);
#12032 = CARTESIAN_POINT('',(-0.32,0.32,-3.56));
#12033 = VECTOR('',#12034,1.);
#12034 = DIRECTION('',(0.,0.,1.));
#12035 = ORIENTED_EDGE('',*,*,#11439,.T.);
#12036 = ORIENTED_EDGE('',*,*,#12037,.T.);
#12037 = EDGE_CURVE('',#11442,#12021,#12038,.T.);
#12038 = LINE('',#12039,#12040);
#12039 = CARTESIAN_POINT('',(-0.32,-0.32,10.66));
#12040 = VECTOR('',#12041,1.);
#12041 = DIRECTION('',(0.,0.,-1.));
#12042 = PLANE('',#12043);
#12043 = AXIS2_PLACEMENT_3D('',#12044,#12045,#12046);
#12044 = CARTESIAN_POINT('',(-0.32,0.,3.55));
#12045 = DIRECTION('',(1.,0.,0.));
#12046 = DIRECTION('',(0.,0.,1.));
#12047 = ADVANCED_FACE('',(#12048),#12066,.F.);
#12048 = FACE_BOUND('',#12049,.F.);
#12049 = EDGE_LOOP('',(#12050,#12051,#12059,#12065));
#12050 = ORIENTED_EDGE('',*,*,#12030,.F.);
#12051 = ORIENTED_EDGE('',*,*,#12052,.T.);
#12052 = EDGE_CURVE('',#12023,#12053,#12055,.T.);
#12053 = VERTEX_POINT('',#12054);
#12054 = CARTESIAN_POINT('',(0.32,0.32,-3.31));
#12055 = LINE('',#12056,#12057);
#12056 = CARTESIAN_POINT('',(-7.E-02,0.32,-3.31));
#12057 = VECTOR('',#12058,1.);
#12058 = DIRECTION('',(1.,0.,0.));
#12059 = ORIENTED_EDGE('',*,*,#12060,.T.);
#12060 = EDGE_CURVE('',#12053,#11458,#12061,.T.);
#12061 = LINE('',#12062,#12063);
#12062 = CARTESIAN_POINT('',(0.32,0.32,-3.56));
#12063 = VECTOR('',#12064,1.);
#12064 = DIRECTION('',(0.,0.,1.));
#12065 = ORIENTED_EDGE('',*,*,#11465,.T.);
#12066 = PLANE('',#12067);
#12067 = AXIS2_PLACEMENT_3D('',#12068,#12069,#12070);
#12068 = CARTESIAN_POINT('',(-0.32,0.32,-3.56));
#12069 = DIRECTION('',(0.,-1.,0.));
#12070 = DIRECTION('',(0.,0.,1.));
#12071 = ADVANCED_FACE('',(#12072),#12090,.T.);
#12072 = FACE_BOUND('',#12073,.T.);
#12073 = EDGE_LOOP('',(#12074,#12082,#12083,#12084));
#12074 = ORIENTED_EDGE('',*,*,#12075,.T.);
#12075 = EDGE_CURVE('',#12076,#12053,#12078,.T.);
#12076 = VERTEX_POINT('',#12077);
#12077 = CARTESIAN_POINT('',(0.32,-0.32,-3.31));
#12078 = LINE('',#12079,#12080);
#12079 = CARTESIAN_POINT('',(0.32,-0.32,-3.31));
#12080 = VECTOR('',#12081,1.);
#12081 = DIRECTION('',(0.,1.,0.));
#12082 = ORIENTED_EDGE('',*,*,#12060,.T.);
#12083 = ORIENTED_EDGE('',*,*,#11457,.T.);
#12084 = ORIENTED_EDGE('',*,*,#12085,.T.);
#12085 = EDGE_CURVE('',#11450,#12076,#12086,.T.);
#12086 = LINE('',#12087,#12088);
#12087 = CARTESIAN_POINT('',(0.32,-0.32,10.66));
#12088 = VECTOR('',#12089,1.);
#12089 = DIRECTION('',(0.,0.,-1.));
#12090 = PLANE('',#12091);
#12091 = AXIS2_PLACEMENT_3D('',#12092,#12093,#12094);
#12092 = CARTESIAN_POINT('',(0.32,0.,3.55));
#12093 = DIRECTION('',(1.,0.,0.));
#12094 = DIRECTION('',(0.,0.,1.));
#12095 = ADVANCED_FACE('',(#12096),#12107,.F.);
#12096 = FACE_BOUND('',#12097,.F.);
#12097 = EDGE_LOOP('',(#12098,#12104,#12105,#12106));
#12098 = ORIENTED_EDGE('',*,*,#12099,.F.);
#12099 = EDGE_CURVE('',#12021,#12076,#12100,.T.);
#12100 = LINE('',#12101,#12102);
#12101 = CARTESIAN_POINT('',(-7.E-02,-0.32,-3.31));
#12102 = VECTOR('',#12103,1.);
#12103 = DIRECTION('',(1.,0.,0.));
#12104 = ORIENTED_EDGE('',*,*,#12037,.F.);
#12105 = ORIENTED_EDGE('',*,*,#11449,.T.);
#12106 = ORIENTED_EDGE('',*,*,#12085,.T.);
#12107 = PLANE('',#12108);
#12108 = AXIS2_PLACEMENT_3D('',#12109,#12110,#12111);
#12109 = CARTESIAN_POINT('',(-0.32,-0.32,10.66));
#12110 = DIRECTION('',(0.,1.,0.));
#12111 = DIRECTION('',(0.,0.,-1.));
#12112 = ADVANCED_FACE('',(#12113),#12129,.F.);
#12113 = FACE_BOUND('',#12114,.F.);
#12114 = EDGE_LOOP('',(#12115,#12116,#12122,#12123));
#12115 = ORIENTED_EDGE('',*,*,#11816,.F.);
#12116 = ORIENTED_EDGE('',*,*,#12117,.T.);
#12117 = EDGE_CURVE('',#11793,#11522,#12118,.T.);
#12118 = LINE('',#12119,#12120);
#12119 = CARTESIAN_POINT('',(0.97,0.6,3.17));
#12120 = VECTOR('',#12121,1.);
#12121 = DIRECTION('',(-0.,-0.,-1.));
#12122 = ORIENTED_EDGE('',*,*,#11521,.T.);
#12123 = ORIENTED_EDGE('',*,*,#12124,.F.);
#12124 = EDGE_CURVE('',#11809,#11524,#12125,.T.);
#12125 = LINE('',#12126,#12127);
#12126 = CARTESIAN_POINT('',(0.97,-0.6,3.17));
#12127 = VECTOR('',#12128,1.);
#12128 = DIRECTION('',(-0.,-0.,-1.));
#12129 = PLANE('',#12130);
#12130 = AXIS2_PLACEMENT_3D('',#12131,#12132,#12133);
#12131 = CARTESIAN_POINT('',(0.97,0.6,3.17));
#12132 = DIRECTION('',(-1.,0.,0.));
#12133 = DIRECTION('',(0.,-1.,0.));
#12134 = ADVANCED_FACE('',(#12135),#12146,.F.);
#12135 = FACE_BOUND('',#12136,.F.);
#12136 = EDGE_LOOP('',(#12137,#12138,#12139,#12140));
#12137 = ORIENTED_EDGE('',*,*,#11808,.F.);
#12138 = ORIENTED_EDGE('',*,*,#12124,.T.);
#12139 = ORIENTED_EDGE('',*,*,#11547,.T.);
#12140 = ORIENTED_EDGE('',*,*,#12141,.F.);
#12141 = EDGE_CURVE('',#11801,#11540,#12142,.T.);
#12142 = LINE('',#12143,#12144);
#12143 = CARTESIAN_POINT('',(1.57,-0.6,3.17));
#12144 = VECTOR('',#12145,1.);
#12145 = DIRECTION('',(-0.,-0.,-1.));
#12146 = PLANE('',#12147);
#12147 = AXIS2_PLACEMENT_3D('',#12148,#12149,#12150);
#12148 = CARTESIAN_POINT('',(0.97,-0.6,3.17));
#12149 = DIRECTION('',(0.,-1.,0.));
#12150 = DIRECTION('',(1.,0.,0.));
#12151 = ADVANCED_FACE('',(#12152),#12163,.F.);
#12152 = FACE_BOUND('',#12153,.F.);
#12153 = EDGE_LOOP('',(#12154,#12155,#12156,#12157));
#12154 = ORIENTED_EDGE('',*,*,#11800,.F.);
#12155 = ORIENTED_EDGE('',*,*,#12141,.T.);
#12156 = ORIENTED_EDGE('',*,*,#11539,.T.);
#12157 = ORIENTED_EDGE('',*,*,#12158,.F.);
#12158 = EDGE_CURVE('',#11791,#11532,#12159,.T.);
#12159 = LINE('',#12160,#12161);
#12160 = CARTESIAN_POINT('',(1.57,0.6,3.17));
#12161 = VECTOR('',#12162,1.);
#12162 = DIRECTION('',(-0.,-0.,-1.));
#12163 = PLANE('',#12164);
#12164 = AXIS2_PLACEMENT_3D('',#12165,#12166,#12167);
#12165 = CARTESIAN_POINT('',(1.57,-0.6,3.17));
#12166 = DIRECTION('',(1.,0.,0.));
#12167 = DIRECTION('',(-0.,1.,0.));
#12168 = ADVANCED_FACE('',(#12169),#12175,.F.);
#12169 = FACE_BOUND('',#12170,.F.);
#12170 = EDGE_LOOP('',(#12171,#12172,#12173,#12174));
#12171 = ORIENTED_EDGE('',*,*,#11790,.F.);
#12172 = ORIENTED_EDGE('',*,*,#12158,.T.);
#12173 = ORIENTED_EDGE('',*,*,#11531,.T.);
#12174 = ORIENTED_EDGE('',*,*,#12117,.F.);
#12175 = PLANE('',#12176);
#12176 = AXIS2_PLACEMENT_3D('',#12177,#12178,#12179);
#12177 = CARTESIAN_POINT('',(1.57,0.6,3.17));
#12178 = DIRECTION('',(0.,1.,0.));
#12179 = DIRECTION('',(-1.,0.,0.));
#12180 = ADVANCED_FACE('',(#12181),#12206,.T.);
#12181 = FACE_BOUND('',#12182,.T.);
#12182 = EDGE_LOOP('',(#12183,#12193,#12199,#12200));
#12183 = ORIENTED_EDGE('',*,*,#12184,.T.);
#12184 = EDGE_CURVE('',#12185,#12187,#12189,.T.);
#12185 = VERTEX_POINT('',#12186);
#12186 = CARTESIAN_POINT('',(2.86,-0.32,-3.31));
#12187 = VERTEX_POINT('',#12188);
#12188 = CARTESIAN_POINT('',(2.86,0.32,-3.31));
#12189 = LINE('',#12190,#12191);
#12190 = CARTESIAN_POINT('',(2.86,-0.32,-3.31));
#12191 = VECTOR('',#12192,1.);
#12192 = DIRECTION('',(0.,1.,0.));
#12193 = ORIENTED_EDGE('',*,*,#12194,.T.);
#12194 = EDGE_CURVE('',#12187,#11604,#12195,.T.);
#12195 = LINE('',#12196,#12197);
#12196 = CARTESIAN_POINT('',(2.86,0.32,-3.56));
#12197 = VECTOR('',#12198,1.);
#12198 = DIRECTION('',(0.,0.,1.));
#12199 = ORIENTED_EDGE('',*,*,#11603,.T.);
#12200 = ORIENTED_EDGE('',*,*,#12201,.T.);
#12201 = EDGE_CURVE('',#11606,#12185,#12202,.T.);
#12202 = LINE('',#12203,#12204);
#12203 = CARTESIAN_POINT('',(2.86,-0.32,10.66));
#12204 = VECTOR('',#12205,1.);
#12205 = DIRECTION('',(0.,0.,-1.));
#12206 = PLANE('',#12207);
#12207 = AXIS2_PLACEMENT_3D('',#12208,#12209,#12210);
#12208 = CARTESIAN_POINT('',(2.86,0.,3.55));
#12209 = DIRECTION('',(1.,0.,0.));
#12210 = DIRECTION('',(0.,0.,1.));
#12211 = ADVANCED_FACE('',(#12212),#12230,.F.);
#12212 = FACE_BOUND('',#12213,.F.);
#12213 = EDGE_LOOP('',(#12214,#12222,#12228,#12229));
#12214 = ORIENTED_EDGE('',*,*,#12215,.F.);
#12215 = EDGE_CURVE('',#12216,#12185,#12218,.T.);
#12216 = VERTEX_POINT('',#12217);
#12217 = CARTESIAN_POINT('',(2.22,-0.32,-3.31));
#12218 = LINE('',#12219,#12220);
#12219 = CARTESIAN_POINT('',(2.47,-0.32,-3.31));
#12220 = VECTOR('',#12221,1.);
#12221 = DIRECTION('',(1.,0.,0.));
#12222 = ORIENTED_EDGE('',*,*,#12223,.F.);
#12223 = EDGE_CURVE('',#11622,#12216,#12224,.T.);
#12224 = LINE('',#12225,#12226);
#12225 = CARTESIAN_POINT('',(2.22,-0.32,10.66));
#12226 = VECTOR('',#12227,1.);
#12227 = DIRECTION('',(0.,0.,-1.));
#12228 = ORIENTED_EDGE('',*,*,#11629,.T.);
#12229 = ORIENTED_EDGE('',*,*,#12201,.T.);
#12230 = PLANE('',#12231);
#12231 = AXIS2_PLACEMENT_3D('',#12232,#12233,#12234);
#12232 = CARTESIAN_POINT('',(2.22,-0.32,10.66));
#12233 = DIRECTION('',(0.,1.,0.));
#12234 = DIRECTION('',(0.,0.,-1.));
#12235 = ADVANCED_FACE('',(#12236),#12254,.F.);
#12236 = FACE_BOUND('',#12237,.F.);
#12237 = EDGE_LOOP('',(#12238,#12246,#12252,#12253));
#12238 = ORIENTED_EDGE('',*,*,#12239,.T.);
#12239 = EDGE_CURVE('',#12216,#12240,#12242,.T.);
#12240 = VERTEX_POINT('',#12241);
#12241 = CARTESIAN_POINT('',(2.22,0.32,-3.31));
#12242 = LINE('',#12243,#12244);
#12243 = CARTESIAN_POINT('',(2.22,-0.32,-3.31));
#12244 = VECTOR('',#12245,1.);
#12245 = DIRECTION('',(0.,1.,0.));
#12246 = ORIENTED_EDGE('',*,*,#12247,.T.);
#12247 = EDGE_CURVE('',#12240,#11614,#12248,.T.);
#12248 = LINE('',#12249,#12250);
#12249 = CARTESIAN_POINT('',(2.22,0.32,-3.56));
#12250 = VECTOR('',#12251,1.);
#12251 = DIRECTION('',(0.,0.,1.));
#12252 = ORIENTED_EDGE('',*,*,#11621,.T.);
#12253 = ORIENTED_EDGE('',*,*,#12223,.T.);
#12254 = PLANE('',#12255);
#12255 = AXIS2_PLACEMENT_3D('',#12256,#12257,#12258);
#12256 = CARTESIAN_POINT('',(2.22,0.,3.55));
#12257 = DIRECTION('',(1.,0.,0.));
#12258 = DIRECTION('',(0.,0.,1.));
#12259 = ADVANCED_FACE('',(#12260),#12271,.F.);
#12260 = FACE_BOUND('',#12261,.F.);
#12261 = EDGE_LOOP('',(#12262,#12263,#12269,#12270));
#12262 = ORIENTED_EDGE('',*,*,#12247,.F.);
#12263 = ORIENTED_EDGE('',*,*,#12264,.T.);
#12264 = EDGE_CURVE('',#12240,#12187,#12265,.T.);
#12265 = LINE('',#12266,#12267);
#12266 = CARTESIAN_POINT('',(2.47,0.32,-3.31));
#12267 = VECTOR('',#12268,1.);
#12268 = DIRECTION('',(1.,0.,0.));
#12269 = ORIENTED_EDGE('',*,*,#12194,.T.);
#12270 = ORIENTED_EDGE('',*,*,#11613,.T.);
#12271 = PLANE('',#12272);
#12272 = AXIS2_PLACEMENT_3D('',#12273,#12274,#12275);
#12273 = CARTESIAN_POINT('',(2.22,0.32,-3.56));
#12274 = DIRECTION('',(0.,-1.,0.));
#12275 = DIRECTION('',(0.,0.,1.));
#12276 = ADVANCED_FACE('',(#12277),#12288,.F.);
#12277 = FACE_BOUND('',#12278,.F.);
#12278 = EDGE_LOOP('',(#12279,#12280,#12286,#12287));
#12279 = ORIENTED_EDGE('',*,*,#11899,.F.);
#12280 = ORIENTED_EDGE('',*,*,#12281,.F.);
#12281 = EDGE_CURVE('',#11943,#11892,#12282,.T.);
#12282 = LINE('',#12283,#12284);
#12283 = CARTESIAN_POINT('',(1.27,-1.9,3.8));
#12284 = VECTOR('',#12285,1.);
#12285 = DIRECTION('',(1.,0.,0.));
#12286 = ORIENTED_EDGE('',*,*,#11950,.T.);
#12287 = ORIENTED_EDGE('',*,*,#11732,.F.);
#12288 = CYLINDRICAL_SURFACE('',#12289,0.601382070665);
#12289 = AXIS2_PLACEMENT_3D('',#12290,#12291,#12292);
#12290 = CARTESIAN_POINT('',(1.27,-1.299299254479,3.771381662401));
#12291 = DIRECTION('',(-1.,-0.,-0.));
#12292 = DIRECTION('',(0.,-0.998867067749,4.758761359E-02));
#12293 = ADVANCED_FACE('',(#12294),#12319,.T.);
#12294 = FACE_BOUND('',#12295,.T.);
#12295 = EDGE_LOOP('',(#12296,#12297,#12305,#12313));
#12296 = ORIENTED_EDGE('',*,*,#11756,.T.);
#12297 = ORIENTED_EDGE('',*,*,#12298,.T.);
#12298 = EDGE_CURVE('',#11759,#12299,#12301,.T.);
#12299 = VERTEX_POINT('',#12300);
#12300 = CARTESIAN_POINT('',(2.86,0.32,10.41));
#12301 = LINE('',#12302,#12303);
#12302 = CARTESIAN_POINT('',(2.86,0.32,-3.56));
#12303 = VECTOR('',#12304,1.);
#12304 = DIRECTION('',(0.,0.,1.));
#12305 = ORIENTED_EDGE('',*,*,#12306,.T.);
#12306 = EDGE_CURVE('',#12299,#12307,#12309,.T.);
#12307 = VERTEX_POINT('',#12308);
#12308 = CARTESIAN_POINT('',(2.86,-0.32,10.41));
#12309 = LINE('',#12310,#12311);
#12310 = CARTESIAN_POINT('',(2.86,0.32,10.41));
#12311 = VECTOR('',#12312,1.);
#12312 = DIRECTION('',(0.,-1.,0.));
#12313 = ORIENTED_EDGE('',*,*,#12314,.T.);
#12314 = EDGE_CURVE('',#12307,#11757,#12315,.T.);
#12315 = LINE('',#12316,#12317);
#12316 = CARTESIAN_POINT('',(2.86,-0.32,10.66));
#12317 = VECTOR('',#12318,1.);
#12318 = DIRECTION('',(0.,0.,-1.));
#12319 = PLANE('',#12320);
#12320 = AXIS2_PLACEMENT_3D('',#12321,#12322,#12323);
#12321 = CARTESIAN_POINT('',(2.86,0.,3.55));
#12322 = DIRECTION('',(1.,0.,0.));
#12323 = DIRECTION('',(0.,0.,1.));
#12324 = ADVANCED_FACE('',(#12325),#12343,.F.);
#12325 = FACE_BOUND('',#12326,.F.);
#12326 = EDGE_LOOP('',(#12327,#12335,#12336,#12337));
#12327 = ORIENTED_EDGE('',*,*,#12328,.F.);
#12328 = EDGE_CURVE('',#11775,#12329,#12331,.T.);
#12329 = VERTEX_POINT('',#12330);
#12330 = CARTESIAN_POINT('',(2.22,0.32,10.41));
#12331 = LINE('',#12332,#12333);
#12332 = CARTESIAN_POINT('',(2.22,0.32,-3.56));
#12333 = VECTOR('',#12334,1.);
#12334 = DIRECTION('',(0.,0.,1.));
#12335 = ORIENTED_EDGE('',*,*,#11782,.T.);
#12336 = ORIENTED_EDGE('',*,*,#12298,.T.);
#12337 = ORIENTED_EDGE('',*,*,#12338,.F.);
#12338 = EDGE_CURVE('',#12329,#12299,#12339,.T.);
#12339 = LINE('',#12340,#12341);
#12340 = CARTESIAN_POINT('',(2.47,0.32,10.41));
#12341 = VECTOR('',#12342,1.);
#12342 = DIRECTION('',(1.,0.,0.));
#12343 = PLANE('',#12344);
#12344 = AXIS2_PLACEMENT_3D('',#12345,#12346,#12347);
#12345 = CARTESIAN_POINT('',(2.22,0.32,-3.56));
#12346 = DIRECTION('',(0.,-1.,0.));
#12347 = DIRECTION('',(0.,0.,1.));
#12348 = ADVANCED_FACE('',(#12349),#12367,.F.);
#12349 = FACE_BOUND('',#12350,.F.);
#12350 = EDGE_LOOP('',(#12351,#12352,#12353,#12361));
#12351 = ORIENTED_EDGE('',*,*,#11774,.T.);
#12352 = ORIENTED_EDGE('',*,*,#12328,.T.);
#12353 = ORIENTED_EDGE('',*,*,#12354,.T.);
#12354 = EDGE_CURVE('',#12329,#12355,#12357,.T.);
#12355 = VERTEX_POINT('',#12356);
#12356 = CARTESIAN_POINT('',(2.22,-0.32,10.41));
#12357 = LINE('',#12358,#12359);
#12358 = CARTESIAN_POINT('',(2.22,0.32,10.41));
#12359 = VECTOR('',#12360,1.);
#12360 = DIRECTION('',(0.,-1.,0.));
#12361 = ORIENTED_EDGE('',*,*,#12362,.T.);
#12362 = EDGE_CURVE('',#12355,#11767,#12363,.T.);
#12363 = LINE('',#12364,#12365);
#12364 = CARTESIAN_POINT('',(2.22,-0.32,10.66));
#12365 = VECTOR('',#12366,1.);
#12366 = DIRECTION('',(0.,0.,-1.));
#12367 = PLANE('',#12368);
#12368 = AXIS2_PLACEMENT_3D('',#12369,#12370,#12371);
#12369 = CARTESIAN_POINT('',(2.22,0.,3.55));
#12370 = DIRECTION('',(1.,0.,0.));
#12371 = DIRECTION('',(0.,0.,1.));
#12372 = ADVANCED_FACE('',(#12373),#12384,.F.);
#12373 = FACE_BOUND('',#12374,.F.);
#12374 = EDGE_LOOP('',(#12375,#12376,#12377,#12383));
#12375 = ORIENTED_EDGE('',*,*,#11766,.T.);
#12376 = ORIENTED_EDGE('',*,*,#12362,.F.);
#12377 = ORIENTED_EDGE('',*,*,#12378,.T.);
#12378 = EDGE_CURVE('',#12355,#12307,#12379,.T.);
#12379 = LINE('',#12380,#12381);
#12380 = CARTESIAN_POINT('',(2.47,-0.32,10.41));
#12381 = VECTOR('',#12382,1.);
#12382 = DIRECTION('',(1.,0.,0.));
#12383 = ORIENTED_EDGE('',*,*,#12314,.T.);
#12384 = PLANE('',#12385);
#12385 = AXIS2_PLACEMENT_3D('',#12386,#12387,#12388);
#12386 = CARTESIAN_POINT('',(2.22,-0.32,10.66));
#12387 = DIRECTION('',(0.,1.,0.));
#12388 = DIRECTION('',(0.,0.,-1.));
#12389 = ADVANCED_FACE('',(#12390),#12415,.T.);
#12390 = FACE_BOUND('',#12391,.T.);
#12391 = EDGE_LOOP('',(#12392,#12393,#12401,#12409));
#12392 = ORIENTED_EDGE('',*,*,#11824,.T.);
#12393 = ORIENTED_EDGE('',*,*,#12394,.T.);
#12394 = EDGE_CURVE('',#11827,#12395,#12397,.T.);
#12395 = VERTEX_POINT('',#12396);
#12396 = CARTESIAN_POINT('',(0.32,0.32,10.41));
#12397 = LINE('',#12398,#12399);
#12398 = CARTESIAN_POINT('',(0.32,0.32,-3.56));
#12399 = VECTOR('',#12400,1.);
#12400 = DIRECTION('',(0.,0.,1.));
#12401 = ORIENTED_EDGE('',*,*,#12402,.T.);
#12402 = EDGE_CURVE('',#12395,#12403,#12405,.T.);
#12403 = VERTEX_POINT('',#12404);
#12404 = CARTESIAN_POINT('',(0.32,-0.32,10.41));
#12405 = LINE('',#12406,#12407);
#12406 = CARTESIAN_POINT('',(0.32,0.32,10.41));
#12407 = VECTOR('',#12408,1.);
#12408 = DIRECTION('',(0.,-1.,0.));
#12409 = ORIENTED_EDGE('',*,*,#12410,.T.);
#12410 = EDGE_CURVE('',#12403,#11825,#12411,.T.);
#12411 = LINE('',#12412,#12413);
#12412 = CARTESIAN_POINT('',(0.32,-0.32,10.66));
#12413 = VECTOR('',#12414,1.);
#12414 = DIRECTION('',(0.,0.,-1.));
#12415 = PLANE('',#12416);
#12416 = AXIS2_PLACEMENT_3D('',#12417,#12418,#12419);
#12417 = CARTESIAN_POINT('',(0.32,0.,3.55));
#12418 = DIRECTION('',(1.,0.,0.));
#12419 = DIRECTION('',(0.,0.,1.));
#12420 = ADVANCED_FACE('',(#12421),#12439,.F.);
#12421 = FACE_BOUND('',#12422,.F.);
#12422 = EDGE_LOOP('',(#12423,#12431,#12432,#12433));
#12423 = ORIENTED_EDGE('',*,*,#12424,.F.);
#12424 = EDGE_CURVE('',#11843,#12425,#12427,.T.);
#12425 = VERTEX_POINT('',#12426);
#12426 = CARTESIAN_POINT('',(-0.32,0.32,10.41));
#12427 = LINE('',#12428,#12429);
#12428 = CARTESIAN_POINT('',(-0.32,0.32,-3.56));
#12429 = VECTOR('',#12430,1.);
#12430 = DIRECTION('',(0.,0.,1.));
#12431 = ORIENTED_EDGE('',*,*,#11850,.T.);
#12432 = ORIENTED_EDGE('',*,*,#12394,.T.);
#12433 = ORIENTED_EDGE('',*,*,#12434,.F.);
#12434 = EDGE_CURVE('',#12425,#12395,#12435,.T.);
#12435 = LINE('',#12436,#12437);
#12436 = CARTESIAN_POINT('',(-7.E-02,0.32,10.41));
#12437 = VECTOR('',#12438,1.);
#12438 = DIRECTION('',(1.,0.,0.));
#12439 = PLANE('',#12440);
#12440 = AXIS2_PLACEMENT_3D('',#12441,#12442,#12443);
#12441 = CARTESIAN_POINT('',(-0.32,0.32,-3.56));
#12442 = DIRECTION('',(0.,-1.,0.));
#12443 = DIRECTION('',(0.,0.,1.));
#12444 = ADVANCED_FACE('',(#12445),#12463,.F.);
#12445 = FACE_BOUND('',#12446,.F.);
#12446 = EDGE_LOOP('',(#12447,#12448,#12449,#12457));
#12447 = ORIENTED_EDGE('',*,*,#11842,.T.);
#12448 = ORIENTED_EDGE('',*,*,#12424,.T.);
#12449 = ORIENTED_EDGE('',*,*,#12450,.T.);
#12450 = EDGE_CURVE('',#12425,#12451,#12453,.T.);
#12451 = VERTEX_POINT('',#12452);
#12452 = CARTESIAN_POINT('',(-0.32,-0.32,10.41));
#12453 = LINE('',#12454,#12455);
#12454 = CARTESIAN_POINT('',(-0.32,0.32,10.41));
#12455 = VECTOR('',#12456,1.);
#12456 = DIRECTION('',(0.,-1.,0.));
#12457 = ORIENTED_EDGE('',*,*,#12458,.T.);
#12458 = EDGE_CURVE('',#12451,#11835,#12459,.T.);
#12459 = LINE('',#12460,#12461);
#12460 = CARTESIAN_POINT('',(-0.32,-0.32,10.66));
#12461 = VECTOR('',#12462,1.);
#12462 = DIRECTION('',(0.,0.,-1.));
#12463 = PLANE('',#12464);
#12464 = AXIS2_PLACEMENT_3D('',#12465,#12466,#12467);
#12465 = CARTESIAN_POINT('',(-0.32,0.,3.55));
#12466 = DIRECTION('',(1.,0.,0.));
#12467 = DIRECTION('',(0.,0.,1.));
#12468 = ADVANCED_FACE('',(#12469),#12480,.F.);
#12469 = FACE_BOUND('',#12470,.F.);
#12470 = EDGE_LOOP('',(#12471,#12472,#12473,#12479));
#12471 = ORIENTED_EDGE('',*,*,#11834,.T.);
#12472 = ORIENTED_EDGE('',*,*,#12458,.F.);
#12473 = ORIENTED_EDGE('',*,*,#12474,.T.);
#12474 = EDGE_CURVE('',#12451,#12403,#12475,.T.);
#12475 = LINE('',#12476,#12477);
#12476 = CARTESIAN_POINT('',(-7.E-02,-0.32,10.41));
#12477 = VECTOR('',#12478,1.);
#12478 = DIRECTION('',(1.,0.,0.));
#12479 = ORIENTED_EDGE('',*,*,#12410,.T.);
#12480 = PLANE('',#12481);
#12481 = AXIS2_PLACEMENT_3D('',#12482,#12483,#12484);
#12482 = CARTESIAN_POINT('',(-0.32,-0.32,10.66));
#12483 = DIRECTION('',(0.,1.,0.));
#12484 = DIRECTION('',(0.,0.,-1.));
#12485 = ADVANCED_FACE('',(#12486),#12497,.T.);
#12486 = FACE_BOUND('',#12487,.T.);
#12487 = EDGE_LOOP('',(#12488,#12489,#12490,#12491));
#12488 = ORIENTED_EDGE('',*,*,#11891,.T.);
#12489 = ORIENTED_EDGE('',*,*,#12281,.F.);
#12490 = ORIENTED_EDGE('',*,*,#11942,.F.);
#12491 = ORIENTED_EDGE('',*,*,#12492,.F.);
#12492 = EDGE_CURVE('',#11884,#11935,#12493,.T.);
#12493 = LINE('',#12494,#12495);
#12494 = CARTESIAN_POINT('',(1.27,-1.9,5.5));
#12495 = VECTOR('',#12496,1.);
#12496 = DIRECTION('',(-1.,-0.,-0.));
#12497 = PLANE('',#12498);
#12498 = AXIS2_PLACEMENT_3D('',#12499,#12500,#12501);
#12499 = CARTESIAN_POINT('',(1.27,-1.9,4.65));
#12500 = DIRECTION('',(2.187134514481E-33,1.,4.172491954988E-31));
#12501 = DIRECTION('',(0.,-4.172491954988E-31,1.));
#12502 = ADVANCED_FACE('',(#12503),#12514,.T.);
#12503 = FACE_BOUND('',#12504,.T.);
#12504 = EDGE_LOOP('',(#12505,#12506,#12507,#12513));
#12505 = ORIENTED_EDGE('',*,*,#11985,.T.);
#12506 = ORIENTED_EDGE('',*,*,#11875,.T.);
#12507 = ORIENTED_EDGE('',*,*,#12508,.F.);
#12508 = EDGE_CURVE('',#11927,#11876,#12509,.T.);
#12509 = LINE('',#12510,#12511);
#12510 = CARTESIAN_POINT('',(1.27,-1.4,6.));
#12511 = VECTOR('',#12512,1.);
#12512 = DIRECTION('',(1.,0.,0.));
#12513 = ORIENTED_EDGE('',*,*,#11926,.F.);
#12514 = PLANE('',#12515);
#12515 = AXIS2_PLACEMENT_3D('',#12516,#12517,#12518);
#12516 = CARTESIAN_POINT('',(1.27,-1.4,6.5));
#12517 = DIRECTION('',(0.,1.,7.78275907199E-31));
#12518 = DIRECTION('',(0.,-7.78275907199E-31,1.));
#12519 = ADVANCED_FACE('',(#12520),#12526,.T.);
#12520 = FACE_BOUND('',#12521,.T.);
#12521 = EDGE_LOOP('',(#12522,#12523,#12524,#12525));
#12522 = ORIENTED_EDGE('',*,*,#12508,.T.);
#12523 = ORIENTED_EDGE('',*,*,#11883,.T.);
#12524 = ORIENTED_EDGE('',*,*,#12492,.T.);
#12525 = ORIENTED_EDGE('',*,*,#11934,.F.);
#12526 = PLANE('',#12527);
#12527 = AXIS2_PLACEMENT_3D('',#12528,#12529,#12530);
#12528 = CARTESIAN_POINT('',(1.27,-1.65,5.75));
#12529 = DIRECTION('',(-3.908151567474E-18,0.707106781187,
    -0.707106781187));
#12530 = DIRECTION('',(0.,0.707106781187,0.707106781187));
#12531 = ADVANCED_FACE('',(#12532),#12557,.T.);
#12532 = FACE_BOUND('',#12533,.F.);
#12533 = EDGE_LOOP('',(#12534,#12544,#12550,#12551));
#12534 = ORIENTED_EDGE('',*,*,#12535,.T.);
#12535 = EDGE_CURVE('',#12536,#12538,#12540,.T.);
#12536 = VERTEX_POINT('',#12537);
#12537 = CARTESIAN_POINT('',(-7.E-02,-7.E-02,-3.56));
#12538 = VERTEX_POINT('',#12539);
#12539 = CARTESIAN_POINT('',(-7.E-02,7.E-02,-3.56));
#12540 = LINE('',#12541,#12542);
#12541 = CARTESIAN_POINT('',(-7.E-02,-0.32,-3.56));
#12542 = VECTOR('',#12543,1.);
#12543 = DIRECTION('',(0.,1.,0.));
#12544 = ORIENTED_EDGE('',*,*,#12545,.T.);
#12545 = EDGE_CURVE('',#12538,#12023,#12546,.T.);
#12546 = LINE('',#12547,#12548);
#12547 = CARTESIAN_POINT('',(-8.833333333333E-02,8.833333333333E-02,
    -3.541666666667));
#12548 = VECTOR('',#12549,1.);
#12549 = DIRECTION('',(-0.57735026919,0.57735026919,0.57735026919));
#12550 = ORIENTED_EDGE('',*,*,#12020,.F.);
#12551 = ORIENTED_EDGE('',*,*,#12552,.F.);
#12552 = EDGE_CURVE('',#12536,#12021,#12553,.T.);
#12553 = LINE('',#12554,#12555);
#12554 = CARTESIAN_POINT('',(-0.195,-0.195,-3.435));
#12555 = VECTOR('',#12556,1.);
#12556 = DIRECTION('',(-0.57735026919,-0.57735026919,0.57735026919));
#12557 = PLANE('',#12558);
#12558 = AXIS2_PLACEMENT_3D('',#12559,#12560,#12561);
#12559 = CARTESIAN_POINT('',(-0.195,-0.32,-3.435));
#12560 = DIRECTION('',(-0.707106781187,0.,-0.707106781187));
#12561 = DIRECTION('',(0.,-1.,-0.));
#12562 = ADVANCED_FACE('',(#12563),#12581,.T.);
#12563 = FACE_BOUND('',#12564,.F.);
#12564 = EDGE_LOOP('',(#12565,#12566,#12574,#12580));
#12565 = ORIENTED_EDGE('',*,*,#12545,.F.);
#12566 = ORIENTED_EDGE('',*,*,#12567,.T.);
#12567 = EDGE_CURVE('',#12538,#12568,#12570,.T.);
#12568 = VERTEX_POINT('',#12569);
#12569 = CARTESIAN_POINT('',(7.E-02,7.E-02,-3.56));
#12570 = LINE('',#12571,#12572);
#12571 = CARTESIAN_POINT('',(-7.E-02,7.E-02,-3.56));
#12572 = VECTOR('',#12573,1.);
#12573 = DIRECTION('',(1.,0.,0.));
#12574 = ORIENTED_EDGE('',*,*,#12575,.T.);
#12575 = EDGE_CURVE('',#12568,#12053,#12576,.T.);
#12576 = LINE('',#12577,#12578);
#12577 = CARTESIAN_POINT('',(6.5E-02,6.5E-02,-3.565));
#12578 = VECTOR('',#12579,1.);
#12579 = DIRECTION('',(0.57735026919,0.57735026919,0.57735026919));
#12580 = ORIENTED_EDGE('',*,*,#12052,.F.);
#12581 = PLANE('',#12582);
#12582 = AXIS2_PLACEMENT_3D('',#12583,#12584,#12585);
#12583 = CARTESIAN_POINT('',(-7.E-02,0.195,-3.435));
#12584 = DIRECTION('',(0.,0.707106781187,-0.707106781187));
#12585 = DIRECTION('',(-1.,0.,-0.));
#12586 = ADVANCED_FACE('',(#12587),#12605,.F.);
#12587 = FACE_BOUND('',#12588,.T.);
#12588 = EDGE_LOOP('',(#12589,#12597,#12598,#12599));
#12589 = ORIENTED_EDGE('',*,*,#12590,.T.);
#12590 = EDGE_CURVE('',#12591,#12568,#12593,.T.);
#12591 = VERTEX_POINT('',#12592);
#12592 = CARTESIAN_POINT('',(7.E-02,-7.E-02,-3.56));
#12593 = LINE('',#12594,#12595);
#12594 = CARTESIAN_POINT('',(7.E-02,-0.32,-3.56));
#12595 = VECTOR('',#12596,1.);
#12596 = DIRECTION('',(0.,1.,0.));
#12597 = ORIENTED_EDGE('',*,*,#12575,.T.);
#12598 = ORIENTED_EDGE('',*,*,#12075,.F.);
#12599 = ORIENTED_EDGE('',*,*,#12600,.F.);
#12600 = EDGE_CURVE('',#12591,#12076,#12601,.T.);
#12601 = LINE('',#12602,#12603);
#12602 = CARTESIAN_POINT('',(0.171666666667,-0.171666666667,
    -3.458333333333));
#12603 = VECTOR('',#12604,1.);
#12604 = DIRECTION('',(0.57735026919,-0.57735026919,0.57735026919));
#12605 = PLANE('',#12606);
#12606 = AXIS2_PLACEMENT_3D('',#12607,#12608,#12609);
#12607 = CARTESIAN_POINT('',(0.195,-0.32,-3.435));
#12608 = DIRECTION('',(-0.707106781187,0.,0.707106781187));
#12609 = DIRECTION('',(-0.,-1.,0.));
#12610 = ADVANCED_FACE('',(#12611),#12622,.T.);
#12611 = FACE_BOUND('',#12612,.T.);
#12612 = EDGE_LOOP('',(#12613,#12614,#12620,#12621));
#12613 = ORIENTED_EDGE('',*,*,#12552,.F.);
#12614 = ORIENTED_EDGE('',*,*,#12615,.T.);
#12615 = EDGE_CURVE('',#12536,#12591,#12616,.T.);
#12616 = LINE('',#12617,#12618);
#12617 = CARTESIAN_POINT('',(-7.E-02,-7.E-02,-3.56));
#12618 = VECTOR('',#12619,1.);
#12619 = DIRECTION('',(1.,0.,0.));
#12620 = ORIENTED_EDGE('',*,*,#12600,.T.);
#12621 = ORIENTED_EDGE('',*,*,#12099,.F.);
#12622 = PLANE('',#12623);
#12623 = AXIS2_PLACEMENT_3D('',#12624,#12625,#12626);
#12624 = CARTESIAN_POINT('',(-7.E-02,-0.195,-3.435));
#12625 = DIRECTION('',(0.,-0.707106781187,-0.707106781187));
#12626 = DIRECTION('',(1.,0.,0.));
#12627 = ADVANCED_FACE('',(#12628),#12653,.F.);
#12628 = FACE_BOUND('',#12629,.T.);
#12629 = EDGE_LOOP('',(#12630,#12640,#12646,#12647));
#12630 = ORIENTED_EDGE('',*,*,#12631,.T.);
#12631 = EDGE_CURVE('',#12632,#12634,#12636,.T.);
#12632 = VERTEX_POINT('',#12633);
#12633 = CARTESIAN_POINT('',(2.61,-7.E-02,-3.56));
#12634 = VERTEX_POINT('',#12635);
#12635 = CARTESIAN_POINT('',(2.61,7.E-02,-3.56));
#12636 = LINE('',#12637,#12638);
#12637 = CARTESIAN_POINT('',(2.61,-0.32,-3.56));
#12638 = VECTOR('',#12639,1.);
#12639 = DIRECTION('',(0.,1.,0.));
#12640 = ORIENTED_EDGE('',*,*,#12641,.T.);
#12641 = EDGE_CURVE('',#12634,#12187,#12642,.T.);
#12642 = LINE('',#12643,#12644);
#12643 = CARTESIAN_POINT('',(2.605,6.5E-02,-3.565));
#12644 = VECTOR('',#12645,1.);
#12645 = DIRECTION('',(0.57735026919,0.57735026919,0.57735026919));
#12646 = ORIENTED_EDGE('',*,*,#12184,.F.);
#12647 = ORIENTED_EDGE('',*,*,#12648,.F.);
#12648 = EDGE_CURVE('',#12632,#12185,#12649,.T.);
#12649 = LINE('',#12650,#12651);
#12650 = CARTESIAN_POINT('',(2.711666666667,-0.171666666667,
    -3.458333333333));
#12651 = VECTOR('',#12652,1.);
#12652 = DIRECTION('',(0.57735026919,-0.57735026919,0.57735026919));
#12653 = PLANE('',#12654);
#12654 = AXIS2_PLACEMENT_3D('',#12655,#12656,#12657);
#12655 = CARTESIAN_POINT('',(2.735,-0.32,-3.435));
#12656 = DIRECTION('',(-0.707106781187,0.,0.707106781187));
#12657 = DIRECTION('',(-0.,-1.,0.));
#12658 = ADVANCED_FACE('',(#12659),#12677,.T.);
#12659 = FACE_BOUND('',#12660,.T.);
#12660 = EDGE_LOOP('',(#12661,#12669,#12675,#12676));
#12661 = ORIENTED_EDGE('',*,*,#12662,.F.);
#12662 = EDGE_CURVE('',#12663,#12216,#12665,.T.);
#12663 = VERTEX_POINT('',#12664);
#12664 = CARTESIAN_POINT('',(2.47,-7.E-02,-3.56));
#12665 = LINE('',#12666,#12667);
#12666 = CARTESIAN_POINT('',(2.345,-0.195,-3.435));
#12667 = VECTOR('',#12668,1.);
#12668 = DIRECTION('',(-0.57735026919,-0.57735026919,0.57735026919));
#12669 = ORIENTED_EDGE('',*,*,#12670,.T.);
#12670 = EDGE_CURVE('',#12663,#12632,#12671,.T.);
#12671 = LINE('',#12672,#12673);
#12672 = CARTESIAN_POINT('',(2.47,-7.E-02,-3.56));
#12673 = VECTOR('',#12674,1.);
#12674 = DIRECTION('',(1.,0.,0.));
#12675 = ORIENTED_EDGE('',*,*,#12648,.T.);
#12676 = ORIENTED_EDGE('',*,*,#12215,.F.);
#12677 = PLANE('',#12678);
#12678 = AXIS2_PLACEMENT_3D('',#12679,#12680,#12681);
#12679 = CARTESIAN_POINT('',(2.47,-0.195,-3.435));
#12680 = DIRECTION('',(0.,-0.707106781187,-0.707106781187));
#12681 = DIRECTION('',(1.,0.,0.));
#12682 = ADVANCED_FACE('',(#12683),#12701,.T.);
#12683 = FACE_BOUND('',#12684,.F.);
#12684 = EDGE_LOOP('',(#12685,#12693,#12699,#12700));
#12685 = ORIENTED_EDGE('',*,*,#12686,.T.);
#12686 = EDGE_CURVE('',#12663,#12687,#12689,.T.);
#12687 = VERTEX_POINT('',#12688);
#12688 = CARTESIAN_POINT('',(2.47,7.E-02,-3.56));
#12689 = LINE('',#12690,#12691);
#12690 = CARTESIAN_POINT('',(2.47,-0.32,-3.56));
#12691 = VECTOR('',#12692,1.);
#12692 = DIRECTION('',(0.,1.,0.));
#12693 = ORIENTED_EDGE('',*,*,#12694,.T.);
#12694 = EDGE_CURVE('',#12687,#12240,#12695,.T.);
#12695 = LINE('',#12696,#12697);
#12696 = CARTESIAN_POINT('',(2.451666666667,8.833333333333E-02,
    -3.541666666667));
#12697 = VECTOR('',#12698,1.);
#12698 = DIRECTION('',(-0.57735026919,0.57735026919,0.57735026919));
#12699 = ORIENTED_EDGE('',*,*,#12239,.F.);
#12700 = ORIENTED_EDGE('',*,*,#12662,.F.);
#12701 = PLANE('',#12702);
#12702 = AXIS2_PLACEMENT_3D('',#12703,#12704,#12705);
#12703 = CARTESIAN_POINT('',(2.345,-0.32,-3.435));
#12704 = DIRECTION('',(-0.707106781187,0.,-0.707106781187));
#12705 = DIRECTION('',(0.,-1.,-0.));
#12706 = ADVANCED_FACE('',(#12707),#12718,.T.);
#12707 = FACE_BOUND('',#12708,.F.);
#12708 = EDGE_LOOP('',(#12709,#12710,#12716,#12717));
#12709 = ORIENTED_EDGE('',*,*,#12694,.F.);
#12710 = ORIENTED_EDGE('',*,*,#12711,.T.);
#12711 = EDGE_CURVE('',#12687,#12634,#12712,.T.);
#12712 = LINE('',#12713,#12714);
#12713 = CARTESIAN_POINT('',(2.47,7.E-02,-3.56));
#12714 = VECTOR('',#12715,1.);
#12715 = DIRECTION('',(1.,0.,0.));
#12716 = ORIENTED_EDGE('',*,*,#12641,.T.);
#12717 = ORIENTED_EDGE('',*,*,#12264,.F.);
#12718 = PLANE('',#12719);
#12719 = AXIS2_PLACEMENT_3D('',#12720,#12721,#12722);
#12720 = CARTESIAN_POINT('',(2.47,0.195,-3.435));
#12721 = DIRECTION('',(0.,0.707106781187,-0.707106781187));
#12722 = DIRECTION('',(-1.,0.,-0.));
#12723 = ADVANCED_FACE('',(#12724),#12749,.F.);
#12724 = FACE_BOUND('',#12725,.T.);
#12725 = EDGE_LOOP('',(#12726,#12736,#12742,#12743));
#12726 = ORIENTED_EDGE('',*,*,#12727,.T.);
#12727 = EDGE_CURVE('',#12728,#12730,#12732,.T.);
#12728 = VERTEX_POINT('',#12729);
#12729 = CARTESIAN_POINT('',(2.61,7.E-02,10.66));
#12730 = VERTEX_POINT('',#12731);
#12731 = CARTESIAN_POINT('',(2.61,-7.E-02,10.66));
#12732 = LINE('',#12733,#12734);
#12733 = CARTESIAN_POINT('',(2.61,0.32,10.66));
#12734 = VECTOR('',#12735,1.);
#12735 = DIRECTION('',(0.,-1.,0.));
#12736 = ORIENTED_EDGE('',*,*,#12737,.T.);
#12737 = EDGE_CURVE('',#12730,#12307,#12738,.T.);
#12738 = LINE('',#12739,#12740);
#12739 = CARTESIAN_POINT('',(2.605,-6.5E-02,10.665));
#12740 = VECTOR('',#12741,1.);
#12741 = DIRECTION('',(0.57735026919,-0.57735026919,-0.57735026919));
#12742 = ORIENTED_EDGE('',*,*,#12306,.F.);
#12743 = ORIENTED_EDGE('',*,*,#12744,.T.);
#12744 = EDGE_CURVE('',#12299,#12728,#12745,.T.);
#12745 = LINE('',#12746,#12747);
#12746 = CARTESIAN_POINT('',(2.711666666667,0.171666666667,
    10.558333333333));
#12747 = VECTOR('',#12748,1.);
#12748 = DIRECTION('',(-0.57735026919,-0.57735026919,0.57735026919));
#12749 = PLANE('',#12750);
#12750 = AXIS2_PLACEMENT_3D('',#12751,#12752,#12753);
#12751 = CARTESIAN_POINT('',(2.735,0.32,10.535));
#12752 = DIRECTION('',(-0.707106781187,0.,-0.707106781187));
#12753 = DIRECTION('',(0.,1.,0.));
#12754 = ADVANCED_FACE('',(#12755),#12773,.T.);
#12755 = FACE_BOUND('',#12756,.F.);
#12756 = EDGE_LOOP('',(#12757,#12765,#12766,#12767));
#12757 = ORIENTED_EDGE('',*,*,#12758,.F.);
#12758 = EDGE_CURVE('',#12329,#12759,#12761,.T.);
#12759 = VERTEX_POINT('',#12760);
#12760 = CARTESIAN_POINT('',(2.47,7.E-02,10.66));
#12761 = LINE('',#12762,#12763);
#12762 = CARTESIAN_POINT('',(2.345,0.195,10.535));
#12763 = VECTOR('',#12764,1.);
#12764 = DIRECTION('',(0.57735026919,-0.57735026919,0.57735026919));
#12765 = ORIENTED_EDGE('',*,*,#12338,.T.);
#12766 = ORIENTED_EDGE('',*,*,#12744,.T.);
#12767 = ORIENTED_EDGE('',*,*,#12768,.F.);
#12768 = EDGE_CURVE('',#12759,#12728,#12769,.T.);
#12769 = LINE('',#12770,#12771);
#12770 = CARTESIAN_POINT('',(2.47,7.E-02,10.66));
#12771 = VECTOR('',#12772,1.);
#12772 = DIRECTION('',(1.,0.,0.));
#12773 = PLANE('',#12774);
#12774 = AXIS2_PLACEMENT_3D('',#12775,#12776,#12777);
#12775 = CARTESIAN_POINT('',(2.47,0.195,10.535));
#12776 = DIRECTION('',(0.,0.707106781187,0.707106781187));
#12777 = DIRECTION('',(-1.,0.,0.));
#12778 = ADVANCED_FACE('',(#12779),#12797,.T.);
#12779 = FACE_BOUND('',#12780,.F.);
#12780 = EDGE_LOOP('',(#12781,#12789,#12795,#12796));
#12781 = ORIENTED_EDGE('',*,*,#12782,.T.);
#12782 = EDGE_CURVE('',#12759,#12783,#12785,.T.);
#12783 = VERTEX_POINT('',#12784);
#12784 = CARTESIAN_POINT('',(2.47,-7.E-02,10.66));
#12785 = LINE('',#12786,#12787);
#12786 = CARTESIAN_POINT('',(2.47,0.32,10.66));
#12787 = VECTOR('',#12788,1.);
#12788 = DIRECTION('',(0.,-1.,0.));
#12789 = ORIENTED_EDGE('',*,*,#12790,.T.);
#12790 = EDGE_CURVE('',#12783,#12355,#12791,.T.);
#12791 = LINE('',#12792,#12793);
#12792 = CARTESIAN_POINT('',(2.451666666667,-8.833333333333E-02,
    10.641666666667));
#12793 = VECTOR('',#12794,1.);
#12794 = DIRECTION('',(-0.57735026919,-0.57735026919,-0.57735026919));
#12795 = ORIENTED_EDGE('',*,*,#12354,.F.);
#12796 = ORIENTED_EDGE('',*,*,#12758,.T.);
#12797 = PLANE('',#12798);
#12798 = AXIS2_PLACEMENT_3D('',#12799,#12800,#12801);
#12799 = CARTESIAN_POINT('',(2.345,0.32,10.535));
#12800 = DIRECTION('',(-0.707106781187,0.,0.707106781187));
#12801 = DIRECTION('',(0.,1.,0.));
#12802 = ADVANCED_FACE('',(#12803),#12814,.T.);
#12803 = FACE_BOUND('',#12804,.F.);
#12804 = EDGE_LOOP('',(#12805,#12806,#12812,#12813));
#12805 = ORIENTED_EDGE('',*,*,#12790,.F.);
#12806 = ORIENTED_EDGE('',*,*,#12807,.T.);
#12807 = EDGE_CURVE('',#12783,#12730,#12808,.T.);
#12808 = LINE('',#12809,#12810);
#12809 = CARTESIAN_POINT('',(2.47,-7.E-02,10.66));
#12810 = VECTOR('',#12811,1.);
#12811 = DIRECTION('',(1.,0.,0.));
#12812 = ORIENTED_EDGE('',*,*,#12737,.T.);
#12813 = ORIENTED_EDGE('',*,*,#12378,.F.);
#12814 = PLANE('',#12815);
#12815 = AXIS2_PLACEMENT_3D('',#12816,#12817,#12818);
#12816 = CARTESIAN_POINT('',(2.47,-0.195,10.535));
#12817 = DIRECTION('',(0.,-0.707106781187,0.707106781187));
#12818 = DIRECTION('',(-1.,0.,0.));
#12819 = ADVANCED_FACE('',(#12820),#12845,.F.);
#12820 = FACE_BOUND('',#12821,.T.);
#12821 = EDGE_LOOP('',(#12822,#12832,#12838,#12839));
#12822 = ORIENTED_EDGE('',*,*,#12823,.T.);
#12823 = EDGE_CURVE('',#12824,#12826,#12828,.T.);
#12824 = VERTEX_POINT('',#12825);
#12825 = CARTESIAN_POINT('',(7.E-02,7.E-02,10.66));
#12826 = VERTEX_POINT('',#12827);
#12827 = CARTESIAN_POINT('',(7.E-02,-7.E-02,10.66));
#12828 = LINE('',#12829,#12830);
#12829 = CARTESIAN_POINT('',(7.E-02,0.32,10.66));
#12830 = VECTOR('',#12831,1.);
#12831 = DIRECTION('',(0.,-1.,0.));
#12832 = ORIENTED_EDGE('',*,*,#12833,.T.);
#12833 = EDGE_CURVE('',#12826,#12403,#12834,.T.);
#12834 = LINE('',#12835,#12836);
#12835 = CARTESIAN_POINT('',(6.5E-02,-6.5E-02,10.665));
#12836 = VECTOR('',#12837,1.);
#12837 = DIRECTION('',(0.57735026919,-0.57735026919,-0.57735026919));
#12838 = ORIENTED_EDGE('',*,*,#12402,.F.);
#12839 = ORIENTED_EDGE('',*,*,#12840,.T.);
#12840 = EDGE_CURVE('',#12395,#12824,#12841,.T.);
#12841 = LINE('',#12842,#12843);
#12842 = CARTESIAN_POINT('',(0.171666666667,0.171666666667,
    10.558333333333));
#12843 = VECTOR('',#12844,1.);
#12844 = DIRECTION('',(-0.57735026919,-0.57735026919,0.57735026919));
#12845 = PLANE('',#12846);
#12846 = AXIS2_PLACEMENT_3D('',#12847,#12848,#12849);
#12847 = CARTESIAN_POINT('',(0.195,0.32,10.535));
#12848 = DIRECTION('',(-0.707106781187,0.,-0.707106781187));
#12849 = DIRECTION('',(0.,1.,0.));
#12850 = ADVANCED_FACE('',(#12851),#12869,.T.);
#12851 = FACE_BOUND('',#12852,.F.);
#12852 = EDGE_LOOP('',(#12853,#12861,#12862,#12863));
#12853 = ORIENTED_EDGE('',*,*,#12854,.F.);
#12854 = EDGE_CURVE('',#12425,#12855,#12857,.T.);
#12855 = VERTEX_POINT('',#12856);
#12856 = CARTESIAN_POINT('',(-7.E-02,7.E-02,10.66));
#12857 = LINE('',#12858,#12859);
#12858 = CARTESIAN_POINT('',(-0.195,0.195,10.535));
#12859 = VECTOR('',#12860,1.);
#12860 = DIRECTION('',(0.57735026919,-0.57735026919,0.57735026919));
#12861 = ORIENTED_EDGE('',*,*,#12434,.T.);
#12862 = ORIENTED_EDGE('',*,*,#12840,.T.);
#12863 = ORIENTED_EDGE('',*,*,#12864,.F.);
#12864 = EDGE_CURVE('',#12855,#12824,#12865,.T.);
#12865 = LINE('',#12866,#12867);
#12866 = CARTESIAN_POINT('',(-7.E-02,7.E-02,10.66));
#12867 = VECTOR('',#12868,1.);
#12868 = DIRECTION('',(1.,0.,0.));
#12869 = PLANE('',#12870);
#12870 = AXIS2_PLACEMENT_3D('',#12871,#12872,#12873);
#12871 = CARTESIAN_POINT('',(-7.E-02,0.195,10.535));
#12872 = DIRECTION('',(0.,0.707106781187,0.707106781187));
#12873 = DIRECTION('',(-1.,0.,0.));
#12874 = ADVANCED_FACE('',(#12875),#12893,.T.);
#12875 = FACE_BOUND('',#12876,.F.);
#12876 = EDGE_LOOP('',(#12877,#12885,#12891,#12892));
#12877 = ORIENTED_EDGE('',*,*,#12878,.T.);
#12878 = EDGE_CURVE('',#12855,#12879,#12881,.T.);
#12879 = VERTEX_POINT('',#12880);
#12880 = CARTESIAN_POINT('',(-7.E-02,-7.E-02,10.66));
#12881 = LINE('',#12882,#12883);
#12882 = CARTESIAN_POINT('',(-7.E-02,0.32,10.66));
#12883 = VECTOR('',#12884,1.);
#12884 = DIRECTION('',(0.,-1.,0.));
#12885 = ORIENTED_EDGE('',*,*,#12886,.T.);
#12886 = EDGE_CURVE('',#12879,#12451,#12887,.T.);
#12887 = LINE('',#12888,#12889);
#12888 = CARTESIAN_POINT('',(-8.833333333333E-02,-8.833333333333E-02,
    10.641666666667));
#12889 = VECTOR('',#12890,1.);
#12890 = DIRECTION('',(-0.57735026919,-0.57735026919,-0.57735026919));
#12891 = ORIENTED_EDGE('',*,*,#12450,.F.);
#12892 = ORIENTED_EDGE('',*,*,#12854,.T.);
#12893 = PLANE('',#12894);
#12894 = AXIS2_PLACEMENT_3D('',#12895,#12896,#12897);
#12895 = CARTESIAN_POINT('',(-0.195,0.32,10.535));
#12896 = DIRECTION('',(-0.707106781187,0.,0.707106781187));
#12897 = DIRECTION('',(0.,1.,0.));
#12898 = ADVANCED_FACE('',(#12899),#12910,.T.);
#12899 = FACE_BOUND('',#12900,.F.);
#12900 = EDGE_LOOP('',(#12901,#12902,#12908,#12909));
#12901 = ORIENTED_EDGE('',*,*,#12886,.F.);
#12902 = ORIENTED_EDGE('',*,*,#12903,.T.);
#12903 = EDGE_CURVE('',#12879,#12826,#12904,.T.);
#12904 = LINE('',#12905,#12906);
#12905 = CARTESIAN_POINT('',(-7.E-02,-7.E-02,10.66));
#12906 = VECTOR('',#12907,1.);
#12907 = DIRECTION('',(1.,0.,0.));
#12908 = ORIENTED_EDGE('',*,*,#12833,.T.);
#12909 = ORIENTED_EDGE('',*,*,#12474,.F.);
#12910 = PLANE('',#12911);
#12911 = AXIS2_PLACEMENT_3D('',#12912,#12913,#12914);
#12912 = CARTESIAN_POINT('',(-7.E-02,-0.195,10.535));
#12913 = DIRECTION('',(0.,-0.707106781187,0.707106781187));
#12914 = DIRECTION('',(-1.,0.,0.));
#12915 = ADVANCED_FACE('',(#12916),#12922,.F.);
#12916 = FACE_BOUND('',#12917,.F.);
#12917 = EDGE_LOOP('',(#12918,#12919,#12920,#12921));
#12918 = ORIENTED_EDGE('',*,*,#12535,.F.);
#12919 = ORIENTED_EDGE('',*,*,#12615,.T.);
#12920 = ORIENTED_EDGE('',*,*,#12590,.T.);
#12921 = ORIENTED_EDGE('',*,*,#12567,.F.);
#12922 = PLANE('',#12923);
#12923 = AXIS2_PLACEMENT_3D('',#12924,#12925,#12926);
#12924 = CARTESIAN_POINT('',(-0.32,-0.32,-3.56));
#12925 = DIRECTION('',(0.,0.,1.));
#12926 = DIRECTION('',(0.,1.,0.));
#12927 = ADVANCED_FACE('',(#12928),#12934,.F.);
#12928 = FACE_BOUND('',#12929,.F.);
#12929 = EDGE_LOOP('',(#12930,#12931,#12932,#12933));
#12930 = ORIENTED_EDGE('',*,*,#12686,.F.);
#12931 = ORIENTED_EDGE('',*,*,#12670,.T.);
#12932 = ORIENTED_EDGE('',*,*,#12631,.T.);
#12933 = ORIENTED_EDGE('',*,*,#12711,.F.);
#12934 = PLANE('',#12935);
#12935 = AXIS2_PLACEMENT_3D('',#12936,#12937,#12938);
#12936 = CARTESIAN_POINT('',(2.22,-0.32,-3.56));
#12937 = DIRECTION('',(0.,0.,1.));
#12938 = DIRECTION('',(0.,1.,0.));
#12939 = ADVANCED_FACE('',(#12940),#12946,.F.);
#12940 = FACE_BOUND('',#12941,.F.);
#12941 = EDGE_LOOP('',(#12942,#12943,#12944,#12945));
#12942 = ORIENTED_EDGE('',*,*,#12782,.F.);
#12943 = ORIENTED_EDGE('',*,*,#12768,.T.);
#12944 = ORIENTED_EDGE('',*,*,#12727,.T.);
#12945 = ORIENTED_EDGE('',*,*,#12807,.F.);
#12946 = PLANE('',#12947);
#12947 = AXIS2_PLACEMENT_3D('',#12948,#12949,#12950);
#12948 = CARTESIAN_POINT('',(2.22,0.32,10.66));
#12949 = DIRECTION('',(0.,0.,-1.));
#12950 = DIRECTION('',(0.,-1.,0.));
#12951 = ADVANCED_FACE('',(#12952),#12958,.F.);
#12952 = FACE_BOUND('',#12953,.F.);
#12953 = EDGE_LOOP('',(#12954,#12955,#12956,#12957));
#12954 = ORIENTED_EDGE('',*,*,#12878,.F.);
#12955 = ORIENTED_EDGE('',*,*,#12864,.T.);
#12956 = ORIENTED_EDGE('',*,*,#12823,.T.);
#12957 = ORIENTED_EDGE('',*,*,#12903,.F.);
#12958 = PLANE('',#12959);
#12959 = AXIS2_PLACEMENT_3D('',#12960,#12961,#12962);
#12960 = CARTESIAN_POINT('',(-0.32,0.32,10.66));
#12961 = DIRECTION('',(0.,0.,-1.));
#12962 = DIRECTION('',(0.,-1.,0.));
#12963 = ( GEOMETRIC_REPRESENTATION_CONTEXT(3) 
GLOBAL_UNCERTAINTY_ASSIGNED_CONTEXT((#12967)) 
GLOBAL_UNIT_ASSIGNED_CONTEXT((#12964,#12965,#12966)) 
REPRESENTATION_CONTEXT('Context #1',
  '3D Context with UNIT and UNCERTAINTY') );
#12964 = ( LENGTH_UNIT() NAMED_UNIT(*) SI_UNIT(.MILLI.,.METRE.) );
#12965 = ( NAMED_UNIT(*) PLANE_ANGLE_UNIT() SI_UNIT($,.RADIAN.) );
#12966 = ( NAMED_UNIT(*) SI_UNIT($,.STERADIAN.) SOLID_ANGLE_UNIT() );
#12967 = UNCERTAINTY_MEASURE_WITH_UNIT(LENGTH_MEASURE(1.E-07),#12964,
  'distance_accuracy_value','confusion accuracy');
#12968 = CONTEXT_DEPENDENT_SHAPE_REPRESENTATION(#12969,#12971);
#12969 = ( REPRESENTATION_RELATIONSHIP('','',#11095,#10) 
REPRESENTATION_RELATIONSHIP_WITH_TRANSFORMATION(#12970) 
SHAPE_REPRESENTATION_RELATIONSHIP() );
#12970 = ITEM_DEFINED_TRANSFORMATION('','',#11,#79);
#12971 = PRODUCT_DEFINITION_SHAPE('Placement','Placement of an item',
  #12972);
#12972 = NEXT_ASSEMBLY_USAGE_OCCURRENCE('17','BATT1','',#5,#11090,$);
#12973 = PRODUCT_RELATED_PRODUCT_CATEGORY('part',$,(#11092));
#12974 = CONTEXT_DEPENDENT_SHAPE_REPRESENTATION(#12975,#12977);
#12975 = ( REPRESENTATION_RELATIONSHIP('','',#2229,#10) 
REPRESENTATION_RELATIONSHIP_WITH_TRANSFORMATION(#12976) 
SHAPE_REPRESENTATION_RELATIONSHIP() );
#12976 = ITEM_DEFINED_TRANSFORMATION('','',#11,#83);
#12977 = PRODUCT_DEFINITION_SHAPE('Placement','Placement of an item',
  #12978);
#12978 = NEXT_ASSEMBLY_USAGE_OCCURRENCE('18','R7','',#5,#2224,$);
#12979 = CONTEXT_DEPENDENT_SHAPE_REPRESENTATION(#12980,#12982);
#12980 = ( REPRESENTATION_RELATIONSHIP('','',#124,#10) 
REPRESENTATION_RELATIONSHIP_WITH_TRANSFORMATION(#12981) 
SHAPE_REPRESENTATION_RELATIONSHIP() );
#12981 = ITEM_DEFINED_TRANSFORMATION('','',#11,#87);
#12982 = PRODUCT_DEFINITION_SHAPE('Placement','Placement of an item',
  #12983);
#12983 = NEXT_ASSEMBLY_USAGE_OCCURRENCE('19','C4','',#5,#119,$);
#12984 = CONTEXT_DEPENDENT_SHAPE_REPRESENTATION(#12985,#12987);
#12985 = ( REPRESENTATION_RELATIONSHIP('','',#2229,#10) 
REPRESENTATION_RELATIONSHIP_WITH_TRANSFORMATION(#12986) 
SHAPE_REPRESENTATION_RELATIONSHIP() );
#12986 = ITEM_DEFINED_TRANSFORMATION('','',#11,#91);
#12987 = PRODUCT_DEFINITION_SHAPE('Placement','Placement of an item',
  #12988);
#12988 = NEXT_ASSEMBLY_USAGE_OCCURRENCE('20','R4','',#5,#2224,$);
#12989 = CONTEXT_DEPENDENT_SHAPE_REPRESENTATION(#12990,#12992);
#12990 = ( REPRESENTATION_RELATIONSHIP('','',#124,#10) 
REPRESENTATION_RELATIONSHIP_WITH_TRANSFORMATION(#12991) 
SHAPE_REPRESENTATION_RELATIONSHIP() );
#12991 = ITEM_DEFINED_TRANSFORMATION('','',#11,#95);
#12992 = PRODUCT_DEFINITION_SHAPE('Placement','Placement of an item',
  #12993);
#12993 = NEXT_ASSEMBLY_USAGE_OCCURRENCE('21','C5','',#5,#119,$);
#12994 = CONTEXT_DEPENDENT_SHAPE_REPRESENTATION(#12995,#12997);
#12995 = ( REPRESENTATION_RELATIONSHIP('','',#124,#10) 
REPRESENTATION_RELATIONSHIP_WITH_TRANSFORMATION(#12996) 
SHAPE_REPRESENTATION_RELATIONSHIP() );
#12996 = ITEM_DEFINED_TRANSFORMATION('','',#11,#99);
#12997 = PRODUCT_DEFINITION_SHAPE('Placement','Placement of an item',
  #12998);
#12998 = NEXT_ASSEMBLY_USAGE_OCCURRENCE('22','C2','',#5,#119,$);
#12999 = CONTEXT_DEPENDENT_SHAPE_REPRESENTATION(#13000,#13002);
#13000 = ( REPRESENTATION_RELATIONSHIP('','',#3847,#10) 
REPRESENTATION_RELATIONSHIP_WITH_TRANSFORMATION(#13001) 
SHAPE_REPRESENTATION_RELATIONSHIP() );
#13001 = ITEM_DEFINED_TRANSFORMATION('','',#11,#103);
#13002 = PRODUCT_DEFINITION_SHAPE('Placement','Placement of an item',
  #13003);
#13003 = NEXT_ASSEMBLY_USAGE_OCCURRENCE('23','D3','',#5,#3842,$);
#13004 = SHAPE_DEFINITION_REPRESENTATION(#13005,#13011);
#13005 = PRODUCT_DEFINITION_SHAPE('','',#13006);
#13006 = PRODUCT_DEFINITION('design','',#13007,#13010);
#13007 = PRODUCT_DEFINITION_FORMATION('','',#13008);
#13008 = PRODUCT('lux_et_portabilis_PCB','lux_et_portabilis_PCB','',(
    #13009));
#13009 = PRODUCT_CONTEXT('',#2,'mechanical');
#13010 = PRODUCT_DEFINITION_CONTEXT('part definition',#2,'design');
#13011 = ADVANCED_BREP_SHAPE_REPRESENTATION('',(#11,#13012),#14822);
#13012 = MANIFOLD_SOLID_BREP('',#13013);
#13013 = CLOSED_SHELL('',(#13014,#13056,#13087,#13118,#13590,#14062,
    #14079,#14096,#14113,#14130,#14147,#14164,#14181,#14198,#14215,
    #14232,#14249,#14266,#14278,#14295,#14312,#14329,#14346,#14363,
    #14380,#14397,#14414,#14431,#14448,#14465,#14482,#14499,#14516,
    #14533,#14550,#14567,#14584,#14601,#14618,#14635,#14652,#14669,
    #14686,#14703,#14720,#14737,#14754,#14771,#14788,#14805));
#13014 = ADVANCED_FACE('',(#13015),#13051,.T.);
#13015 = FACE_BOUND('',#13016,.T.);
#13016 = EDGE_LOOP('',(#13017,#13027,#13036,#13044));
#13017 = ORIENTED_EDGE('',*,*,#13018,.T.);
#13018 = EDGE_CURVE('',#13019,#13021,#13023,.T.);
#13019 = VERTEX_POINT('',#13020);
#13020 = CARTESIAN_POINT('',(53.,5.,0.));
#13021 = VERTEX_POINT('',#13022);
#13022 = CARTESIAN_POINT('',(53.,5.,1.51));
#13023 = LINE('',#13024,#13025);
#13024 = CARTESIAN_POINT('',(53.,5.,0.));
#13025 = VECTOR('',#13026,1.);
#13026 = DIRECTION('',(0.,0.,1.));
#13027 = ORIENTED_EDGE('',*,*,#13028,.T.);
#13028 = EDGE_CURVE('',#13021,#13029,#13031,.T.);
#13029 = VERTEX_POINT('',#13030);
#13030 = CARTESIAN_POINT('',(58.,7.690286243505E-17,1.51));
#13031 = CIRCLE('',#13032,4.999999678834);
#13032 = AXIS2_PLACEMENT_3D('',#13033,#13034,#13035);
#13033 = CARTESIAN_POINT('',(53.000000321166,3.211656934843E-07,1.51));
#13034 = DIRECTION('',(0.,0.,-1.));
#13035 = DIRECTION('',(-6.423314275614E-08,1.,0.));
#13036 = ORIENTED_EDGE('',*,*,#13037,.F.);
#13037 = EDGE_CURVE('',#13038,#13029,#13040,.T.);
#13038 = VERTEX_POINT('',#13039);
#13039 = CARTESIAN_POINT('',(58.,7.690286243505E-17,0.));
#13040 = LINE('',#13041,#13042);
#13041 = CARTESIAN_POINT('',(58.,7.690286243505E-17,0.));
#13042 = VECTOR('',#13043,1.);
#13043 = DIRECTION('',(0.,0.,1.));
#13044 = ORIENTED_EDGE('',*,*,#13045,.F.);
#13045 = EDGE_CURVE('',#13019,#13038,#13046,.T.);
#13046 = CIRCLE('',#13047,4.999999678834);
#13047 = AXIS2_PLACEMENT_3D('',#13048,#13049,#13050);
#13048 = CARTESIAN_POINT('',(53.000000321166,3.211656934843E-07,0.));
#13049 = DIRECTION('',(0.,0.,-1.));
#13050 = DIRECTION('',(-6.423314275614E-08,1.,0.));
#13051 = CYLINDRICAL_SURFACE('',#13052,4.999999678834);
#13052 = AXIS2_PLACEMENT_3D('',#13053,#13054,#13055);
#13053 = CARTESIAN_POINT('',(53.000000321166,3.211656934843E-07,0.));
#13054 = DIRECTION('',(0.,0.,-1.));
#13055 = DIRECTION('',(-6.423314275614E-08,1.,0.));
#13056 = ADVANCED_FACE('',(#13057),#13082,.T.);
#13057 = FACE_BOUND('',#13058,.T.);
#13058 = EDGE_LOOP('',(#13059,#13069,#13075,#13076));
#13059 = ORIENTED_EDGE('',*,*,#13060,.T.);
#13060 = EDGE_CURVE('',#13061,#13063,#13065,.T.);
#13061 = VERTEX_POINT('',#13062);
#13062 = CARTESIAN_POINT('',(-2.139261087674E-17,5.,0.));
#13063 = VERTEX_POINT('',#13064);
#13064 = CARTESIAN_POINT('',(-2.139261087674E-17,5.,1.51));
#13065 = LINE('',#13066,#13067);
#13066 = CARTESIAN_POINT('',(-2.139261087674E-17,5.,0.));
#13067 = VECTOR('',#13068,1.);
#13068 = DIRECTION('',(0.,0.,1.));
#13069 = ORIENTED_EDGE('',*,*,#13070,.T.);
#13070 = EDGE_CURVE('',#13063,#13021,#13071,.T.);
#13071 = LINE('',#13072,#13073);
#13072 = CARTESIAN_POINT('',(0.,5.,1.51));
#13073 = VECTOR('',#13074,1.);
#13074 = DIRECTION('',(1.,0.,0.));
#13075 = ORIENTED_EDGE('',*,*,#13018,.F.);
#13076 = ORIENTED_EDGE('',*,*,#13077,.F.);
#13077 = EDGE_CURVE('',#13061,#13019,#13078,.T.);
#13078 = LINE('',#13079,#13080);
#13079 = CARTESIAN_POINT('',(0.,5.,0.));
#13080 = VECTOR('',#13081,1.);
#13081 = DIRECTION('',(1.,0.,0.));
#13082 = PLANE('',#13083);
#13083 = AXIS2_PLACEMENT_3D('',#13084,#13085,#13086);
#13084 = CARTESIAN_POINT('',(0.,5.,0.));
#13085 = DIRECTION('',(0.,1.,0.));
#13086 = DIRECTION('',(1.,0.,0.));
#13087 = ADVANCED_FACE('',(#13088),#13113,.T.);
#13088 = FACE_BOUND('',#13089,.T.);
#13089 = EDGE_LOOP('',(#13090,#13091,#13099,#13107));
#13090 = ORIENTED_EDGE('',*,*,#13037,.T.);
#13091 = ORIENTED_EDGE('',*,*,#13092,.T.);
#13092 = EDGE_CURVE('',#13029,#13093,#13095,.T.);
#13093 = VERTEX_POINT('',#13094);
#13094 = CARTESIAN_POINT('',(58.,-33.,1.51));
#13095 = LINE('',#13096,#13097);
#13096 = CARTESIAN_POINT('',(58.,0.,1.51));
#13097 = VECTOR('',#13098,1.);
#13098 = DIRECTION('',(0.,-1.,0.));
#13099 = ORIENTED_EDGE('',*,*,#13100,.F.);
#13100 = EDGE_CURVE('',#13101,#13093,#13103,.T.);
#13101 = VERTEX_POINT('',#13102);
#13102 = CARTESIAN_POINT('',(58.,-33.,0.));
#13103 = LINE('',#13104,#13105);
#13104 = CARTESIAN_POINT('',(58.,-33.,0.));
#13105 = VECTOR('',#13106,1.);
#13106 = DIRECTION('',(0.,0.,1.));
#13107 = ORIENTED_EDGE('',*,*,#13108,.F.);
#13108 = EDGE_CURVE('',#13038,#13101,#13109,.T.);
#13109 = LINE('',#13110,#13111);
#13110 = CARTESIAN_POINT('',(58.,-0.,0.));
#13111 = VECTOR('',#13112,1.);
#13112 = DIRECTION('',(0.,-1.,0.));
#13113 = PLANE('',#13114);
#13114 = AXIS2_PLACEMENT_3D('',#13115,#13116,#13117);
#13115 = CARTESIAN_POINT('',(58.,-0.,0.));
#13116 = DIRECTION('',(1.,0.,-0.));
#13117 = DIRECTION('',(0.,-1.,0.));
#13118 = ADVANCED_FACE('',(#13119,#13233,#13244,#13255,#13266,#13277,
    #13288,#13299,#13310,#13321,#13332,#13343,#13354,#13365,#13376,
    #13387,#13398,#13409,#13420,#13431,#13442,#13453,#13464,#13475,
    #13486,#13497,#13508,#13519,#13530,#13541,#13552,#13563,#13574),
  #13585,.F.);
#13119 = FACE_BOUND('',#13120,.F.);
#13120 = EDGE_LOOP('',(#13121,#13122,#13123,#13132,#13140,#13149,#13157,
    #13166,#13174,#13183,#13191,#13200,#13208,#13217,#13225,#13232));
#13121 = ORIENTED_EDGE('',*,*,#13045,.F.);
#13122 = ORIENTED_EDGE('',*,*,#13077,.F.);
#13123 = ORIENTED_EDGE('',*,*,#13124,.F.);
#13124 = EDGE_CURVE('',#13125,#13061,#13127,.T.);
#13125 = VERTEX_POINT('',#13126);
#13126 = CARTESIAN_POINT('',(-5.,-5.293955920339E-23,0.));
#13127 = CIRCLE('',#13128,4.999999678834);
#13128 = AXIS2_PLACEMENT_3D('',#13129,#13130,#13131);
#13129 = CARTESIAN_POINT('',(-3.211657004787E-07,3.211657004787E-07,0.)
  );
#13130 = DIRECTION('',(0.,0.,-1.));
#13131 = DIRECTION('',(-1.,-6.423314422163E-08,-0.));
#13132 = ORIENTED_EDGE('',*,*,#13133,.F.);
#13133 = EDGE_CURVE('',#13134,#13125,#13136,.T.);
#13134 = VERTEX_POINT('',#13135);
#13135 = CARTESIAN_POINT('',(-5.,-33.,0.));
#13136 = LINE('',#13137,#13138);
#13137 = CARTESIAN_POINT('',(-5.,-33.,0.));
#13138 = VECTOR('',#13139,1.);
#13139 = DIRECTION('',(0.,1.,0.));
#13140 = ORIENTED_EDGE('',*,*,#13141,.F.);
#13141 = EDGE_CURVE('',#13142,#13134,#13144,.T.);
#13142 = VERTEX_POINT('',#13143);
#13143 = CARTESIAN_POINT('',(5.293955920339E-23,-38.,0.));
#13144 = CIRCLE('',#13145,4.999999678834);
#13145 = AXIS2_PLACEMENT_3D('',#13146,#13147,#13148);
#13146 = CARTESIAN_POINT('',(-3.21165696926E-07,-33.00000032116,0.));
#13147 = DIRECTION('',(0.,0.,-1.));
#13148 = DIRECTION('',(6.423314351109E-08,-1.,0.));
#13149 = ORIENTED_EDGE('',*,*,#13150,.F.);
#13150 = EDGE_CURVE('',#13151,#13142,#13153,.T.);
#13151 = VERTEX_POINT('',#13152);
#13152 = CARTESIAN_POINT('',(26.4,-38.,0.));
#13153 = LINE('',#13154,#13155);
#13154 = CARTESIAN_POINT('',(26.4,-38.,0.));
#13155 = VECTOR('',#13156,1.);
#13156 = DIRECTION('',(-1.,0.,0.));
#13157 = ORIENTED_EDGE('',*,*,#13158,.F.);
#13158 = EDGE_CURVE('',#13159,#13151,#13161,.T.);
#13159 = VERTEX_POINT('',#13160);
#13160 = CARTESIAN_POINT('',(28.4,-36.,0.));
#13161 = CIRCLE('',#13162,1.99999850585);
#13162 = AXIS2_PLACEMENT_3D('',#13163,#13164,#13165);
#13163 = CARTESIAN_POINT('',(26.40000149415,-36.00000149415,0.));
#13164 = DIRECTION('',(0.,0.,-1.));
#13165 = DIRECTION('',(1.,7.470757420593E-07,0.));
#13166 = ORIENTED_EDGE('',*,*,#13167,.F.);
#13167 = EDGE_CURVE('',#13168,#13159,#13170,.T.);
#13168 = VERTEX_POINT('',#13169);
#13169 = CARTESIAN_POINT('',(28.4,-13.,0.));
#13170 = LINE('',#13171,#13172);
#13171 = CARTESIAN_POINT('',(28.4,-13.,0.));
#13172 = VECTOR('',#13173,1.);
#13173 = DIRECTION('',(0.,-1.,0.));
#13174 = ORIENTED_EDGE('',*,*,#13175,.F.);
#13175 = EDGE_CURVE('',#13176,#13168,#13178,.T.);
#13176 = VERTEX_POINT('',#13177);
#13177 = CARTESIAN_POINT('',(29.4,-12.,0.));
#13178 = CIRCLE('',#13179,0.999999252925);
#13179 = AXIS2_PLACEMENT_3D('',#13180,#13181,#13182);
#13180 = CARTESIAN_POINT('',(29.399999252925,-12.99999925292,0.));
#13181 = DIRECTION('',(0.,0.,1.));
#13182 = DIRECTION('',(7.470757349539E-07,1.,-0.));
#13183 = ORIENTED_EDGE('',*,*,#13184,.F.);
#13184 = EDGE_CURVE('',#13185,#13176,#13187,.T.);
#13185 = VERTEX_POINT('',#13186);
#13186 = CARTESIAN_POINT('',(37.7,-12.,0.));
#13187 = LINE('',#13188,#13189);
#13188 = CARTESIAN_POINT('',(37.7,-12.,0.));
#13189 = VECTOR('',#13190,1.);
#13190 = DIRECTION('',(-1.,0.,0.));
#13191 = ORIENTED_EDGE('',*,*,#13192,.F.);
#13192 = EDGE_CURVE('',#13193,#13185,#13195,.T.);
#13193 = VERTEX_POINT('',#13194);
#13194 = CARTESIAN_POINT('',(38.7,-13.,0.));
#13195 = CIRCLE('',#13196,0.999999252925);
#13196 = AXIS2_PLACEMENT_3D('',#13197,#13198,#13199);
#13197 = CARTESIAN_POINT('',(37.700000747075,-12.99999925292,0.));
#13198 = DIRECTION('',(0.,0.,1.));
#13199 = DIRECTION('',(1.,-7.470757438357E-07,0.));
#13200 = ORIENTED_EDGE('',*,*,#13201,.F.);
#13201 = EDGE_CURVE('',#13202,#13193,#13204,.T.);
#13202 = VERTEX_POINT('',#13203);
#13203 = CARTESIAN_POINT('',(38.7,-36.,0.));
#13204 = LINE('',#13205,#13206);
#13205 = CARTESIAN_POINT('',(38.7,-36.,0.));
#13206 = VECTOR('',#13207,1.);
#13207 = DIRECTION('',(0.,1.,0.));
#13208 = ORIENTED_EDGE('',*,*,#13209,.F.);
#13209 = EDGE_CURVE('',#13210,#13202,#13212,.T.);
#13210 = VERTEX_POINT('',#13211);
#13211 = CARTESIAN_POINT('',(40.7,-38.,0.));
#13212 = CIRCLE('',#13213,1.99999850585);
#13213 = AXIS2_PLACEMENT_3D('',#13214,#13215,#13216);
#13214 = CARTESIAN_POINT('',(40.69999850585,-36.00000149415,0.));
#13215 = DIRECTION('',(0.,0.,-1.));
#13216 = DIRECTION('',(7.470757420593E-07,-1.,0.));
#13217 = ORIENTED_EDGE('',*,*,#13218,.F.);
#13218 = EDGE_CURVE('',#13219,#13210,#13221,.T.);
#13219 = VERTEX_POINT('',#13220);
#13220 = CARTESIAN_POINT('',(53.,-38.,0.));
#13221 = LINE('',#13222,#13223);
#13222 = CARTESIAN_POINT('',(53.,-38.,0.));
#13223 = VECTOR('',#13224,1.);
#13224 = DIRECTION('',(-1.,0.,0.));
#13225 = ORIENTED_EDGE('',*,*,#13226,.F.);
#13226 = EDGE_CURVE('',#13101,#13219,#13227,.T.);
#13227 = CIRCLE('',#13228,4.999999678834);
#13228 = AXIS2_PLACEMENT_3D('',#13229,#13230,#13231);
#13229 = CARTESIAN_POINT('',(53.000000321166,-33.00000032116,0.));
#13230 = DIRECTION('',(0.,0.,-1.));
#13231 = DIRECTION('',(1.,6.423314275614E-08,0.));
#13232 = ORIENTED_EDGE('',*,*,#13108,.F.);
#13233 = FACE_BOUND('',#13234,.F.);
#13234 = EDGE_LOOP('',(#13235));
#13235 = ORIENTED_EDGE('',*,*,#13236,.T.);
#13236 = EDGE_CURVE('',#13237,#13237,#13239,.T.);
#13237 = VERTEX_POINT('',#13238);
#13238 = CARTESIAN_POINT('',(-6.162975822039E-32,-34.6,0.));
#13239 = CIRCLE('',#13240,1.6);
#13240 = AXIS2_PLACEMENT_3D('',#13241,#13242,#13243);
#13241 = CARTESIAN_POINT('',(-1.110223024625E-16,-33.,0.));
#13242 = DIRECTION('',(-0.,0.,-1.));
#13243 = DIRECTION('',(6.938893903907E-17,-1.,-0.));
#13244 = FACE_BOUND('',#13245,.F.);
#13245 = EDGE_LOOP('',(#13246));
#13246 = ORIENTED_EDGE('',*,*,#13247,.T.);
#13247 = EDGE_CURVE('',#13248,#13248,#13250,.T.);
#13248 = VERTEX_POINT('',#13249);
#13249 = CARTESIAN_POINT('',(2.9,-26.595,0.));
#13250 = CIRCLE('',#13251,0.595);
#13251 = AXIS2_PLACEMENT_3D('',#13252,#13253,#13254);
#13252 = CARTESIAN_POINT('',(2.9,-26.,0.));
#13253 = DIRECTION('',(-0.,0.,-1.));
#13254 = DIRECTION('',(-7.463684199161E-16,-1.,0.));
#13255 = FACE_BOUND('',#13256,.F.);
#13256 = EDGE_LOOP('',(#13257));
#13257 = ORIENTED_EDGE('',*,*,#13258,.T.);
#13258 = EDGE_CURVE('',#13259,#13259,#13261,.T.);
#13259 = VERTEX_POINT('',#13260);
#13260 = CARTESIAN_POINT('',(25.76,-33.75,0.));
#13261 = CIRCLE('',#13262,0.45);
#13262 = AXIS2_PLACEMENT_3D('',#13263,#13264,#13265);
#13263 = CARTESIAN_POINT('',(25.76,-33.3,0.));
#13264 = DIRECTION('',(-0.,0.,-1.));
#13265 = DIRECTION('',(7.894919286223E-15,-1.,-0.));
#13266 = FACE_BOUND('',#13267,.F.);
#13267 = EDGE_LOOP('',(#13268));
#13268 = ORIENTED_EDGE('',*,*,#13269,.T.);
#13269 = EDGE_CURVE('',#13270,#13270,#13272,.T.);
#13270 = VERTEX_POINT('',#13271);
#13271 = CARTESIAN_POINT('',(25.76,-31.21,0.));
#13272 = CIRCLE('',#13273,0.45);
#13273 = AXIS2_PLACEMENT_3D('',#13274,#13275,#13276);
#13274 = CARTESIAN_POINT('',(25.76,-30.76,0.));
#13275 = DIRECTION('',(-0.,0.,-1.));
#13276 = DIRECTION('',(7.894919286223E-15,-1.,-0.));
#13277 = FACE_BOUND('',#13278,.F.);
#13278 = EDGE_LOOP('',(#13279));
#13279 = ORIENTED_EDGE('',*,*,#13280,.T.);
#13280 = EDGE_CURVE('',#13281,#13281,#13283,.T.);
#13281 = VERTEX_POINT('',#13282);
#13282 = CARTESIAN_POINT('',(25.76,-28.67,0.));
#13283 = CIRCLE('',#13284,0.45);
#13284 = AXIS2_PLACEMENT_3D('',#13285,#13286,#13287);
#13285 = CARTESIAN_POINT('',(25.76,-28.22,0.));
#13286 = DIRECTION('',(-0.,0.,-1.));
#13287 = DIRECTION('',(7.894919286223E-15,-1.,-0.));
#13288 = FACE_BOUND('',#13289,.F.);
#13289 = EDGE_LOOP('',(#13290));
#13290 = ORIENTED_EDGE('',*,*,#13291,.T.);
#13291 = EDGE_CURVE('',#13292,#13292,#13294,.T.);
#13292 = VERTEX_POINT('',#13293);
#13293 = CARTESIAN_POINT('',(25.76,-26.13,0.));
#13294 = CIRCLE('',#13295,0.45);
#13295 = AXIS2_PLACEMENT_3D('',#13296,#13297,#13298);
#13296 = CARTESIAN_POINT('',(25.76,-25.68,0.));
#13297 = DIRECTION('',(-0.,0.,-1.));
#13298 = DIRECTION('',(7.894919286223E-15,-1.,-0.));
#13299 = FACE_BOUND('',#13300,.F.);
#13300 = EDGE_LOOP('',(#13301));
#13301 = ORIENTED_EDGE('',*,*,#13302,.T.);
#13302 = EDGE_CURVE('',#13303,#13303,#13305,.T.);
#13303 = VERTEX_POINT('',#13304);
#13304 = CARTESIAN_POINT('',(2.9,-24.055,0.));
#13305 = CIRCLE('',#13306,0.595);
#13306 = AXIS2_PLACEMENT_3D('',#13307,#13308,#13309);
#13307 = CARTESIAN_POINT('',(2.9,-23.46,0.));
#13308 = DIRECTION('',(-0.,0.,-1.));
#13309 = DIRECTION('',(-7.463684199161E-16,-1.,0.));
#13310 = FACE_BOUND('',#13311,.F.);
#13311 = EDGE_LOOP('',(#13312));
#13312 = ORIENTED_EDGE('',*,*,#13313,.T.);
#13313 = EDGE_CURVE('',#13314,#13314,#13316,.T.);
#13314 = VERTEX_POINT('',#13315);
#13315 = CARTESIAN_POINT('',(0.5,-19.8,0.));
#13316 = CIRCLE('',#13317,0.6);
#13317 = AXIS2_PLACEMENT_3D('',#13318,#13319,#13320);
#13318 = CARTESIAN_POINT('',(0.5,-19.2,0.));
#13319 = DIRECTION('',(-0.,0.,-1.));
#13320 = DIRECTION('',(-0.,-1.,0.));
#13321 = FACE_BOUND('',#13322,.F.);
#13322 = EDGE_LOOP('',(#13323));
#13323 = ORIENTED_EDGE('',*,*,#13324,.T.);
#13324 = EDGE_CURVE('',#13325,#13325,#13327,.T.);
#13325 = VERTEX_POINT('',#13326);
#13326 = CARTESIAN_POINT('',(0.5,-17.26,0.));
#13327 = CIRCLE('',#13328,0.6);
#13328 = AXIS2_PLACEMENT_3D('',#13329,#13330,#13331);
#13329 = CARTESIAN_POINT('',(0.5,-16.66,0.));
#13330 = DIRECTION('',(-0.,0.,-1.));
#13331 = DIRECTION('',(-0.,-1.,0.));
#13332 = FACE_BOUND('',#13333,.F.);
#13333 = EDGE_LOOP('',(#13334));
#13334 = ORIENTED_EDGE('',*,*,#13335,.T.);
#13335 = EDGE_CURVE('',#13336,#13336,#13338,.T.);
#13336 = VERTEX_POINT('',#13337);
#13337 = CARTESIAN_POINT('',(25.76,-23.59,0.));
#13338 = CIRCLE('',#13339,0.45);
#13339 = AXIS2_PLACEMENT_3D('',#13340,#13341,#13342);
#13340 = CARTESIAN_POINT('',(25.76,-23.14,0.));
#13341 = DIRECTION('',(-0.,0.,-1.));
#13342 = DIRECTION('',(7.894919286223E-15,-1.,-0.));
#13343 = FACE_BOUND('',#13344,.F.);
#13344 = EDGE_LOOP('',(#13345));
#13345 = ORIENTED_EDGE('',*,*,#13346,.T.);
#13346 = EDGE_CURVE('',#13347,#13347,#13349,.T.);
#13347 = VERTEX_POINT('',#13348);
#13348 = CARTESIAN_POINT('',(25.76,-21.05,0.));
#13349 = CIRCLE('',#13350,0.45);
#13350 = AXIS2_PLACEMENT_3D('',#13351,#13352,#13353);
#13351 = CARTESIAN_POINT('',(25.76,-20.6,0.));
#13352 = DIRECTION('',(-0.,0.,-1.));
#13353 = DIRECTION('',(7.894919286223E-15,-1.,-0.));
#13354 = FACE_BOUND('',#13355,.F.);
#13355 = EDGE_LOOP('',(#13356));
#13356 = ORIENTED_EDGE('',*,*,#13357,.T.);
#13357 = EDGE_CURVE('',#13358,#13358,#13360,.T.);
#13358 = VERTEX_POINT('',#13359);
#13359 = CARTESIAN_POINT('',(25.76,-18.51,0.));
#13360 = CIRCLE('',#13361,0.45);
#13361 = AXIS2_PLACEMENT_3D('',#13362,#13363,#13364);
#13362 = CARTESIAN_POINT('',(25.76,-18.06,0.));
#13363 = DIRECTION('',(-0.,0.,-1.));
#13364 = DIRECTION('',(7.894919286223E-15,-1.,-0.));
#13365 = FACE_BOUND('',#13366,.F.);
#13366 = EDGE_LOOP('',(#13367));
#13367 = ORIENTED_EDGE('',*,*,#13368,.T.);
#13368 = EDGE_CURVE('',#13369,#13369,#13371,.T.);
#13369 = VERTEX_POINT('',#13370);
#13370 = CARTESIAN_POINT('',(41.,-33.75,0.));
#13371 = CIRCLE('',#13372,0.45);
#13372 = AXIS2_PLACEMENT_3D('',#13373,#13374,#13375);
#13373 = CARTESIAN_POINT('',(41.,-33.3,0.));
#13374 = DIRECTION('',(-0.,0.,-1.));
#13375 = DIRECTION('',(-0.,-1.,0.));
#13376 = FACE_BOUND('',#13377,.F.);
#13377 = EDGE_LOOP('',(#13378));
#13378 = ORIENTED_EDGE('',*,*,#13379,.T.);
#13379 = EDGE_CURVE('',#13380,#13380,#13382,.T.);
#13380 = VERTEX_POINT('',#13381);
#13381 = CARTESIAN_POINT('',(41.,-31.21,0.));
#13382 = CIRCLE('',#13383,0.45);
#13383 = AXIS2_PLACEMENT_3D('',#13384,#13385,#13386);
#13384 = CARTESIAN_POINT('',(41.,-30.76,0.));
#13385 = DIRECTION('',(-0.,0.,-1.));
#13386 = DIRECTION('',(-0.,-1.,0.));
#13387 = FACE_BOUND('',#13388,.F.);
#13388 = EDGE_LOOP('',(#13389));
#13389 = ORIENTED_EDGE('',*,*,#13390,.T.);
#13390 = EDGE_CURVE('',#13391,#13391,#13393,.T.);
#13391 = VERTEX_POINT('',#13392);
#13392 = CARTESIAN_POINT('',(53.,-34.6,0.));
#13393 = CIRCLE('',#13394,1.6);
#13394 = AXIS2_PLACEMENT_3D('',#13395,#13396,#13397);
#13395 = CARTESIAN_POINT('',(53.,-33.,0.));
#13396 = DIRECTION('',(-0.,0.,-1.));
#13397 = DIRECTION('',(-0.,-1.,0.));
#13398 = FACE_BOUND('',#13399,.F.);
#13399 = EDGE_LOOP('',(#13400));
#13400 = ORIENTED_EDGE('',*,*,#13401,.T.);
#13401 = EDGE_CURVE('',#13402,#13402,#13404,.T.);
#13402 = VERTEX_POINT('',#13403);
#13403 = CARTESIAN_POINT('',(41.,-28.67,0.));
#13404 = CIRCLE('',#13405,0.45);
#13405 = AXIS2_PLACEMENT_3D('',#13406,#13407,#13408);
#13406 = CARTESIAN_POINT('',(41.,-28.22,0.));
#13407 = DIRECTION('',(-0.,0.,-1.));
#13408 = DIRECTION('',(-0.,-1.,0.));
#13409 = FACE_BOUND('',#13410,.F.);
#13410 = EDGE_LOOP('',(#13411));
#13411 = ORIENTED_EDGE('',*,*,#13412,.T.);
#13412 = EDGE_CURVE('',#13413,#13413,#13415,.T.);
#13413 = VERTEX_POINT('',#13414);
#13414 = CARTESIAN_POINT('',(41.,-26.13,0.));
#13415 = CIRCLE('',#13416,0.45);
#13416 = AXIS2_PLACEMENT_3D('',#13417,#13418,#13419);
#13417 = CARTESIAN_POINT('',(41.,-25.68,0.));
#13418 = DIRECTION('',(-0.,0.,-1.));
#13419 = DIRECTION('',(-0.,-1.,0.));
#13420 = FACE_BOUND('',#13421,.F.);
#13421 = EDGE_LOOP('',(#13422));
#13422 = ORIENTED_EDGE('',*,*,#13423,.T.);
#13423 = EDGE_CURVE('',#13424,#13424,#13426,.T.);
#13424 = VERTEX_POINT('',#13425);
#13425 = CARTESIAN_POINT('',(41.,-23.59,0.));
#13426 = CIRCLE('',#13427,0.45);
#13427 = AXIS2_PLACEMENT_3D('',#13428,#13429,#13430);
#13428 = CARTESIAN_POINT('',(41.,-23.14,0.));
#13429 = DIRECTION('',(-0.,0.,-1.));
#13430 = DIRECTION('',(-0.,-1.,0.));
#13431 = FACE_BOUND('',#13432,.F.);
#13432 = EDGE_LOOP('',(#13433));
#13433 = ORIENTED_EDGE('',*,*,#13434,.T.);
#13434 = EDGE_CURVE('',#13435,#13435,#13437,.T.);
#13435 = VERTEX_POINT('',#13436);
#13436 = CARTESIAN_POINT('',(41.,-21.05,0.));
#13437 = CIRCLE('',#13438,0.45);
#13438 = AXIS2_PLACEMENT_3D('',#13439,#13440,#13441);
#13439 = CARTESIAN_POINT('',(41.,-20.6,0.));
#13440 = DIRECTION('',(-0.,0.,-1.));
#13441 = DIRECTION('',(-0.,-1.,0.));
#13442 = FACE_BOUND('',#13443,.F.);
#13443 = EDGE_LOOP('',(#13444));
#13444 = ORIENTED_EDGE('',*,*,#13445,.T.);
#13445 = EDGE_CURVE('',#13446,#13446,#13448,.T.);
#13446 = VERTEX_POINT('',#13447);
#13447 = CARTESIAN_POINT('',(41.,-18.51,0.));
#13448 = CIRCLE('',#13449,0.45);
#13449 = AXIS2_PLACEMENT_3D('',#13450,#13451,#13452);
#13450 = CARTESIAN_POINT('',(41.,-18.06,0.));
#13451 = DIRECTION('',(-0.,0.,-1.));
#13452 = DIRECTION('',(-0.,-1.,0.));
#13453 = FACE_BOUND('',#13454,.F.);
#13454 = EDGE_LOOP('',(#13455));
#13455 = ORIENTED_EDGE('',*,*,#13456,.T.);
#13456 = EDGE_CURVE('',#13457,#13457,#13459,.T.);
#13457 = VERTEX_POINT('',#13458);
#13458 = CARTESIAN_POINT('',(0.5,-14.72,0.));
#13459 = CIRCLE('',#13460,0.6);
#13460 = AXIS2_PLACEMENT_3D('',#13461,#13462,#13463);
#13461 = CARTESIAN_POINT('',(0.5,-14.12,0.));
#13462 = DIRECTION('',(-0.,0.,-1.));
#13463 = DIRECTION('',(-0.,-1.,0.));
#13464 = FACE_BOUND('',#13465,.F.);
#13465 = EDGE_LOOP('',(#13466));
#13466 = ORIENTED_EDGE('',*,*,#13467,.T.);
#13467 = EDGE_CURVE('',#13468,#13468,#13470,.T.);
#13468 = VERTEX_POINT('',#13469);
#13469 = CARTESIAN_POINT('',(25.76,-15.97,0.));
#13470 = CIRCLE('',#13471,0.45);
#13471 = AXIS2_PLACEMENT_3D('',#13472,#13473,#13474);
#13472 = CARTESIAN_POINT('',(25.76,-15.52,0.));
#13473 = DIRECTION('',(-0.,0.,-1.));
#13474 = DIRECTION('',(7.894919286223E-15,-1.,-0.));
#13475 = FACE_BOUND('',#13476,.F.);
#13476 = EDGE_LOOP('',(#13477));
#13477 = ORIENTED_EDGE('',*,*,#13478,.T.);
#13478 = EDGE_CURVE('',#13479,#13479,#13481,.T.);
#13479 = VERTEX_POINT('',#13480);
#13480 = CARTESIAN_POINT('',(0.,-1.6,0.));
#13481 = CIRCLE('',#13482,1.6);
#13482 = AXIS2_PLACEMENT_3D('',#13483,#13484,#13485);
#13483 = CARTESIAN_POINT('',(-1.665334536938E-16,2.775557561563E-16,0.)
  );
#13484 = DIRECTION('',(-0.,0.,-1.));
#13485 = DIRECTION('',(1.040834085586E-16,-1.,-0.));
#13486 = FACE_BOUND('',#13487,.F.);
#13487 = EDGE_LOOP('',(#13488));
#13488 = ORIENTED_EDGE('',*,*,#13489,.T.);
#13489 = EDGE_CURVE('',#13490,#13490,#13492,.T.);
#13490 = VERTEX_POINT('',#13491);
#13491 = CARTESIAN_POINT('',(6.6,-0.5,0.));
#13492 = CIRCLE('',#13493,0.6);
#13493 = AXIS2_PLACEMENT_3D('',#13494,#13495,#13496);
#13494 = CARTESIAN_POINT('',(6.6,0.1,0.));
#13495 = DIRECTION('',(-0.,0.,-1.));
#13496 = DIRECTION('',(-0.,-1.,0.));
#13497 = FACE_BOUND('',#13498,.F.);
#13498 = EDGE_LOOP('',(#13499));
#13499 = ORIENTED_EDGE('',*,*,#13500,.T.);
#13500 = EDGE_CURVE('',#13501,#13501,#13503,.T.);
#13501 = VERTEX_POINT('',#13502);
#13502 = CARTESIAN_POINT('',(9.14,-0.5,0.));
#13503 = CIRCLE('',#13504,0.6);
#13504 = AXIS2_PLACEMENT_3D('',#13505,#13506,#13507);
#13505 = CARTESIAN_POINT('',(9.14,0.1,0.));
#13506 = DIRECTION('',(-0.,0.,-1.));
#13507 = DIRECTION('',(-0.,-1.,0.));
#13508 = FACE_BOUND('',#13509,.F.);
#13509 = EDGE_LOOP('',(#13510));
#13510 = ORIENTED_EDGE('',*,*,#13511,.T.);
#13511 = EDGE_CURVE('',#13512,#13512,#13514,.T.);
#13512 = VERTEX_POINT('',#13513);
#13513 = CARTESIAN_POINT('',(11.68,-0.5,0.));
#13514 = CIRCLE('',#13515,0.6);
#13515 = AXIS2_PLACEMENT_3D('',#13516,#13517,#13518);
#13516 = CARTESIAN_POINT('',(11.68,0.1,0.));
#13517 = DIRECTION('',(-0.,0.,-1.));
#13518 = DIRECTION('',(-0.,-1.,0.));
#13519 = FACE_BOUND('',#13520,.F.);
#13520 = EDGE_LOOP('',(#13521));
#13521 = ORIENTED_EDGE('',*,*,#13522,.T.);
#13522 = EDGE_CURVE('',#13523,#13523,#13525,.T.);
#13523 = VERTEX_POINT('',#13524);
#13524 = CARTESIAN_POINT('',(28.5,-10.1,0.));
#13525 = CIRCLE('',#13526,0.5);
#13526 = AXIS2_PLACEMENT_3D('',#13527,#13528,#13529);
#13527 = CARTESIAN_POINT('',(28.5,-9.6,0.));
#13528 = DIRECTION('',(-0.,0.,-1.));
#13529 = DIRECTION('',(-0.,-1.,0.));
#13530 = FACE_BOUND('',#13531,.F.);
#13531 = EDGE_LOOP('',(#13532));
#13532 = ORIENTED_EDGE('',*,*,#13533,.T.);
#13533 = EDGE_CURVE('',#13534,#13534,#13536,.T.);
#13534 = VERTEX_POINT('',#13535);
#13535 = CARTESIAN_POINT('',(31.04,-10.1,0.));
#13536 = CIRCLE('',#13537,0.5);
#13537 = AXIS2_PLACEMENT_3D('',#13538,#13539,#13540);
#13538 = CARTESIAN_POINT('',(31.04,-9.6,0.));
#13539 = DIRECTION('',(-0.,0.,-1.));
#13540 = DIRECTION('',(-0.,-1.,0.));
#13541 = FACE_BOUND('',#13542,.F.);
#13542 = EDGE_LOOP('',(#13543));
#13543 = ORIENTED_EDGE('',*,*,#13544,.T.);
#13544 = EDGE_CURVE('',#13545,#13545,#13547,.T.);
#13545 = VERTEX_POINT('',#13546);
#13546 = CARTESIAN_POINT('',(33.58,-10.1,0.));
#13547 = CIRCLE('',#13548,0.5);
#13548 = AXIS2_PLACEMENT_3D('',#13549,#13550,#13551);
#13549 = CARTESIAN_POINT('',(33.58,-9.6,0.));
#13550 = DIRECTION('',(-0.,0.,-1.));
#13551 = DIRECTION('',(-0.,-1.,0.));
#13552 = FACE_BOUND('',#13553,.F.);
#13553 = EDGE_LOOP('',(#13554));
#13554 = ORIENTED_EDGE('',*,*,#13555,.T.);
#13555 = EDGE_CURVE('',#13556,#13556,#13558,.T.);
#13556 = VERTEX_POINT('',#13557);
#13557 = CARTESIAN_POINT('',(36.12,-10.1,0.));
#13558 = CIRCLE('',#13559,0.5);
#13559 = AXIS2_PLACEMENT_3D('',#13560,#13561,#13562);
#13560 = CARTESIAN_POINT('',(36.12,-9.6,0.));
#13561 = DIRECTION('',(-0.,0.,-1.));
#13562 = DIRECTION('',(-0.,-1.,0.));
#13563 = FACE_BOUND('',#13564,.F.);
#13564 = EDGE_LOOP('',(#13565));
#13565 = ORIENTED_EDGE('',*,*,#13566,.T.);
#13566 = EDGE_CURVE('',#13567,#13567,#13569,.T.);
#13567 = VERTEX_POINT('',#13568);
#13568 = CARTESIAN_POINT('',(41.,-15.97,0.));
#13569 = CIRCLE('',#13570,0.45);
#13570 = AXIS2_PLACEMENT_3D('',#13571,#13572,#13573);
#13571 = CARTESIAN_POINT('',(41.,-15.52,0.));
#13572 = DIRECTION('',(-0.,0.,-1.));
#13573 = DIRECTION('',(-0.,-1.,0.));
#13574 = FACE_BOUND('',#13575,.F.);
#13575 = EDGE_LOOP('',(#13576));
#13576 = ORIENTED_EDGE('',*,*,#13577,.T.);
#13577 = EDGE_CURVE('',#13578,#13578,#13580,.T.);
#13578 = VERTEX_POINT('',#13579);
#13579 = CARTESIAN_POINT('',(53.,-1.6,0.));
#13580 = CIRCLE('',#13581,1.6);
#13581 = AXIS2_PLACEMENT_3D('',#13582,#13583,#13584);
#13582 = CARTESIAN_POINT('',(53.,-1.720845688169E-15,0.));
#13583 = DIRECTION('',(-0.,0.,-1.));
#13584 = DIRECTION('',(-0.,-1.,0.));
#13585 = PLANE('',#13586);
#13586 = AXIS2_PLACEMENT_3D('',#13587,#13588,#13589);
#13587 = CARTESIAN_POINT('',(0.,0.,0.));
#13588 = DIRECTION('',(0.,0.,1.));
#13589 = DIRECTION('',(1.,0.,-0.));
#13590 = ADVANCED_FACE('',(#13591,#13705,#13716,#13727,#13738,#13749,
    #13760,#13771,#13782,#13793,#13804,#13815,#13826,#13837,#13848,
    #13859,#13870,#13881,#13892,#13903,#13914,#13925,#13936,#13947,
    #13958,#13969,#13980,#13991,#14002,#14013,#14024,#14035,#14046),
  #14057,.T.);
#13591 = FACE_BOUND('',#13592,.T.);
#13592 = EDGE_LOOP('',(#13593,#13594,#13595,#13604,#13612,#13621,#13629,
    #13638,#13646,#13655,#13663,#13672,#13680,#13689,#13697,#13704));
#13593 = ORIENTED_EDGE('',*,*,#13028,.F.);
#13594 = ORIENTED_EDGE('',*,*,#13070,.F.);
#13595 = ORIENTED_EDGE('',*,*,#13596,.F.);
#13596 = EDGE_CURVE('',#13597,#13063,#13599,.T.);
#13597 = VERTEX_POINT('',#13598);
#13598 = CARTESIAN_POINT('',(-5.,-5.293955920339E-23,1.51));
#13599 = CIRCLE('',#13600,4.999999678834);
#13600 = AXIS2_PLACEMENT_3D('',#13601,#13602,#13603);
#13601 = CARTESIAN_POINT('',(-3.211657004787E-07,3.211657004787E-07,1.51
    ));
#13602 = DIRECTION('',(0.,0.,-1.));
#13603 = DIRECTION('',(-1.,-6.423314422163E-08,-0.));
#13604 = ORIENTED_EDGE('',*,*,#13605,.F.);
#13605 = EDGE_CURVE('',#13606,#13597,#13608,.T.);
#13606 = VERTEX_POINT('',#13607);
#13607 = CARTESIAN_POINT('',(-5.,-33.,1.51));
#13608 = LINE('',#13609,#13610);
#13609 = CARTESIAN_POINT('',(-5.,-33.,1.51));
#13610 = VECTOR('',#13611,1.);
#13611 = DIRECTION('',(0.,1.,0.));
#13612 = ORIENTED_EDGE('',*,*,#13613,.F.);
#13613 = EDGE_CURVE('',#13614,#13606,#13616,.T.);
#13614 = VERTEX_POINT('',#13615);
#13615 = CARTESIAN_POINT('',(5.293955920339E-23,-38.,1.51));
#13616 = CIRCLE('',#13617,4.999999678834);
#13617 = AXIS2_PLACEMENT_3D('',#13618,#13619,#13620);
#13618 = CARTESIAN_POINT('',(-3.21165696926E-07,-33.00000032116,1.51));
#13619 = DIRECTION('',(0.,0.,-1.));
#13620 = DIRECTION('',(6.423314351109E-08,-1.,0.));
#13621 = ORIENTED_EDGE('',*,*,#13622,.F.);
#13622 = EDGE_CURVE('',#13623,#13614,#13625,.T.);
#13623 = VERTEX_POINT('',#13624);
#13624 = CARTESIAN_POINT('',(26.4,-38.,1.51));
#13625 = LINE('',#13626,#13627);
#13626 = CARTESIAN_POINT('',(26.4,-38.,1.51));
#13627 = VECTOR('',#13628,1.);
#13628 = DIRECTION('',(-1.,0.,0.));
#13629 = ORIENTED_EDGE('',*,*,#13630,.F.);
#13630 = EDGE_CURVE('',#13631,#13623,#13633,.T.);
#13631 = VERTEX_POINT('',#13632);
#13632 = CARTESIAN_POINT('',(28.4,-36.,1.51));
#13633 = CIRCLE('',#13634,1.99999850585);
#13634 = AXIS2_PLACEMENT_3D('',#13635,#13636,#13637);
#13635 = CARTESIAN_POINT('',(26.40000149415,-36.00000149415,1.51));
#13636 = DIRECTION('',(0.,0.,-1.));
#13637 = DIRECTION('',(1.,7.470757420593E-07,0.));
#13638 = ORIENTED_EDGE('',*,*,#13639,.F.);
#13639 = EDGE_CURVE('',#13640,#13631,#13642,.T.);
#13640 = VERTEX_POINT('',#13641);
#13641 = CARTESIAN_POINT('',(28.4,-13.,1.51));
#13642 = LINE('',#13643,#13644);
#13643 = CARTESIAN_POINT('',(28.4,-13.,1.51));
#13644 = VECTOR('',#13645,1.);
#13645 = DIRECTION('',(0.,-1.,0.));
#13646 = ORIENTED_EDGE('',*,*,#13647,.F.);
#13647 = EDGE_CURVE('',#13648,#13640,#13650,.T.);
#13648 = VERTEX_POINT('',#13649);
#13649 = CARTESIAN_POINT('',(29.4,-12.,1.51));
#13650 = CIRCLE('',#13651,0.999999252925);
#13651 = AXIS2_PLACEMENT_3D('',#13652,#13653,#13654);
#13652 = CARTESIAN_POINT('',(29.399999252925,-12.99999925292,1.51));
#13653 = DIRECTION('',(0.,0.,1.));
#13654 = DIRECTION('',(7.470757349539E-07,1.,-0.));
#13655 = ORIENTED_EDGE('',*,*,#13656,.F.);
#13656 = EDGE_CURVE('',#13657,#13648,#13659,.T.);
#13657 = VERTEX_POINT('',#13658);
#13658 = CARTESIAN_POINT('',(37.7,-12.,1.51));
#13659 = LINE('',#13660,#13661);
#13660 = CARTESIAN_POINT('',(37.7,-12.,1.51));
#13661 = VECTOR('',#13662,1.);
#13662 = DIRECTION('',(-1.,0.,0.));
#13663 = ORIENTED_EDGE('',*,*,#13664,.F.);
#13664 = EDGE_CURVE('',#13665,#13657,#13667,.T.);
#13665 = VERTEX_POINT('',#13666);
#13666 = CARTESIAN_POINT('',(38.7,-13.,1.51));
#13667 = CIRCLE('',#13668,0.999999252925);
#13668 = AXIS2_PLACEMENT_3D('',#13669,#13670,#13671);
#13669 = CARTESIAN_POINT('',(37.700000747075,-12.99999925292,1.51));
#13670 = DIRECTION('',(0.,0.,1.));
#13671 = DIRECTION('',(1.,-7.470757438357E-07,0.));
#13672 = ORIENTED_EDGE('',*,*,#13673,.F.);
#13673 = EDGE_CURVE('',#13674,#13665,#13676,.T.);
#13674 = VERTEX_POINT('',#13675);
#13675 = CARTESIAN_POINT('',(38.7,-36.,1.51));
#13676 = LINE('',#13677,#13678);
#13677 = CARTESIAN_POINT('',(38.7,-36.,1.51));
#13678 = VECTOR('',#13679,1.);
#13679 = DIRECTION('',(0.,1.,0.));
#13680 = ORIENTED_EDGE('',*,*,#13681,.F.);
#13681 = EDGE_CURVE('',#13682,#13674,#13684,.T.);
#13682 = VERTEX_POINT('',#13683);
#13683 = CARTESIAN_POINT('',(40.7,-38.,1.51));
#13684 = CIRCLE('',#13685,1.99999850585);
#13685 = AXIS2_PLACEMENT_3D('',#13686,#13687,#13688);
#13686 = CARTESIAN_POINT('',(40.69999850585,-36.00000149415,1.51));
#13687 = DIRECTION('',(0.,0.,-1.));
#13688 = DIRECTION('',(7.470757420593E-07,-1.,0.));
#13689 = ORIENTED_EDGE('',*,*,#13690,.F.);
#13690 = EDGE_CURVE('',#13691,#13682,#13693,.T.);
#13691 = VERTEX_POINT('',#13692);
#13692 = CARTESIAN_POINT('',(53.,-38.,1.51));
#13693 = LINE('',#13694,#13695);
#13694 = CARTESIAN_POINT('',(53.,-38.,1.51));
#13695 = VECTOR('',#13696,1.);
#13696 = DIRECTION('',(-1.,0.,0.));
#13697 = ORIENTED_EDGE('',*,*,#13698,.F.);
#13698 = EDGE_CURVE('',#13093,#13691,#13699,.T.);
#13699 = CIRCLE('',#13700,4.999999678834);
#13700 = AXIS2_PLACEMENT_3D('',#13701,#13702,#13703);
#13701 = CARTESIAN_POINT('',(53.000000321166,-33.00000032116,1.51));
#13702 = DIRECTION('',(0.,0.,-1.));
#13703 = DIRECTION('',(1.,6.423314275614E-08,0.));
#13704 = ORIENTED_EDGE('',*,*,#13092,.F.);
#13705 = FACE_BOUND('',#13706,.T.);
#13706 = EDGE_LOOP('',(#13707));
#13707 = ORIENTED_EDGE('',*,*,#13708,.T.);
#13708 = EDGE_CURVE('',#13709,#13709,#13711,.T.);
#13709 = VERTEX_POINT('',#13710);
#13710 = CARTESIAN_POINT('',(-6.162975822039E-32,-34.6,1.51));
#13711 = CIRCLE('',#13712,1.6);
#13712 = AXIS2_PLACEMENT_3D('',#13713,#13714,#13715);
#13713 = CARTESIAN_POINT('',(-1.110223024625E-16,-33.,1.51));
#13714 = DIRECTION('',(-0.,0.,-1.));
#13715 = DIRECTION('',(6.938893903907E-17,-1.,-0.));
#13716 = FACE_BOUND('',#13717,.T.);
#13717 = EDGE_LOOP('',(#13718));
#13718 = ORIENTED_EDGE('',*,*,#13719,.T.);
#13719 = EDGE_CURVE('',#13720,#13720,#13722,.T.);
#13720 = VERTEX_POINT('',#13721);
#13721 = CARTESIAN_POINT('',(2.9,-26.595,1.51));
#13722 = CIRCLE('',#13723,0.595);
#13723 = AXIS2_PLACEMENT_3D('',#13724,#13725,#13726);
#13724 = CARTESIAN_POINT('',(2.9,-26.,1.51));
#13725 = DIRECTION('',(-0.,0.,-1.));
#13726 = DIRECTION('',(-7.463684199161E-16,-1.,0.));
#13727 = FACE_BOUND('',#13728,.T.);
#13728 = EDGE_LOOP('',(#13729));
#13729 = ORIENTED_EDGE('',*,*,#13730,.T.);
#13730 = EDGE_CURVE('',#13731,#13731,#13733,.T.);
#13731 = VERTEX_POINT('',#13732);
#13732 = CARTESIAN_POINT('',(25.76,-33.75,1.51));
#13733 = CIRCLE('',#13734,0.45);
#13734 = AXIS2_PLACEMENT_3D('',#13735,#13736,#13737);
#13735 = CARTESIAN_POINT('',(25.76,-33.3,1.51));
#13736 = DIRECTION('',(-0.,0.,-1.));
#13737 = DIRECTION('',(7.894919286223E-15,-1.,-0.));
#13738 = FACE_BOUND('',#13739,.T.);
#13739 = EDGE_LOOP('',(#13740));
#13740 = ORIENTED_EDGE('',*,*,#13741,.T.);
#13741 = EDGE_CURVE('',#13742,#13742,#13744,.T.);
#13742 = VERTEX_POINT('',#13743);
#13743 = CARTESIAN_POINT('',(25.76,-31.21,1.51));
#13744 = CIRCLE('',#13745,0.45);
#13745 = AXIS2_PLACEMENT_3D('',#13746,#13747,#13748);
#13746 = CARTESIAN_POINT('',(25.76,-30.76,1.51));
#13747 = DIRECTION('',(-0.,0.,-1.));
#13748 = DIRECTION('',(7.894919286223E-15,-1.,-0.));
#13749 = FACE_BOUND('',#13750,.T.);
#13750 = EDGE_LOOP('',(#13751));
#13751 = ORIENTED_EDGE('',*,*,#13752,.T.);
#13752 = EDGE_CURVE('',#13753,#13753,#13755,.T.);
#13753 = VERTEX_POINT('',#13754);
#13754 = CARTESIAN_POINT('',(25.76,-28.67,1.51));
#13755 = CIRCLE('',#13756,0.45);
#13756 = AXIS2_PLACEMENT_3D('',#13757,#13758,#13759);
#13757 = CARTESIAN_POINT('',(25.76,-28.22,1.51));
#13758 = DIRECTION('',(-0.,0.,-1.));
#13759 = DIRECTION('',(7.894919286223E-15,-1.,-0.));
#13760 = FACE_BOUND('',#13761,.T.);
#13761 = EDGE_LOOP('',(#13762));
#13762 = ORIENTED_EDGE('',*,*,#13763,.T.);
#13763 = EDGE_CURVE('',#13764,#13764,#13766,.T.);
#13764 = VERTEX_POINT('',#13765);
#13765 = CARTESIAN_POINT('',(25.76,-26.13,1.51));
#13766 = CIRCLE('',#13767,0.45);
#13767 = AXIS2_PLACEMENT_3D('',#13768,#13769,#13770);
#13768 = CARTESIAN_POINT('',(25.76,-25.68,1.51));
#13769 = DIRECTION('',(-0.,0.,-1.));
#13770 = DIRECTION('',(7.894919286223E-15,-1.,-0.));
#13771 = FACE_BOUND('',#13772,.T.);
#13772 = EDGE_LOOP('',(#13773));
#13773 = ORIENTED_EDGE('',*,*,#13774,.T.);
#13774 = EDGE_CURVE('',#13775,#13775,#13777,.T.);
#13775 = VERTEX_POINT('',#13776);
#13776 = CARTESIAN_POINT('',(2.9,-24.055,1.51));
#13777 = CIRCLE('',#13778,0.595);
#13778 = AXIS2_PLACEMENT_3D('',#13779,#13780,#13781);
#13779 = CARTESIAN_POINT('',(2.9,-23.46,1.51));
#13780 = DIRECTION('',(-0.,0.,-1.));
#13781 = DIRECTION('',(-7.463684199161E-16,-1.,0.));
#13782 = FACE_BOUND('',#13783,.T.);
#13783 = EDGE_LOOP('',(#13784));
#13784 = ORIENTED_EDGE('',*,*,#13785,.T.);
#13785 = EDGE_CURVE('',#13786,#13786,#13788,.T.);
#13786 = VERTEX_POINT('',#13787);
#13787 = CARTESIAN_POINT('',(0.5,-19.8,1.51));
#13788 = CIRCLE('',#13789,0.6);
#13789 = AXIS2_PLACEMENT_3D('',#13790,#13791,#13792);
#13790 = CARTESIAN_POINT('',(0.5,-19.2,1.51));
#13791 = DIRECTION('',(-0.,0.,-1.));
#13792 = DIRECTION('',(-0.,-1.,0.));
#13793 = FACE_BOUND('',#13794,.T.);
#13794 = EDGE_LOOP('',(#13795));
#13795 = ORIENTED_EDGE('',*,*,#13796,.T.);
#13796 = EDGE_CURVE('',#13797,#13797,#13799,.T.);
#13797 = VERTEX_POINT('',#13798);
#13798 = CARTESIAN_POINT('',(0.5,-17.26,1.51));
#13799 = CIRCLE('',#13800,0.6);
#13800 = AXIS2_PLACEMENT_3D('',#13801,#13802,#13803);
#13801 = CARTESIAN_POINT('',(0.5,-16.66,1.51));
#13802 = DIRECTION('',(-0.,0.,-1.));
#13803 = DIRECTION('',(-0.,-1.,0.));
#13804 = FACE_BOUND('',#13805,.T.);
#13805 = EDGE_LOOP('',(#13806));
#13806 = ORIENTED_EDGE('',*,*,#13807,.T.);
#13807 = EDGE_CURVE('',#13808,#13808,#13810,.T.);
#13808 = VERTEX_POINT('',#13809);
#13809 = CARTESIAN_POINT('',(25.76,-23.59,1.51));
#13810 = CIRCLE('',#13811,0.45);
#13811 = AXIS2_PLACEMENT_3D('',#13812,#13813,#13814);
#13812 = CARTESIAN_POINT('',(25.76,-23.14,1.51));
#13813 = DIRECTION('',(-0.,0.,-1.));
#13814 = DIRECTION('',(7.894919286223E-15,-1.,-0.));
#13815 = FACE_BOUND('',#13816,.T.);
#13816 = EDGE_LOOP('',(#13817));
#13817 = ORIENTED_EDGE('',*,*,#13818,.T.);
#13818 = EDGE_CURVE('',#13819,#13819,#13821,.T.);
#13819 = VERTEX_POINT('',#13820);
#13820 = CARTESIAN_POINT('',(25.76,-21.05,1.51));
#13821 = CIRCLE('',#13822,0.45);
#13822 = AXIS2_PLACEMENT_3D('',#13823,#13824,#13825);
#13823 = CARTESIAN_POINT('',(25.76,-20.6,1.51));
#13824 = DIRECTION('',(-0.,0.,-1.));
#13825 = DIRECTION('',(7.894919286223E-15,-1.,-0.));
#13826 = FACE_BOUND('',#13827,.T.);
#13827 = EDGE_LOOP('',(#13828));
#13828 = ORIENTED_EDGE('',*,*,#13829,.T.);
#13829 = EDGE_CURVE('',#13830,#13830,#13832,.T.);
#13830 = VERTEX_POINT('',#13831);
#13831 = CARTESIAN_POINT('',(25.76,-18.51,1.51));
#13832 = CIRCLE('',#13833,0.45);
#13833 = AXIS2_PLACEMENT_3D('',#13834,#13835,#13836);
#13834 = CARTESIAN_POINT('',(25.76,-18.06,1.51));
#13835 = DIRECTION('',(-0.,0.,-1.));
#13836 = DIRECTION('',(7.894919286223E-15,-1.,-0.));
#13837 = FACE_BOUND('',#13838,.T.);
#13838 = EDGE_LOOP('',(#13839));
#13839 = ORIENTED_EDGE('',*,*,#13840,.T.);
#13840 = EDGE_CURVE('',#13841,#13841,#13843,.T.);
#13841 = VERTEX_POINT('',#13842);
#13842 = CARTESIAN_POINT('',(41.,-33.75,1.51));
#13843 = CIRCLE('',#13844,0.45);
#13844 = AXIS2_PLACEMENT_3D('',#13845,#13846,#13847);
#13845 = CARTESIAN_POINT('',(41.,-33.3,1.51));
#13846 = DIRECTION('',(-0.,0.,-1.));
#13847 = DIRECTION('',(-0.,-1.,0.));
#13848 = FACE_BOUND('',#13849,.T.);
#13849 = EDGE_LOOP('',(#13850));
#13850 = ORIENTED_EDGE('',*,*,#13851,.T.);
#13851 = EDGE_CURVE('',#13852,#13852,#13854,.T.);
#13852 = VERTEX_POINT('',#13853);
#13853 = CARTESIAN_POINT('',(41.,-31.21,1.51));
#13854 = CIRCLE('',#13855,0.45);
#13855 = AXIS2_PLACEMENT_3D('',#13856,#13857,#13858);
#13856 = CARTESIAN_POINT('',(41.,-30.76,1.51));
#13857 = DIRECTION('',(-0.,0.,-1.));
#13858 = DIRECTION('',(-0.,-1.,0.));
#13859 = FACE_BOUND('',#13860,.T.);
#13860 = EDGE_LOOP('',(#13861));
#13861 = ORIENTED_EDGE('',*,*,#13862,.T.);
#13862 = EDGE_CURVE('',#13863,#13863,#13865,.T.);
#13863 = VERTEX_POINT('',#13864);
#13864 = CARTESIAN_POINT('',(53.,-34.6,1.51));
#13865 = CIRCLE('',#13866,1.6);
#13866 = AXIS2_PLACEMENT_3D('',#13867,#13868,#13869);
#13867 = CARTESIAN_POINT('',(53.,-33.,1.51));
#13868 = DIRECTION('',(-0.,0.,-1.));
#13869 = DIRECTION('',(-0.,-1.,0.));
#13870 = FACE_BOUND('',#13871,.T.);
#13871 = EDGE_LOOP('',(#13872));
#13872 = ORIENTED_EDGE('',*,*,#13873,.T.);
#13873 = EDGE_CURVE('',#13874,#13874,#13876,.T.);
#13874 = VERTEX_POINT('',#13875);
#13875 = CARTESIAN_POINT('',(41.,-28.67,1.51));
#13876 = CIRCLE('',#13877,0.45);
#13877 = AXIS2_PLACEMENT_3D('',#13878,#13879,#13880);
#13878 = CARTESIAN_POINT('',(41.,-28.22,1.51));
#13879 = DIRECTION('',(-0.,0.,-1.));
#13880 = DIRECTION('',(-0.,-1.,0.));
#13881 = FACE_BOUND('',#13882,.T.);
#13882 = EDGE_LOOP('',(#13883));
#13883 = ORIENTED_EDGE('',*,*,#13884,.T.);
#13884 = EDGE_CURVE('',#13885,#13885,#13887,.T.);
#13885 = VERTEX_POINT('',#13886);
#13886 = CARTESIAN_POINT('',(41.,-26.13,1.51));
#13887 = CIRCLE('',#13888,0.45);
#13888 = AXIS2_PLACEMENT_3D('',#13889,#13890,#13891);
#13889 = CARTESIAN_POINT('',(41.,-25.68,1.51));
#13890 = DIRECTION('',(-0.,0.,-1.));
#13891 = DIRECTION('',(-0.,-1.,0.));
#13892 = FACE_BOUND('',#13893,.T.);
#13893 = EDGE_LOOP('',(#13894));
#13894 = ORIENTED_EDGE('',*,*,#13895,.T.);
#13895 = EDGE_CURVE('',#13896,#13896,#13898,.T.);
#13896 = VERTEX_POINT('',#13897);
#13897 = CARTESIAN_POINT('',(41.,-23.59,1.51));
#13898 = CIRCLE('',#13899,0.45);
#13899 = AXIS2_PLACEMENT_3D('',#13900,#13901,#13902);
#13900 = CARTESIAN_POINT('',(41.,-23.14,1.51));
#13901 = DIRECTION('',(-0.,0.,-1.));
#13902 = DIRECTION('',(-0.,-1.,0.));
#13903 = FACE_BOUND('',#13904,.T.);
#13904 = EDGE_LOOP('',(#13905));
#13905 = ORIENTED_EDGE('',*,*,#13906,.T.);
#13906 = EDGE_CURVE('',#13907,#13907,#13909,.T.);
#13907 = VERTEX_POINT('',#13908);
#13908 = CARTESIAN_POINT('',(41.,-21.05,1.51));
#13909 = CIRCLE('',#13910,0.45);
#13910 = AXIS2_PLACEMENT_3D('',#13911,#13912,#13913);
#13911 = CARTESIAN_POINT('',(41.,-20.6,1.51));
#13912 = DIRECTION('',(-0.,0.,-1.));
#13913 = DIRECTION('',(-0.,-1.,0.));
#13914 = FACE_BOUND('',#13915,.T.);
#13915 = EDGE_LOOP('',(#13916));
#13916 = ORIENTED_EDGE('',*,*,#13917,.T.);
#13917 = EDGE_CURVE('',#13918,#13918,#13920,.T.);
#13918 = VERTEX_POINT('',#13919);
#13919 = CARTESIAN_POINT('',(41.,-18.51,1.51));
#13920 = CIRCLE('',#13921,0.45);
#13921 = AXIS2_PLACEMENT_3D('',#13922,#13923,#13924);
#13922 = CARTESIAN_POINT('',(41.,-18.06,1.51));
#13923 = DIRECTION('',(-0.,0.,-1.));
#13924 = DIRECTION('',(-0.,-1.,0.));
#13925 = FACE_BOUND('',#13926,.T.);
#13926 = EDGE_LOOP('',(#13927));
#13927 = ORIENTED_EDGE('',*,*,#13928,.T.);
#13928 = EDGE_CURVE('',#13929,#13929,#13931,.T.);
#13929 = VERTEX_POINT('',#13930);
#13930 = CARTESIAN_POINT('',(0.5,-14.72,1.51));
#13931 = CIRCLE('',#13932,0.6);
#13932 = AXIS2_PLACEMENT_3D('',#13933,#13934,#13935);
#13933 = CARTESIAN_POINT('',(0.5,-14.12,1.51));
#13934 = DIRECTION('',(-0.,0.,-1.));
#13935 = DIRECTION('',(-0.,-1.,0.));
#13936 = FACE_BOUND('',#13937,.T.);
#13937 = EDGE_LOOP('',(#13938));
#13938 = ORIENTED_EDGE('',*,*,#13939,.T.);
#13939 = EDGE_CURVE('',#13940,#13940,#13942,.T.);
#13940 = VERTEX_POINT('',#13941);
#13941 = CARTESIAN_POINT('',(25.76,-15.97,1.51));
#13942 = CIRCLE('',#13943,0.45);
#13943 = AXIS2_PLACEMENT_3D('',#13944,#13945,#13946);
#13944 = CARTESIAN_POINT('',(25.76,-15.52,1.51));
#13945 = DIRECTION('',(-0.,0.,-1.));
#13946 = DIRECTION('',(7.894919286223E-15,-1.,-0.));
#13947 = FACE_BOUND('',#13948,.T.);
#13948 = EDGE_LOOP('',(#13949));
#13949 = ORIENTED_EDGE('',*,*,#13950,.T.);
#13950 = EDGE_CURVE('',#13951,#13951,#13953,.T.);
#13951 = VERTEX_POINT('',#13952);
#13952 = CARTESIAN_POINT('',(0.,-1.6,1.51));
#13953 = CIRCLE('',#13954,1.6);
#13954 = AXIS2_PLACEMENT_3D('',#13955,#13956,#13957);
#13955 = CARTESIAN_POINT('',(-1.665334536938E-16,2.775557561563E-16,1.51
    ));
#13956 = DIRECTION('',(-0.,0.,-1.));
#13957 = DIRECTION('',(1.040834085586E-16,-1.,-0.));
#13958 = FACE_BOUND('',#13959,.T.);
#13959 = EDGE_LOOP('',(#13960));
#13960 = ORIENTED_EDGE('',*,*,#13961,.T.);
#13961 = EDGE_CURVE('',#13962,#13962,#13964,.T.);
#13962 = VERTEX_POINT('',#13963);
#13963 = CARTESIAN_POINT('',(6.6,-0.5,1.51));
#13964 = CIRCLE('',#13965,0.6);
#13965 = AXIS2_PLACEMENT_3D('',#13966,#13967,#13968);
#13966 = CARTESIAN_POINT('',(6.6,0.1,1.51));
#13967 = DIRECTION('',(-0.,0.,-1.));
#13968 = DIRECTION('',(-0.,-1.,0.));
#13969 = FACE_BOUND('',#13970,.T.);
#13970 = EDGE_LOOP('',(#13971));
#13971 = ORIENTED_EDGE('',*,*,#13972,.T.);
#13972 = EDGE_CURVE('',#13973,#13973,#13975,.T.);
#13973 = VERTEX_POINT('',#13974);
#13974 = CARTESIAN_POINT('',(9.14,-0.5,1.51));
#13975 = CIRCLE('',#13976,0.6);
#13976 = AXIS2_PLACEMENT_3D('',#13977,#13978,#13979);
#13977 = CARTESIAN_POINT('',(9.14,0.1,1.51));
#13978 = DIRECTION('',(-0.,0.,-1.));
#13979 = DIRECTION('',(-0.,-1.,0.));
#13980 = FACE_BOUND('',#13981,.T.);
#13981 = EDGE_LOOP('',(#13982));
#13982 = ORIENTED_EDGE('',*,*,#13983,.T.);
#13983 = EDGE_CURVE('',#13984,#13984,#13986,.T.);
#13984 = VERTEX_POINT('',#13985);
#13985 = CARTESIAN_POINT('',(11.68,-0.5,1.51));
#13986 = CIRCLE('',#13987,0.6);
#13987 = AXIS2_PLACEMENT_3D('',#13988,#13989,#13990);
#13988 = CARTESIAN_POINT('',(11.68,0.1,1.51));
#13989 = DIRECTION('',(-0.,0.,-1.));
#13990 = DIRECTION('',(-0.,-1.,0.));
#13991 = FACE_BOUND('',#13992,.T.);
#13992 = EDGE_LOOP('',(#13993));
#13993 = ORIENTED_EDGE('',*,*,#13994,.T.);
#13994 = EDGE_CURVE('',#13995,#13995,#13997,.T.);
#13995 = VERTEX_POINT('',#13996);
#13996 = CARTESIAN_POINT('',(28.5,-10.1,1.51));
#13997 = CIRCLE('',#13998,0.5);
#13998 = AXIS2_PLACEMENT_3D('',#13999,#14000,#14001);
#13999 = CARTESIAN_POINT('',(28.5,-9.6,1.51));
#14000 = DIRECTION('',(-0.,0.,-1.));
#14001 = DIRECTION('',(-0.,-1.,0.));
#14002 = FACE_BOUND('',#14003,.T.);
#14003 = EDGE_LOOP('',(#14004));
#14004 = ORIENTED_EDGE('',*,*,#14005,.T.);
#14005 = EDGE_CURVE('',#14006,#14006,#14008,.T.);
#14006 = VERTEX_POINT('',#14007);
#14007 = CARTESIAN_POINT('',(31.04,-10.1,1.51));
#14008 = CIRCLE('',#14009,0.5);
#14009 = AXIS2_PLACEMENT_3D('',#14010,#14011,#14012);
#14010 = CARTESIAN_POINT('',(31.04,-9.6,1.51));
#14011 = DIRECTION('',(-0.,0.,-1.));
#14012 = DIRECTION('',(-0.,-1.,0.));
#14013 = FACE_BOUND('',#14014,.T.);
#14014 = EDGE_LOOP('',(#14015));
#14015 = ORIENTED_EDGE('',*,*,#14016,.T.);
#14016 = EDGE_CURVE('',#14017,#14017,#14019,.T.);
#14017 = VERTEX_POINT('',#14018);
#14018 = CARTESIAN_POINT('',(33.58,-10.1,1.51));
#14019 = CIRCLE('',#14020,0.5);
#14020 = AXIS2_PLACEMENT_3D('',#14021,#14022,#14023);
#14021 = CARTESIAN_POINT('',(33.58,-9.6,1.51));
#14022 = DIRECTION('',(-0.,0.,-1.));
#14023 = DIRECTION('',(-0.,-1.,0.));
#14024 = FACE_BOUND('',#14025,.T.);
#14025 = EDGE_LOOP('',(#14026));
#14026 = ORIENTED_EDGE('',*,*,#14027,.T.);
#14027 = EDGE_CURVE('',#14028,#14028,#14030,.T.);
#14028 = VERTEX_POINT('',#14029);
#14029 = CARTESIAN_POINT('',(36.12,-10.1,1.51));
#14030 = CIRCLE('',#14031,0.5);
#14031 = AXIS2_PLACEMENT_3D('',#14032,#14033,#14034);
#14032 = CARTESIAN_POINT('',(36.12,-9.6,1.51));
#14033 = DIRECTION('',(-0.,0.,-1.));
#14034 = DIRECTION('',(-0.,-1.,0.));
#14035 = FACE_BOUND('',#14036,.T.);
#14036 = EDGE_LOOP('',(#14037));
#14037 = ORIENTED_EDGE('',*,*,#14038,.T.);
#14038 = EDGE_CURVE('',#14039,#14039,#14041,.T.);
#14039 = VERTEX_POINT('',#14040);
#14040 = CARTESIAN_POINT('',(41.,-15.97,1.51));
#14041 = CIRCLE('',#14042,0.45);
#14042 = AXIS2_PLACEMENT_3D('',#14043,#14044,#14045);
#14043 = CARTESIAN_POINT('',(41.,-15.52,1.51));
#14044 = DIRECTION('',(-0.,0.,-1.));
#14045 = DIRECTION('',(-0.,-1.,0.));
#14046 = FACE_BOUND('',#14047,.T.);
#14047 = EDGE_LOOP('',(#14048));
#14048 = ORIENTED_EDGE('',*,*,#14049,.T.);
#14049 = EDGE_CURVE('',#14050,#14050,#14052,.T.);
#14050 = VERTEX_POINT('',#14051);
#14051 = CARTESIAN_POINT('',(53.,-1.6,1.51));
#14052 = CIRCLE('',#14053,1.6);
#14053 = AXIS2_PLACEMENT_3D('',#14054,#14055,#14056);
#14054 = CARTESIAN_POINT('',(53.,-1.720845688169E-15,1.51));
#14055 = DIRECTION('',(-0.,0.,-1.));
#14056 = DIRECTION('',(-0.,-1.,0.));
#14057 = PLANE('',#14058);
#14058 = AXIS2_PLACEMENT_3D('',#14059,#14060,#14061);
#14059 = CARTESIAN_POINT('',(0.,0.,1.51));
#14060 = DIRECTION('',(0.,0.,1.));
#14061 = DIRECTION('',(1.,0.,-0.));
#14062 = ADVANCED_FACE('',(#14063),#14074,.T.);
#14063 = FACE_BOUND('',#14064,.T.);
#14064 = EDGE_LOOP('',(#14065,#14071,#14072,#14073));
#14065 = ORIENTED_EDGE('',*,*,#14066,.T.);
#14066 = EDGE_CURVE('',#13125,#13597,#14067,.T.);
#14067 = LINE('',#14068,#14069);
#14068 = CARTESIAN_POINT('',(-5.,-5.293955920339E-23,0.));
#14069 = VECTOR('',#14070,1.);
#14070 = DIRECTION('',(0.,0.,1.));
#14071 = ORIENTED_EDGE('',*,*,#13596,.T.);
#14072 = ORIENTED_EDGE('',*,*,#13060,.F.);
#14073 = ORIENTED_EDGE('',*,*,#13124,.F.);
#14074 = CYLINDRICAL_SURFACE('',#14075,4.999999678834);
#14075 = AXIS2_PLACEMENT_3D('',#14076,#14077,#14078);
#14076 = CARTESIAN_POINT('',(-3.211657004787E-07,3.211657004787E-07,0.)
  );
#14077 = DIRECTION('',(0.,0.,-1.));
#14078 = DIRECTION('',(-1.,-6.423314422163E-08,-0.));
#14079 = ADVANCED_FACE('',(#14080),#14091,.T.);
#14080 = FACE_BOUND('',#14081,.T.);
#14081 = EDGE_LOOP('',(#14082,#14083,#14084,#14090));
#14082 = ORIENTED_EDGE('',*,*,#13100,.T.);
#14083 = ORIENTED_EDGE('',*,*,#13698,.T.);
#14084 = ORIENTED_EDGE('',*,*,#14085,.F.);
#14085 = EDGE_CURVE('',#13219,#13691,#14086,.T.);
#14086 = LINE('',#14087,#14088);
#14087 = CARTESIAN_POINT('',(53.,-38.,0.));
#14088 = VECTOR('',#14089,1.);
#14089 = DIRECTION('',(0.,0.,1.));
#14090 = ORIENTED_EDGE('',*,*,#13226,.F.);
#14091 = CYLINDRICAL_SURFACE('',#14092,4.999999678834);
#14092 = AXIS2_PLACEMENT_3D('',#14093,#14094,#14095);
#14093 = CARTESIAN_POINT('',(53.000000321166,-33.00000032116,0.));
#14094 = DIRECTION('',(0.,0.,-1.));
#14095 = DIRECTION('',(1.,6.423314275614E-08,0.));
#14096 = ADVANCED_FACE('',(#14097),#14108,.T.);
#14097 = FACE_BOUND('',#14098,.T.);
#14098 = EDGE_LOOP('',(#14099,#14105,#14106,#14107));
#14099 = ORIENTED_EDGE('',*,*,#14100,.T.);
#14100 = EDGE_CURVE('',#13134,#13606,#14101,.T.);
#14101 = LINE('',#14102,#14103);
#14102 = CARTESIAN_POINT('',(-5.,-33.,0.));
#14103 = VECTOR('',#14104,1.);
#14104 = DIRECTION('',(0.,0.,1.));
#14105 = ORIENTED_EDGE('',*,*,#13605,.T.);
#14106 = ORIENTED_EDGE('',*,*,#14066,.F.);
#14107 = ORIENTED_EDGE('',*,*,#13133,.F.);
#14108 = PLANE('',#14109);
#14109 = AXIS2_PLACEMENT_3D('',#14110,#14111,#14112);
#14110 = CARTESIAN_POINT('',(-5.,-33.,0.));
#14111 = DIRECTION('',(-1.,0.,0.));
#14112 = DIRECTION('',(0.,1.,0.));
#14113 = ADVANCED_FACE('',(#14114),#14125,.T.);
#14114 = FACE_BOUND('',#14115,.T.);
#14115 = EDGE_LOOP('',(#14116,#14117,#14118,#14124));
#14116 = ORIENTED_EDGE('',*,*,#14085,.T.);
#14117 = ORIENTED_EDGE('',*,*,#13690,.T.);
#14118 = ORIENTED_EDGE('',*,*,#14119,.F.);
#14119 = EDGE_CURVE('',#13210,#13682,#14120,.T.);
#14120 = LINE('',#14121,#14122);
#14121 = CARTESIAN_POINT('',(40.7,-38.,0.));
#14122 = VECTOR('',#14123,1.);
#14123 = DIRECTION('',(0.,0.,1.));
#14124 = ORIENTED_EDGE('',*,*,#13218,.F.);
#14125 = PLANE('',#14126);
#14126 = AXIS2_PLACEMENT_3D('',#14127,#14128,#14129);
#14127 = CARTESIAN_POINT('',(53.,-38.,0.));
#14128 = DIRECTION('',(0.,-1.,0.));
#14129 = DIRECTION('',(-1.,0.,0.));
#14130 = ADVANCED_FACE('',(#14131),#14142,.T.);
#14131 = FACE_BOUND('',#14132,.T.);
#14132 = EDGE_LOOP('',(#14133,#14139,#14140,#14141));
#14133 = ORIENTED_EDGE('',*,*,#14134,.T.);
#14134 = EDGE_CURVE('',#13142,#13614,#14135,.T.);
#14135 = LINE('',#14136,#14137);
#14136 = CARTESIAN_POINT('',(5.293955920339E-23,-38.,0.));
#14137 = VECTOR('',#14138,1.);
#14138 = DIRECTION('',(0.,0.,1.));
#14139 = ORIENTED_EDGE('',*,*,#13613,.T.);
#14140 = ORIENTED_EDGE('',*,*,#14100,.F.);
#14141 = ORIENTED_EDGE('',*,*,#13141,.F.);
#14142 = CYLINDRICAL_SURFACE('',#14143,4.999999678834);
#14143 = AXIS2_PLACEMENT_3D('',#14144,#14145,#14146);
#14144 = CARTESIAN_POINT('',(-3.21165696926E-07,-33.00000032116,0.));
#14145 = DIRECTION('',(0.,0.,-1.));
#14146 = DIRECTION('',(6.423314351109E-08,-1.,0.));
#14147 = ADVANCED_FACE('',(#14148),#14159,.T.);
#14148 = FACE_BOUND('',#14149,.T.);
#14149 = EDGE_LOOP('',(#14150,#14151,#14152,#14158));
#14150 = ORIENTED_EDGE('',*,*,#14119,.T.);
#14151 = ORIENTED_EDGE('',*,*,#13681,.T.);
#14152 = ORIENTED_EDGE('',*,*,#14153,.F.);
#14153 = EDGE_CURVE('',#13202,#13674,#14154,.T.);
#14154 = LINE('',#14155,#14156);
#14155 = CARTESIAN_POINT('',(38.7,-36.,0.));
#14156 = VECTOR('',#14157,1.);
#14157 = DIRECTION('',(0.,0.,1.));
#14158 = ORIENTED_EDGE('',*,*,#13209,.F.);
#14159 = CYLINDRICAL_SURFACE('',#14160,1.99999850585);
#14160 = AXIS2_PLACEMENT_3D('',#14161,#14162,#14163);
#14161 = CARTESIAN_POINT('',(40.69999850585,-36.00000149415,0.));
#14162 = DIRECTION('',(0.,0.,-1.));
#14163 = DIRECTION('',(7.470757420593E-07,-1.,0.));
#14164 = ADVANCED_FACE('',(#14165),#14176,.T.);
#14165 = FACE_BOUND('',#14166,.T.);
#14166 = EDGE_LOOP('',(#14167,#14173,#14174,#14175));
#14167 = ORIENTED_EDGE('',*,*,#14168,.T.);
#14168 = EDGE_CURVE('',#13151,#13623,#14169,.T.);
#14169 = LINE('',#14170,#14171);
#14170 = CARTESIAN_POINT('',(26.4,-38.,0.));
#14171 = VECTOR('',#14172,1.);
#14172 = DIRECTION('',(0.,0.,1.));
#14173 = ORIENTED_EDGE('',*,*,#13622,.T.);
#14174 = ORIENTED_EDGE('',*,*,#14134,.F.);
#14175 = ORIENTED_EDGE('',*,*,#13150,.F.);
#14176 = PLANE('',#14177);
#14177 = AXIS2_PLACEMENT_3D('',#14178,#14179,#14180);
#14178 = CARTESIAN_POINT('',(26.4,-38.,0.));
#14179 = DIRECTION('',(0.,-1.,0.));
#14180 = DIRECTION('',(-1.,0.,0.));
#14181 = ADVANCED_FACE('',(#14182),#14193,.T.);
#14182 = FACE_BOUND('',#14183,.T.);
#14183 = EDGE_LOOP('',(#14184,#14185,#14186,#14192));
#14184 = ORIENTED_EDGE('',*,*,#14153,.T.);
#14185 = ORIENTED_EDGE('',*,*,#13673,.T.);
#14186 = ORIENTED_EDGE('',*,*,#14187,.F.);
#14187 = EDGE_CURVE('',#13193,#13665,#14188,.T.);
#14188 = LINE('',#14189,#14190);
#14189 = CARTESIAN_POINT('',(38.7,-13.,0.));
#14190 = VECTOR('',#14191,1.);
#14191 = DIRECTION('',(0.,0.,1.));
#14192 = ORIENTED_EDGE('',*,*,#13201,.F.);
#14193 = PLANE('',#14194);
#14194 = AXIS2_PLACEMENT_3D('',#14195,#14196,#14197);
#14195 = CARTESIAN_POINT('',(38.7,-36.,0.));
#14196 = DIRECTION('',(-1.,0.,0.));
#14197 = DIRECTION('',(0.,1.,0.));
#14198 = ADVANCED_FACE('',(#14199),#14210,.T.);
#14199 = FACE_BOUND('',#14200,.T.);
#14200 = EDGE_LOOP('',(#14201,#14207,#14208,#14209));
#14201 = ORIENTED_EDGE('',*,*,#14202,.T.);
#14202 = EDGE_CURVE('',#13159,#13631,#14203,.T.);
#14203 = LINE('',#14204,#14205);
#14204 = CARTESIAN_POINT('',(28.4,-36.,0.));
#14205 = VECTOR('',#14206,1.);
#14206 = DIRECTION('',(0.,0.,1.));
#14207 = ORIENTED_EDGE('',*,*,#13630,.T.);
#14208 = ORIENTED_EDGE('',*,*,#14168,.F.);
#14209 = ORIENTED_EDGE('',*,*,#13158,.F.);
#14210 = CYLINDRICAL_SURFACE('',#14211,1.99999850585);
#14211 = AXIS2_PLACEMENT_3D('',#14212,#14213,#14214);
#14212 = CARTESIAN_POINT('',(26.40000149415,-36.00000149415,0.));
#14213 = DIRECTION('',(0.,0.,-1.));
#14214 = DIRECTION('',(1.,7.470757420593E-07,0.));
#14215 = ADVANCED_FACE('',(#14216),#14227,.F.);
#14216 = FACE_BOUND('',#14217,.T.);
#14217 = EDGE_LOOP('',(#14218,#14219,#14220,#14226));
#14218 = ORIENTED_EDGE('',*,*,#14187,.T.);
#14219 = ORIENTED_EDGE('',*,*,#13664,.T.);
#14220 = ORIENTED_EDGE('',*,*,#14221,.F.);
#14221 = EDGE_CURVE('',#13185,#13657,#14222,.T.);
#14222 = LINE('',#14223,#14224);
#14223 = CARTESIAN_POINT('',(37.7,-12.,0.));
#14224 = VECTOR('',#14225,1.);
#14225 = DIRECTION('',(0.,0.,1.));
#14226 = ORIENTED_EDGE('',*,*,#13192,.F.);
#14227 = CYLINDRICAL_SURFACE('',#14228,0.999999252925);
#14228 = AXIS2_PLACEMENT_3D('',#14229,#14230,#14231);
#14229 = CARTESIAN_POINT('',(37.700000747075,-12.99999925292,0.));
#14230 = DIRECTION('',(-0.,-0.,-1.));
#14231 = DIRECTION('',(1.,-7.470757438357E-07,0.));
#14232 = ADVANCED_FACE('',(#14233),#14244,.T.);
#14233 = FACE_BOUND('',#14234,.T.);
#14234 = EDGE_LOOP('',(#14235,#14241,#14242,#14243));
#14235 = ORIENTED_EDGE('',*,*,#14236,.T.);
#14236 = EDGE_CURVE('',#13168,#13640,#14237,.T.);
#14237 = LINE('',#14238,#14239);
#14238 = CARTESIAN_POINT('',(28.4,-13.,0.));
#14239 = VECTOR('',#14240,1.);
#14240 = DIRECTION('',(0.,0.,1.));
#14241 = ORIENTED_EDGE('',*,*,#13639,.T.);
#14242 = ORIENTED_EDGE('',*,*,#14202,.F.);
#14243 = ORIENTED_EDGE('',*,*,#13167,.F.);
#14244 = PLANE('',#14245);
#14245 = AXIS2_PLACEMENT_3D('',#14246,#14247,#14248);
#14246 = CARTESIAN_POINT('',(28.4,-13.,0.));
#14247 = DIRECTION('',(1.,0.,-0.));
#14248 = DIRECTION('',(0.,-1.,0.));
#14249 = ADVANCED_FACE('',(#14250),#14261,.T.);
#14250 = FACE_BOUND('',#14251,.T.);
#14251 = EDGE_LOOP('',(#14252,#14253,#14254,#14260));
#14252 = ORIENTED_EDGE('',*,*,#14221,.T.);
#14253 = ORIENTED_EDGE('',*,*,#13656,.T.);
#14254 = ORIENTED_EDGE('',*,*,#14255,.F.);
#14255 = EDGE_CURVE('',#13176,#13648,#14256,.T.);
#14256 = LINE('',#14257,#14258);
#14257 = CARTESIAN_POINT('',(29.4,-12.,0.));
#14258 = VECTOR('',#14259,1.);
#14259 = DIRECTION('',(0.,0.,1.));
#14260 = ORIENTED_EDGE('',*,*,#13184,.F.);
#14261 = PLANE('',#14262);
#14262 = AXIS2_PLACEMENT_3D('',#14263,#14264,#14265);
#14263 = CARTESIAN_POINT('',(37.7,-12.,0.));
#14264 = DIRECTION('',(0.,-1.,0.));
#14265 = DIRECTION('',(-1.,0.,0.));
#14266 = ADVANCED_FACE('',(#14267),#14273,.F.);
#14267 = FACE_BOUND('',#14268,.T.);
#14268 = EDGE_LOOP('',(#14269,#14270,#14271,#14272));
#14269 = ORIENTED_EDGE('',*,*,#14255,.T.);
#14270 = ORIENTED_EDGE('',*,*,#13647,.T.);
#14271 = ORIENTED_EDGE('',*,*,#14236,.F.);
#14272 = ORIENTED_EDGE('',*,*,#13175,.F.);
#14273 = CYLINDRICAL_SURFACE('',#14274,0.999999252925);
#14274 = AXIS2_PLACEMENT_3D('',#14275,#14276,#14277);
#14275 = CARTESIAN_POINT('',(29.399999252925,-12.99999925292,0.));
#14276 = DIRECTION('',(-0.,-0.,-1.));
#14277 = DIRECTION('',(7.470757349539E-07,1.,-0.));
#14278 = ADVANCED_FACE('',(#14279),#14290,.F.);
#14279 = FACE_BOUND('',#14280,.T.);
#14280 = EDGE_LOOP('',(#14281,#14282,#14288,#14289));
#14281 = ORIENTED_EDGE('',*,*,#13236,.T.);
#14282 = ORIENTED_EDGE('',*,*,#14283,.T.);
#14283 = EDGE_CURVE('',#13237,#13709,#14284,.T.);
#14284 = LINE('',#14285,#14286);
#14285 = CARTESIAN_POINT('',(-6.162975822039E-32,-34.6,-4.6E-02));
#14286 = VECTOR('',#14287,1.);
#14287 = DIRECTION('',(0.,0.,1.));
#14288 = ORIENTED_EDGE('',*,*,#13708,.F.);
#14289 = ORIENTED_EDGE('',*,*,#14283,.F.);
#14290 = CYLINDRICAL_SURFACE('',#14291,1.6);
#14291 = AXIS2_PLACEMENT_3D('',#14292,#14293,#14294);
#14292 = CARTESIAN_POINT('',(-1.110223024625E-16,-33.,-4.6E-02));
#14293 = DIRECTION('',(-0.,0.,-1.));
#14294 = DIRECTION('',(6.938893903907E-17,-1.,-0.));
#14295 = ADVANCED_FACE('',(#14296),#14307,.F.);
#14296 = FACE_BOUND('',#14297,.T.);
#14297 = EDGE_LOOP('',(#14298,#14299,#14305,#14306));
#14298 = ORIENTED_EDGE('',*,*,#13247,.T.);
#14299 = ORIENTED_EDGE('',*,*,#14300,.T.);
#14300 = EDGE_CURVE('',#13248,#13720,#14301,.T.);
#14301 = LINE('',#14302,#14303);
#14302 = CARTESIAN_POINT('',(2.9,-26.595,-4.6E-02));
#14303 = VECTOR('',#14304,1.);
#14304 = DIRECTION('',(0.,0.,1.));
#14305 = ORIENTED_EDGE('',*,*,#13719,.F.);
#14306 = ORIENTED_EDGE('',*,*,#14300,.F.);
#14307 = CYLINDRICAL_SURFACE('',#14308,0.595);
#14308 = AXIS2_PLACEMENT_3D('',#14309,#14310,#14311);
#14309 = CARTESIAN_POINT('',(2.9,-26.,-4.6E-02));
#14310 = DIRECTION('',(-0.,-0.,-1.));
#14311 = DIRECTION('',(-7.463684199161E-16,-1.,0.));
#14312 = ADVANCED_FACE('',(#14313),#14324,.F.);
#14313 = FACE_BOUND('',#14314,.T.);
#14314 = EDGE_LOOP('',(#14315,#14316,#14322,#14323));
#14315 = ORIENTED_EDGE('',*,*,#13258,.T.);
#14316 = ORIENTED_EDGE('',*,*,#14317,.T.);
#14317 = EDGE_CURVE('',#13259,#13731,#14318,.T.);
#14318 = LINE('',#14319,#14320);
#14319 = CARTESIAN_POINT('',(25.76,-33.75,-4.6E-02));
#14320 = VECTOR('',#14321,1.);
#14321 = DIRECTION('',(0.,0.,1.));
#14322 = ORIENTED_EDGE('',*,*,#13730,.F.);
#14323 = ORIENTED_EDGE('',*,*,#14317,.F.);
#14324 = CYLINDRICAL_SURFACE('',#14325,0.45);
#14325 = AXIS2_PLACEMENT_3D('',#14326,#14327,#14328);
#14326 = CARTESIAN_POINT('',(25.76,-33.3,-4.6E-02));
#14327 = DIRECTION('',(-0.,0.,-1.));
#14328 = DIRECTION('',(7.894919286223E-15,-1.,-0.));
#14329 = ADVANCED_FACE('',(#14330),#14341,.F.);
#14330 = FACE_BOUND('',#14331,.T.);
#14331 = EDGE_LOOP('',(#14332,#14333,#14339,#14340));
#14332 = ORIENTED_EDGE('',*,*,#13269,.T.);
#14333 = ORIENTED_EDGE('',*,*,#14334,.T.);
#14334 = EDGE_CURVE('',#13270,#13742,#14335,.T.);
#14335 = LINE('',#14336,#14337);
#14336 = CARTESIAN_POINT('',(25.76,-31.21,-4.6E-02));
#14337 = VECTOR('',#14338,1.);
#14338 = DIRECTION('',(0.,0.,1.));
#14339 = ORIENTED_EDGE('',*,*,#13741,.F.);
#14340 = ORIENTED_EDGE('',*,*,#14334,.F.);
#14341 = CYLINDRICAL_SURFACE('',#14342,0.45);
#14342 = AXIS2_PLACEMENT_3D('',#14343,#14344,#14345);
#14343 = CARTESIAN_POINT('',(25.76,-30.76,-4.6E-02));
#14344 = DIRECTION('',(-0.,0.,-1.));
#14345 = DIRECTION('',(7.894919286223E-15,-1.,-0.));
#14346 = ADVANCED_FACE('',(#14347),#14358,.F.);
#14347 = FACE_BOUND('',#14348,.T.);
#14348 = EDGE_LOOP('',(#14349,#14350,#14356,#14357));
#14349 = ORIENTED_EDGE('',*,*,#13280,.T.);
#14350 = ORIENTED_EDGE('',*,*,#14351,.T.);
#14351 = EDGE_CURVE('',#13281,#13753,#14352,.T.);
#14352 = LINE('',#14353,#14354);
#14353 = CARTESIAN_POINT('',(25.76,-28.67,-4.6E-02));
#14354 = VECTOR('',#14355,1.);
#14355 = DIRECTION('',(0.,0.,1.));
#14356 = ORIENTED_EDGE('',*,*,#13752,.F.);
#14357 = ORIENTED_EDGE('',*,*,#14351,.F.);
#14358 = CYLINDRICAL_SURFACE('',#14359,0.45);
#14359 = AXIS2_PLACEMENT_3D('',#14360,#14361,#14362);
#14360 = CARTESIAN_POINT('',(25.76,-28.22,-4.6E-02));
#14361 = DIRECTION('',(-0.,0.,-1.));
#14362 = DIRECTION('',(7.894919286223E-15,-1.,-0.));
#14363 = ADVANCED_FACE('',(#14364),#14375,.F.);
#14364 = FACE_BOUND('',#14365,.T.);
#14365 = EDGE_LOOP('',(#14366,#14367,#14373,#14374));
#14366 = ORIENTED_EDGE('',*,*,#13291,.T.);
#14367 = ORIENTED_EDGE('',*,*,#14368,.T.);
#14368 = EDGE_CURVE('',#13292,#13764,#14369,.T.);
#14369 = LINE('',#14370,#14371);
#14370 = CARTESIAN_POINT('',(25.76,-26.13,-4.6E-02));
#14371 = VECTOR('',#14372,1.);
#14372 = DIRECTION('',(0.,0.,1.));
#14373 = ORIENTED_EDGE('',*,*,#13763,.F.);
#14374 = ORIENTED_EDGE('',*,*,#14368,.F.);
#14375 = CYLINDRICAL_SURFACE('',#14376,0.45);
#14376 = AXIS2_PLACEMENT_3D('',#14377,#14378,#14379);
#14377 = CARTESIAN_POINT('',(25.76,-25.68,-4.6E-02));
#14378 = DIRECTION('',(-0.,0.,-1.));
#14379 = DIRECTION('',(7.894919286223E-15,-1.,-0.));
#14380 = ADVANCED_FACE('',(#14381),#14392,.F.);
#14381 = FACE_BOUND('',#14382,.T.);
#14382 = EDGE_LOOP('',(#14383,#14384,#14390,#14391));
#14383 = ORIENTED_EDGE('',*,*,#13302,.T.);
#14384 = ORIENTED_EDGE('',*,*,#14385,.T.);
#14385 = EDGE_CURVE('',#13303,#13775,#14386,.T.);
#14386 = LINE('',#14387,#14388);
#14387 = CARTESIAN_POINT('',(2.9,-24.055,-4.6E-02));
#14388 = VECTOR('',#14389,1.);
#14389 = DIRECTION('',(0.,0.,1.));
#14390 = ORIENTED_EDGE('',*,*,#13774,.F.);
#14391 = ORIENTED_EDGE('',*,*,#14385,.F.);
#14392 = CYLINDRICAL_SURFACE('',#14393,0.595);
#14393 = AXIS2_PLACEMENT_3D('',#14394,#14395,#14396);
#14394 = CARTESIAN_POINT('',(2.9,-23.46,-4.6E-02));
#14395 = DIRECTION('',(-0.,-0.,-1.));
#14396 = DIRECTION('',(-7.463684199161E-16,-1.,0.));
#14397 = ADVANCED_FACE('',(#14398),#14409,.F.);
#14398 = FACE_BOUND('',#14399,.T.);
#14399 = EDGE_LOOP('',(#14400,#14401,#14407,#14408));
#14400 = ORIENTED_EDGE('',*,*,#13313,.T.);
#14401 = ORIENTED_EDGE('',*,*,#14402,.T.);
#14402 = EDGE_CURVE('',#13314,#13786,#14403,.T.);
#14403 = LINE('',#14404,#14405);
#14404 = CARTESIAN_POINT('',(0.5,-19.8,-4.6E-02));
#14405 = VECTOR('',#14406,1.);
#14406 = DIRECTION('',(0.,0.,1.));
#14407 = ORIENTED_EDGE('',*,*,#13785,.F.);
#14408 = ORIENTED_EDGE('',*,*,#14402,.F.);
#14409 = CYLINDRICAL_SURFACE('',#14410,0.6);
#14410 = AXIS2_PLACEMENT_3D('',#14411,#14412,#14413);
#14411 = CARTESIAN_POINT('',(0.5,-19.2,-4.6E-02));
#14412 = DIRECTION('',(-0.,-0.,-1.));
#14413 = DIRECTION('',(-0.,-1.,0.));
#14414 = ADVANCED_FACE('',(#14415),#14426,.F.);
#14415 = FACE_BOUND('',#14416,.T.);
#14416 = EDGE_LOOP('',(#14417,#14418,#14424,#14425));
#14417 = ORIENTED_EDGE('',*,*,#13324,.T.);
#14418 = ORIENTED_EDGE('',*,*,#14419,.T.);
#14419 = EDGE_CURVE('',#13325,#13797,#14420,.T.);
#14420 = LINE('',#14421,#14422);
#14421 = CARTESIAN_POINT('',(0.5,-17.26,-4.6E-02));
#14422 = VECTOR('',#14423,1.);
#14423 = DIRECTION('',(0.,0.,1.));
#14424 = ORIENTED_EDGE('',*,*,#13796,.F.);
#14425 = ORIENTED_EDGE('',*,*,#14419,.F.);
#14426 = CYLINDRICAL_SURFACE('',#14427,0.6);
#14427 = AXIS2_PLACEMENT_3D('',#14428,#14429,#14430);
#14428 = CARTESIAN_POINT('',(0.5,-16.66,-4.6E-02));
#14429 = DIRECTION('',(-0.,-0.,-1.));
#14430 = DIRECTION('',(-0.,-1.,0.));
#14431 = ADVANCED_FACE('',(#14432),#14443,.F.);
#14432 = FACE_BOUND('',#14433,.T.);
#14433 = EDGE_LOOP('',(#14434,#14435,#14441,#14442));
#14434 = ORIENTED_EDGE('',*,*,#13335,.T.);
#14435 = ORIENTED_EDGE('',*,*,#14436,.T.);
#14436 = EDGE_CURVE('',#13336,#13808,#14437,.T.);
#14437 = LINE('',#14438,#14439);
#14438 = CARTESIAN_POINT('',(25.76,-23.59,-4.6E-02));
#14439 = VECTOR('',#14440,1.);
#14440 = DIRECTION('',(0.,0.,1.));
#14441 = ORIENTED_EDGE('',*,*,#13807,.F.);
#14442 = ORIENTED_EDGE('',*,*,#14436,.F.);
#14443 = CYLINDRICAL_SURFACE('',#14444,0.45);
#14444 = AXIS2_PLACEMENT_3D('',#14445,#14446,#14447);
#14445 = CARTESIAN_POINT('',(25.76,-23.14,-4.6E-02));
#14446 = DIRECTION('',(-0.,0.,-1.));
#14447 = DIRECTION('',(7.894919286223E-15,-1.,-0.));
#14448 = ADVANCED_FACE('',(#14449),#14460,.F.);
#14449 = FACE_BOUND('',#14450,.T.);
#14450 = EDGE_LOOP('',(#14451,#14452,#14458,#14459));
#14451 = ORIENTED_EDGE('',*,*,#13346,.T.);
#14452 = ORIENTED_EDGE('',*,*,#14453,.T.);
#14453 = EDGE_CURVE('',#13347,#13819,#14454,.T.);
#14454 = LINE('',#14455,#14456);
#14455 = CARTESIAN_POINT('',(25.76,-21.05,-4.6E-02));
#14456 = VECTOR('',#14457,1.);
#14457 = DIRECTION('',(0.,0.,1.));
#14458 = ORIENTED_EDGE('',*,*,#13818,.F.);
#14459 = ORIENTED_EDGE('',*,*,#14453,.F.);
#14460 = CYLINDRICAL_SURFACE('',#14461,0.45);
#14461 = AXIS2_PLACEMENT_3D('',#14462,#14463,#14464);
#14462 = CARTESIAN_POINT('',(25.76,-20.6,-4.6E-02));
#14463 = DIRECTION('',(-0.,0.,-1.));
#14464 = DIRECTION('',(7.894919286223E-15,-1.,-0.));
#14465 = ADVANCED_FACE('',(#14466),#14477,.F.);
#14466 = FACE_BOUND('',#14467,.T.);
#14467 = EDGE_LOOP('',(#14468,#14469,#14475,#14476));
#14468 = ORIENTED_EDGE('',*,*,#13357,.T.);
#14469 = ORIENTED_EDGE('',*,*,#14470,.T.);
#14470 = EDGE_CURVE('',#13358,#13830,#14471,.T.);
#14471 = LINE('',#14472,#14473);
#14472 = CARTESIAN_POINT('',(25.76,-18.51,-4.6E-02));
#14473 = VECTOR('',#14474,1.);
#14474 = DIRECTION('',(0.,0.,1.));
#14475 = ORIENTED_EDGE('',*,*,#13829,.F.);
#14476 = ORIENTED_EDGE('',*,*,#14470,.F.);
#14477 = CYLINDRICAL_SURFACE('',#14478,0.45);
#14478 = AXIS2_PLACEMENT_3D('',#14479,#14480,#14481);
#14479 = CARTESIAN_POINT('',(25.76,-18.06,-4.6E-02));
#14480 = DIRECTION('',(-0.,0.,-1.));
#14481 = DIRECTION('',(7.894919286223E-15,-1.,-0.));
#14482 = ADVANCED_FACE('',(#14483),#14494,.F.);
#14483 = FACE_BOUND('',#14484,.T.);
#14484 = EDGE_LOOP('',(#14485,#14486,#14492,#14493));
#14485 = ORIENTED_EDGE('',*,*,#13368,.T.);
#14486 = ORIENTED_EDGE('',*,*,#14487,.T.);
#14487 = EDGE_CURVE('',#13369,#13841,#14488,.T.);
#14488 = LINE('',#14489,#14490);
#14489 = CARTESIAN_POINT('',(41.,-33.75,-4.6E-02));
#14490 = VECTOR('',#14491,1.);
#14491 = DIRECTION('',(0.,0.,1.));
#14492 = ORIENTED_EDGE('',*,*,#13840,.F.);
#14493 = ORIENTED_EDGE('',*,*,#14487,.F.);
#14494 = CYLINDRICAL_SURFACE('',#14495,0.45);
#14495 = AXIS2_PLACEMENT_3D('',#14496,#14497,#14498);
#14496 = CARTESIAN_POINT('',(41.,-33.3,-4.6E-02));
#14497 = DIRECTION('',(-0.,-0.,-1.));
#14498 = DIRECTION('',(-0.,-1.,0.));
#14499 = ADVANCED_FACE('',(#14500),#14511,.F.);
#14500 = FACE_BOUND('',#14501,.T.);
#14501 = EDGE_LOOP('',(#14502,#14503,#14509,#14510));
#14502 = ORIENTED_EDGE('',*,*,#13379,.T.);
#14503 = ORIENTED_EDGE('',*,*,#14504,.T.);
#14504 = EDGE_CURVE('',#13380,#13852,#14505,.T.);
#14505 = LINE('',#14506,#14507);
#14506 = CARTESIAN_POINT('',(41.,-31.21,-4.6E-02));
#14507 = VECTOR('',#14508,1.);
#14508 = DIRECTION('',(0.,0.,1.));
#14509 = ORIENTED_EDGE('',*,*,#13851,.F.);
#14510 = ORIENTED_EDGE('',*,*,#14504,.F.);
#14511 = CYLINDRICAL_SURFACE('',#14512,0.45);
#14512 = AXIS2_PLACEMENT_3D('',#14513,#14514,#14515);
#14513 = CARTESIAN_POINT('',(41.,-30.76,-4.6E-02));
#14514 = DIRECTION('',(-0.,-0.,-1.));
#14515 = DIRECTION('',(-0.,-1.,0.));
#14516 = ADVANCED_FACE('',(#14517),#14528,.F.);
#14517 = FACE_BOUND('',#14518,.T.);
#14518 = EDGE_LOOP('',(#14519,#14520,#14526,#14527));
#14519 = ORIENTED_EDGE('',*,*,#13390,.T.);
#14520 = ORIENTED_EDGE('',*,*,#14521,.T.);
#14521 = EDGE_CURVE('',#13391,#13863,#14522,.T.);
#14522 = LINE('',#14523,#14524);
#14523 = CARTESIAN_POINT('',(53.,-34.6,-4.6E-02));
#14524 = VECTOR('',#14525,1.);
#14525 = DIRECTION('',(0.,0.,1.));
#14526 = ORIENTED_EDGE('',*,*,#13862,.F.);
#14527 = ORIENTED_EDGE('',*,*,#14521,.F.);
#14528 = CYLINDRICAL_SURFACE('',#14529,1.6);
#14529 = AXIS2_PLACEMENT_3D('',#14530,#14531,#14532);
#14530 = CARTESIAN_POINT('',(53.,-33.,-4.6E-02));
#14531 = DIRECTION('',(-0.,-0.,-1.));
#14532 = DIRECTION('',(-0.,-1.,0.));
#14533 = ADVANCED_FACE('',(#14534),#14545,.F.);
#14534 = FACE_BOUND('',#14535,.T.);
#14535 = EDGE_LOOP('',(#14536,#14537,#14543,#14544));
#14536 = ORIENTED_EDGE('',*,*,#13401,.T.);
#14537 = ORIENTED_EDGE('',*,*,#14538,.T.);
#14538 = EDGE_CURVE('',#13402,#13874,#14539,.T.);
#14539 = LINE('',#14540,#14541);
#14540 = CARTESIAN_POINT('',(41.,-28.67,-4.6E-02));
#14541 = VECTOR('',#14542,1.);
#14542 = DIRECTION('',(0.,0.,1.));
#14543 = ORIENTED_EDGE('',*,*,#13873,.F.);
#14544 = ORIENTED_EDGE('',*,*,#14538,.F.);
#14545 = CYLINDRICAL_SURFACE('',#14546,0.45);
#14546 = AXIS2_PLACEMENT_3D('',#14547,#14548,#14549);
#14547 = CARTESIAN_POINT('',(41.,-28.22,-4.6E-02));
#14548 = DIRECTION('',(-0.,-0.,-1.));
#14549 = DIRECTION('',(-0.,-1.,0.));
#14550 = ADVANCED_FACE('',(#14551),#14562,.F.);
#14551 = FACE_BOUND('',#14552,.T.);
#14552 = EDGE_LOOP('',(#14553,#14554,#14560,#14561));
#14553 = ORIENTED_EDGE('',*,*,#13412,.T.);
#14554 = ORIENTED_EDGE('',*,*,#14555,.T.);
#14555 = EDGE_CURVE('',#13413,#13885,#14556,.T.);
#14556 = LINE('',#14557,#14558);
#14557 = CARTESIAN_POINT('',(41.,-26.13,-4.6E-02));
#14558 = VECTOR('',#14559,1.);
#14559 = DIRECTION('',(0.,0.,1.));
#14560 = ORIENTED_EDGE('',*,*,#13884,.F.);
#14561 = ORIENTED_EDGE('',*,*,#14555,.F.);
#14562 = CYLINDRICAL_SURFACE('',#14563,0.45);
#14563 = AXIS2_PLACEMENT_3D('',#14564,#14565,#14566);
#14564 = CARTESIAN_POINT('',(41.,-25.68,-4.6E-02));
#14565 = DIRECTION('',(-0.,-0.,-1.));
#14566 = DIRECTION('',(-0.,-1.,0.));
#14567 = ADVANCED_FACE('',(#14568),#14579,.F.);
#14568 = FACE_BOUND('',#14569,.T.);
#14569 = EDGE_LOOP('',(#14570,#14571,#14577,#14578));
#14570 = ORIENTED_EDGE('',*,*,#13423,.T.);
#14571 = ORIENTED_EDGE('',*,*,#14572,.T.);
#14572 = EDGE_CURVE('',#13424,#13896,#14573,.T.);
#14573 = LINE('',#14574,#14575);
#14574 = CARTESIAN_POINT('',(41.,-23.59,-4.6E-02));
#14575 = VECTOR('',#14576,1.);
#14576 = DIRECTION('',(0.,0.,1.));
#14577 = ORIENTED_EDGE('',*,*,#13895,.F.);
#14578 = ORIENTED_EDGE('',*,*,#14572,.F.);
#14579 = CYLINDRICAL_SURFACE('',#14580,0.45);
#14580 = AXIS2_PLACEMENT_3D('',#14581,#14582,#14583);
#14581 = CARTESIAN_POINT('',(41.,-23.14,-4.6E-02));
#14582 = DIRECTION('',(-0.,-0.,-1.));
#14583 = DIRECTION('',(-0.,-1.,0.));
#14584 = ADVANCED_FACE('',(#14585),#14596,.F.);
#14585 = FACE_BOUND('',#14586,.T.);
#14586 = EDGE_LOOP('',(#14587,#14588,#14594,#14595));
#14587 = ORIENTED_EDGE('',*,*,#13434,.T.);
#14588 = ORIENTED_EDGE('',*,*,#14589,.T.);
#14589 = EDGE_CURVE('',#13435,#13907,#14590,.T.);
#14590 = LINE('',#14591,#14592);
#14591 = CARTESIAN_POINT('',(41.,-21.05,-4.6E-02));
#14592 = VECTOR('',#14593,1.);
#14593 = DIRECTION('',(0.,0.,1.));
#14594 = ORIENTED_EDGE('',*,*,#13906,.F.);
#14595 = ORIENTED_EDGE('',*,*,#14589,.F.);
#14596 = CYLINDRICAL_SURFACE('',#14597,0.45);
#14597 = AXIS2_PLACEMENT_3D('',#14598,#14599,#14600);
#14598 = CARTESIAN_POINT('',(41.,-20.6,-4.6E-02));
#14599 = DIRECTION('',(-0.,-0.,-1.));
#14600 = DIRECTION('',(-0.,-1.,0.));
#14601 = ADVANCED_FACE('',(#14602),#14613,.F.);
#14602 = FACE_BOUND('',#14603,.T.);
#14603 = EDGE_LOOP('',(#14604,#14605,#14611,#14612));
#14604 = ORIENTED_EDGE('',*,*,#13445,.T.);
#14605 = ORIENTED_EDGE('',*,*,#14606,.T.);
#14606 = EDGE_CURVE('',#13446,#13918,#14607,.T.);
#14607 = LINE('',#14608,#14609);
#14608 = CARTESIAN_POINT('',(41.,-18.51,-4.6E-02));
#14609 = VECTOR('',#14610,1.);
#14610 = DIRECTION('',(0.,0.,1.));
#14611 = ORIENTED_EDGE('',*,*,#13917,.F.);
#14612 = ORIENTED_EDGE('',*,*,#14606,.F.);
#14613 = CYLINDRICAL_SURFACE('',#14614,0.45);
#14614 = AXIS2_PLACEMENT_3D('',#14615,#14616,#14617);
#14615 = CARTESIAN_POINT('',(41.,-18.06,-4.6E-02));
#14616 = DIRECTION('',(-0.,-0.,-1.));
#14617 = DIRECTION('',(-0.,-1.,0.));
#14618 = ADVANCED_FACE('',(#14619),#14630,.F.);
#14619 = FACE_BOUND('',#14620,.T.);
#14620 = EDGE_LOOP('',(#14621,#14622,#14628,#14629));
#14621 = ORIENTED_EDGE('',*,*,#13456,.T.);
#14622 = ORIENTED_EDGE('',*,*,#14623,.T.);
#14623 = EDGE_CURVE('',#13457,#13929,#14624,.T.);
#14624 = LINE('',#14625,#14626);
#14625 = CARTESIAN_POINT('',(0.5,-14.72,-4.6E-02));
#14626 = VECTOR('',#14627,1.);
#14627 = DIRECTION('',(0.,0.,1.));
#14628 = ORIENTED_EDGE('',*,*,#13928,.F.);
#14629 = ORIENTED_EDGE('',*,*,#14623,.F.);
#14630 = CYLINDRICAL_SURFACE('',#14631,0.6);
#14631 = AXIS2_PLACEMENT_3D('',#14632,#14633,#14634);
#14632 = CARTESIAN_POINT('',(0.5,-14.12,-4.6E-02));
#14633 = DIRECTION('',(-0.,-0.,-1.));
#14634 = DIRECTION('',(-0.,-1.,0.));
#14635 = ADVANCED_FACE('',(#14636),#14647,.F.);
#14636 = FACE_BOUND('',#14637,.T.);
#14637 = EDGE_LOOP('',(#14638,#14639,#14645,#14646));
#14638 = ORIENTED_EDGE('',*,*,#13467,.T.);
#14639 = ORIENTED_EDGE('',*,*,#14640,.T.);
#14640 = EDGE_CURVE('',#13468,#13940,#14641,.T.);
#14641 = LINE('',#14642,#14643);
#14642 = CARTESIAN_POINT('',(25.76,-15.97,-4.6E-02));
#14643 = VECTOR('',#14644,1.);
#14644 = DIRECTION('',(0.,0.,1.));
#14645 = ORIENTED_EDGE('',*,*,#13939,.F.);
#14646 = ORIENTED_EDGE('',*,*,#14640,.F.);
#14647 = CYLINDRICAL_SURFACE('',#14648,0.45);
#14648 = AXIS2_PLACEMENT_3D('',#14649,#14650,#14651);
#14649 = CARTESIAN_POINT('',(25.76,-15.52,-4.6E-02));
#14650 = DIRECTION('',(-0.,0.,-1.));
#14651 = DIRECTION('',(7.894919286223E-15,-1.,-0.));
#14652 = ADVANCED_FACE('',(#14653),#14664,.F.);
#14653 = FACE_BOUND('',#14654,.T.);
#14654 = EDGE_LOOP('',(#14655,#14656,#14662,#14663));
#14655 = ORIENTED_EDGE('',*,*,#13478,.T.);
#14656 = ORIENTED_EDGE('',*,*,#14657,.T.);
#14657 = EDGE_CURVE('',#13479,#13951,#14658,.T.);
#14658 = LINE('',#14659,#14660);
#14659 = CARTESIAN_POINT('',(0.,-1.6,-4.6E-02));
#14660 = VECTOR('',#14661,1.);
#14661 = DIRECTION('',(0.,0.,1.));
#14662 = ORIENTED_EDGE('',*,*,#13950,.F.);
#14663 = ORIENTED_EDGE('',*,*,#14657,.F.);
#14664 = CYLINDRICAL_SURFACE('',#14665,1.6);
#14665 = AXIS2_PLACEMENT_3D('',#14666,#14667,#14668);
#14666 = CARTESIAN_POINT('',(-1.665334536938E-16,2.775557561563E-16,
    -4.6E-02));
#14667 = DIRECTION('',(-0.,0.,-1.));
#14668 = DIRECTION('',(1.040834085586E-16,-1.,-0.));
#14669 = ADVANCED_FACE('',(#14670),#14681,.F.);
#14670 = FACE_BOUND('',#14671,.T.);
#14671 = EDGE_LOOP('',(#14672,#14673,#14679,#14680));
#14672 = ORIENTED_EDGE('',*,*,#13489,.T.);
#14673 = ORIENTED_EDGE('',*,*,#14674,.T.);
#14674 = EDGE_CURVE('',#13490,#13962,#14675,.T.);
#14675 = LINE('',#14676,#14677);
#14676 = CARTESIAN_POINT('',(6.6,-0.5,-4.6E-02));
#14677 = VECTOR('',#14678,1.);
#14678 = DIRECTION('',(0.,0.,1.));
#14679 = ORIENTED_EDGE('',*,*,#13961,.F.);
#14680 = ORIENTED_EDGE('',*,*,#14674,.F.);
#14681 = CYLINDRICAL_SURFACE('',#14682,0.6);
#14682 = AXIS2_PLACEMENT_3D('',#14683,#14684,#14685);
#14683 = CARTESIAN_POINT('',(6.6,0.1,-4.6E-02));
#14684 = DIRECTION('',(-0.,-0.,-1.));
#14685 = DIRECTION('',(-0.,-1.,0.));
#14686 = ADVANCED_FACE('',(#14687),#14698,.F.);
#14687 = FACE_BOUND('',#14688,.T.);
#14688 = EDGE_LOOP('',(#14689,#14690,#14696,#14697));
#14689 = ORIENTED_EDGE('',*,*,#13500,.T.);
#14690 = ORIENTED_EDGE('',*,*,#14691,.T.);
#14691 = EDGE_CURVE('',#13501,#13973,#14692,.T.);
#14692 = LINE('',#14693,#14694);
#14693 = CARTESIAN_POINT('',(9.14,-0.5,-4.6E-02));
#14694 = VECTOR('',#14695,1.);
#14695 = DIRECTION('',(0.,0.,1.));
#14696 = ORIENTED_EDGE('',*,*,#13972,.F.);
#14697 = ORIENTED_EDGE('',*,*,#14691,.F.);
#14698 = CYLINDRICAL_SURFACE('',#14699,0.6);
#14699 = AXIS2_PLACEMENT_3D('',#14700,#14701,#14702);
#14700 = CARTESIAN_POINT('',(9.14,0.1,-4.6E-02));
#14701 = DIRECTION('',(-0.,-0.,-1.));
#14702 = DIRECTION('',(-0.,-1.,0.));
#14703 = ADVANCED_FACE('',(#14704),#14715,.F.);
#14704 = FACE_BOUND('',#14705,.T.);
#14705 = EDGE_LOOP('',(#14706,#14707,#14713,#14714));
#14706 = ORIENTED_EDGE('',*,*,#13511,.T.);
#14707 = ORIENTED_EDGE('',*,*,#14708,.T.);
#14708 = EDGE_CURVE('',#13512,#13984,#14709,.T.);
#14709 = LINE('',#14710,#14711);
#14710 = CARTESIAN_POINT('',(11.68,-0.5,-4.6E-02));
#14711 = VECTOR('',#14712,1.);
#14712 = DIRECTION('',(0.,0.,1.));
#14713 = ORIENTED_EDGE('',*,*,#13983,.F.);
#14714 = ORIENTED_EDGE('',*,*,#14708,.F.);
#14715 = CYLINDRICAL_SURFACE('',#14716,0.6);
#14716 = AXIS2_PLACEMENT_3D('',#14717,#14718,#14719);
#14717 = CARTESIAN_POINT('',(11.68,0.1,-4.6E-02));
#14718 = DIRECTION('',(-0.,-0.,-1.));
#14719 = DIRECTION('',(-0.,-1.,0.));
#14720 = ADVANCED_FACE('',(#14721),#14732,.F.);
#14721 = FACE_BOUND('',#14722,.T.);
#14722 = EDGE_LOOP('',(#14723,#14724,#14730,#14731));
#14723 = ORIENTED_EDGE('',*,*,#13522,.T.);
#14724 = ORIENTED_EDGE('',*,*,#14725,.T.);
#14725 = EDGE_CURVE('',#13523,#13995,#14726,.T.);
#14726 = LINE('',#14727,#14728);
#14727 = CARTESIAN_POINT('',(28.5,-10.1,-4.6E-02));
#14728 = VECTOR('',#14729,1.);
#14729 = DIRECTION('',(0.,0.,1.));
#14730 = ORIENTED_EDGE('',*,*,#13994,.F.);
#14731 = ORIENTED_EDGE('',*,*,#14725,.F.);
#14732 = CYLINDRICAL_SURFACE('',#14733,0.5);
#14733 = AXIS2_PLACEMENT_3D('',#14734,#14735,#14736);
#14734 = CARTESIAN_POINT('',(28.5,-9.6,-4.6E-02));
#14735 = DIRECTION('',(-0.,-0.,-1.));
#14736 = DIRECTION('',(-0.,-1.,0.));
#14737 = ADVANCED_FACE('',(#14738),#14749,.F.);
#14738 = FACE_BOUND('',#14739,.T.);
#14739 = EDGE_LOOP('',(#14740,#14741,#14747,#14748));
#14740 = ORIENTED_EDGE('',*,*,#13533,.T.);
#14741 = ORIENTED_EDGE('',*,*,#14742,.T.);
#14742 = EDGE_CURVE('',#13534,#14006,#14743,.T.);
#14743 = LINE('',#14744,#14745);
#14744 = CARTESIAN_POINT('',(31.04,-10.1,-4.6E-02));
#14745 = VECTOR('',#14746,1.);
#14746 = DIRECTION('',(0.,0.,1.));
#14747 = ORIENTED_EDGE('',*,*,#14005,.F.);
#14748 = ORIENTED_EDGE('',*,*,#14742,.F.);
#14749 = CYLINDRICAL_SURFACE('',#14750,0.5);
#14750 = AXIS2_PLACEMENT_3D('',#14751,#14752,#14753);
#14751 = CARTESIAN_POINT('',(31.04,-9.6,-4.6E-02));
#14752 = DIRECTION('',(-0.,-0.,-1.));
#14753 = DIRECTION('',(-0.,-1.,0.));
#14754 = ADVANCED_FACE('',(#14755),#14766,.F.);
#14755 = FACE_BOUND('',#14756,.T.);
#14756 = EDGE_LOOP('',(#14757,#14758,#14764,#14765));
#14757 = ORIENTED_EDGE('',*,*,#13544,.T.);
#14758 = ORIENTED_EDGE('',*,*,#14759,.T.);
#14759 = EDGE_CURVE('',#13545,#14017,#14760,.T.);
#14760 = LINE('',#14761,#14762);
#14761 = CARTESIAN_POINT('',(33.58,-10.1,-4.6E-02));
#14762 = VECTOR('',#14763,1.);
#14763 = DIRECTION('',(0.,0.,1.));
#14764 = ORIENTED_EDGE('',*,*,#14016,.F.);
#14765 = ORIENTED_EDGE('',*,*,#14759,.F.);
#14766 = CYLINDRICAL_SURFACE('',#14767,0.5);
#14767 = AXIS2_PLACEMENT_3D('',#14768,#14769,#14770);
#14768 = CARTESIAN_POINT('',(33.58,-9.6,-4.6E-02));
#14769 = DIRECTION('',(-0.,-0.,-1.));
#14770 = DIRECTION('',(-0.,-1.,0.));
#14771 = ADVANCED_FACE('',(#14772),#14783,.F.);
#14772 = FACE_BOUND('',#14773,.T.);
#14773 = EDGE_LOOP('',(#14774,#14775,#14781,#14782));
#14774 = ORIENTED_EDGE('',*,*,#13555,.T.);
#14775 = ORIENTED_EDGE('',*,*,#14776,.T.);
#14776 = EDGE_CURVE('',#13556,#14028,#14777,.T.);
#14777 = LINE('',#14778,#14779);
#14778 = CARTESIAN_POINT('',(36.12,-10.1,-4.6E-02));
#14779 = VECTOR('',#14780,1.);
#14780 = DIRECTION('',(0.,0.,1.));
#14781 = ORIENTED_EDGE('',*,*,#14027,.F.);
#14782 = ORIENTED_EDGE('',*,*,#14776,.F.);
#14783 = CYLINDRICAL_SURFACE('',#14784,0.5);
#14784 = AXIS2_PLACEMENT_3D('',#14785,#14786,#14787);
#14785 = CARTESIAN_POINT('',(36.12,-9.6,-4.6E-02));
#14786 = DIRECTION('',(-0.,-0.,-1.));
#14787 = DIRECTION('',(-0.,-1.,0.));
#14788 = ADVANCED_FACE('',(#14789),#14800,.F.);
#14789 = FACE_BOUND('',#14790,.T.);
#14790 = EDGE_LOOP('',(#14791,#14792,#14798,#14799));
#14791 = ORIENTED_EDGE('',*,*,#13566,.T.);
#14792 = ORIENTED_EDGE('',*,*,#14793,.T.);
#14793 = EDGE_CURVE('',#13567,#14039,#14794,.T.);
#14794 = LINE('',#14795,#14796);
#14795 = CARTESIAN_POINT('',(41.,-15.97,-4.6E-02));
#14796 = VECTOR('',#14797,1.);
#14797 = DIRECTION('',(0.,0.,1.));
#14798 = ORIENTED_EDGE('',*,*,#14038,.F.);
#14799 = ORIENTED_EDGE('',*,*,#14793,.F.);
#14800 = CYLINDRICAL_SURFACE('',#14801,0.45);
#14801 = AXIS2_PLACEMENT_3D('',#14802,#14803,#14804);
#14802 = CARTESIAN_POINT('',(41.,-15.52,-4.6E-02));
#14803 = DIRECTION('',(-0.,-0.,-1.));
#14804 = DIRECTION('',(-0.,-1.,0.));
#14805 = ADVANCED_FACE('',(#14806),#14817,.F.);
#14806 = FACE_BOUND('',#14807,.T.);
#14807 = EDGE_LOOP('',(#14808,#14809,#14815,#14816));
#14808 = ORIENTED_EDGE('',*,*,#13577,.T.);
#14809 = ORIENTED_EDGE('',*,*,#14810,.T.);
#14810 = EDGE_CURVE('',#13578,#14050,#14811,.T.);
#14811 = LINE('',#14812,#14813);
#14812 = CARTESIAN_POINT('',(53.,-1.6,-4.6E-02));
#14813 = VECTOR('',#14814,1.);
#14814 = DIRECTION('',(0.,0.,1.));
#14815 = ORIENTED_EDGE('',*,*,#14049,.F.);
#14816 = ORIENTED_EDGE('',*,*,#14810,.F.);
#14817 = CYLINDRICAL_SURFACE('',#14818,1.6);
#14818 = AXIS2_PLACEMENT_3D('',#14819,#14820,#14821);
#14819 = CARTESIAN_POINT('',(53.,-1.720845688169E-15,-4.6E-02));
#14820 = DIRECTION('',(-0.,-0.,-1.));
#14821 = DIRECTION('',(-0.,-1.,0.));
#14822 = ( GEOMETRIC_REPRESENTATION_CONTEXT(3) 
GLOBAL_UNCERTAINTY_ASSIGNED_CONTEXT((#14826)) 
GLOBAL_UNIT_ASSIGNED_CONTEXT((#14823,#14824,#14825)) 
REPRESENTATION_CONTEXT('Context #1',
  '3D Context with UNIT and UNCERTAINTY') );
#14823 = ( LENGTH_UNIT() NAMED_UNIT(*) SI_UNIT(.MILLI.,.METRE.) );
#14824 = ( NAMED_UNIT(*) PLANE_ANGLE_UNIT() SI_UNIT($,.RADIAN.) );
#14825 = ( NAMED_UNIT(*) SI_UNIT($,.STERADIAN.) SOLID_ANGLE_UNIT() );
#14826 = UNCERTAINTY_MEASURE_WITH_UNIT(LENGTH_MEASURE(1.E-07),#14823,
  'distance_accuracy_value','confusion accuracy');
#14827 = CONTEXT_DEPENDENT_SHAPE_REPRESENTATION(#14828,#14830);
#14828 = ( REPRESENTATION_RELATIONSHIP('','',#13011,#10) 
REPRESENTATION_RELATIONSHIP_WITH_TRANSFORMATION(#14829) 
SHAPE_REPRESENTATION_RELATIONSHIP() );
#14829 = ITEM_DEFINED_TRANSFORMATION('','',#11,#107);
#14830 = PRODUCT_DEFINITION_SHAPE('Placement','Placement of an item',
  #14831);
#14831 = NEXT_ASSEMBLY_USAGE_OCCURRENCE('24','=>[0:1:1:11]','',#5,#13006
  ,$);
#14832 = PRODUCT_RELATED_PRODUCT_CATEGORY('part',$,(#13008));
#14833 = MECHANICAL_DESIGN_GEOMETRIC_PRESENTATION_REPRESENTATION('',(
    #14834,#14842,#14849,#14856,#14863,#14870,#14877,#14884,#14892,
    #14899,#14906,#14913,#14920,#14927,#14934,#14941,#14948,#14955,
    #14962,#14969,#14976,#14983,#14990,#14997,#15004,#15011,#15018,
    #15025,#15032,#15039,#15046,#15053,#15060,#15067,#15074,#15081,
    #15089,#15096,#15103,#15110,#15117,#15124,#15131,#15138,#15145,
    #15152,#15159,#15166,#15173,#15180),#5371);
#14834 = STYLED_ITEM('color',(#14835),#3850);
#14835 = PRESENTATION_STYLE_ASSIGNMENT((#14836));
#14836 = SURFACE_STYLE_USAGE(.BOTH.,#14837);
#14837 = SURFACE_SIDE_STYLE('',(#14838));
#14838 = SURFACE_STYLE_FILL_AREA(#14839);
#14839 = FILL_AREA_STYLE('',(#14840));
#14840 = FILL_AREA_STYLE_COLOUR('',#14841);
#14841 = COLOUR_RGB('',0.894999966383,0.890999961016,0.813000030345);
#14842 = STYLED_ITEM('color',(#14843),#3890);
#14843 = PRESENTATION_STYLE_ASSIGNMENT((#14844));
#14844 = SURFACE_STYLE_USAGE(.BOTH.,#14845);
#14845 = SURFACE_SIDE_STYLE('',(#14846));
#14846 = SURFACE_STYLE_FILL_AREA(#14847);
#14847 = FILL_AREA_STYLE('',(#14848));
#14848 = FILL_AREA_STYLE_COLOUR('',#14841);
#14849 = STYLED_ITEM('color',(#14850),#3937);
#14850 = PRESENTATION_STYLE_ASSIGNMENT((#14851));
#14851 = SURFACE_STYLE_USAGE(.BOTH.,#14852);
#14852 = SURFACE_SIDE_STYLE('',(#14853));
#14853 = SURFACE_STYLE_FILL_AREA(#14854);
#14854 = FILL_AREA_STYLE('',(#14855));
#14855 = FILL_AREA_STYLE_COLOUR('',#14841);
#14856 = STYLED_ITEM('color',(#14857),#4016);
#14857 = PRESENTATION_STYLE_ASSIGNMENT((#14858));
#14858 = SURFACE_STYLE_USAGE(.BOTH.,#14859);
#14859 = SURFACE_SIDE_STYLE('',(#14860));
#14860 = SURFACE_STYLE_FILL_AREA(#14861);
#14861 = FILL_AREA_STYLE('',(#14862));
#14862 = FILL_AREA_STYLE_COLOUR('',#14841);
#14863 = STYLED_ITEM('color',(#14864),#4040);
#14864 = PRESENTATION_STYLE_ASSIGNMENT((#14865));
#14865 = SURFACE_STYLE_USAGE(.BOTH.,#14866);
#14866 = SURFACE_SIDE_STYLE('',(#14867));
#14867 = SURFACE_STYLE_FILL_AREA(#14868);
#14868 = FILL_AREA_STYLE('',(#14869));
#14869 = FILL_AREA_STYLE_COLOUR('',#14841);
#14870 = STYLED_ITEM('color',(#14871),#4080);
#14871 = PRESENTATION_STYLE_ASSIGNMENT((#14872));
#14872 = SURFACE_STYLE_USAGE(.BOTH.,#14873);
#14873 = SURFACE_SIDE_STYLE('',(#14874));
#14874 = SURFACE_STYLE_FILL_AREA(#14875);
#14875 = FILL_AREA_STYLE('',(#14876));
#14876 = FILL_AREA_STYLE_COLOUR('',#14841);
#14877 = STYLED_ITEM('color',(#14878),#4111);
#14878 = PRESENTATION_STYLE_ASSIGNMENT((#14879));
#14879 = SURFACE_STYLE_USAGE(.BOTH.,#14880);
#14880 = SURFACE_SIDE_STYLE('',(#14881));
#14881 = SURFACE_STYLE_FILL_AREA(#14882);
#14882 = FILL_AREA_STYLE('',(#14883));
#14883 = FILL_AREA_STYLE_COLOUR('',#14841);
#14884 = STYLED_ITEM('color',(#14885),#4128);
#14885 = PRESENTATION_STYLE_ASSIGNMENT((#14886));
#14886 = SURFACE_STYLE_USAGE(.BOTH.,#14887);
#14887 = SURFACE_SIDE_STYLE('',(#14888));
#14888 = SURFACE_STYLE_FILL_AREA(#14889);
#14889 = FILL_AREA_STYLE('',(#14890));
#14890 = FILL_AREA_STYLE_COLOUR('',#14891);
#14891 = COLOUR_RGB('',0.859000020776,0.737999965183,0.495999988746);
#14892 = STYLED_ITEM('color',(#14893),#4161);
#14893 = PRESENTATION_STYLE_ASSIGNMENT((#14894));
#14894 = SURFACE_STYLE_USAGE(.BOTH.,#14895);
#14895 = SURFACE_SIDE_STYLE('',(#14896));
#14896 = SURFACE_STYLE_FILL_AREA(#14897);
#14897 = FILL_AREA_STYLE('',(#14898));
#14898 = FILL_AREA_STYLE_COLOUR('',#14841);
#14899 = STYLED_ITEM('color',(#14900),#4185);
#14900 = PRESENTATION_STYLE_ASSIGNMENT((#14901));
#14901 = SURFACE_STYLE_USAGE(.BOTH.,#14902);
#14902 = SURFACE_SIDE_STYLE('',(#14903));
#14903 = SURFACE_STYLE_FILL_AREA(#14904);
#14904 = FILL_AREA_STYLE('',(#14905));
#14905 = FILL_AREA_STYLE_COLOUR('',#14891);
#14906 = STYLED_ITEM('color',(#14907),#4252);
#14907 = PRESENTATION_STYLE_ASSIGNMENT((#14908));
#14908 = SURFACE_STYLE_USAGE(.BOTH.,#14909);
#14909 = SURFACE_SIDE_STYLE('',(#14910));
#14910 = SURFACE_STYLE_FILL_AREA(#14911);
#14911 = FILL_AREA_STYLE('',(#14912));
#14912 = FILL_AREA_STYLE_COLOUR('',#14841);
#14913 = STYLED_ITEM('color',(#14914),#4373);
#14914 = PRESENTATION_STYLE_ASSIGNMENT((#14915));
#14915 = SURFACE_STYLE_USAGE(.BOTH.,#14916);
#14916 = SURFACE_SIDE_STYLE('',(#14917));
#14917 = SURFACE_STYLE_FILL_AREA(#14918);
#14918 = FILL_AREA_STYLE('',(#14919));
#14919 = FILL_AREA_STYLE_COLOUR('',#14891);
#14920 = STYLED_ITEM('color',(#14921),#4440);
#14921 = PRESENTATION_STYLE_ASSIGNMENT((#14922));
#14922 = SURFACE_STYLE_USAGE(.BOTH.,#14923);
#14923 = SURFACE_SIDE_STYLE('',(#14924));
#14924 = SURFACE_STYLE_FILL_AREA(#14925);
#14925 = FILL_AREA_STYLE('',(#14926));
#14926 = FILL_AREA_STYLE_COLOUR('',#14841);
#14927 = STYLED_ITEM('color',(#14928),#4464);
#14928 = PRESENTATION_STYLE_ASSIGNMENT((#14929));
#14929 = SURFACE_STYLE_USAGE(.BOTH.,#14930);
#14930 = SURFACE_SIDE_STYLE('',(#14931));
#14931 = SURFACE_STYLE_FILL_AREA(#14932);
#14932 = FILL_AREA_STYLE('',(#14933));
#14933 = FILL_AREA_STYLE_COLOUR('',#14841);
#14934 = STYLED_ITEM('color',(#14935),#4495);
#14935 = PRESENTATION_STYLE_ASSIGNMENT((#14936));
#14936 = SURFACE_STYLE_USAGE(.BOTH.,#14937);
#14937 = SURFACE_SIDE_STYLE('',(#14938));
#14938 = SURFACE_STYLE_FILL_AREA(#14939);
#14939 = FILL_AREA_STYLE('',(#14940));
#14940 = FILL_AREA_STYLE_COLOUR('',#14891);
#14941 = STYLED_ITEM('color',(#14942),#4528);
#14942 = PRESENTATION_STYLE_ASSIGNMENT((#14943));
#14943 = SURFACE_STYLE_USAGE(.BOTH.,#14944);
#14944 = SURFACE_SIDE_STYLE('',(#14945));
#14945 = SURFACE_STYLE_FILL_AREA(#14946);
#14946 = FILL_AREA_STYLE('',(#14947));
#14947 = FILL_AREA_STYLE_COLOUR('',#14841);
#14948 = STYLED_ITEM('color',(#14949),#4584);
#14949 = PRESENTATION_STYLE_ASSIGNMENT((#14950));
#14950 = SURFACE_STYLE_USAGE(.BOTH.,#14951);
#14951 = SURFACE_SIDE_STYLE('',(#14952));
#14952 = SURFACE_STYLE_FILL_AREA(#14953);
#14953 = FILL_AREA_STYLE('',(#14954));
#14954 = FILL_AREA_STYLE_COLOUR('',#14891);
#14955 = STYLED_ITEM('color',(#14956),#4608);
#14956 = PRESENTATION_STYLE_ASSIGNMENT((#14957));
#14957 = SURFACE_STYLE_USAGE(.BOTH.,#14958);
#14958 = SURFACE_SIDE_STYLE('',(#14959));
#14959 = SURFACE_STYLE_FILL_AREA(#14960);
#14960 = FILL_AREA_STYLE('',(#14961));
#14961 = FILL_AREA_STYLE_COLOUR('',#14891);
#14962 = STYLED_ITEM('color',(#14963),#4632);
#14963 = PRESENTATION_STYLE_ASSIGNMENT((#14964));
#14964 = SURFACE_STYLE_USAGE(.BOTH.,#14965);
#14965 = SURFACE_SIDE_STYLE('',(#14966));
#14966 = SURFACE_STYLE_FILL_AREA(#14967);
#14967 = FILL_AREA_STYLE('',(#14968));
#14968 = FILL_AREA_STYLE_COLOUR('',#14891);
#14969 = STYLED_ITEM('color',(#14970),#4656);
#14970 = PRESENTATION_STYLE_ASSIGNMENT((#14971));
#14971 = SURFACE_STYLE_USAGE(.BOTH.,#14972);
#14972 = SURFACE_SIDE_STYLE('',(#14973));
#14973 = SURFACE_STYLE_FILL_AREA(#14974);
#14974 = FILL_AREA_STYLE('',(#14975));
#14975 = FILL_AREA_STYLE_COLOUR('',#14891);
#14976 = STYLED_ITEM('color',(#14977),#4689);
#14977 = PRESENTATION_STYLE_ASSIGNMENT((#14978));
#14978 = SURFACE_STYLE_USAGE(.BOTH.,#14979);
#14979 = SURFACE_SIDE_STYLE('',(#14980));
#14980 = SURFACE_STYLE_FILL_AREA(#14981);
#14981 = FILL_AREA_STYLE('',(#14982));
#14982 = FILL_AREA_STYLE_COLOUR('',#14891);
#14983 = STYLED_ITEM('color',(#14984),#4701);
#14984 = PRESENTATION_STYLE_ASSIGNMENT((#14985));
#14985 = SURFACE_STYLE_USAGE(.BOTH.,#14986);
#14986 = SURFACE_SIDE_STYLE('',(#14987));
#14987 = SURFACE_STYLE_FILL_AREA(#14988);
#14988 = FILL_AREA_STYLE('',(#14989));
#14989 = FILL_AREA_STYLE_COLOUR('',#14891);
#14990 = STYLED_ITEM('color',(#14991),#4764);
#14991 = PRESENTATION_STYLE_ASSIGNMENT((#14992));
#14992 = SURFACE_STYLE_USAGE(.BOTH.,#14993);
#14993 = SURFACE_SIDE_STYLE('',(#14994));
#14994 = SURFACE_STYLE_FILL_AREA(#14995);
#14995 = FILL_AREA_STYLE('',(#14996));
#14996 = FILL_AREA_STYLE_COLOUR('',#14891);
#14997 = STYLED_ITEM('color',(#14998),#4789);
#14998 = PRESENTATION_STYLE_ASSIGNMENT((#14999));
#14999 = SURFACE_STYLE_USAGE(.BOTH.,#15000);
#15000 = SURFACE_SIDE_STYLE('',(#15001));
#15001 = SURFACE_STYLE_FILL_AREA(#15002);
#15002 = FILL_AREA_STYLE('',(#15003));
#15003 = FILL_AREA_STYLE_COLOUR('',#14891);
#15004 = STYLED_ITEM('color',(#15005),#4806);
#15005 = PRESENTATION_STYLE_ASSIGNMENT((#15006));
#15006 = SURFACE_STYLE_USAGE(.BOTH.,#15007);
#15007 = SURFACE_SIDE_STYLE('',(#15008));
#15008 = SURFACE_STYLE_FILL_AREA(#15009);
#15009 = FILL_AREA_STYLE('',(#15010));
#15010 = FILL_AREA_STYLE_COLOUR('',#14891);
#15011 = STYLED_ITEM('color',(#15012),#4830);
#15012 = PRESENTATION_STYLE_ASSIGNMENT((#15013));
#15013 = SURFACE_STYLE_USAGE(.BOTH.,#15014);
#15014 = SURFACE_SIDE_STYLE('',(#15015));
#15015 = SURFACE_STYLE_FILL_AREA(#15016);
#15016 = FILL_AREA_STYLE('',(#15017));
#15017 = FILL_AREA_STYLE_COLOUR('',#14891);
#15018 = STYLED_ITEM('color',(#15019),#4848);
#15019 = PRESENTATION_STYLE_ASSIGNMENT((#15020));
#15020 = SURFACE_STYLE_USAGE(.BOTH.,#15021);
#15021 = SURFACE_SIDE_STYLE('',(#15022));
#15022 = SURFACE_STYLE_FILL_AREA(#15023);
#15023 = FILL_AREA_STYLE('',(#15024));
#15024 = FILL_AREA_STYLE_COLOUR('',#14891);
#15025 = STYLED_ITEM('color',(#15026),#4866);
#15026 = PRESENTATION_STYLE_ASSIGNMENT((#15027));
#15027 = SURFACE_STYLE_USAGE(.BOTH.,#15028);
#15028 = SURFACE_SIDE_STYLE('',(#15029));
#15029 = SURFACE_STYLE_FILL_AREA(#15030);
#15030 = FILL_AREA_STYLE('',(#15031));
#15031 = FILL_AREA_STYLE_COLOUR('',#14891);
#15032 = STYLED_ITEM('color',(#15033),#4884);
#15033 = PRESENTATION_STYLE_ASSIGNMENT((#15034));
#15034 = SURFACE_STYLE_USAGE(.BOTH.,#15035);
#15035 = SURFACE_SIDE_STYLE('',(#15036));
#15036 = SURFACE_STYLE_FILL_AREA(#15037);
#15037 = FILL_AREA_STYLE('',(#15038));
#15038 = FILL_AREA_STYLE_COLOUR('',#14891);
#15039 = STYLED_ITEM('color',(#15040),#4901);
#15040 = PRESENTATION_STYLE_ASSIGNMENT((#15041));
#15041 = SURFACE_STYLE_USAGE(.BOTH.,#15042);
#15042 = SURFACE_SIDE_STYLE('',(#15043));
#15043 = SURFACE_STYLE_FILL_AREA(#15044);
#15044 = FILL_AREA_STYLE('',(#15045));
#15045 = FILL_AREA_STYLE_COLOUR('',#14891);
#15046 = STYLED_ITEM('color',(#15047),#4918);
#15047 = PRESENTATION_STYLE_ASSIGNMENT((#15048));
#15048 = SURFACE_STYLE_USAGE(.BOTH.,#15049);
#15049 = SURFACE_SIDE_STYLE('',(#15050));
#15050 = SURFACE_STYLE_FILL_AREA(#15051);
#15051 = FILL_AREA_STYLE('',(#15052));
#15052 = FILL_AREA_STYLE_COLOUR('',#14891);
#15053 = STYLED_ITEM('color',(#15054),#4949);
#15054 = PRESENTATION_STYLE_ASSIGNMENT((#15055));
#15055 = SURFACE_STYLE_USAGE(.BOTH.,#15056);
#15056 = SURFACE_SIDE_STYLE('',(#15057));
#15057 = SURFACE_STYLE_FILL_AREA(#15058);
#15058 = FILL_AREA_STYLE('',(#15059));
#15059 = FILL_AREA_STYLE_COLOUR('',#14891);
#15060 = STYLED_ITEM('color',(#15061),#4974);
#15061 = PRESENTATION_STYLE_ASSIGNMENT((#15062));
#15062 = SURFACE_STYLE_USAGE(.BOTH.,#15063);
#15063 = SURFACE_SIDE_STYLE('',(#15064));
#15064 = SURFACE_STYLE_FILL_AREA(#15065);
#15065 = FILL_AREA_STYLE('',(#15066));
#15066 = FILL_AREA_STYLE_COLOUR('',#14891);
#15067 = STYLED_ITEM('color',(#15068),#4999);
#15068 = PRESENTATION_STYLE_ASSIGNMENT((#15069));
#15069 = SURFACE_STYLE_USAGE(.BOTH.,#15070);
#15070 = SURFACE_SIDE_STYLE('',(#15071));
#15071 = SURFACE_STYLE_FILL_AREA(#15072);
#15072 = FILL_AREA_STYLE('',(#15073));
#15073 = FILL_AREA_STYLE_COLOUR('',#14891);
#15074 = STYLED_ITEM('color',(#15075),#5023);
#15075 = PRESENTATION_STYLE_ASSIGNMENT((#15076));
#15076 = SURFACE_STYLE_USAGE(.BOTH.,#15077);
#15077 = SURFACE_SIDE_STYLE('',(#15078));
#15078 = SURFACE_STYLE_FILL_AREA(#15079);
#15079 = FILL_AREA_STYLE('',(#15080));
#15080 = FILL_AREA_STYLE_COLOUR('',#14891);
#15081 = STYLED_ITEM('color',(#15082),#5040);
#15082 = PRESENTATION_STYLE_ASSIGNMENT((#15083));
#15083 = SURFACE_STYLE_USAGE(.BOTH.,#15084);
#15084 = SURFACE_SIDE_STYLE('',(#15085));
#15085 = SURFACE_STYLE_FILL_AREA(#15086);
#15086 = FILL_AREA_STYLE('',(#15087));
#15087 = FILL_AREA_STYLE_COLOUR('',#15088);
#15088 = COLOUR_RGB('',0.340000006699,0.68000001254,0.444999988852);
#15089 = STYLED_ITEM('color',(#15090),#5071);
#15090 = PRESENTATION_STYLE_ASSIGNMENT((#15091));
#15091 = SURFACE_STYLE_USAGE(.BOTH.,#15092);
#15092 = SURFACE_SIDE_STYLE('',(#15093));
#15093 = SURFACE_STYLE_FILL_AREA(#15094);
#15094 = FILL_AREA_STYLE('',(#15095));
#15095 = FILL_AREA_STYLE_COLOUR('',#15088);
#15096 = STYLED_ITEM('color',(#15097),#5095);
#15097 = PRESENTATION_STYLE_ASSIGNMENT((#15098));
#15098 = SURFACE_STYLE_USAGE(.BOTH.,#15099);
#15099 = SURFACE_SIDE_STYLE('',(#15100));
#15100 = SURFACE_STYLE_FILL_AREA(#15101);
#15101 = FILL_AREA_STYLE('',(#15102));
#15102 = FILL_AREA_STYLE_COLOUR('',#15088);
#15103 = STYLED_ITEM('color',(#15104),#5112);
#15104 = PRESENTATION_STYLE_ASSIGNMENT((#15105));
#15105 = SURFACE_STYLE_USAGE(.BOTH.,#15106);
#15106 = SURFACE_SIDE_STYLE('',(#15107));
#15107 = SURFACE_STYLE_FILL_AREA(#15108);
#15108 = FILL_AREA_STYLE('',(#15109));
#15109 = FILL_AREA_STYLE_COLOUR('',#14891);
#15110 = STYLED_ITEM('color',(#15111),#5140);
#15111 = PRESENTATION_STYLE_ASSIGNMENT((#15112));
#15112 = SURFACE_STYLE_USAGE(.BOTH.,#15113);
#15113 = SURFACE_SIDE_STYLE('',(#15114));
#15114 = SURFACE_STYLE_FILL_AREA(#15115);
#15115 = FILL_AREA_STYLE('',(#15116));
#15116 = FILL_AREA_STYLE_COLOUR('',#14891);
#15117 = STYLED_ITEM('color',(#15118),#5165);
#15118 = PRESENTATION_STYLE_ASSIGNMENT((#15119));
#15119 = SURFACE_STYLE_USAGE(.BOTH.,#15120);
#15120 = SURFACE_SIDE_STYLE('',(#15121));
#15121 = SURFACE_STYLE_FILL_AREA(#15122);
#15122 = FILL_AREA_STYLE('',(#15123));
#15123 = FILL_AREA_STYLE_COLOUR('',#14891);
#15124 = STYLED_ITEM('color',(#15125),#5189);
#15125 = PRESENTATION_STYLE_ASSIGNMENT((#15126));
#15126 = SURFACE_STYLE_USAGE(.BOTH.,#15127);
#15127 = SURFACE_SIDE_STYLE('',(#15128));
#15128 = SURFACE_STYLE_FILL_AREA(#15129);
#15129 = FILL_AREA_STYLE('',(#15130));
#15130 = FILL_AREA_STYLE_COLOUR('',#14891);
#15131 = STYLED_ITEM('color',(#15132),#5214);
#15132 = PRESENTATION_STYLE_ASSIGNMENT((#15133));
#15133 = SURFACE_STYLE_USAGE(.BOTH.,#15134);
#15134 = SURFACE_SIDE_STYLE('',(#15135));
#15135 = SURFACE_STYLE_FILL_AREA(#15136);
#15136 = FILL_AREA_STYLE('',(#15137));
#15137 = FILL_AREA_STYLE_COLOUR('',#14891);
#15138 = STYLED_ITEM('color',(#15139),#5261);
#15139 = PRESENTATION_STYLE_ASSIGNMENT((#15140));
#15140 = SURFACE_STYLE_USAGE(.BOTH.,#15141);
#15141 = SURFACE_SIDE_STYLE('',(#15142));
#15142 = SURFACE_STYLE_FILL_AREA(#15143);
#15143 = FILL_AREA_STYLE('',(#15144));
#15144 = FILL_AREA_STYLE_COLOUR('',#14891);
#15145 = STYLED_ITEM('color',(#15146),#5278);
#15146 = PRESENTATION_STYLE_ASSIGNMENT((#15147));
#15147 = SURFACE_STYLE_USAGE(.BOTH.,#15148);
#15148 = SURFACE_SIDE_STYLE('',(#15149));
#15149 = SURFACE_STYLE_FILL_AREA(#15150);
#15150 = FILL_AREA_STYLE('',(#15151));
#15151 = FILL_AREA_STYLE_COLOUR('',#14891);
#15152 = STYLED_ITEM('color',(#15153),#5290);
#15153 = PRESENTATION_STYLE_ASSIGNMENT((#15154));
#15154 = SURFACE_STYLE_USAGE(.BOTH.,#15155);
#15155 = SURFACE_SIDE_STYLE('',(#15156));
#15156 = SURFACE_STYLE_FILL_AREA(#15157);
#15157 = FILL_AREA_STYLE('',(#15158));
#15158 = FILL_AREA_STYLE_COLOUR('',#14891);
#15159 = STYLED_ITEM('color',(#15160),#5312);
#15160 = PRESENTATION_STYLE_ASSIGNMENT((#15161));
#15161 = SURFACE_STYLE_USAGE(.BOTH.,#15162);
#15162 = SURFACE_SIDE_STYLE('',(#15163));
#15163 = SURFACE_STYLE_FILL_AREA(#15164);
#15164 = FILL_AREA_STYLE('',(#15165));
#15165 = FILL_AREA_STYLE_COLOUR('',#14891);
#15166 = STYLED_ITEM('color',(#15167),#5324);
#15167 = PRESENTATION_STYLE_ASSIGNMENT((#15168));
#15168 = SURFACE_STYLE_USAGE(.BOTH.,#15169);
#15169 = SURFACE_SIDE_STYLE('',(#15170));
#15170 = SURFACE_STYLE_FILL_AREA(#15171);
#15171 = FILL_AREA_STYLE('',(#15172));
#15172 = FILL_AREA_STYLE_COLOUR('',#14891);
#15173 = STYLED_ITEM('color',(#15174),#5342);
#15174 = PRESENTATION_STYLE_ASSIGNMENT((#15175));
#15175 = SURFACE_STYLE_USAGE(.BOTH.,#15176);
#15176 = SURFACE_SIDE_STYLE('',(#15177));
#15177 = SURFACE_STYLE_FILL_AREA(#15178);
#15178 = FILL_AREA_STYLE('',(#15179));
#15179 = FILL_AREA_STYLE_COLOUR('',#14891);
#15180 = STYLED_ITEM('color',(#15181),#5360);
#15181 = PRESENTATION_STYLE_ASSIGNMENT((#15182));
#15182 = SURFACE_STYLE_USAGE(.BOTH.,#15183);
#15183 = SURFACE_SIDE_STYLE('',(#15184));
#15184 = SURFACE_STYLE_FILL_AREA(#15185);
#15185 = FILL_AREA_STYLE('',(#15186));
#15186 = FILL_AREA_STYLE_COLOUR('',#15088);
#15187 = MECHANICAL_DESIGN_GEOMETRIC_PRESENTATION_REPRESENTATION('',(
    #15188,#15196,#15203,#15210,#15217,#15224,#15231,#15238,#15245,
    #15252,#15259,#15266,#15273,#15280,#15288,#15295,#15302,#15310,
    #15317,#15324,#15331,#15338,#15345,#15352,#15359,#15366,#15373,
    #15380,#15387,#15394,#15401,#15408,#15415,#15422,#15429,#15436,
    #15443,#15450,#15457,#15464,#15471,#15478,#15485,#15492,#15499,
    #15506,#15513,#15520,#15527,#15534,#15541,#15548,#15555,#15562,
    #15569,#15576,#15583,#15590,#15597,#15604,#15611,#15618,#15625,
    #15632,#15639,#15646,#15653,#15660),#7657);
#15188 = STYLED_ITEM('color',(#15189),#5392);
#15189 = PRESENTATION_STYLE_ASSIGNMENT((#15190));
#15190 = SURFACE_STYLE_USAGE(.BOTH.,#15191);
#15191 = SURFACE_SIDE_STYLE('',(#15192));
#15192 = SURFACE_STYLE_FILL_AREA(#15193);
#15193 = FILL_AREA_STYLE('',(#15194));
#15194 = FILL_AREA_STYLE_COLOUR('',#15195);
#15195 = COLOUR_RGB('',0.893999996942,0.890999961016,0.813000030345);
#15196 = STYLED_ITEM('color',(#15197),#5451);
#15197 = PRESENTATION_STYLE_ASSIGNMENT((#15198));
#15198 = SURFACE_STYLE_USAGE(.BOTH.,#15199);
#15199 = SURFACE_SIDE_STYLE('',(#15200));
#15200 = SURFACE_STYLE_FILL_AREA(#15201);
#15201 = FILL_AREA_STYLE('',(#15202));
#15202 = FILL_AREA_STYLE_COLOUR('',#15195);
#15203 = STYLED_ITEM('color',(#15204),#5476);
#15204 = PRESENTATION_STYLE_ASSIGNMENT((#15205));
#15205 = SURFACE_STYLE_USAGE(.BOTH.,#15206);
#15206 = SURFACE_SIDE_STYLE('',(#15207));
#15207 = SURFACE_STYLE_FILL_AREA(#15208);
#15208 = FILL_AREA_STYLE('',(#15209));
#15209 = FILL_AREA_STYLE_COLOUR('',#15195);
#15210 = STYLED_ITEM('color',(#15211),#5509);
#15211 = PRESENTATION_STYLE_ASSIGNMENT((#15212));
#15212 = SURFACE_STYLE_USAGE(.BOTH.,#15213);
#15213 = SURFACE_SIDE_STYLE('',(#15214));
#15214 = SURFACE_STYLE_FILL_AREA(#15215);
#15215 = FILL_AREA_STYLE('',(#15216));
#15216 = FILL_AREA_STYLE_COLOUR('',#15195);
#15217 = STYLED_ITEM('color',(#15218),#5534);
#15218 = PRESENTATION_STYLE_ASSIGNMENT((#15219));
#15219 = SURFACE_STYLE_USAGE(.BOTH.,#15220);
#15220 = SURFACE_SIDE_STYLE('',(#15221));
#15221 = SURFACE_STYLE_FILL_AREA(#15222);
#15222 = FILL_AREA_STYLE('',(#15223));
#15223 = FILL_AREA_STYLE_COLOUR('',#15195);
#15224 = STYLED_ITEM('color',(#15225),#5559);
#15225 = PRESENTATION_STYLE_ASSIGNMENT((#15226));
#15226 = SURFACE_STYLE_USAGE(.BOTH.,#15227);
#15227 = SURFACE_SIDE_STYLE('',(#15228));
#15228 = SURFACE_STYLE_FILL_AREA(#15229);
#15229 = FILL_AREA_STYLE('',(#15230));
#15230 = FILL_AREA_STYLE_COLOUR('',#15195);
#15231 = STYLED_ITEM('color',(#15232),#5584);
#15232 = PRESENTATION_STYLE_ASSIGNMENT((#15233));
#15233 = SURFACE_STYLE_USAGE(.BOTH.,#15234);
#15234 = SURFACE_SIDE_STYLE('',(#15235));
#15235 = SURFACE_STYLE_FILL_AREA(#15236);
#15236 = FILL_AREA_STYLE('',(#15237));
#15237 = FILL_AREA_STYLE_COLOUR('',#15195);
#15238 = STYLED_ITEM('color',(#15239),#5601);
#15239 = PRESENTATION_STYLE_ASSIGNMENT((#15240));
#15240 = SURFACE_STYLE_USAGE(.BOTH.,#15241);
#15241 = SURFACE_SIDE_STYLE('',(#15242));
#15242 = SURFACE_STYLE_FILL_AREA(#15243);
#15243 = FILL_AREA_STYLE('',(#15244));
#15244 = FILL_AREA_STYLE_COLOUR('',#15195);
#15245 = STYLED_ITEM('color',(#15246),#5626);
#15246 = PRESENTATION_STYLE_ASSIGNMENT((#15247));
#15247 = SURFACE_STYLE_USAGE(.BOTH.,#15248);
#15248 = SURFACE_SIDE_STYLE('',(#15249));
#15249 = SURFACE_STYLE_FILL_AREA(#15250);
#15250 = FILL_AREA_STYLE('',(#15251));
#15251 = FILL_AREA_STYLE_COLOUR('',#15195);
#15252 = STYLED_ITEM('color',(#15253),#5657);
#15253 = PRESENTATION_STYLE_ASSIGNMENT((#15254));
#15254 = SURFACE_STYLE_USAGE(.BOTH.,#15255);
#15255 = SURFACE_SIDE_STYLE('',(#15256));
#15256 = SURFACE_STYLE_FILL_AREA(#15257);
#15257 = FILL_AREA_STYLE('',(#15258));
#15258 = FILL_AREA_STYLE_COLOUR('',#15195);
#15259 = STYLED_ITEM('color',(#15260),#5697);
#15260 = PRESENTATION_STYLE_ASSIGNMENT((#15261));
#15261 = SURFACE_STYLE_USAGE(.BOTH.,#15262);
#15262 = SURFACE_SIDE_STYLE('',(#15263));
#15263 = SURFACE_STYLE_FILL_AREA(#15264);
#15264 = FILL_AREA_STYLE('',(#15265));
#15265 = FILL_AREA_STYLE_COLOUR('',#15195);
#15266 = STYLED_ITEM('color',(#15267),#5828);
#15267 = PRESENTATION_STYLE_ASSIGNMENT((#15268));
#15268 = SURFACE_STYLE_USAGE(.BOTH.,#15269);
#15269 = SURFACE_SIDE_STYLE('',(#15270));
#15270 = SURFACE_STYLE_FILL_AREA(#15271);
#15271 = FILL_AREA_STYLE('',(#15272));
#15272 = FILL_AREA_STYLE_COLOUR('',#15195);
#15273 = STYLED_ITEM('color',(#15274),#5952);
#15274 = PRESENTATION_STYLE_ASSIGNMENT((#15275));
#15275 = SURFACE_STYLE_USAGE(.BOTH.,#15276);
#15276 = SURFACE_SIDE_STYLE('',(#15277));
#15277 = SURFACE_STYLE_FILL_AREA(#15278);
#15278 = FILL_AREA_STYLE('',(#15279));
#15279 = FILL_AREA_STYLE_COLOUR('',#15195);
#15280 = STYLED_ITEM('color',(#15281),#5969);
#15281 = PRESENTATION_STYLE_ASSIGNMENT((#15282));
#15282 = SURFACE_STYLE_USAGE(.BOTH.,#15283);
#15283 = SURFACE_SIDE_STYLE('',(#15284));
#15284 = SURFACE_STYLE_FILL_AREA(#15285);
#15285 = FILL_AREA_STYLE('',(#15286));
#15286 = FILL_AREA_STYLE_COLOUR('',#15287);
#15287 = COLOUR_RGB('',0.136999991899,0.40200001271,0.726999997272);
#15288 = STYLED_ITEM('color',(#15289),#5978);
#15289 = PRESENTATION_STYLE_ASSIGNMENT((#15290));
#15290 = SURFACE_STYLE_USAGE(.BOTH.,#15291);
#15291 = SURFACE_SIDE_STYLE('',(#15292));
#15292 = SURFACE_STYLE_FILL_AREA(#15293);
#15293 = FILL_AREA_STYLE('',(#15294));
#15294 = FILL_AREA_STYLE_COLOUR('',#15195);
#15295 = STYLED_ITEM('color',(#15296),#5989);
#15296 = PRESENTATION_STYLE_ASSIGNMENT((#15297));
#15297 = SURFACE_STYLE_USAGE(.BOTH.,#15298);
#15298 = SURFACE_SIDE_STYLE('',(#15299));
#15299 = SURFACE_STYLE_FILL_AREA(#15300);
#15300 = FILL_AREA_STYLE('',(#15301));
#15301 = FILL_AREA_STYLE_COLOUR('',#15195);
#15302 = STYLED_ITEM('color',(#15303),#6157);
#15303 = PRESENTATION_STYLE_ASSIGNMENT((#15304));
#15304 = SURFACE_STYLE_USAGE(.BOTH.,#15305);
#15305 = SURFACE_SIDE_STYLE('',(#15306));
#15306 = SURFACE_STYLE_FILL_AREA(#15307);
#15307 = FILL_AREA_STYLE('',(#15308));
#15308 = FILL_AREA_STYLE_COLOUR('',#15309);
#15309 = COLOUR_RGB('',0.823999987314,0.819999987296,0.781000009244);
#15310 = STYLED_ITEM('color',(#15311),#6188);
#15311 = PRESENTATION_STYLE_ASSIGNMENT((#15312));
#15312 = SURFACE_STYLE_USAGE(.BOTH.,#15313);
#15313 = SURFACE_SIDE_STYLE('',(#15314));
#15314 = SURFACE_STYLE_FILL_AREA(#15315);
#15315 = FILL_AREA_STYLE('',(#15316));
#15316 = FILL_AREA_STYLE_COLOUR('',#15309);
#15317 = STYLED_ITEM('color',(#15318),#6219);
#15318 = PRESENTATION_STYLE_ASSIGNMENT((#15319));
#15319 = SURFACE_STYLE_USAGE(.BOTH.,#15320);
#15320 = SURFACE_SIDE_STYLE('',(#15321));
#15321 = SURFACE_STYLE_FILL_AREA(#15322);
#15322 = FILL_AREA_STYLE('',(#15323));
#15323 = FILL_AREA_STYLE_COLOUR('',#15309);
#15324 = STYLED_ITEM('color',(#15325),#6250);
#15325 = PRESENTATION_STYLE_ASSIGNMENT((#15326));
#15326 = SURFACE_STYLE_USAGE(.BOTH.,#15327);
#15327 = SURFACE_SIDE_STYLE('',(#15328));
#15328 = SURFACE_STYLE_FILL_AREA(#15329);
#15329 = FILL_AREA_STYLE('',(#15330));
#15330 = FILL_AREA_STYLE_COLOUR('',#15309);
#15331 = STYLED_ITEM('color',(#15332),#6335);
#15332 = PRESENTATION_STYLE_ASSIGNMENT((#15333));
#15333 = SURFACE_STYLE_USAGE(.BOTH.,#15334);
#15334 = SURFACE_SIDE_STYLE('',(#15335));
#15335 = SURFACE_STYLE_FILL_AREA(#15336);
#15336 = FILL_AREA_STYLE('',(#15337));
#15337 = FILL_AREA_STYLE_COLOUR('',#15309);
#15338 = STYLED_ITEM('color',(#15339),#6359);
#15339 = PRESENTATION_STYLE_ASSIGNMENT((#15340));
#15340 = SURFACE_STYLE_USAGE(.BOTH.,#15341);
#15341 = SURFACE_SIDE_STYLE('',(#15342));
#15342 = SURFACE_STYLE_FILL_AREA(#15343);
#15343 = FILL_AREA_STYLE('',(#15344));
#15344 = FILL_AREA_STYLE_COLOUR('',#15309);
#15345 = STYLED_ITEM('color',(#15346),#6437);
#15346 = PRESENTATION_STYLE_ASSIGNMENT((#15347));
#15347 = SURFACE_STYLE_USAGE(.BOTH.,#15348);
#15348 = SURFACE_SIDE_STYLE('',(#15349));
#15349 = SURFACE_STYLE_FILL_AREA(#15350);
#15350 = FILL_AREA_STYLE('',(#15351));
#15351 = FILL_AREA_STYLE_COLOUR('',#15309);
#15352 = STYLED_ITEM('color',(#15353),#6468);
#15353 = PRESENTATION_STYLE_ASSIGNMENT((#15354));
#15354 = SURFACE_STYLE_USAGE(.BOTH.,#15355);
#15355 = SURFACE_SIDE_STYLE('',(#15356));
#15356 = SURFACE_STYLE_FILL_AREA(#15357);
#15357 = FILL_AREA_STYLE('',(#15358));
#15358 = FILL_AREA_STYLE_COLOUR('',#15309);
#15359 = STYLED_ITEM('color',(#15360),#6553);
#15360 = PRESENTATION_STYLE_ASSIGNMENT((#15361));
#15361 = SURFACE_STYLE_USAGE(.BOTH.,#15362);
#15362 = SURFACE_SIDE_STYLE('',(#15363));
#15363 = SURFACE_STYLE_FILL_AREA(#15364);
#15364 = FILL_AREA_STYLE('',(#15365));
#15365 = FILL_AREA_STYLE_COLOUR('',#15309);
#15366 = STYLED_ITEM('color',(#15367),#6577);
#15367 = PRESENTATION_STYLE_ASSIGNMENT((#15368));
#15368 = SURFACE_STYLE_USAGE(.BOTH.,#15369);
#15369 = SURFACE_SIDE_STYLE('',(#15370));
#15370 = SURFACE_STYLE_FILL_AREA(#15371);
#15371 = FILL_AREA_STYLE('',(#15372));
#15372 = FILL_AREA_STYLE_COLOUR('',#15309);
#15373 = STYLED_ITEM('color',(#15374),#6655);
#15374 = PRESENTATION_STYLE_ASSIGNMENT((#15375));
#15375 = SURFACE_STYLE_USAGE(.BOTH.,#15376);
#15376 = SURFACE_SIDE_STYLE('',(#15377));
#15377 = SURFACE_STYLE_FILL_AREA(#15378);
#15378 = FILL_AREA_STYLE('',(#15379));
#15379 = FILL_AREA_STYLE_COLOUR('',#15309);
#15380 = STYLED_ITEM('color',(#15381),#6686);
#15381 = PRESENTATION_STYLE_ASSIGNMENT((#15382));
#15382 = SURFACE_STYLE_USAGE(.BOTH.,#15383);
#15383 = SURFACE_SIDE_STYLE('',(#15384));
#15384 = SURFACE_STYLE_FILL_AREA(#15385);
#15385 = FILL_AREA_STYLE('',(#15386));
#15386 = FILL_AREA_STYLE_COLOUR('',#15309);
#15387 = STYLED_ITEM('color',(#15388),#6717);
#15388 = PRESENTATION_STYLE_ASSIGNMENT((#15389));
#15389 = SURFACE_STYLE_USAGE(.BOTH.,#15390);
#15390 = SURFACE_SIDE_STYLE('',(#15391));
#15391 = SURFACE_STYLE_FILL_AREA(#15392);
#15392 = FILL_AREA_STYLE('',(#15393));
#15393 = FILL_AREA_STYLE_COLOUR('',#15309);
#15394 = STYLED_ITEM('color',(#15395),#6748);
#15395 = PRESENTATION_STYLE_ASSIGNMENT((#15396));
#15396 = SURFACE_STYLE_USAGE(.BOTH.,#15397);
#15397 = SURFACE_SIDE_STYLE('',(#15398));
#15398 = SURFACE_STYLE_FILL_AREA(#15399);
#15399 = FILL_AREA_STYLE('',(#15400));
#15400 = FILL_AREA_STYLE_COLOUR('',#15309);
#15401 = STYLED_ITEM('color',(#15402),#6833);
#15402 = PRESENTATION_STYLE_ASSIGNMENT((#15403));
#15403 = SURFACE_STYLE_USAGE(.BOTH.,#15404);
#15404 = SURFACE_SIDE_STYLE('',(#15405));
#15405 = SURFACE_STYLE_FILL_AREA(#15406);
#15406 = FILL_AREA_STYLE('',(#15407));
#15407 = FILL_AREA_STYLE_COLOUR('',#15309);
#15408 = STYLED_ITEM('color',(#15409),#6857);
#15409 = PRESENTATION_STYLE_ASSIGNMENT((#15410));
#15410 = SURFACE_STYLE_USAGE(.BOTH.,#15411);
#15411 = SURFACE_SIDE_STYLE('',(#15412));
#15412 = SURFACE_STYLE_FILL_AREA(#15413);
#15413 = FILL_AREA_STYLE('',(#15414));
#15414 = FILL_AREA_STYLE_COLOUR('',#15309);
#15415 = STYLED_ITEM('color',(#15416),#6935);
#15416 = PRESENTATION_STYLE_ASSIGNMENT((#15417));
#15417 = SURFACE_STYLE_USAGE(.BOTH.,#15418);
#15418 = SURFACE_SIDE_STYLE('',(#15419));
#15419 = SURFACE_STYLE_FILL_AREA(#15420);
#15420 = FILL_AREA_STYLE('',(#15421));
#15421 = FILL_AREA_STYLE_COLOUR('',#15309);
#15422 = STYLED_ITEM('color',(#15423),#6966);
#15423 = PRESENTATION_STYLE_ASSIGNMENT((#15424));
#15424 = SURFACE_STYLE_USAGE(.BOTH.,#15425);
#15425 = SURFACE_SIDE_STYLE('',(#15426));
#15426 = SURFACE_STYLE_FILL_AREA(#15427);
#15427 = FILL_AREA_STYLE('',(#15428));
#15428 = FILL_AREA_STYLE_COLOUR('',#15309);
#15429 = STYLED_ITEM('color',(#15430),#7051);
#15430 = PRESENTATION_STYLE_ASSIGNMENT((#15431));
#15431 = SURFACE_STYLE_USAGE(.BOTH.,#15432);
#15432 = SURFACE_SIDE_STYLE('',(#15433));
#15433 = SURFACE_STYLE_FILL_AREA(#15434);
#15434 = FILL_AREA_STYLE('',(#15435));
#15435 = FILL_AREA_STYLE_COLOUR('',#15309);
#15436 = STYLED_ITEM('color',(#15437),#7075);
#15437 = PRESENTATION_STYLE_ASSIGNMENT((#15438));
#15438 = SURFACE_STYLE_USAGE(.BOTH.,#15439);
#15439 = SURFACE_SIDE_STYLE('',(#15440));
#15440 = SURFACE_STYLE_FILL_AREA(#15441);
#15441 = FILL_AREA_STYLE('',(#15442));
#15442 = FILL_AREA_STYLE_COLOUR('',#15309);
#15443 = STYLED_ITEM('color',(#15444),#7153);
#15444 = PRESENTATION_STYLE_ASSIGNMENT((#15445));
#15445 = SURFACE_STYLE_USAGE(.BOTH.,#15446);
#15446 = SURFACE_SIDE_STYLE('',(#15447));
#15447 = SURFACE_STYLE_FILL_AREA(#15448);
#15448 = FILL_AREA_STYLE('',(#15449));
#15449 = FILL_AREA_STYLE_COLOUR('',#15309);
#15450 = STYLED_ITEM('color',(#15451),#7170);
#15451 = PRESENTATION_STYLE_ASSIGNMENT((#15452));
#15452 = SURFACE_STYLE_USAGE(.BOTH.,#15453);
#15453 = SURFACE_SIDE_STYLE('',(#15454));
#15454 = SURFACE_STYLE_FILL_AREA(#15455);
#15455 = FILL_AREA_STYLE('',(#15456));
#15456 = FILL_AREA_STYLE_COLOUR('',#15309);
#15457 = STYLED_ITEM('color',(#15458),#7187);
#15458 = PRESENTATION_STYLE_ASSIGNMENT((#15459));
#15459 = SURFACE_STYLE_USAGE(.BOTH.,#15460);
#15460 = SURFACE_SIDE_STYLE('',(#15461));
#15461 = SURFACE_STYLE_FILL_AREA(#15462);
#15462 = FILL_AREA_STYLE('',(#15463));
#15463 = FILL_AREA_STYLE_COLOUR('',#15309);
#15464 = STYLED_ITEM('color',(#15465),#7204);
#15465 = PRESENTATION_STYLE_ASSIGNMENT((#15466));
#15466 = SURFACE_STYLE_USAGE(.BOTH.,#15467);
#15467 = SURFACE_SIDE_STYLE('',(#15468));
#15468 = SURFACE_STYLE_FILL_AREA(#15469);
#15469 = FILL_AREA_STYLE('',(#15470));
#15470 = FILL_AREA_STYLE_COLOUR('',#15309);
#15471 = STYLED_ITEM('color',(#15472),#7221);
#15472 = PRESENTATION_STYLE_ASSIGNMENT((#15473));
#15473 = SURFACE_STYLE_USAGE(.BOTH.,#15474);
#15474 = SURFACE_SIDE_STYLE('',(#15475));
#15475 = SURFACE_STYLE_FILL_AREA(#15476);
#15476 = FILL_AREA_STYLE('',(#15477));
#15477 = FILL_AREA_STYLE_COLOUR('',#15309);
#15478 = STYLED_ITEM('color',(#15479),#7238);
#15479 = PRESENTATION_STYLE_ASSIGNMENT((#15480));
#15480 = SURFACE_STYLE_USAGE(.BOTH.,#15481);
#15481 = SURFACE_SIDE_STYLE('',(#15482));
#15482 = SURFACE_STYLE_FILL_AREA(#15483);
#15483 = FILL_AREA_STYLE('',(#15484));
#15484 = FILL_AREA_STYLE_COLOUR('',#15309);
#15485 = STYLED_ITEM('color',(#15486),#7255);
#15486 = PRESENTATION_STYLE_ASSIGNMENT((#15487));
#15487 = SURFACE_STYLE_USAGE(.BOTH.,#15488);
#15488 = SURFACE_SIDE_STYLE('',(#15489));
#15489 = SURFACE_STYLE_FILL_AREA(#15490);
#15490 = FILL_AREA_STYLE('',(#15491));
#15491 = FILL_AREA_STYLE_COLOUR('',#15309);
#15492 = STYLED_ITEM('color',(#15493),#7272);
#15493 = PRESENTATION_STYLE_ASSIGNMENT((#15494));
#15494 = SURFACE_STYLE_USAGE(.BOTH.,#15495);
#15495 = SURFACE_SIDE_STYLE('',(#15496));
#15496 = SURFACE_STYLE_FILL_AREA(#15497);
#15497 = FILL_AREA_STYLE('',(#15498));
#15498 = FILL_AREA_STYLE_COLOUR('',#15309);
#15499 = STYLED_ITEM('color',(#15500),#7294);
#15500 = PRESENTATION_STYLE_ASSIGNMENT((#15501));
#15501 = SURFACE_STYLE_USAGE(.BOTH.,#15502);
#15502 = SURFACE_SIDE_STYLE('',(#15503));
#15503 = SURFACE_STYLE_FILL_AREA(#15504);
#15504 = FILL_AREA_STYLE('',(#15505));
#15505 = FILL_AREA_STYLE_COLOUR('',#15309);
#15506 = STYLED_ITEM('color',(#15507),#7306);
#15507 = PRESENTATION_STYLE_ASSIGNMENT((#15508));
#15508 = SURFACE_STYLE_USAGE(.BOTH.,#15509);
#15509 = SURFACE_SIDE_STYLE('',(#15510));
#15510 = SURFACE_STYLE_FILL_AREA(#15511);
#15511 = FILL_AREA_STYLE('',(#15512));
#15512 = FILL_AREA_STYLE_COLOUR('',#15309);
#15513 = STYLED_ITEM('color',(#15514),#7318);
#15514 = PRESENTATION_STYLE_ASSIGNMENT((#15515));
#15515 = SURFACE_STYLE_USAGE(.BOTH.,#15516);
#15516 = SURFACE_SIDE_STYLE('',(#15517));
#15517 = SURFACE_STYLE_FILL_AREA(#15518);
#15518 = FILL_AREA_STYLE('',(#15519));
#15519 = FILL_AREA_STYLE_COLOUR('',#15309);
#15520 = STYLED_ITEM('color',(#15521),#7335);
#15521 = PRESENTATION_STYLE_ASSIGNMENT((#15522));
#15522 = SURFACE_STYLE_USAGE(.BOTH.,#15523);
#15523 = SURFACE_SIDE_STYLE('',(#15524));
#15524 = SURFACE_STYLE_FILL_AREA(#15525);
#15525 = FILL_AREA_STYLE('',(#15526));
#15526 = FILL_AREA_STYLE_COLOUR('',#15309);
#15527 = STYLED_ITEM('color',(#15528),#7347);
#15528 = PRESENTATION_STYLE_ASSIGNMENT((#15529));
#15529 = SURFACE_STYLE_USAGE(.BOTH.,#15530);
#15530 = SURFACE_SIDE_STYLE('',(#15531));
#15531 = SURFACE_STYLE_FILL_AREA(#15532);
#15532 = FILL_AREA_STYLE('',(#15533));
#15533 = FILL_AREA_STYLE_COLOUR('',#15309);
#15534 = STYLED_ITEM('color',(#15535),#7364);
#15535 = PRESENTATION_STYLE_ASSIGNMENT((#15536));
#15536 = SURFACE_STYLE_USAGE(.BOTH.,#15537);
#15537 = SURFACE_SIDE_STYLE('',(#15538));
#15538 = SURFACE_STYLE_FILL_AREA(#15539);
#15539 = FILL_AREA_STYLE('',(#15540));
#15540 = FILL_AREA_STYLE_COLOUR('',#15309);
#15541 = STYLED_ITEM('color',(#15542),#7386);
#15542 = PRESENTATION_STYLE_ASSIGNMENT((#15543));
#15543 = SURFACE_STYLE_USAGE(.BOTH.,#15544);
#15544 = SURFACE_SIDE_STYLE('',(#15545));
#15545 = SURFACE_STYLE_FILL_AREA(#15546);
#15546 = FILL_AREA_STYLE('',(#15547));
#15547 = FILL_AREA_STYLE_COLOUR('',#15309);
#15548 = STYLED_ITEM('color',(#15549),#7398);
#15549 = PRESENTATION_STYLE_ASSIGNMENT((#15550));
#15550 = SURFACE_STYLE_USAGE(.BOTH.,#15551);
#15551 = SURFACE_SIDE_STYLE('',(#15552));
#15552 = SURFACE_STYLE_FILL_AREA(#15553);
#15553 = FILL_AREA_STYLE('',(#15554));
#15554 = FILL_AREA_STYLE_COLOUR('',#15309);
#15555 = STYLED_ITEM('color',(#15556),#7415);
#15556 = PRESENTATION_STYLE_ASSIGNMENT((#15557));
#15557 = SURFACE_STYLE_USAGE(.BOTH.,#15558);
#15558 = SURFACE_SIDE_STYLE('',(#15559));
#15559 = SURFACE_STYLE_FILL_AREA(#15560);
#15560 = FILL_AREA_STYLE('',(#15561));
#15561 = FILL_AREA_STYLE_COLOUR('',#15309);
#15562 = STYLED_ITEM('color',(#15563),#7427);
#15563 = PRESENTATION_STYLE_ASSIGNMENT((#15564));
#15564 = SURFACE_STYLE_USAGE(.BOTH.,#15565);
#15565 = SURFACE_SIDE_STYLE('',(#15566));
#15566 = SURFACE_STYLE_FILL_AREA(#15567);
#15567 = FILL_AREA_STYLE('',(#15568));
#15568 = FILL_AREA_STYLE_COLOUR('',#15309);
#15569 = STYLED_ITEM('color',(#15570),#7439);
#15570 = PRESENTATION_STYLE_ASSIGNMENT((#15571));
#15571 = SURFACE_STYLE_USAGE(.BOTH.,#15572);
#15572 = SURFACE_SIDE_STYLE('',(#15573));
#15573 = SURFACE_STYLE_FILL_AREA(#15574);
#15574 = FILL_AREA_STYLE('',(#15575));
#15575 = FILL_AREA_STYLE_COLOUR('',#15309);
#15576 = STYLED_ITEM('color',(#15577),#7456);
#15577 = PRESENTATION_STYLE_ASSIGNMENT((#15578));
#15578 = SURFACE_STYLE_USAGE(.BOTH.,#15579);
#15579 = SURFACE_SIDE_STYLE('',(#15580));
#15580 = SURFACE_STYLE_FILL_AREA(#15581);
#15581 = FILL_AREA_STYLE('',(#15582));
#15582 = FILL_AREA_STYLE_COLOUR('',#15309);
#15583 = STYLED_ITEM('color',(#15584),#7473);
#15584 = PRESENTATION_STYLE_ASSIGNMENT((#15585));
#15585 = SURFACE_STYLE_USAGE(.BOTH.,#15586);
#15586 = SURFACE_SIDE_STYLE('',(#15587));
#15587 = SURFACE_STYLE_FILL_AREA(#15588);
#15588 = FILL_AREA_STYLE('',(#15589));
#15589 = FILL_AREA_STYLE_COLOUR('',#15309);
#15590 = STYLED_ITEM('color',(#15591),#7490);
#15591 = PRESENTATION_STYLE_ASSIGNMENT((#15592));
#15592 = SURFACE_STYLE_USAGE(.BOTH.,#15593);
#15593 = SURFACE_SIDE_STYLE('',(#15594));
#15594 = SURFACE_STYLE_FILL_AREA(#15595);
#15595 = FILL_AREA_STYLE('',(#15596));
#15596 = FILL_AREA_STYLE_COLOUR('',#15309);
#15597 = STYLED_ITEM('color',(#15598),#7512);
#15598 = PRESENTATION_STYLE_ASSIGNMENT((#15599));
#15599 = SURFACE_STYLE_USAGE(.BOTH.,#15600);
#15600 = SURFACE_SIDE_STYLE('',(#15601));
#15601 = SURFACE_STYLE_FILL_AREA(#15602);
#15602 = FILL_AREA_STYLE('',(#15603));
#15603 = FILL_AREA_STYLE_COLOUR('',#15309);
#15604 = STYLED_ITEM('color',(#15605),#7524);
#15605 = PRESENTATION_STYLE_ASSIGNMENT((#15606));
#15606 = SURFACE_STYLE_USAGE(.BOTH.,#15607);
#15607 = SURFACE_SIDE_STYLE('',(#15608));
#15608 = SURFACE_STYLE_FILL_AREA(#15609);
#15609 = FILL_AREA_STYLE('',(#15610));
#15610 = FILL_AREA_STYLE_COLOUR('',#15309);
#15611 = STYLED_ITEM('color',(#15612),#7541);
#15612 = PRESENTATION_STYLE_ASSIGNMENT((#15613));
#15613 = SURFACE_STYLE_USAGE(.BOTH.,#15614);
#15614 = SURFACE_SIDE_STYLE('',(#15615));
#15615 = SURFACE_STYLE_FILL_AREA(#15616);
#15616 = FILL_AREA_STYLE('',(#15617));
#15617 = FILL_AREA_STYLE_COLOUR('',#15309);
#15618 = STYLED_ITEM('color',(#15619),#7553);
#15619 = PRESENTATION_STYLE_ASSIGNMENT((#15620));
#15620 = SURFACE_STYLE_USAGE(.BOTH.,#15621);
#15621 = SURFACE_SIDE_STYLE('',(#15622));
#15622 = SURFACE_STYLE_FILL_AREA(#15623);
#15623 = FILL_AREA_STYLE('',(#15624));
#15624 = FILL_AREA_STYLE_COLOUR('',#15309);
#15625 = STYLED_ITEM('color',(#15626),#7565);
#15626 = PRESENTATION_STYLE_ASSIGNMENT((#15627));
#15627 = SURFACE_STYLE_USAGE(.BOTH.,#15628);
#15628 = SURFACE_SIDE_STYLE('',(#15629));
#15629 = SURFACE_STYLE_FILL_AREA(#15630);
#15630 = FILL_AREA_STYLE('',(#15631));
#15631 = FILL_AREA_STYLE_COLOUR('',#15309);
#15632 = STYLED_ITEM('color',(#15633),#7582);
#15633 = PRESENTATION_STYLE_ASSIGNMENT((#15634));
#15634 = SURFACE_STYLE_USAGE(.BOTH.,#15635);
#15635 = SURFACE_SIDE_STYLE('',(#15636));
#15636 = SURFACE_STYLE_FILL_AREA(#15637);
#15637 = FILL_AREA_STYLE('',(#15638));
#15638 = FILL_AREA_STYLE_COLOUR('',#15309);
#15639 = STYLED_ITEM('color',(#15640),#7604);
#15640 = PRESENTATION_STYLE_ASSIGNMENT((#15641));
#15641 = SURFACE_STYLE_USAGE(.BOTH.,#15642);
#15642 = SURFACE_SIDE_STYLE('',(#15643));
#15643 = SURFACE_STYLE_FILL_AREA(#15644);
#15644 = FILL_AREA_STYLE('',(#15645));
#15645 = FILL_AREA_STYLE_COLOUR('',#15309);
#15646 = STYLED_ITEM('color',(#15647),#7616);
#15647 = PRESENTATION_STYLE_ASSIGNMENT((#15648));
#15648 = SURFACE_STYLE_USAGE(.BOTH.,#15649);
#15649 = SURFACE_SIDE_STYLE('',(#15650));
#15650 = SURFACE_STYLE_FILL_AREA(#15651);
#15651 = FILL_AREA_STYLE('',(#15652));
#15652 = FILL_AREA_STYLE_COLOUR('',#15309);
#15653 = STYLED_ITEM('color',(#15654),#7633);
#15654 = PRESENTATION_STYLE_ASSIGNMENT((#15655));
#15655 = SURFACE_STYLE_USAGE(.BOTH.,#15656);
#15656 = SURFACE_SIDE_STYLE('',(#15657));
#15657 = SURFACE_STYLE_FILL_AREA(#15658);
#15658 = FILL_AREA_STYLE('',(#15659));
#15659 = FILL_AREA_STYLE_COLOUR('',#15309);
#15660 = STYLED_ITEM('color',(#15661),#7645);
#15661 = PRESENTATION_STYLE_ASSIGNMENT((#15662));
#15662 = SURFACE_STYLE_USAGE(.BOTH.,#15663);
#15663 = SURFACE_SIDE_STYLE('',(#15664));
#15664 = SURFACE_STYLE_FILL_AREA(#15665);
#15665 = FILL_AREA_STYLE('',(#15666));
#15666 = FILL_AREA_STYLE_COLOUR('',#15309);
#15667 = MECHANICAL_DESIGN_GEOMETRIC_PRESENTATION_REPRESENTATION('',(
    #15668,#15675,#15682,#15689,#15697,#15704,#15711,#15718,#15725,
    #15732,#15739,#15746,#15753,#15760,#15767,#15774,#15781,#15788,
    #15795,#15802,#15809,#15816,#15823,#15830,#15837,#15844,#15851,
    #15858,#15865,#15872,#15879,#15886,#15893,#15900,#15907,#15914,
    #15921,#15928,#15935,#15942,#15949),#9041);
#15668 = STYLED_ITEM('color',(#15669),#7678);
#15669 = PRESENTATION_STYLE_ASSIGNMENT((#15670));
#15670 = SURFACE_STYLE_USAGE(.BOTH.,#15671);
#15671 = SURFACE_SIDE_STYLE('',(#15672));
#15672 = SURFACE_STYLE_FILL_AREA(#15673);
#15673 = FILL_AREA_STYLE('',(#15674));
#15674 = FILL_AREA_STYLE_COLOUR('',#15309);
#15675 = STYLED_ITEM('color',(#15676),#7721);
#15676 = PRESENTATION_STYLE_ASSIGNMENT((#15677));
#15677 = SURFACE_STYLE_USAGE(.BOTH.,#15678);
#15678 = SURFACE_SIDE_STYLE('',(#15679));
#15679 = SURFACE_STYLE_FILL_AREA(#15680);
#15680 = FILL_AREA_STYLE('',(#15681));
#15681 = FILL_AREA_STYLE_COLOUR('',#15309);
#15682 = STYLED_ITEM('color',(#15683),#7747);
#15683 = PRESENTATION_STYLE_ASSIGNMENT((#15684));
#15684 = SURFACE_STYLE_USAGE(.BOTH.,#15685);
#15685 = SURFACE_SIDE_STYLE('',(#15686));
#15686 = SURFACE_STYLE_FILL_AREA(#15687);
#15687 = FILL_AREA_STYLE('',(#15688));
#15688 = FILL_AREA_STYLE_COLOUR('',#15309);
#15689 = STYLED_ITEM('color',(#15690),#7820);
#15690 = PRESENTATION_STYLE_ASSIGNMENT((#15691));
#15691 = SURFACE_STYLE_USAGE(.BOTH.,#15692);
#15692 = SURFACE_SIDE_STYLE('',(#15693));
#15693 = SURFACE_STYLE_FILL_AREA(#15694);
#15694 = FILL_AREA_STYLE('',(#15695));
#15695 = FILL_AREA_STYLE_COLOUR('',#15696);
#15696 = COLOUR_RGB('',0.147999998088,0.144999993226,0.144999993226);
#15697 = STYLED_ITEM('color',(#15698),#7899);
#15698 = PRESENTATION_STYLE_ASSIGNMENT((#15699));
#15699 = SURFACE_STYLE_USAGE(.BOTH.,#15700);
#15700 = SURFACE_SIDE_STYLE('',(#15701));
#15701 = SURFACE_STYLE_FILL_AREA(#15702);
#15702 = FILL_AREA_STYLE('',(#15703));
#15703 = FILL_AREA_STYLE_COLOUR('',#15309);
#15704 = STYLED_ITEM('color',(#15705),#7939);
#15705 = PRESENTATION_STYLE_ASSIGNMENT((#15706));
#15706 = SURFACE_STYLE_USAGE(.BOTH.,#15707);
#15707 = SURFACE_SIDE_STYLE('',(#15708));
#15708 = SURFACE_STYLE_FILL_AREA(#15709);
#15709 = FILL_AREA_STYLE('',(#15710));
#15710 = FILL_AREA_STYLE_COLOUR('',#15696);
#15711 = STYLED_ITEM('color',(#15712),#8018);
#15712 = PRESENTATION_STYLE_ASSIGNMENT((#15713));
#15713 = SURFACE_STYLE_USAGE(.BOTH.,#15714);
#15714 = SURFACE_SIDE_STYLE('',(#15715));
#15715 = SURFACE_STYLE_FILL_AREA(#15716);
#15716 = FILL_AREA_STYLE('',(#15717));
#15717 = FILL_AREA_STYLE_COLOUR('',#15696);
#15718 = STYLED_ITEM('color',(#15719),#8043);
#15719 = PRESENTATION_STYLE_ASSIGNMENT((#15720));
#15720 = SURFACE_STYLE_USAGE(.BOTH.,#15721);
#15721 = SURFACE_SIDE_STYLE('',(#15722));
#15722 = SURFACE_STYLE_FILL_AREA(#15723);
#15723 = FILL_AREA_STYLE('',(#15724));
#15724 = FILL_AREA_STYLE_COLOUR('',#15696);
#15725 = STYLED_ITEM('color',(#15726),#8068);
#15726 = PRESENTATION_STYLE_ASSIGNMENT((#15727));
#15727 = SURFACE_STYLE_USAGE(.BOTH.,#15728);
#15728 = SURFACE_SIDE_STYLE('',(#15729));
#15729 = SURFACE_STYLE_FILL_AREA(#15730);
#15730 = FILL_AREA_STYLE('',(#15731));
#15731 = FILL_AREA_STYLE_COLOUR('',#15696);
#15732 = STYLED_ITEM('color',(#15733),#8124);
#15733 = PRESENTATION_STYLE_ASSIGNMENT((#15734));
#15734 = SURFACE_STYLE_USAGE(.BOTH.,#15735);
#15735 = SURFACE_SIDE_STYLE('',(#15736));
#15736 = SURFACE_STYLE_FILL_AREA(#15737);
#15737 = FILL_AREA_STYLE('',(#15738));
#15738 = FILL_AREA_STYLE_COLOUR('',#15696);
#15739 = STYLED_ITEM('color',(#15740),#8180);
#15740 = PRESENTATION_STYLE_ASSIGNMENT((#15741));
#15741 = SURFACE_STYLE_USAGE(.BOTH.,#15742);
#15742 = SURFACE_SIDE_STYLE('',(#15743));
#15743 = SURFACE_STYLE_FILL_AREA(#15744);
#15744 = FILL_AREA_STYLE('',(#15745));
#15745 = FILL_AREA_STYLE_COLOUR('',#15696);
#15746 = STYLED_ITEM('color',(#15747),#8205);
#15747 = PRESENTATION_STYLE_ASSIGNMENT((#15748));
#15748 = SURFACE_STYLE_USAGE(.BOTH.,#15749);
#15749 = SURFACE_SIDE_STYLE('',(#15750));
#15750 = SURFACE_STYLE_FILL_AREA(#15751);
#15751 = FILL_AREA_STYLE('',(#15752));
#15752 = FILL_AREA_STYLE_COLOUR('',#15696);
#15753 = STYLED_ITEM('color',(#15754),#8230);
#15754 = PRESENTATION_STYLE_ASSIGNMENT((#15755));
#15755 = SURFACE_STYLE_USAGE(.BOTH.,#15756);
#15756 = SURFACE_SIDE_STYLE('',(#15757));
#15757 = SURFACE_STYLE_FILL_AREA(#15758);
#15758 = FILL_AREA_STYLE('',(#15759));
#15759 = FILL_AREA_STYLE_COLOUR('',#15696);
#15760 = STYLED_ITEM('color',(#15761),#8295);
#15761 = PRESENTATION_STYLE_ASSIGNMENT((#15762));
#15762 = SURFACE_STYLE_USAGE(.BOTH.,#15763);
#15763 = SURFACE_SIDE_STYLE('',(#15764));
#15764 = SURFACE_STYLE_FILL_AREA(#15765);
#15765 = FILL_AREA_STYLE('',(#15766));
#15766 = FILL_AREA_STYLE_COLOUR('',#15309);
#15767 = STYLED_ITEM('color',(#15768),#8368);
#15768 = PRESENTATION_STYLE_ASSIGNMENT((#15769));
#15769 = SURFACE_STYLE_USAGE(.BOTH.,#15770);
#15770 = SURFACE_SIDE_STYLE('',(#15771));
#15771 = SURFACE_STYLE_FILL_AREA(#15772);
#15772 = FILL_AREA_STYLE('',(#15773));
#15773 = FILL_AREA_STYLE_COLOUR('',#15696);
#15774 = STYLED_ITEM('color',(#15775),#8454);
#15775 = PRESENTATION_STYLE_ASSIGNMENT((#15776));
#15776 = SURFACE_STYLE_USAGE(.BOTH.,#15777);
#15777 = SURFACE_SIDE_STYLE('',(#15778));
#15778 = SURFACE_STYLE_FILL_AREA(#15779);
#15779 = FILL_AREA_STYLE('',(#15780));
#15780 = FILL_AREA_STYLE_COLOUR('',#15696);
#15781 = STYLED_ITEM('color',(#15782),#8471);
#15782 = PRESENTATION_STYLE_ASSIGNMENT((#15783));
#15783 = SURFACE_STYLE_USAGE(.BOTH.,#15784);
#15784 = SURFACE_SIDE_STYLE('',(#15785));
#15785 = SURFACE_STYLE_FILL_AREA(#15786);
#15786 = FILL_AREA_STYLE('',(#15787));
#15787 = FILL_AREA_STYLE_COLOUR('',#15309);
#15788 = STYLED_ITEM('color',(#15789),#8502);
#15789 = PRESENTATION_STYLE_ASSIGNMENT((#15790));
#15790 = SURFACE_STYLE_USAGE(.BOTH.,#15791);
#15791 = SURFACE_SIDE_STYLE('',(#15792));
#15792 = SURFACE_STYLE_FILL_AREA(#15793);
#15793 = FILL_AREA_STYLE('',(#15794));
#15794 = FILL_AREA_STYLE_COLOUR('',#15696);
#15795 = STYLED_ITEM('color',(#15796),#8514);
#15796 = PRESENTATION_STYLE_ASSIGNMENT((#15797));
#15797 = SURFACE_STYLE_USAGE(.BOTH.,#15798);
#15798 = SURFACE_SIDE_STYLE('',(#15799));
#15799 = SURFACE_STYLE_FILL_AREA(#15800);
#15800 = FILL_AREA_STYLE('',(#15801));
#15801 = FILL_AREA_STYLE_COLOUR('',#15696);
#15802 = STYLED_ITEM('color',(#15803),#8531);
#15803 = PRESENTATION_STYLE_ASSIGNMENT((#15804));
#15804 = SURFACE_STYLE_USAGE(.BOTH.,#15805);
#15805 = SURFACE_SIDE_STYLE('',(#15806));
#15806 = SURFACE_STYLE_FILL_AREA(#15807);
#15807 = FILL_AREA_STYLE('',(#15808));
#15808 = FILL_AREA_STYLE_COLOUR('',#15696);
#15809 = STYLED_ITEM('color',(#15810),#8543);
#15810 = PRESENTATION_STYLE_ASSIGNMENT((#15811));
#15811 = SURFACE_STYLE_USAGE(.BOTH.,#15812);
#15812 = SURFACE_SIDE_STYLE('',(#15813));
#15813 = SURFACE_STYLE_FILL_AREA(#15814);
#15814 = FILL_AREA_STYLE('',(#15815));
#15815 = FILL_AREA_STYLE_COLOUR('',#15696);
#15816 = STYLED_ITEM('color',(#15817),#8561);
#15817 = PRESENTATION_STYLE_ASSIGNMENT((#15818));
#15818 = SURFACE_STYLE_USAGE(.BOTH.,#15819);
#15819 = SURFACE_SIDE_STYLE('',(#15820));
#15820 = SURFACE_STYLE_FILL_AREA(#15821);
#15821 = FILL_AREA_STYLE('',(#15822));
#15822 = FILL_AREA_STYLE_COLOUR('',#15696);
#15823 = STYLED_ITEM('color',(#15824),#8573);
#15824 = PRESENTATION_STYLE_ASSIGNMENT((#15825));
#15825 = SURFACE_STYLE_USAGE(.BOTH.,#15826);
#15826 = SURFACE_SIDE_STYLE('',(#15827));
#15827 = SURFACE_STYLE_FILL_AREA(#15828);
#15828 = FILL_AREA_STYLE('',(#15829));
#15829 = FILL_AREA_STYLE_COLOUR('',#15696);
#15830 = STYLED_ITEM('color',(#15831),#8591);
#15831 = PRESENTATION_STYLE_ASSIGNMENT((#15832));
#15832 = SURFACE_STYLE_USAGE(.BOTH.,#15833);
#15833 = SURFACE_SIDE_STYLE('',(#15834));
#15834 = SURFACE_STYLE_FILL_AREA(#15835);
#15835 = FILL_AREA_STYLE('',(#15836));
#15836 = FILL_AREA_STYLE_COLOUR('',#15696);
#15837 = STYLED_ITEM('color',(#15838),#8603);
#15838 = PRESENTATION_STYLE_ASSIGNMENT((#15839));
#15839 = SURFACE_STYLE_USAGE(.BOTH.,#15840);
#15840 = SURFACE_SIDE_STYLE('',(#15841));
#15841 = SURFACE_STYLE_FILL_AREA(#15842);
#15842 = FILL_AREA_STYLE('',(#15843));
#15843 = FILL_AREA_STYLE_COLOUR('',#15309);
#15844 = STYLED_ITEM('color',(#15845),#8634);
#15845 = PRESENTATION_STYLE_ASSIGNMENT((#15846));
#15846 = SURFACE_STYLE_USAGE(.BOTH.,#15847);
#15847 = SURFACE_SIDE_STYLE('',(#15848));
#15848 = SURFACE_STYLE_FILL_AREA(#15849);
#15849 = FILL_AREA_STYLE('',(#15850));
#15850 = FILL_AREA_STYLE_COLOUR('',#15309);
#15851 = STYLED_ITEM('color',(#15852),#8686);
#15852 = PRESENTATION_STYLE_ASSIGNMENT((#15853));
#15853 = SURFACE_STYLE_USAGE(.BOTH.,#15854);
#15854 = SURFACE_SIDE_STYLE('',(#15855));
#15855 = SURFACE_STYLE_FILL_AREA(#15856);
#15856 = FILL_AREA_STYLE('',(#15857));
#15857 = FILL_AREA_STYLE_COLOUR('',#15309);
#15858 = STYLED_ITEM('color',(#15859),#8718);
#15859 = PRESENTATION_STYLE_ASSIGNMENT((#15860));
#15860 = SURFACE_STYLE_USAGE(.BOTH.,#15861);
#15861 = SURFACE_SIDE_STYLE('',(#15862));
#15862 = SURFACE_STYLE_FILL_AREA(#15863);
#15863 = FILL_AREA_STYLE('',(#15864));
#15864 = FILL_AREA_STYLE_COLOUR('',#15309);
#15865 = STYLED_ITEM('color',(#15866),#8743);
#15866 = PRESENTATION_STYLE_ASSIGNMENT((#15867));
#15867 = SURFACE_STYLE_USAGE(.BOTH.,#15868);
#15868 = SURFACE_SIDE_STYLE('',(#15869));
#15869 = SURFACE_STYLE_FILL_AREA(#15870);
#15870 = FILL_AREA_STYLE('',(#15871));
#15871 = FILL_AREA_STYLE_COLOUR('',#15309);
#15872 = STYLED_ITEM('color',(#15873),#8768);
#15873 = PRESENTATION_STYLE_ASSIGNMENT((#15874));
#15874 = SURFACE_STYLE_USAGE(.BOTH.,#15875);
#15875 = SURFACE_SIDE_STYLE('',(#15876));
#15876 = SURFACE_STYLE_FILL_AREA(#15877);
#15877 = FILL_AREA_STYLE('',(#15878));
#15878 = FILL_AREA_STYLE_COLOUR('',#15309);
#15879 = STYLED_ITEM('color',(#15880),#8800);
#15880 = PRESENTATION_STYLE_ASSIGNMENT((#15881));
#15881 = SURFACE_STYLE_USAGE(.BOTH.,#15882);
#15882 = SURFACE_SIDE_STYLE('',(#15883));
#15883 = SURFACE_STYLE_FILL_AREA(#15884);
#15884 = FILL_AREA_STYLE('',(#15885));
#15885 = FILL_AREA_STYLE_COLOUR('',#15309);
#15886 = STYLED_ITEM('color',(#15887),#8825);
#15887 = PRESENTATION_STYLE_ASSIGNMENT((#15888));
#15888 = SURFACE_STYLE_USAGE(.BOTH.,#15889);
#15889 = SURFACE_SIDE_STYLE('',(#15890));
#15890 = SURFACE_STYLE_FILL_AREA(#15891);
#15891 = FILL_AREA_STYLE('',(#15892));
#15892 = FILL_AREA_STYLE_COLOUR('',#15309);
#15893 = STYLED_ITEM('color',(#15894),#8850);
#15894 = PRESENTATION_STYLE_ASSIGNMENT((#15895));
#15895 = SURFACE_STYLE_USAGE(.BOTH.,#15896);
#15896 = SURFACE_SIDE_STYLE('',(#15897));
#15897 = SURFACE_STYLE_FILL_AREA(#15898);
#15898 = FILL_AREA_STYLE('',(#15899));
#15899 = FILL_AREA_STYLE_COLOUR('',#15309);
#15900 = STYLED_ITEM('color',(#15901),#8867);
#15901 = PRESENTATION_STYLE_ASSIGNMENT((#15902));
#15902 = SURFACE_STYLE_USAGE(.BOTH.,#15903);
#15903 = SURFACE_SIDE_STYLE('',(#15904));
#15904 = SURFACE_STYLE_FILL_AREA(#15905);
#15905 = FILL_AREA_STYLE('',(#15906));
#15906 = FILL_AREA_STYLE_COLOUR('',#15309);
#15907 = STYLED_ITEM('color',(#15908),#8884);
#15908 = PRESENTATION_STYLE_ASSIGNMENT((#15909));
#15909 = SURFACE_STYLE_USAGE(.BOTH.,#15910);
#15910 = SURFACE_SIDE_STYLE('',(#15911));
#15911 = SURFACE_STYLE_FILL_AREA(#15912);
#15912 = FILL_AREA_STYLE('',(#15913));
#15913 = FILL_AREA_STYLE_COLOUR('',#15309);
#15914 = STYLED_ITEM('color',(#15915),#8932);
#15915 = PRESENTATION_STYLE_ASSIGNMENT((#15916));
#15916 = SURFACE_STYLE_USAGE(.BOTH.,#15917);
#15917 = SURFACE_SIDE_STYLE('',(#15918));
#15918 = SURFACE_STYLE_FILL_AREA(#15919);
#15919 = FILL_AREA_STYLE('',(#15920));
#15920 = FILL_AREA_STYLE_COLOUR('',#15696);
#15921 = STYLED_ITEM('color',(#15922),#8973);
#15922 = PRESENTATION_STYLE_ASSIGNMENT((#15923));
#15923 = SURFACE_STYLE_USAGE(.BOTH.,#15924);
#15924 = SURFACE_SIDE_STYLE('',(#15925));
#15925 = SURFACE_STYLE_FILL_AREA(#15926);
#15926 = FILL_AREA_STYLE('',(#15927));
#15927 = FILL_AREA_STYLE_COLOUR('',#15309);
#15928 = STYLED_ITEM('color',(#15929),#8991);
#15929 = PRESENTATION_STYLE_ASSIGNMENT((#15930));
#15930 = SURFACE_STYLE_USAGE(.BOTH.,#15931);
#15931 = SURFACE_SIDE_STYLE('',(#15932));
#15932 = SURFACE_STYLE_FILL_AREA(#15933);
#15933 = FILL_AREA_STYLE('',(#15934));
#15934 = FILL_AREA_STYLE_COLOUR('',#15309);
#15935 = STYLED_ITEM('color',(#15936),#9003);
#15936 = PRESENTATION_STYLE_ASSIGNMENT((#15937));
#15937 = SURFACE_STYLE_USAGE(.BOTH.,#15938);
#15938 = SURFACE_SIDE_STYLE('',(#15939));
#15939 = SURFACE_STYLE_FILL_AREA(#15940);
#15940 = FILL_AREA_STYLE('',(#15941));
#15941 = FILL_AREA_STYLE_COLOUR('',#15309);
#15942 = STYLED_ITEM('color',(#15943),#9015);
#15943 = PRESENTATION_STYLE_ASSIGNMENT((#15944));
#15944 = SURFACE_STYLE_USAGE(.BOTH.,#15945);
#15945 = SURFACE_SIDE_STYLE('',(#15946));
#15946 = SURFACE_STYLE_FILL_AREA(#15947);
#15947 = FILL_AREA_STYLE('',(#15948));
#15948 = FILL_AREA_STYLE_COLOUR('',#15309);
#15949 = STYLED_ITEM('color',(#15950),#9031);
#15950 = PRESENTATION_STYLE_ASSIGNMENT((#15951));
#15951 = SURFACE_STYLE_USAGE(.BOTH.,#15952);
#15952 = SURFACE_SIDE_STYLE('',(#15953));
#15953 = SURFACE_STYLE_FILL_AREA(#15954);
#15954 = FILL_AREA_STYLE('',(#15955));
#15955 = FILL_AREA_STYLE_COLOUR('',#15696);
#15956 = MECHANICAL_DESIGN_GEOMETRIC_PRESENTATION_REPRESENTATION('',(
    #15957),#14822);
#15957 = STYLED_ITEM('color',(#15958),#13012);
#15958 = PRESENTATION_STYLE_ASSIGNMENT((#15959));
#15959 = SURFACE_STYLE_USAGE(.BOTH.,#15960);
#15960 = SURFACE_SIDE_STYLE('',(#15961));
#15961 = SURFACE_STYLE_FILL_AREA(#15962);
#15962 = FILL_AREA_STYLE('',(#15963));
#15963 = FILL_AREA_STYLE_COLOUR('',#15964);
#15964 = COLOUR_RGB('',7.251972705943E-02,0.467400056421,0.740755157142
  );
#15965 = MECHANICAL_DESIGN_GEOMETRIC_PRESENTATION_REPRESENTATION('',(
    #15966,#15973,#15980,#15987,#15994,#16001,#16008,#16015,#16022,
    #16029,#16036,#16043,#16050,#16057,#16065,#16072,#16079,#16086,
    #16093,#16100,#16107,#16114,#16121,#16128,#16135,#16142),#3020);
#15966 = STYLED_ITEM('color',(#15967),#2232);
#15967 = PRESENTATION_STYLE_ASSIGNMENT((#15968));
#15968 = SURFACE_STYLE_USAGE(.BOTH.,#15969);
#15969 = SURFACE_SIDE_STYLE('',(#15970));
#15970 = SURFACE_STYLE_FILL_AREA(#15971);
#15971 = FILL_AREA_STYLE('',(#15972));
#15972 = FILL_AREA_STYLE_COLOUR('',#15309);
#15973 = STYLED_ITEM('color',(#15974),#2272);
#15974 = PRESENTATION_STYLE_ASSIGNMENT((#15975));
#15975 = SURFACE_STYLE_USAGE(.BOTH.,#15976);
#15976 = SURFACE_SIDE_STYLE('',(#15977));
#15977 = SURFACE_STYLE_FILL_AREA(#15978);
#15978 = FILL_AREA_STYLE('',(#15979));
#15979 = FILL_AREA_STYLE_COLOUR('',#15309);
#15980 = STYLED_ITEM('color',(#15981),#2355);
#15981 = PRESENTATION_STYLE_ASSIGNMENT((#15982));
#15982 = SURFACE_STYLE_USAGE(.BOTH.,#15983);
#15983 = SURFACE_SIDE_STYLE('',(#15984));
#15984 = SURFACE_STYLE_FILL_AREA(#15985);
#15985 = FILL_AREA_STYLE('',(#15986));
#15986 = FILL_AREA_STYLE_COLOUR('',#15309);
#15987 = STYLED_ITEM('color',(#15988),#2380);
#15988 = PRESENTATION_STYLE_ASSIGNMENT((#15989));
#15989 = SURFACE_STYLE_USAGE(.BOTH.,#15990);
#15990 = SURFACE_SIDE_STYLE('',(#15991));
#15991 = SURFACE_STYLE_FILL_AREA(#15992);
#15992 = FILL_AREA_STYLE('',(#15993));
#15993 = FILL_AREA_STYLE_COLOUR('',#15309);
#15994 = STYLED_ITEM('color',(#15995),#2405);
#15995 = PRESENTATION_STYLE_ASSIGNMENT((#15996));
#15996 = SURFACE_STYLE_USAGE(.BOTH.,#15997);
#15997 = SURFACE_SIDE_STYLE('',(#15998));
#15998 = SURFACE_STYLE_FILL_AREA(#15999);
#15999 = FILL_AREA_STYLE('',(#16000));
#16000 = FILL_AREA_STYLE_COLOUR('',#15309);
#16001 = STYLED_ITEM('color',(#16002),#2472);
#16002 = PRESENTATION_STYLE_ASSIGNMENT((#16003));
#16003 = SURFACE_STYLE_USAGE(.BOTH.,#16004);
#16004 = SURFACE_SIDE_STYLE('',(#16005));
#16005 = SURFACE_STYLE_FILL_AREA(#16006);
#16006 = FILL_AREA_STYLE('',(#16007));
#16007 = FILL_AREA_STYLE_COLOUR('',#15309);
#16008 = STYLED_ITEM('color',(#16009),#2489);
#16009 = PRESENTATION_STYLE_ASSIGNMENT((#16010));
#16010 = SURFACE_STYLE_USAGE(.BOTH.,#16011);
#16011 = SURFACE_SIDE_STYLE('',(#16012));
#16012 = SURFACE_STYLE_FILL_AREA(#16013);
#16013 = FILL_AREA_STYLE('',(#16014));
#16014 = FILL_AREA_STYLE_COLOUR('',#15309);
#16015 = STYLED_ITEM('color',(#16016),#2506);
#16016 = PRESENTATION_STYLE_ASSIGNMENT((#16017));
#16017 = SURFACE_STYLE_USAGE(.BOTH.,#16018);
#16018 = SURFACE_SIDE_STYLE('',(#16019));
#16019 = SURFACE_STYLE_FILL_AREA(#16020);
#16020 = FILL_AREA_STYLE('',(#16021));
#16021 = FILL_AREA_STYLE_COLOUR('',#14841);
#16022 = STYLED_ITEM('color',(#16023),#2555);
#16023 = PRESENTATION_STYLE_ASSIGNMENT((#16024));
#16024 = SURFACE_STYLE_USAGE(.BOTH.,#16025);
#16025 = SURFACE_SIDE_STYLE('',(#16026));
#16026 = SURFACE_STYLE_FILL_AREA(#16027);
#16027 = FILL_AREA_STYLE('',(#16028));
#16028 = FILL_AREA_STYLE_COLOUR('',#15309);
#16029 = STYLED_ITEM('color',(#16030),#2572);
#16030 = PRESENTATION_STYLE_ASSIGNMENT((#16031));
#16031 = SURFACE_STYLE_USAGE(.BOTH.,#16032);
#16032 = SURFACE_SIDE_STYLE('',(#16033));
#16033 = SURFACE_STYLE_FILL_AREA(#16034);
#16034 = FILL_AREA_STYLE('',(#16035));
#16035 = FILL_AREA_STYLE_COLOUR('',#15309);
#16036 = STYLED_ITEM('color',(#16037),#2589);
#16037 = PRESENTATION_STYLE_ASSIGNMENT((#16038));
#16038 = SURFACE_STYLE_USAGE(.BOTH.,#16039);
#16039 = SURFACE_SIDE_STYLE('',(#16040));
#16040 = SURFACE_STYLE_FILL_AREA(#16041);
#16041 = FILL_AREA_STYLE('',(#16042));
#16042 = FILL_AREA_STYLE_COLOUR('',#14841);
#16043 = STYLED_ITEM('color',(#16044),#2638);
#16044 = PRESENTATION_STYLE_ASSIGNMENT((#16045));
#16045 = SURFACE_STYLE_USAGE(.BOTH.,#16046);
#16046 = SURFACE_SIDE_STYLE('',(#16047));
#16047 = SURFACE_STYLE_FILL_AREA(#16048);
#16048 = FILL_AREA_STYLE('',(#16049));
#16049 = FILL_AREA_STYLE_COLOUR('',#14841);
#16050 = STYLED_ITEM('color',(#16051),#2655);
#16051 = PRESENTATION_STYLE_ASSIGNMENT((#16052));
#16052 = SURFACE_STYLE_USAGE(.BOTH.,#16053);
#16053 = SURFACE_SIDE_STYLE('',(#16054));
#16054 = SURFACE_STYLE_FILL_AREA(#16055);
#16055 = FILL_AREA_STYLE('',(#16056));
#16056 = FILL_AREA_STYLE_COLOUR('',#15309);
#16057 = STYLED_ITEM('color',(#16058),#2724);
#16058 = PRESENTATION_STYLE_ASSIGNMENT((#16059));
#16059 = SURFACE_STYLE_USAGE(.BOTH.,#16060);
#16060 = SURFACE_SIDE_STYLE('',(#16061));
#16061 = SURFACE_STYLE_FILL_AREA(#16062);
#16062 = FILL_AREA_STYLE('',(#16063));
#16063 = FILL_AREA_STYLE_COLOUR('',#16064);
#16064 = COLOUR_RGB('',8.200000279077E-02,8.600000121357E-02,
  9.399999706163E-02);
#16065 = STYLED_ITEM('color',(#16066),#2755);
#16066 = PRESENTATION_STYLE_ASSIGNMENT((#16067));
#16067 = SURFACE_STYLE_USAGE(.BOTH.,#16068);
#16068 = SURFACE_SIDE_STYLE('',(#16069));
#16069 = SURFACE_STYLE_FILL_AREA(#16070);
#16070 = FILL_AREA_STYLE('',(#16071));
#16071 = FILL_AREA_STYLE_COLOUR('',#16064);
#16072 = STYLED_ITEM('color',(#16073),#2779);
#16073 = PRESENTATION_STYLE_ASSIGNMENT((#16074));
#16074 = SURFACE_STYLE_USAGE(.BOTH.,#16075);
#16075 = SURFACE_SIDE_STYLE('',(#16076));
#16076 = SURFACE_STYLE_FILL_AREA(#16077);
#16077 = FILL_AREA_STYLE('',(#16078));
#16078 = FILL_AREA_STYLE_COLOUR('',#15309);
#16079 = STYLED_ITEM('color',(#16080),#2848);
#16080 = PRESENTATION_STYLE_ASSIGNMENT((#16081));
#16081 = SURFACE_STYLE_USAGE(.BOTH.,#16082);
#16082 = SURFACE_SIDE_STYLE('',(#16083));
#16083 = SURFACE_STYLE_FILL_AREA(#16084);
#16084 = FILL_AREA_STYLE('',(#16085));
#16085 = FILL_AREA_STYLE_COLOUR('',#16064);
#16086 = STYLED_ITEM('color',(#16087),#2872);
#16087 = PRESENTATION_STYLE_ASSIGNMENT((#16088));
#16088 = SURFACE_STYLE_USAGE(.BOTH.,#16089);
#16089 = SURFACE_SIDE_STYLE('',(#16090));
#16090 = SURFACE_STYLE_FILL_AREA(#16091);
#16091 = FILL_AREA_STYLE('',(#16092));
#16092 = FILL_AREA_STYLE_COLOUR('',#15309);
#16093 = STYLED_ITEM('color',(#16094),#2889);
#16094 = PRESENTATION_STYLE_ASSIGNMENT((#16095));
#16095 = SURFACE_STYLE_USAGE(.BOTH.,#16096);
#16096 = SURFACE_SIDE_STYLE('',(#16097));
#16097 = SURFACE_STYLE_FILL_AREA(#16098);
#16098 = FILL_AREA_STYLE('',(#16099));
#16099 = FILL_AREA_STYLE_COLOUR('',#15309);
#16100 = STYLED_ITEM('color',(#16101),#2906);
#16101 = PRESENTATION_STYLE_ASSIGNMENT((#16102));
#16102 = SURFACE_STYLE_USAGE(.BOTH.,#16103);
#16103 = SURFACE_SIDE_STYLE('',(#16104));
#16104 = SURFACE_STYLE_FILL_AREA(#16105);
#16105 = FILL_AREA_STYLE('',(#16106));
#16106 = FILL_AREA_STYLE_COLOUR('',#15309);
#16107 = STYLED_ITEM('color',(#16108),#2923);
#16108 = PRESENTATION_STYLE_ASSIGNMENT((#16109));
#16109 = SURFACE_STYLE_USAGE(.BOTH.,#16110);
#16110 = SURFACE_SIDE_STYLE('',(#16111));
#16111 = SURFACE_STYLE_FILL_AREA(#16112);
#16112 = FILL_AREA_STYLE('',(#16113));
#16113 = FILL_AREA_STYLE_COLOUR('',#15309);
#16114 = STYLED_ITEM('color',(#16115),#2940);
#16115 = PRESENTATION_STYLE_ASSIGNMENT((#16116));
#16116 = SURFACE_STYLE_USAGE(.BOTH.,#16117);
#16117 = SURFACE_SIDE_STYLE('',(#16118));
#16118 = SURFACE_STYLE_FILL_AREA(#16119);
#16119 = FILL_AREA_STYLE('',(#16120));
#16120 = FILL_AREA_STYLE_COLOUR('',#15309);
#16121 = STYLED_ITEM('color',(#16122),#2957);
#16122 = PRESENTATION_STYLE_ASSIGNMENT((#16123));
#16123 = SURFACE_STYLE_USAGE(.BOTH.,#16124);
#16124 = SURFACE_SIDE_STYLE('',(#16125));
#16125 = SURFACE_STYLE_FILL_AREA(#16126);
#16126 = FILL_AREA_STYLE('',(#16127));
#16127 = FILL_AREA_STYLE_COLOUR('',#15309);
#16128 = STYLED_ITEM('color',(#16129),#2974);
#16129 = PRESENTATION_STYLE_ASSIGNMENT((#16130));
#16130 = SURFACE_STYLE_USAGE(.BOTH.,#16131);
#16131 = SURFACE_SIDE_STYLE('',(#16132));
#16132 = SURFACE_STYLE_FILL_AREA(#16133);
#16133 = FILL_AREA_STYLE('',(#16134));
#16134 = FILL_AREA_STYLE_COLOUR('',#15309);
#16135 = STYLED_ITEM('color',(#16136),#2991);
#16136 = PRESENTATION_STYLE_ASSIGNMENT((#16137));
#16137 = SURFACE_STYLE_USAGE(.BOTH.,#16138);
#16138 = SURFACE_SIDE_STYLE('',(#16139));
#16139 = SURFACE_STYLE_FILL_AREA(#16140);
#16140 = FILL_AREA_STYLE('',(#16141));
#16141 = FILL_AREA_STYLE_COLOUR('',#16064);
#16142 = STYLED_ITEM('color',(#16143),#3008);
#16143 = PRESENTATION_STYLE_ASSIGNMENT((#16144));
#16144 = SURFACE_STYLE_USAGE(.BOTH.,#16145);
#16145 = SURFACE_SIDE_STYLE('',(#16146));
#16146 = SURFACE_STYLE_FILL_AREA(#16147);
#16147 = FILL_AREA_STYLE('',(#16148));
#16148 = FILL_AREA_STYLE_COLOUR('',#16064);
#16149 = MECHANICAL_DESIGN_GEOMETRIC_PRESENTATION_REPRESENTATION('',(
    #16150,#16157,#16164,#16171,#16178,#16185,#16192,#16199,#16206,
    #16213,#16220,#16227,#16234,#16241,#16248,#16255,#16262,#16269,
    #16276,#16283,#16290,#16297,#16304,#16311,#16318,#16325,#16332,
    #16339,#16346,#16353,#16360,#16368,#16375,#16382,#16389,#16396,
    #16403,#16410,#16417,#16424,#16431),#2206);
#16150 = STYLED_ITEM('color',(#16151),#1000);
#16151 = PRESENTATION_STYLE_ASSIGNMENT((#16152));
#16152 = SURFACE_STYLE_USAGE(.BOTH.,#16153);
#16153 = SURFACE_SIDE_STYLE('',(#16154));
#16154 = SURFACE_STYLE_FILL_AREA(#16155);
#16155 = FILL_AREA_STYLE('',(#16156));
#16156 = FILL_AREA_STYLE_COLOUR('',#15309);
#16157 = STYLED_ITEM('color',(#16158),#1040);
#16158 = PRESENTATION_STYLE_ASSIGNMENT((#16159));
#16159 = SURFACE_STYLE_USAGE(.BOTH.,#16160);
#16160 = SURFACE_SIDE_STYLE('',(#16161));
#16161 = SURFACE_STYLE_FILL_AREA(#16162);
#16162 = FILL_AREA_STYLE('',(#16163));
#16163 = FILL_AREA_STYLE_COLOUR('',#15309);
#16164 = STYLED_ITEM('color',(#16165),#1123);
#16165 = PRESENTATION_STYLE_ASSIGNMENT((#16166));
#16166 = SURFACE_STYLE_USAGE(.BOTH.,#16167);
#16167 = SURFACE_SIDE_STYLE('',(#16168));
#16168 = SURFACE_STYLE_FILL_AREA(#16169);
#16169 = FILL_AREA_STYLE('',(#16170));
#16170 = FILL_AREA_STYLE_COLOUR('',#15309);
#16171 = STYLED_ITEM('color',(#16172),#1148);
#16172 = PRESENTATION_STYLE_ASSIGNMENT((#16173));
#16173 = SURFACE_STYLE_USAGE(.BOTH.,#16174);
#16174 = SURFACE_SIDE_STYLE('',(#16175));
#16175 = SURFACE_STYLE_FILL_AREA(#16176);
#16176 = FILL_AREA_STYLE('',(#16177));
#16177 = FILL_AREA_STYLE_COLOUR('',#15309);
#16178 = STYLED_ITEM('color',(#16179),#1223);
#16179 = PRESENTATION_STYLE_ASSIGNMENT((#16180));
#16180 = SURFACE_STYLE_USAGE(.BOTH.,#16181);
#16181 = SURFACE_SIDE_STYLE('',(#16182));
#16182 = SURFACE_STYLE_FILL_AREA(#16183);
#16183 = FILL_AREA_STYLE('',(#16184));
#16184 = FILL_AREA_STYLE_COLOUR('',#15309);
#16185 = STYLED_ITEM('color',(#16186),#1240);
#16186 = PRESENTATION_STYLE_ASSIGNMENT((#16187));
#16187 = SURFACE_STYLE_USAGE(.BOTH.,#16188);
#16188 = SURFACE_SIDE_STYLE('',(#16189));
#16189 = SURFACE_STYLE_FILL_AREA(#16190);
#16190 = FILL_AREA_STYLE('',(#16191));
#16191 = FILL_AREA_STYLE_COLOUR('',#15309);
#16192 = STYLED_ITEM('color',(#16193),#1257);
#16193 = PRESENTATION_STYLE_ASSIGNMENT((#16194));
#16194 = SURFACE_STYLE_USAGE(.BOTH.,#16195);
#16195 = SURFACE_SIDE_STYLE('',(#16196));
#16196 = SURFACE_STYLE_FILL_AREA(#16197);
#16197 = FILL_AREA_STYLE('',(#16198));
#16198 = FILL_AREA_STYLE_COLOUR('',#15309);
#16199 = STYLED_ITEM('color',(#16200),#1274);
#16200 = PRESENTATION_STYLE_ASSIGNMENT((#16201));
#16201 = SURFACE_STYLE_USAGE(.BOTH.,#16202);
#16202 = SURFACE_SIDE_STYLE('',(#16203));
#16203 = SURFACE_STYLE_FILL_AREA(#16204);
#16204 = FILL_AREA_STYLE('',(#16205));
#16205 = FILL_AREA_STYLE_COLOUR('',#15309);
#16206 = STYLED_ITEM('color',(#16207),#1291);
#16207 = PRESENTATION_STYLE_ASSIGNMENT((#16208));
#16208 = SURFACE_STYLE_USAGE(.BOTH.,#16209);
#16209 = SURFACE_SIDE_STYLE('',(#16210));
#16210 = SURFACE_STYLE_FILL_AREA(#16211);
#16211 = FILL_AREA_STYLE('',(#16212));
#16212 = FILL_AREA_STYLE_COLOUR('',#15309);
#16213 = STYLED_ITEM('color',(#16214),#1308);
#16214 = PRESENTATION_STYLE_ASSIGNMENT((#16215));
#16215 = SURFACE_STYLE_USAGE(.BOTH.,#16216);
#16216 = SURFACE_SIDE_STYLE('',(#16217));
#16217 = SURFACE_STYLE_FILL_AREA(#16218);
#16218 = FILL_AREA_STYLE('',(#16219));
#16219 = FILL_AREA_STYLE_COLOUR('',#15309);
#16220 = STYLED_ITEM('color',(#16221),#1324);
#16221 = PRESENTATION_STYLE_ASSIGNMENT((#16222));
#16222 = SURFACE_STYLE_USAGE(.BOTH.,#16223);
#16223 = SURFACE_SIDE_STYLE('',(#16224));
#16224 = SURFACE_STYLE_FILL_AREA(#16225);
#16225 = FILL_AREA_STYLE('',(#16226));
#16226 = FILL_AREA_STYLE_COLOUR('',#15696);
#16227 = STYLED_ITEM('color',(#16228),#1371);
#16228 = PRESENTATION_STYLE_ASSIGNMENT((#16229));
#16229 = SURFACE_STYLE_USAGE(.BOTH.,#16230);
#16230 = SURFACE_SIDE_STYLE('',(#16231));
#16231 = SURFACE_STYLE_FILL_AREA(#16232);
#16232 = FILL_AREA_STYLE('',(#16233));
#16233 = FILL_AREA_STYLE_COLOUR('',#15696);
#16234 = STYLED_ITEM('color',(#16235),#1406);
#16235 = PRESENTATION_STYLE_ASSIGNMENT((#16236));
#16236 = SURFACE_STYLE_USAGE(.BOTH.,#16237);
#16237 = SURFACE_SIDE_STYLE('',(#16238));
#16238 = SURFACE_STYLE_FILL_AREA(#16239);
#16239 = FILL_AREA_STYLE('',(#16240));
#16240 = FILL_AREA_STYLE_COLOUR('',#15696);
#16241 = STYLED_ITEM('color',(#16242),#1445);
#16242 = PRESENTATION_STYLE_ASSIGNMENT((#16243));
#16243 = SURFACE_STYLE_USAGE(.BOTH.,#16244);
#16244 = SURFACE_SIDE_STYLE('',(#16245));
#16245 = SURFACE_STYLE_FILL_AREA(#16246);
#16246 = FILL_AREA_STYLE('',(#16247));
#16247 = FILL_AREA_STYLE_COLOUR('',#15696);
#16248 = STYLED_ITEM('color',(#16249),#1474);
#16249 = PRESENTATION_STYLE_ASSIGNMENT((#16250));
#16250 = SURFACE_STYLE_USAGE(.BOTH.,#16251);
#16251 = SURFACE_SIDE_STYLE('',(#16252));
#16252 = SURFACE_STYLE_FILL_AREA(#16253);
#16253 = FILL_AREA_STYLE('',(#16254));
#16254 = FILL_AREA_STYLE_COLOUR('',#15696);
#16255 = STYLED_ITEM('color',(#16256),#1513);
#16256 = PRESENTATION_STYLE_ASSIGNMENT((#16257));
#16257 = SURFACE_STYLE_USAGE(.BOTH.,#16258);
#16258 = SURFACE_SIDE_STYLE('',(#16259));
#16259 = SURFACE_STYLE_FILL_AREA(#16260);
#16260 = FILL_AREA_STYLE('',(#16261));
#16261 = FILL_AREA_STYLE_COLOUR('',#15696);
#16262 = STYLED_ITEM('color',(#16263),#1542);
#16263 = PRESENTATION_STYLE_ASSIGNMENT((#16264));
#16264 = SURFACE_STYLE_USAGE(.BOTH.,#16265);
#16265 = SURFACE_SIDE_STYLE('',(#16266));
#16266 = SURFACE_STYLE_FILL_AREA(#16267);
#16267 = FILL_AREA_STYLE('',(#16268));
#16268 = FILL_AREA_STYLE_COLOUR('',#15696);
#16269 = STYLED_ITEM('color',(#16270),#1596);
#16270 = PRESENTATION_STYLE_ASSIGNMENT((#16271));
#16271 = SURFACE_STYLE_USAGE(.BOTH.,#16272);
#16272 = SURFACE_SIDE_STYLE('',(#16273));
#16273 = SURFACE_STYLE_FILL_AREA(#16274);
#16274 = FILL_AREA_STYLE('',(#16275));
#16275 = FILL_AREA_STYLE_COLOUR('',#15696);
#16276 = STYLED_ITEM('color',(#16277),#1639);
#16277 = PRESENTATION_STYLE_ASSIGNMENT((#16278));
#16278 = SURFACE_STYLE_USAGE(.BOTH.,#16279);
#16279 = SURFACE_SIDE_STYLE('',(#16280));
#16280 = SURFACE_STYLE_FILL_AREA(#16281);
#16281 = FILL_AREA_STYLE('',(#16282));
#16282 = FILL_AREA_STYLE_COLOUR('',#15696);
#16283 = STYLED_ITEM('color',(#16284),#1662);
#16284 = PRESENTATION_STYLE_ASSIGNMENT((#16285));
#16285 = SURFACE_STYLE_USAGE(.BOTH.,#16286);
#16286 = SURFACE_SIDE_STYLE('',(#16287));
#16287 = SURFACE_STYLE_FILL_AREA(#16288);
#16288 = FILL_AREA_STYLE('',(#16289));
#16289 = FILL_AREA_STYLE_COLOUR('',#15696);
#16290 = STYLED_ITEM('color',(#16291),#1685);
#16291 = PRESENTATION_STYLE_ASSIGNMENT((#16292));
#16292 = SURFACE_STYLE_USAGE(.BOTH.,#16293);
#16293 = SURFACE_SIDE_STYLE('',(#16294));
#16294 = SURFACE_STYLE_FILL_AREA(#16295);
#16295 = FILL_AREA_STYLE('',(#16296));
#16296 = FILL_AREA_STYLE_COLOUR('',#15696);
#16297 = STYLED_ITEM('color',(#16298),#1708);
#16298 = PRESENTATION_STYLE_ASSIGNMENT((#16299));
#16299 = SURFACE_STYLE_USAGE(.BOTH.,#16300);
#16300 = SURFACE_SIDE_STYLE('',(#16301));
#16301 = SURFACE_STYLE_FILL_AREA(#16302);
#16302 = FILL_AREA_STYLE('',(#16303));
#16303 = FILL_AREA_STYLE_COLOUR('',#15696);
#16304 = STYLED_ITEM('color',(#16305),#1759);
#16305 = PRESENTATION_STYLE_ASSIGNMENT((#16306));
#16306 = SURFACE_STYLE_USAGE(.BOTH.,#16307);
#16307 = SURFACE_SIDE_STYLE('',(#16308));
#16308 = SURFACE_STYLE_FILL_AREA(#16309);
#16309 = FILL_AREA_STYLE('',(#16310));
#16310 = FILL_AREA_STYLE_COLOUR('',#15696);
#16311 = STYLED_ITEM('color',(#16312),#1782);
#16312 = PRESENTATION_STYLE_ASSIGNMENT((#16313));
#16313 = SURFACE_STYLE_USAGE(.BOTH.,#16314);
#16314 = SURFACE_SIDE_STYLE('',(#16315));
#16315 = SURFACE_STYLE_FILL_AREA(#16316);
#16316 = FILL_AREA_STYLE('',(#16317));
#16317 = FILL_AREA_STYLE_COLOUR('',#15696);
#16318 = STYLED_ITEM('color',(#16319),#1799);
#16319 = PRESENTATION_STYLE_ASSIGNMENT((#16320));
#16320 = SURFACE_STYLE_USAGE(.BOTH.,#16321);
#16321 = SURFACE_SIDE_STYLE('',(#16322));
#16322 = SURFACE_STYLE_FILL_AREA(#16323);
#16323 = FILL_AREA_STYLE('',(#16324));
#16324 = FILL_AREA_STYLE_COLOUR('',#15309);
#16325 = STYLED_ITEM('color',(#16326),#1873);
#16326 = PRESENTATION_STYLE_ASSIGNMENT((#16327));
#16327 = SURFACE_STYLE_USAGE(.BOTH.,#16328);
#16328 = SURFACE_SIDE_STYLE('',(#16329));
#16329 = SURFACE_STYLE_FILL_AREA(#16330);
#16330 = FILL_AREA_STYLE('',(#16331));
#16331 = FILL_AREA_STYLE_COLOUR('',#15309);
#16332 = STYLED_ITEM('color',(#16333),#1897);
#16333 = PRESENTATION_STYLE_ASSIGNMENT((#16334));
#16334 = SURFACE_STYLE_USAGE(.BOTH.,#16335);
#16335 = SURFACE_SIDE_STYLE('',(#16336));
#16336 = SURFACE_STYLE_FILL_AREA(#16337);
#16337 = FILL_AREA_STYLE('',(#16338));
#16338 = FILL_AREA_STYLE_COLOUR('',#15309);
#16339 = STYLED_ITEM('color',(#16340),#1964);
#16340 = PRESENTATION_STYLE_ASSIGNMENT((#16341));
#16341 = SURFACE_STYLE_USAGE(.BOTH.,#16342);
#16342 = SURFACE_SIDE_STYLE('',(#16343));
#16343 = SURFACE_STYLE_FILL_AREA(#16344);
#16344 = FILL_AREA_STYLE('',(#16345));
#16345 = FILL_AREA_STYLE_COLOUR('',#15696);
#16346 = STYLED_ITEM('color',(#16347),#1976);
#16347 = PRESENTATION_STYLE_ASSIGNMENT((#16348));
#16348 = SURFACE_STYLE_USAGE(.BOTH.,#16349);
#16349 = SURFACE_SIDE_STYLE('',(#16350));
#16350 = SURFACE_STYLE_FILL_AREA(#16351);
#16351 = FILL_AREA_STYLE('',(#16352));
#16352 = FILL_AREA_STYLE_COLOUR('',#15696);
#16353 = STYLED_ITEM('color',(#16354),#1988);
#16354 = PRESENTATION_STYLE_ASSIGNMENT((#16355));
#16355 = SURFACE_STYLE_USAGE(.BOTH.,#16356);
#16356 = SURFACE_SIDE_STYLE('',(#16357));
#16357 = SURFACE_STYLE_FILL_AREA(#16358);
#16358 = FILL_AREA_STYLE('',(#16359));
#16359 = FILL_AREA_STYLE_COLOUR('',#15309);
#16360 = STYLED_ITEM('color',(#16361),#2005);
#16361 = PRESENTATION_STYLE_ASSIGNMENT((#16362));
#16362 = SURFACE_STYLE_USAGE(.BOTH.,#16363);
#16363 = SURFACE_SIDE_STYLE('',(#16364));
#16364 = SURFACE_STYLE_FILL_AREA(#16365);
#16365 = FILL_AREA_STYLE('',(#16366));
#16366 = FILL_AREA_STYLE_COLOUR('',#16367);
#16367 = COLOUR_RGB('',0.690999977303,0.663999984767,0.597999987832);
#16368 = STYLED_ITEM('color',(#16369),#2034);
#16369 = PRESENTATION_STYLE_ASSIGNMENT((#16370));
#16370 = SURFACE_STYLE_USAGE(.BOTH.,#16371);
#16371 = SURFACE_SIDE_STYLE('',(#16372));
#16372 = SURFACE_STYLE_FILL_AREA(#16373);
#16373 = FILL_AREA_STYLE('',(#16374));
#16374 = FILL_AREA_STYLE_COLOUR('',#16367);
#16375 = STYLED_ITEM('color',(#16376),#2057);
#16376 = PRESENTATION_STYLE_ASSIGNMENT((#16377));
#16377 = SURFACE_STYLE_USAGE(.BOTH.,#16378);
#16378 = SURFACE_SIDE_STYLE('',(#16379));
#16379 = SURFACE_STYLE_FILL_AREA(#16380);
#16380 = FILL_AREA_STYLE('',(#16381));
#16381 = FILL_AREA_STYLE_COLOUR('',#16367);
#16382 = STYLED_ITEM('color',(#16383),#2080);
#16383 = PRESENTATION_STYLE_ASSIGNMENT((#16384));
#16384 = SURFACE_STYLE_USAGE(.BOTH.,#16385);
#16385 = SURFACE_SIDE_STYLE('',(#16386));
#16386 = SURFACE_STYLE_FILL_AREA(#16387);
#16387 = FILL_AREA_STYLE('',(#16388));
#16388 = FILL_AREA_STYLE_COLOUR('',#16367);
#16389 = STYLED_ITEM('color',(#16390),#2097);
#16390 = PRESENTATION_STYLE_ASSIGNMENT((#16391));
#16391 = SURFACE_STYLE_USAGE(.BOTH.,#16392);
#16392 = SURFACE_SIDE_STYLE('',(#16393));
#16393 = SURFACE_STYLE_FILL_AREA(#16394);
#16394 = FILL_AREA_STYLE('',(#16395));
#16395 = FILL_AREA_STYLE_COLOUR('',#15309);
#16396 = STYLED_ITEM('color',(#16397),#2119);
#16397 = PRESENTATION_STYLE_ASSIGNMENT((#16398));
#16398 = SURFACE_STYLE_USAGE(.BOTH.,#16399);
#16399 = SURFACE_SIDE_STYLE('',(#16400));
#16400 = SURFACE_STYLE_FILL_AREA(#16401);
#16401 = FILL_AREA_STYLE('',(#16402));
#16402 = FILL_AREA_STYLE_COLOUR('',#15309);
#16403 = STYLED_ITEM('color',(#16404),#2131);
#16404 = PRESENTATION_STYLE_ASSIGNMENT((#16405));
#16405 = SURFACE_STYLE_USAGE(.BOTH.,#16406);
#16406 = SURFACE_SIDE_STYLE('',(#16407));
#16407 = SURFACE_STYLE_FILL_AREA(#16408);
#16408 = FILL_AREA_STYLE('',(#16409));
#16409 = FILL_AREA_STYLE_COLOUR('',#15309);
#16410 = STYLED_ITEM('color',(#16411),#2148);
#16411 = PRESENTATION_STYLE_ASSIGNMENT((#16412));
#16412 = SURFACE_STYLE_USAGE(.BOTH.,#16413);
#16413 = SURFACE_SIDE_STYLE('',(#16414));
#16414 = SURFACE_STYLE_FILL_AREA(#16415);
#16415 = FILL_AREA_STYLE('',(#16416));
#16416 = FILL_AREA_STYLE_COLOUR('',#15309);
#16417 = STYLED_ITEM('color',(#16418),#2165);
#16418 = PRESENTATION_STYLE_ASSIGNMENT((#16419));
#16419 = SURFACE_STYLE_USAGE(.BOTH.,#16420);
#16420 = SURFACE_SIDE_STYLE('',(#16421));
#16421 = SURFACE_STYLE_FILL_AREA(#16422);
#16422 = FILL_AREA_STYLE('',(#16423));
#16423 = FILL_AREA_STYLE_COLOUR('',#15309);
#16424 = STYLED_ITEM('color',(#16425),#2182);
#16425 = PRESENTATION_STYLE_ASSIGNMENT((#16426));
#16426 = SURFACE_STYLE_USAGE(.BOTH.,#16427);
#16427 = SURFACE_SIDE_STYLE('',(#16428));
#16428 = SURFACE_STYLE_FILL_AREA(#16429);
#16429 = FILL_AREA_STYLE('',(#16430));
#16430 = FILL_AREA_STYLE_COLOUR('',#15309);
#16431 = STYLED_ITEM('color',(#16432),#2194);
#16432 = PRESENTATION_STYLE_ASSIGNMENT((#16433));
#16433 = SURFACE_STYLE_USAGE(.BOTH.,#16434);
#16434 = SURFACE_SIDE_STYLE('',(#16435));
#16435 = SURFACE_STYLE_FILL_AREA(#16436);
#16436 = FILL_AREA_STYLE('',(#16437));
#16437 = FILL_AREA_STYLE_COLOUR('',#16367);
#16438 = MECHANICAL_DESIGN_GEOMETRIC_PRESENTATION_REPRESENTATION('',(
    #16439,#16447,#16454,#16461,#16468,#16475,#16482,#16489,#16496,
    #16503,#16510,#16517,#16524,#16531,#16538,#16545,#16552,#16559,
    #16566,#16573,#16580,#16587,#16595,#16602,#16609,#16616,#16623,
    #16630,#16637,#16644,#16651,#16658,#16665,#16672,#16679,#16686,
    #16693,#16700,#16707,#16714,#16721,#16728,#16735,#16742,#16749,
    #16756,#16763,#16770,#16777,#16784,#16791,#16798,#16805,#16812,
    #16819,#16826,#16833,#16840,#16847,#16854,#16861,#16868,#16875,
    #16882,#16889),#12963);
#16439 = STYLED_ITEM('color',(#16440),#11098);
#16440 = PRESENTATION_STYLE_ASSIGNMENT((#16441));
#16441 = SURFACE_STYLE_USAGE(.BOTH.,#16442);
#16442 = SURFACE_SIDE_STYLE('',(#16443));
#16443 = SURFACE_STYLE_FILL_AREA(#16444);
#16444 = FILL_AREA_STYLE('',(#16445));
#16445 = FILL_AREA_STYLE_COLOUR('',#16446);
#16446 = COLOUR_RGB('',0.894117649055,0.890196087049,0.811764731185);
#16447 = STYLED_ITEM('color',(#16448),#11138);
#16448 = PRESENTATION_STYLE_ASSIGNMENT((#16449));
#16449 = SURFACE_STYLE_USAGE(.BOTH.,#16450);
#16450 = SURFACE_SIDE_STYLE('',(#16451));
#16451 = SURFACE_STYLE_FILL_AREA(#16452);
#16452 = FILL_AREA_STYLE('',(#16453));
#16453 = FILL_AREA_STYLE_COLOUR('',#16446);
#16454 = STYLED_ITEM('color',(#16455),#11281);
#16455 = PRESENTATION_STYLE_ASSIGNMENT((#16456));
#16456 = SURFACE_STYLE_USAGE(.BOTH.,#16457);
#16457 = SURFACE_SIDE_STYLE('',(#16458));
#16458 = SURFACE_STYLE_FILL_AREA(#16459);
#16459 = FILL_AREA_STYLE('',(#16460));
#16460 = FILL_AREA_STYLE_COLOUR('',#16446);
#16461 = STYLED_ITEM('color',(#16462),#11305);
#16462 = PRESENTATION_STYLE_ASSIGNMENT((#16463));
#16463 = SURFACE_STYLE_USAGE(.BOTH.,#16464);
#16464 = SURFACE_SIDE_STYLE('',(#16465));
#16465 = SURFACE_STYLE_FILL_AREA(#16466);
#16466 = FILL_AREA_STYLE('',(#16467));
#16467 = FILL_AREA_STYLE_COLOUR('',#16446);
#16468 = STYLED_ITEM('color',(#16469),#11345);
#16469 = PRESENTATION_STYLE_ASSIGNMENT((#16470));
#16470 = SURFACE_STYLE_USAGE(.BOTH.,#16471);
#16471 = SURFACE_SIDE_STYLE('',(#16472));
#16472 = SURFACE_STYLE_FILL_AREA(#16473);
#16473 = FILL_AREA_STYLE('',(#16474));
#16474 = FILL_AREA_STYLE_COLOUR('',#16446);
#16475 = STYLED_ITEM('color',(#16476),#11362);
#16476 = PRESENTATION_STYLE_ASSIGNMENT((#16477));
#16477 = SURFACE_STYLE_USAGE(.BOTH.,#16478);
#16478 = SURFACE_SIDE_STYLE('',(#16479));
#16479 = SURFACE_STYLE_FILL_AREA(#16480);
#16480 = FILL_AREA_STYLE('',(#16481));
#16481 = FILL_AREA_STYLE_COLOUR('',#16446);
#16482 = STYLED_ITEM('color',(#16483),#11393);
#16483 = PRESENTATION_STYLE_ASSIGNMENT((#16484));
#16484 = SURFACE_STYLE_USAGE(.BOTH.,#16485);
#16485 = SURFACE_SIDE_STYLE('',(#16486));
#16486 = SURFACE_STYLE_FILL_AREA(#16487);
#16487 = FILL_AREA_STYLE('',(#16488));
#16488 = FILL_AREA_STYLE_COLOUR('',#16446);
#16489 = STYLED_ITEM('color',(#16490),#11417);
#16490 = PRESENTATION_STYLE_ASSIGNMENT((#16491));
#16491 = SURFACE_STYLE_USAGE(.BOTH.,#16492);
#16492 = SURFACE_SIDE_STYLE('',(#16493));
#16493 = SURFACE_STYLE_FILL_AREA(#16494);
#16494 = FILL_AREA_STYLE('',(#16495));
#16495 = FILL_AREA_STYLE_COLOUR('',#16446);
#16496 = STYLED_ITEM('color',(#16497),#11475);
#16497 = PRESENTATION_STYLE_ASSIGNMENT((#16498));
#16498 = SURFACE_STYLE_USAGE(.BOTH.,#16499);
#16499 = SURFACE_SIDE_STYLE('',(#16500));
#16500 = SURFACE_STYLE_FILL_AREA(#16501);
#16501 = FILL_AREA_STYLE('',(#16502));
#16502 = FILL_AREA_STYLE_COLOUR('',#16446);
#16503 = STYLED_ITEM('color',(#16504),#11499);
#16504 = PRESENTATION_STYLE_ASSIGNMENT((#16505));
#16505 = SURFACE_STYLE_USAGE(.BOTH.,#16506);
#16506 = SURFACE_SIDE_STYLE('',(#16507));
#16507 = SURFACE_STYLE_FILL_AREA(#16508);
#16508 = FILL_AREA_STYLE('',(#16509));
#16509 = FILL_AREA_STYLE_COLOUR('',#16446);
#16510 = STYLED_ITEM('color',(#16511),#11557);
#16511 = PRESENTATION_STYLE_ASSIGNMENT((#16512));
#16512 = SURFACE_STYLE_USAGE(.BOTH.,#16513);
#16513 = SURFACE_SIDE_STYLE('',(#16514));
#16514 = SURFACE_STYLE_FILL_AREA(#16515);
#16515 = FILL_AREA_STYLE('',(#16516));
#16516 = FILL_AREA_STYLE_COLOUR('',#16446);
#16517 = STYLED_ITEM('color',(#16518),#11581);
#16518 = PRESENTATION_STYLE_ASSIGNMENT((#16519));
#16519 = SURFACE_STYLE_USAGE(.BOTH.,#16520);
#16520 = SURFACE_SIDE_STYLE('',(#16521));
#16521 = SURFACE_STYLE_FILL_AREA(#16522);
#16522 = FILL_AREA_STYLE('',(#16523));
#16523 = FILL_AREA_STYLE_COLOUR('',#16446);
#16524 = STYLED_ITEM('color',(#16525),#11639);
#16525 = PRESENTATION_STYLE_ASSIGNMENT((#16526));
#16526 = SURFACE_STYLE_USAGE(.BOTH.,#16527);
#16527 = SURFACE_SIDE_STYLE('',(#16528));
#16528 = SURFACE_STYLE_FILL_AREA(#16529);
#16529 = FILL_AREA_STYLE('',(#16530));
#16530 = FILL_AREA_STYLE_COLOUR('',#16446);
#16531 = STYLED_ITEM('color',(#16532),#11663);
#16532 = PRESENTATION_STYLE_ASSIGNMENT((#16533));
#16533 = SURFACE_STYLE_USAGE(.BOTH.,#16534);
#16534 = SURFACE_SIDE_STYLE('',(#16535));
#16535 = SURFACE_STYLE_FILL_AREA(#16536);
#16536 = FILL_AREA_STYLE('',(#16537));
#16537 = FILL_AREA_STYLE_COLOUR('',#16446);
#16538 = STYLED_ITEM('color',(#16539),#11687);
#16539 = PRESENTATION_STYLE_ASSIGNMENT((#16540));
#16540 = SURFACE_STYLE_USAGE(.BOTH.,#16541);
#16541 = SURFACE_SIDE_STYLE('',(#16542));
#16542 = SURFACE_STYLE_FILL_AREA(#16543);
#16543 = FILL_AREA_STYLE('',(#16544));
#16544 = FILL_AREA_STYLE_COLOUR('',#16446);
#16545 = STYLED_ITEM('color',(#16546),#11711);
#16546 = PRESENTATION_STYLE_ASSIGNMENT((#16547));
#16547 = SURFACE_STYLE_USAGE(.BOTH.,#16548);
#16548 = SURFACE_SIDE_STYLE('',(#16549));
#16549 = SURFACE_STYLE_FILL_AREA(#16550);
#16550 = FILL_AREA_STYLE('',(#16551));
#16551 = FILL_AREA_STYLE_COLOUR('',#16446);
#16552 = STYLED_ITEM('color',(#16553),#11860);
#16553 = PRESENTATION_STYLE_ASSIGNMENT((#16554));
#16554 = SURFACE_STYLE_USAGE(.BOTH.,#16555);
#16555 = SURFACE_SIDE_STYLE('',(#16556));
#16556 = SURFACE_STYLE_FILL_AREA(#16557);
#16557 = FILL_AREA_STYLE('',(#16558));
#16558 = FILL_AREA_STYLE_COLOUR('',#16446);
#16559 = STYLED_ITEM('color',(#16560),#11911);
#16560 = PRESENTATION_STYLE_ASSIGNMENT((#16561));
#16561 = SURFACE_STYLE_USAGE(.BOTH.,#16562);
#16562 = SURFACE_SIDE_STYLE('',(#16563));
#16563 = SURFACE_STYLE_FILL_AREA(#16564);
#16564 = FILL_AREA_STYLE('',(#16565));
#16565 = FILL_AREA_STYLE_COLOUR('',#16446);
#16566 = STYLED_ITEM('color',(#16567),#11962);
#16567 = PRESENTATION_STYLE_ASSIGNMENT((#16568));
#16568 = SURFACE_STYLE_USAGE(.BOTH.,#16569);
#16569 = SURFACE_SIDE_STYLE('',(#16570));
#16570 = SURFACE_STYLE_FILL_AREA(#16571);
#16571 = FILL_AREA_STYLE('',(#16572));
#16572 = FILL_AREA_STYLE_COLOUR('',#16446);
#16573 = STYLED_ITEM('color',(#16574),#11979);
#16574 = PRESENTATION_STYLE_ASSIGNMENT((#16575));
#16575 = SURFACE_STYLE_USAGE(.BOTH.,#16576);
#16576 = SURFACE_SIDE_STYLE('',(#16577));
#16577 = SURFACE_STYLE_FILL_AREA(#16578);
#16578 = FILL_AREA_STYLE('',(#16579));
#16579 = FILL_AREA_STYLE_COLOUR('',#16446);
#16580 = STYLED_ITEM('color',(#16581),#11996);
#16581 = PRESENTATION_STYLE_ASSIGNMENT((#16582));
#16582 = SURFACE_STYLE_USAGE(.BOTH.,#16583);
#16583 = SURFACE_SIDE_STYLE('',(#16584));
#16584 = SURFACE_STYLE_FILL_AREA(#16585);
#16585 = FILL_AREA_STYLE('',(#16586));
#16586 = FILL_AREA_STYLE_COLOUR('',#16446);
#16587 = STYLED_ITEM('color',(#16588),#12016);
#16588 = PRESENTATION_STYLE_ASSIGNMENT((#16589));
#16589 = SURFACE_STYLE_USAGE(.BOTH.,#16590);
#16590 = SURFACE_SIDE_STYLE('',(#16591));
#16591 = SURFACE_STYLE_FILL_AREA(#16592);
#16592 = FILL_AREA_STYLE('',(#16593));
#16593 = FILL_AREA_STYLE_COLOUR('',#16594);
#16594 = COLOUR_RGB('',0.823529417451,0.819607860991,0.780392170416);
#16595 = STYLED_ITEM('color',(#16596),#12047);
#16596 = PRESENTATION_STYLE_ASSIGNMENT((#16597));
#16597 = SURFACE_STYLE_USAGE(.BOTH.,#16598);
#16598 = SURFACE_SIDE_STYLE('',(#16599));
#16599 = SURFACE_STYLE_FILL_AREA(#16600);
#16600 = FILL_AREA_STYLE('',(#16601));
#16601 = FILL_AREA_STYLE_COLOUR('',#16594);
#16602 = STYLED_ITEM('color',(#16603),#12071);
#16603 = PRESENTATION_STYLE_ASSIGNMENT((#16604));
#16604 = SURFACE_STYLE_USAGE(.BOTH.,#16605);
#16605 = SURFACE_SIDE_STYLE('',(#16606));
#16606 = SURFACE_STYLE_FILL_AREA(#16607);
#16607 = FILL_AREA_STYLE('',(#16608));
#16608 = FILL_AREA_STYLE_COLOUR('',#16594);
#16609 = STYLED_ITEM('color',(#16610),#12095);
#16610 = PRESENTATION_STYLE_ASSIGNMENT((#16611));
#16611 = SURFACE_STYLE_USAGE(.BOTH.,#16612);
#16612 = SURFACE_SIDE_STYLE('',(#16613));
#16613 = SURFACE_STYLE_FILL_AREA(#16614);
#16614 = FILL_AREA_STYLE('',(#16615));
#16615 = FILL_AREA_STYLE_COLOUR('',#16594);
#16616 = STYLED_ITEM('color',(#16617),#12112);
#16617 = PRESENTATION_STYLE_ASSIGNMENT((#16618));
#16618 = SURFACE_STYLE_USAGE(.BOTH.,#16619);
#16619 = SURFACE_SIDE_STYLE('',(#16620));
#16620 = SURFACE_STYLE_FILL_AREA(#16621);
#16621 = FILL_AREA_STYLE('',(#16622));
#16622 = FILL_AREA_STYLE_COLOUR('',#16446);
#16623 = STYLED_ITEM('color',(#16624),#12134);
#16624 = PRESENTATION_STYLE_ASSIGNMENT((#16625));
#16625 = SURFACE_STYLE_USAGE(.BOTH.,#16626);
#16626 = SURFACE_SIDE_STYLE('',(#16627));
#16627 = SURFACE_STYLE_FILL_AREA(#16628);
#16628 = FILL_AREA_STYLE('',(#16629));
#16629 = FILL_AREA_STYLE_COLOUR('',#16446);
#16630 = STYLED_ITEM('color',(#16631),#12151);
#16631 = PRESENTATION_STYLE_ASSIGNMENT((#16632));
#16632 = SURFACE_STYLE_USAGE(.BOTH.,#16633);
#16633 = SURFACE_SIDE_STYLE('',(#16634));
#16634 = SURFACE_STYLE_FILL_AREA(#16635);
#16635 = FILL_AREA_STYLE('',(#16636));
#16636 = FILL_AREA_STYLE_COLOUR('',#16446);
#16637 = STYLED_ITEM('color',(#16638),#12168);
#16638 = PRESENTATION_STYLE_ASSIGNMENT((#16639));
#16639 = SURFACE_STYLE_USAGE(.BOTH.,#16640);
#16640 = SURFACE_SIDE_STYLE('',(#16641));
#16641 = SURFACE_STYLE_FILL_AREA(#16642);
#16642 = FILL_AREA_STYLE('',(#16643));
#16643 = FILL_AREA_STYLE_COLOUR('',#16446);
#16644 = STYLED_ITEM('color',(#16645),#12180);
#16645 = PRESENTATION_STYLE_ASSIGNMENT((#16646));
#16646 = SURFACE_STYLE_USAGE(.BOTH.,#16647);
#16647 = SURFACE_SIDE_STYLE('',(#16648));
#16648 = SURFACE_STYLE_FILL_AREA(#16649);
#16649 = FILL_AREA_STYLE('',(#16650));
#16650 = FILL_AREA_STYLE_COLOUR('',#16594);
#16651 = STYLED_ITEM('color',(#16652),#12211);
#16652 = PRESENTATION_STYLE_ASSIGNMENT((#16653));
#16653 = SURFACE_STYLE_USAGE(.BOTH.,#16654);
#16654 = SURFACE_SIDE_STYLE('',(#16655));
#16655 = SURFACE_STYLE_FILL_AREA(#16656);
#16656 = FILL_AREA_STYLE('',(#16657));
#16657 = FILL_AREA_STYLE_COLOUR('',#16594);
#16658 = STYLED_ITEM('color',(#16659),#12235);
#16659 = PRESENTATION_STYLE_ASSIGNMENT((#16660));
#16660 = SURFACE_STYLE_USAGE(.BOTH.,#16661);
#16661 = SURFACE_SIDE_STYLE('',(#16662));
#16662 = SURFACE_STYLE_FILL_AREA(#16663);
#16663 = FILL_AREA_STYLE('',(#16664));
#16664 = FILL_AREA_STYLE_COLOUR('',#16594);
#16665 = STYLED_ITEM('color',(#16666),#12259);
#16666 = PRESENTATION_STYLE_ASSIGNMENT((#16667));
#16667 = SURFACE_STYLE_USAGE(.BOTH.,#16668);
#16668 = SURFACE_SIDE_STYLE('',(#16669));
#16669 = SURFACE_STYLE_FILL_AREA(#16670);
#16670 = FILL_AREA_STYLE('',(#16671));
#16671 = FILL_AREA_STYLE_COLOUR('',#16594);
#16672 = STYLED_ITEM('color',(#16673),#12276);
#16673 = PRESENTATION_STYLE_ASSIGNMENT((#16674));
#16674 = SURFACE_STYLE_USAGE(.BOTH.,#16675);
#16675 = SURFACE_SIDE_STYLE('',(#16676));
#16676 = SURFACE_STYLE_FILL_AREA(#16677);
#16677 = FILL_AREA_STYLE('',(#16678));
#16678 = FILL_AREA_STYLE_COLOUR('',#16446);
#16679 = STYLED_ITEM('color',(#16680),#12293);
#16680 = PRESENTATION_STYLE_ASSIGNMENT((#16681));
#16681 = SURFACE_STYLE_USAGE(.BOTH.,#16682);
#16682 = SURFACE_SIDE_STYLE('',(#16683));
#16683 = SURFACE_STYLE_FILL_AREA(#16684);
#16684 = FILL_AREA_STYLE('',(#16685));
#16685 = FILL_AREA_STYLE_COLOUR('',#16594);
#16686 = STYLED_ITEM('color',(#16687),#12324);
#16687 = PRESENTATION_STYLE_ASSIGNMENT((#16688));
#16688 = SURFACE_STYLE_USAGE(.BOTH.,#16689);
#16689 = SURFACE_SIDE_STYLE('',(#16690));
#16690 = SURFACE_STYLE_FILL_AREA(#16691);
#16691 = FILL_AREA_STYLE('',(#16692));
#16692 = FILL_AREA_STYLE_COLOUR('',#16594);
#16693 = STYLED_ITEM('color',(#16694),#12348);
#16694 = PRESENTATION_STYLE_ASSIGNMENT((#16695));
#16695 = SURFACE_STYLE_USAGE(.BOTH.,#16696);
#16696 = SURFACE_SIDE_STYLE('',(#16697));
#16697 = SURFACE_STYLE_FILL_AREA(#16698);
#16698 = FILL_AREA_STYLE('',(#16699));
#16699 = FILL_AREA_STYLE_COLOUR('',#16594);
#16700 = STYLED_ITEM('color',(#16701),#12372);
#16701 = PRESENTATION_STYLE_ASSIGNMENT((#16702));
#16702 = SURFACE_STYLE_USAGE(.BOTH.,#16703);
#16703 = SURFACE_SIDE_STYLE('',(#16704));
#16704 = SURFACE_STYLE_FILL_AREA(#16705);
#16705 = FILL_AREA_STYLE('',(#16706));
#16706 = FILL_AREA_STYLE_COLOUR('',#16594);
#16707 = STYLED_ITEM('color',(#16708),#12389);
#16708 = PRESENTATION_STYLE_ASSIGNMENT((#16709));
#16709 = SURFACE_STYLE_USAGE(.BOTH.,#16710);
#16710 = SURFACE_SIDE_STYLE('',(#16711));
#16711 = SURFACE_STYLE_FILL_AREA(#16712);
#16712 = FILL_AREA_STYLE('',(#16713));
#16713 = FILL_AREA_STYLE_COLOUR('',#16594);
#16714 = STYLED_ITEM('color',(#16715),#12420);
#16715 = PRESENTATION_STYLE_ASSIGNMENT((#16716));
#16716 = SURFACE_STYLE_USAGE(.BOTH.,#16717);
#16717 = SURFACE_SIDE_STYLE('',(#16718));
#16718 = SURFACE_STYLE_FILL_AREA(#16719);
#16719 = FILL_AREA_STYLE('',(#16720));
#16720 = FILL_AREA_STYLE_COLOUR('',#16594);
#16721 = STYLED_ITEM('color',(#16722),#12444);
#16722 = PRESENTATION_STYLE_ASSIGNMENT((#16723));
#16723 = SURFACE_STYLE_USAGE(.BOTH.,#16724);
#16724 = SURFACE_SIDE_STYLE('',(#16725));
#16725 = SURFACE_STYLE_FILL_AREA(#16726);
#16726 = FILL_AREA_STYLE('',(#16727));
#16727 = FILL_AREA_STYLE_COLOUR('',#16594);
#16728 = STYLED_ITEM('color',(#16729),#12468);
#16729 = PRESENTATION_STYLE_ASSIGNMENT((#16730));
#16730 = SURFACE_STYLE_USAGE(.BOTH.,#16731);
#16731 = SURFACE_SIDE_STYLE('',(#16732));
#16732 = SURFACE_STYLE_FILL_AREA(#16733);
#16733 = FILL_AREA_STYLE('',(#16734));
#16734 = FILL_AREA_STYLE_COLOUR('',#16594);
#16735 = STYLED_ITEM('color',(#16736),#12485);
#16736 = PRESENTATION_STYLE_ASSIGNMENT((#16737));
#16737 = SURFACE_STYLE_USAGE(.BOTH.,#16738);
#16738 = SURFACE_SIDE_STYLE('',(#16739));
#16739 = SURFACE_STYLE_FILL_AREA(#16740);
#16740 = FILL_AREA_STYLE('',(#16741));
#16741 = FILL_AREA_STYLE_COLOUR('',#16446);
#16742 = STYLED_ITEM('color',(#16743),#12502);
#16743 = PRESENTATION_STYLE_ASSIGNMENT((#16744));
#16744 = SURFACE_STYLE_USAGE(.BOTH.,#16745);
#16745 = SURFACE_SIDE_STYLE('',(#16746));
#16746 = SURFACE_STYLE_FILL_AREA(#16747);
#16747 = FILL_AREA_STYLE('',(#16748));
#16748 = FILL_AREA_STYLE_COLOUR('',#16446);
#16749 = STYLED_ITEM('color',(#16750),#12519);
#16750 = PRESENTATION_STYLE_ASSIGNMENT((#16751));
#16751 = SURFACE_STYLE_USAGE(.BOTH.,#16752);
#16752 = SURFACE_SIDE_STYLE('',(#16753));
#16753 = SURFACE_STYLE_FILL_AREA(#16754);
#16754 = FILL_AREA_STYLE('',(#16755));
#16755 = FILL_AREA_STYLE_COLOUR('',#16446);
#16756 = STYLED_ITEM('color',(#16757),#12531);
#16757 = PRESENTATION_STYLE_ASSIGNMENT((#16758));
#16758 = SURFACE_STYLE_USAGE(.BOTH.,#16759);
#16759 = SURFACE_SIDE_STYLE('',(#16760));
#16760 = SURFACE_STYLE_FILL_AREA(#16761);
#16761 = FILL_AREA_STYLE('',(#16762));
#16762 = FILL_AREA_STYLE_COLOUR('',#16594);
#16763 = STYLED_ITEM('color',(#16764),#12562);
#16764 = PRESENTATION_STYLE_ASSIGNMENT((#16765));
#16765 = SURFACE_STYLE_USAGE(.BOTH.,#16766);
#16766 = SURFACE_SIDE_STYLE('',(#16767));
#16767 = SURFACE_STYLE_FILL_AREA(#16768);
#16768 = FILL_AREA_STYLE('',(#16769));
#16769 = FILL_AREA_STYLE_COLOUR('',#16594);
#16770 = STYLED_ITEM('color',(#16771),#12586);
#16771 = PRESENTATION_STYLE_ASSIGNMENT((#16772));
#16772 = SURFACE_STYLE_USAGE(.BOTH.,#16773);
#16773 = SURFACE_SIDE_STYLE('',(#16774));
#16774 = SURFACE_STYLE_FILL_AREA(#16775);
#16775 = FILL_AREA_STYLE('',(#16776));
#16776 = FILL_AREA_STYLE_COLOUR('',#16594);
#16777 = STYLED_ITEM('color',(#16778),#12610);
#16778 = PRESENTATION_STYLE_ASSIGNMENT((#16779));
#16779 = SURFACE_STYLE_USAGE(.BOTH.,#16780);
#16780 = SURFACE_SIDE_STYLE('',(#16781));
#16781 = SURFACE_STYLE_FILL_AREA(#16782);
#16782 = FILL_AREA_STYLE('',(#16783));
#16783 = FILL_AREA_STYLE_COLOUR('',#16594);
#16784 = STYLED_ITEM('color',(#16785),#12627);
#16785 = PRESENTATION_STYLE_ASSIGNMENT((#16786));
#16786 = SURFACE_STYLE_USAGE(.BOTH.,#16787);
#16787 = SURFACE_SIDE_STYLE('',(#16788));
#16788 = SURFACE_STYLE_FILL_AREA(#16789);
#16789 = FILL_AREA_STYLE('',(#16790));
#16790 = FILL_AREA_STYLE_COLOUR('',#16594);
#16791 = STYLED_ITEM('color',(#16792),#12658);
#16792 = PRESENTATION_STYLE_ASSIGNMENT((#16793));
#16793 = SURFACE_STYLE_USAGE(.BOTH.,#16794);
#16794 = SURFACE_SIDE_STYLE('',(#16795));
#16795 = SURFACE_STYLE_FILL_AREA(#16796);
#16796 = FILL_AREA_STYLE('',(#16797));
#16797 = FILL_AREA_STYLE_COLOUR('',#16594);
#16798 = STYLED_ITEM('color',(#16799),#12682);
#16799 = PRESENTATION_STYLE_ASSIGNMENT((#16800));
#16800 = SURFACE_STYLE_USAGE(.BOTH.,#16801);
#16801 = SURFACE_SIDE_STYLE('',(#16802));
#16802 = SURFACE_STYLE_FILL_AREA(#16803);
#16803 = FILL_AREA_STYLE('',(#16804));
#16804 = FILL_AREA_STYLE_COLOUR('',#16594);
#16805 = STYLED_ITEM('color',(#16806),#12706);
#16806 = PRESENTATION_STYLE_ASSIGNMENT((#16807));
#16807 = SURFACE_STYLE_USAGE(.BOTH.,#16808);
#16808 = SURFACE_SIDE_STYLE('',(#16809));
#16809 = SURFACE_STYLE_FILL_AREA(#16810);
#16810 = FILL_AREA_STYLE('',(#16811));
#16811 = FILL_AREA_STYLE_COLOUR('',#16594);
#16812 = STYLED_ITEM('color',(#16813),#12723);
#16813 = PRESENTATION_STYLE_ASSIGNMENT((#16814));
#16814 = SURFACE_STYLE_USAGE(.BOTH.,#16815);
#16815 = SURFACE_SIDE_STYLE('',(#16816));
#16816 = SURFACE_STYLE_FILL_AREA(#16817);
#16817 = FILL_AREA_STYLE('',(#16818));
#16818 = FILL_AREA_STYLE_COLOUR('',#16594);
#16819 = STYLED_ITEM('color',(#16820),#12754);
#16820 = PRESENTATION_STYLE_ASSIGNMENT((#16821));
#16821 = SURFACE_STYLE_USAGE(.BOTH.,#16822);
#16822 = SURFACE_SIDE_STYLE('',(#16823));
#16823 = SURFACE_STYLE_FILL_AREA(#16824);
#16824 = FILL_AREA_STYLE('',(#16825));
#16825 = FILL_AREA_STYLE_COLOUR('',#16594);
#16826 = STYLED_ITEM('color',(#16827),#12778);
#16827 = PRESENTATION_STYLE_ASSIGNMENT((#16828));
#16828 = SURFACE_STYLE_USAGE(.BOTH.,#16829);
#16829 = SURFACE_SIDE_STYLE('',(#16830));
#16830 = SURFACE_STYLE_FILL_AREA(#16831);
#16831 = FILL_AREA_STYLE('',(#16832));
#16832 = FILL_AREA_STYLE_COLOUR('',#16594);
#16833 = STYLED_ITEM('color',(#16834),#12802);
#16834 = PRESENTATION_STYLE_ASSIGNMENT((#16835));
#16835 = SURFACE_STYLE_USAGE(.BOTH.,#16836);
#16836 = SURFACE_SIDE_STYLE('',(#16837));
#16837 = SURFACE_STYLE_FILL_AREA(#16838);
#16838 = FILL_AREA_STYLE('',(#16839));
#16839 = FILL_AREA_STYLE_COLOUR('',#16594);
#16840 = STYLED_ITEM('color',(#16841),#12819);
#16841 = PRESENTATION_STYLE_ASSIGNMENT((#16842));
#16842 = SURFACE_STYLE_USAGE(.BOTH.,#16843);
#16843 = SURFACE_SIDE_STYLE('',(#16844));
#16844 = SURFACE_STYLE_FILL_AREA(#16845);
#16845 = FILL_AREA_STYLE('',(#16846));
#16846 = FILL_AREA_STYLE_COLOUR('',#16594);
#16847 = STYLED_ITEM('color',(#16848),#12850);
#16848 = PRESENTATION_STYLE_ASSIGNMENT((#16849));
#16849 = SURFACE_STYLE_USAGE(.BOTH.,#16850);
#16850 = SURFACE_SIDE_STYLE('',(#16851));
#16851 = SURFACE_STYLE_FILL_AREA(#16852);
#16852 = FILL_AREA_STYLE('',(#16853));
#16853 = FILL_AREA_STYLE_COLOUR('',#16594);
#16854 = STYLED_ITEM('color',(#16855),#12874);
#16855 = PRESENTATION_STYLE_ASSIGNMENT((#16856));
#16856 = SURFACE_STYLE_USAGE(.BOTH.,#16857);
#16857 = SURFACE_SIDE_STYLE('',(#16858));
#16858 = SURFACE_STYLE_FILL_AREA(#16859);
#16859 = FILL_AREA_STYLE('',(#16860));
#16860 = FILL_AREA_STYLE_COLOUR('',#16594);
#16861 = STYLED_ITEM('color',(#16862),#12898);
#16862 = PRESENTATION_STYLE_ASSIGNMENT((#16863));
#16863 = SURFACE_STYLE_USAGE(.BOTH.,#16864);
#16864 = SURFACE_SIDE_STYLE('',(#16865));
#16865 = SURFACE_STYLE_FILL_AREA(#16866);
#16866 = FILL_AREA_STYLE('',(#16867));
#16867 = FILL_AREA_STYLE_COLOUR('',#16594);
#16868 = STYLED_ITEM('color',(#16869),#12915);
#16869 = PRESENTATION_STYLE_ASSIGNMENT((#16870));
#16870 = SURFACE_STYLE_USAGE(.BOTH.,#16871);
#16871 = SURFACE_SIDE_STYLE('',(#16872));
#16872 = SURFACE_STYLE_FILL_AREA(#16873);
#16873 = FILL_AREA_STYLE('',(#16874));
#16874 = FILL_AREA_STYLE_COLOUR('',#16594);
#16875 = STYLED_ITEM('color',(#16876),#12927);
#16876 = PRESENTATION_STYLE_ASSIGNMENT((#16877));
#16877 = SURFACE_STYLE_USAGE(.BOTH.,#16878);
#16878 = SURFACE_SIDE_STYLE('',(#16879));
#16879 = SURFACE_STYLE_FILL_AREA(#16880);
#16880 = FILL_AREA_STYLE('',(#16881));
#16881 = FILL_AREA_STYLE_COLOUR('',#16594);
#16882 = STYLED_ITEM('color',(#16883),#12939);
#16883 = PRESENTATION_STYLE_ASSIGNMENT((#16884));
#16884 = SURFACE_STYLE_USAGE(.BOTH.,#16885);
#16885 = SURFACE_SIDE_STYLE('',(#16886));
#16886 = SURFACE_STYLE_FILL_AREA(#16887);
#16887 = FILL_AREA_STYLE('',(#16888));
#16888 = FILL_AREA_STYLE_COLOUR('',#16594);
#16889 = STYLED_ITEM('color',(#16890),#12951);
#16890 = PRESENTATION_STYLE_ASSIGNMENT((#16891));
#16891 = SURFACE_STYLE_USAGE(.BOTH.,#16892);
#16892 = SURFACE_SIDE_STYLE('',(#16893));
#16893 = SURFACE_STYLE_FILL_AREA(#16894);
#16894 = FILL_AREA_STYLE('',(#16895));
#16895 = FILL_AREA_STYLE_COLOUR('',#16594);
#16896 = MECHANICAL_DESIGN_GEOMETRIC_PRESENTATION_REPRESENTATION('',(
    #16897,#16907,#16916,#16925,#16934,#16943,#16952,#16961,#16970,
    #16979,#16988,#16997,#17006,#17015,#17024,#17033,#17042,#17051,
    #17060,#17069,#17078,#17087,#17096,#17105,#17114,#17123,#17132,
    #17141,#17150,#17159,#17168,#17177,#17186,#17195,#17204,#17213,
    #17222,#17231,#17240,#17249,#17258,#17267,#17276,#17285,#17294,
    #17303,#17312,#17321,#17330,#17339,#17348,#17357,#17366,#17375,
    #17384,#17393,#17402,#17411,#17420,#17429,#17438,#17447,#17456,
    #17465,#17474,#17483,#17492,#17501,#17510),#11042);
#16897 = STYLED_ITEM('color',(#16898),#9062);
#16898 = PRESENTATION_STYLE_ASSIGNMENT((#16899,#16905));
#16899 = SURFACE_STYLE_USAGE(.BOTH.,#16900);
#16900 = SURFACE_SIDE_STYLE('',(#16901));
#16901 = SURFACE_STYLE_FILL_AREA(#16902);
#16902 = FILL_AREA_STYLE('',(#16903));
#16903 = FILL_AREA_STYLE_COLOUR('',#16904);
#16904 = COLOUR_RGB('',0.147999998088,0.145000001626,0.145000001626);
#16905 = CURVE_STYLE('',#16906,POSITIVE_LENGTH_MEASURE(0.1),#16904);
#16906 = DRAUGHTING_PRE_DEFINED_CURVE_FONT('continuous');
#16907 = STYLED_ITEM('color',(#16908),#9100);
#16908 = PRESENTATION_STYLE_ASSIGNMENT((#16909,#16914));
#16909 = SURFACE_STYLE_USAGE(.BOTH.,#16910);
#16910 = SURFACE_SIDE_STYLE('',(#16911));
#16911 = SURFACE_STYLE_FILL_AREA(#16912);
#16912 = FILL_AREA_STYLE('',(#16913));
#16913 = FILL_AREA_STYLE_COLOUR('',#16904);
#16914 = CURVE_STYLE('',#16915,POSITIVE_LENGTH_MEASURE(0.1),#16904);
#16915 = DRAUGHTING_PRE_DEFINED_CURVE_FONT('continuous');
#16916 = STYLED_ITEM('color',(#16917),#9163);
#16917 = PRESENTATION_STYLE_ASSIGNMENT((#16918,#16923));
#16918 = SURFACE_STYLE_USAGE(.BOTH.,#16919);
#16919 = SURFACE_SIDE_STYLE('',(#16920));
#16920 = SURFACE_STYLE_FILL_AREA(#16921);
#16921 = FILL_AREA_STYLE('',(#16922));
#16922 = FILL_AREA_STYLE_COLOUR('',#16904);
#16923 = CURVE_STYLE('',#16924,POSITIVE_LENGTH_MEASURE(0.1),#16904);
#16924 = DRAUGHTING_PRE_DEFINED_CURVE_FONT('continuous');
#16925 = STYLED_ITEM('color',(#16926),#9186);
#16926 = PRESENTATION_STYLE_ASSIGNMENT((#16927,#16932));
#16927 = SURFACE_STYLE_USAGE(.BOTH.,#16928);
#16928 = SURFACE_SIDE_STYLE('',(#16929));
#16929 = SURFACE_STYLE_FILL_AREA(#16930);
#16930 = FILL_AREA_STYLE('',(#16931));
#16931 = FILL_AREA_STYLE_COLOUR('',#16904);
#16932 = CURVE_STYLE('',#16933,POSITIVE_LENGTH_MEASURE(0.1),#16904);
#16933 = DRAUGHTING_PRE_DEFINED_CURVE_FONT('continuous');
#16934 = STYLED_ITEM('color',(#16935),#9215);
#16935 = PRESENTATION_STYLE_ASSIGNMENT((#16936,#16941));
#16936 = SURFACE_STYLE_USAGE(.BOTH.,#16937);
#16937 = SURFACE_SIDE_STYLE('',(#16938));
#16938 = SURFACE_STYLE_FILL_AREA(#16939);
#16939 = FILL_AREA_STYLE('',(#16940));
#16940 = FILL_AREA_STYLE_COLOUR('',#16904);
#16941 = CURVE_STYLE('',#16942,POSITIVE_LENGTH_MEASURE(0.1),#16904);
#16942 = DRAUGHTING_PRE_DEFINED_CURVE_FONT('continuous');
#16943 = STYLED_ITEM('color',(#16944),#9238);
#16944 = PRESENTATION_STYLE_ASSIGNMENT((#16945,#16950));
#16945 = SURFACE_STYLE_USAGE(.BOTH.,#16946);
#16946 = SURFACE_SIDE_STYLE('',(#16947));
#16947 = SURFACE_STYLE_FILL_AREA(#16948);
#16948 = FILL_AREA_STYLE('',(#16949));
#16949 = FILL_AREA_STYLE_COLOUR('',#16904);
#16950 = CURVE_STYLE('',#16951,POSITIVE_LENGTH_MEASURE(0.1),#16904);
#16951 = DRAUGHTING_PRE_DEFINED_CURVE_FONT('continuous');
#16952 = STYLED_ITEM('color',(#16953),#9293);
#16953 = PRESENTATION_STYLE_ASSIGNMENT((#16954,#16959));
#16954 = SURFACE_STYLE_USAGE(.BOTH.,#16955);
#16955 = SURFACE_SIDE_STYLE('',(#16956));
#16956 = SURFACE_STYLE_FILL_AREA(#16957);
#16957 = FILL_AREA_STYLE('',(#16958));
#16958 = FILL_AREA_STYLE_COLOUR('',#16904);
#16959 = CURVE_STYLE('',#16960,POSITIVE_LENGTH_MEASURE(0.1),#16904);
#16960 = DRAUGHTING_PRE_DEFINED_CURVE_FONT('continuous');
#16961 = STYLED_ITEM('color',(#16962),#9332);
#16962 = PRESENTATION_STYLE_ASSIGNMENT((#16963,#16968));
#16963 = SURFACE_STYLE_USAGE(.BOTH.,#16964);
#16964 = SURFACE_SIDE_STYLE('',(#16965));
#16965 = SURFACE_STYLE_FILL_AREA(#16966);
#16966 = FILL_AREA_STYLE('',(#16967));
#16967 = FILL_AREA_STYLE_COLOUR('',#16904);
#16968 = CURVE_STYLE('',#16969,POSITIVE_LENGTH_MEASURE(0.1),#16904);
#16969 = DRAUGHTING_PRE_DEFINED_CURVE_FONT('continuous');
#16970 = STYLED_ITEM('color',(#16971),#9355);
#16971 = PRESENTATION_STYLE_ASSIGNMENT((#16972,#16977));
#16972 = SURFACE_STYLE_USAGE(.BOTH.,#16973);
#16973 = SURFACE_SIDE_STYLE('',(#16974));
#16974 = SURFACE_STYLE_FILL_AREA(#16975);
#16975 = FILL_AREA_STYLE('',(#16976));
#16976 = FILL_AREA_STYLE_COLOUR('',#16904);
#16977 = CURVE_STYLE('',#16978,POSITIVE_LENGTH_MEASURE(0.1),#16904);
#16978 = DRAUGHTING_PRE_DEFINED_CURVE_FONT('continuous');
#16979 = STYLED_ITEM('color',(#16980),#9378);
#16980 = PRESENTATION_STYLE_ASSIGNMENT((#16981,#16986));
#16981 = SURFACE_STYLE_USAGE(.BOTH.,#16982);
#16982 = SURFACE_SIDE_STYLE('',(#16983));
#16983 = SURFACE_STYLE_FILL_AREA(#16984);
#16984 = FILL_AREA_STYLE('',(#16985));
#16985 = FILL_AREA_STYLE_COLOUR('',#16904);
#16986 = CURVE_STYLE('',#16987,POSITIVE_LENGTH_MEASURE(0.1),#16904);
#16987 = DRAUGHTING_PRE_DEFINED_CURVE_FONT('continuous');
#16988 = STYLED_ITEM('color',(#16989),#9395);
#16989 = PRESENTATION_STYLE_ASSIGNMENT((#16990,#16995));
#16990 = SURFACE_STYLE_USAGE(.BOTH.,#16991);
#16991 = SURFACE_SIDE_STYLE('',(#16992));
#16992 = SURFACE_STYLE_FILL_AREA(#16993);
#16993 = FILL_AREA_STYLE('',(#16994));
#16994 = FILL_AREA_STYLE_COLOUR('',#16904);
#16995 = CURVE_STYLE('',#16996,POSITIVE_LENGTH_MEASURE(0.1),#16904);
#16996 = DRAUGHTING_PRE_DEFINED_CURVE_FONT('continuous');
#16997 = STYLED_ITEM('color',(#16998),#9418);
#16998 = PRESENTATION_STYLE_ASSIGNMENT((#16999,#17004));
#16999 = SURFACE_STYLE_USAGE(.BOTH.,#17000);
#17000 = SURFACE_SIDE_STYLE('',(#17001));
#17001 = SURFACE_STYLE_FILL_AREA(#17002);
#17002 = FILL_AREA_STYLE('',(#17003));
#17003 = FILL_AREA_STYLE_COLOUR('',#16904);
#17004 = CURVE_STYLE('',#17005,POSITIVE_LENGTH_MEASURE(0.1),#16904);
#17005 = DRAUGHTING_PRE_DEFINED_CURVE_FONT('continuous');
#17006 = STYLED_ITEM('color',(#17007),#9506);
#17007 = PRESENTATION_STYLE_ASSIGNMENT((#17008,#17013));
#17008 = SURFACE_STYLE_USAGE(.BOTH.,#17009);
#17009 = SURFACE_SIDE_STYLE('',(#17010));
#17010 = SURFACE_STYLE_FILL_AREA(#17011);
#17011 = FILL_AREA_STYLE('',(#17012));
#17012 = FILL_AREA_STYLE_COLOUR('',#16904);
#17013 = CURVE_STYLE('',#17014,POSITIVE_LENGTH_MEASURE(0.1),#16904);
#17014 = DRAUGHTING_PRE_DEFINED_CURVE_FONT('continuous');
#17015 = STYLED_ITEM('color',(#17016),#9522);
#17016 = PRESENTATION_STYLE_ASSIGNMENT((#17017,#17022));
#17017 = SURFACE_STYLE_USAGE(.BOTH.,#17018);
#17018 = SURFACE_SIDE_STYLE('',(#17019));
#17019 = SURFACE_STYLE_FILL_AREA(#17020);
#17020 = FILL_AREA_STYLE('',(#17021));
#17021 = FILL_AREA_STYLE_COLOUR('',#16904);
#17022 = CURVE_STYLE('',#17023,POSITIVE_LENGTH_MEASURE(0.1),#16904);
#17023 = DRAUGHTING_PRE_DEFINED_CURVE_FONT('continuous');
#17024 = STYLED_ITEM('color',(#17025),#9552);
#17025 = PRESENTATION_STYLE_ASSIGNMENT((#17026,#17031));
#17026 = SURFACE_STYLE_USAGE(.BOTH.,#17027);
#17027 = SURFACE_SIDE_STYLE('',(#17028));
#17028 = SURFACE_STYLE_FILL_AREA(#17029);
#17029 = FILL_AREA_STYLE('',(#17030));
#17030 = FILL_AREA_STYLE_COLOUR('',#15309);
#17031 = CURVE_STYLE('',#17032,POSITIVE_LENGTH_MEASURE(0.1),#15309);
#17032 = DRAUGHTING_PRE_DEFINED_CURVE_FONT('continuous');
#17033 = STYLED_ITEM('color',(#17034),#9585);
#17034 = PRESENTATION_STYLE_ASSIGNMENT((#17035,#17040));
#17035 = SURFACE_STYLE_USAGE(.BOTH.,#17036);
#17036 = SURFACE_SIDE_STYLE('',(#17037));
#17037 = SURFACE_STYLE_FILL_AREA(#17038);
#17038 = FILL_AREA_STYLE('',(#17039));
#17039 = FILL_AREA_STYLE_COLOUR('',#16904);
#17040 = CURVE_STYLE('',#17041,POSITIVE_LENGTH_MEASURE(0.1),#16904);
#17041 = DRAUGHTING_PRE_DEFINED_CURVE_FONT('continuous');
#17042 = STYLED_ITEM('color',(#17043),#9616);
#17043 = PRESENTATION_STYLE_ASSIGNMENT((#17044,#17049));
#17044 = SURFACE_STYLE_USAGE(.BOTH.,#17045);
#17045 = SURFACE_SIDE_STYLE('',(#17046));
#17046 = SURFACE_STYLE_FILL_AREA(#17047);
#17047 = FILL_AREA_STYLE('',(#17048));
#17048 = FILL_AREA_STYLE_COLOUR('',#15309);
#17049 = CURVE_STYLE('',#17050,POSITIVE_LENGTH_MEASURE(0.1),#15309);
#17050 = DRAUGHTING_PRE_DEFINED_CURVE_FONT('continuous');
#17051 = STYLED_ITEM('color',(#17052),#9649);
#17052 = PRESENTATION_STYLE_ASSIGNMENT((#17053,#17058));
#17053 = SURFACE_STYLE_USAGE(.BOTH.,#17054);
#17054 = SURFACE_SIDE_STYLE('',(#17055));
#17055 = SURFACE_STYLE_FILL_AREA(#17056);
#17056 = FILL_AREA_STYLE('',(#17057));
#17057 = FILL_AREA_STYLE_COLOUR('',#16904);
#17058 = CURVE_STYLE('',#17059,POSITIVE_LENGTH_MEASURE(0.1),#16904);
#17059 = DRAUGHTING_PRE_DEFINED_CURVE_FONT('continuous');
#17060 = STYLED_ITEM('color',(#17061),#9666);
#17061 = PRESENTATION_STYLE_ASSIGNMENT((#17062,#17067));
#17062 = SURFACE_STYLE_USAGE(.BOTH.,#17063);
#17063 = SURFACE_SIDE_STYLE('',(#17064));
#17064 = SURFACE_STYLE_FILL_AREA(#17065);
#17065 = FILL_AREA_STYLE('',(#17066));
#17066 = FILL_AREA_STYLE_COLOUR('',#16904);
#17067 = CURVE_STYLE('',#17068,POSITIVE_LENGTH_MEASURE(0.1),#16904);
#17068 = DRAUGHTING_PRE_DEFINED_CURVE_FONT('continuous');
#17069 = STYLED_ITEM('color',(#17070),#9683);
#17070 = PRESENTATION_STYLE_ASSIGNMENT((#17071,#17076));
#17071 = SURFACE_STYLE_USAGE(.BOTH.,#17072);
#17072 = SURFACE_SIDE_STYLE('',(#17073));
#17073 = SURFACE_STYLE_FILL_AREA(#17074);
#17074 = FILL_AREA_STYLE('',(#17075));
#17075 = FILL_AREA_STYLE_COLOUR('',#15309);
#17076 = CURVE_STYLE('',#17077,POSITIVE_LENGTH_MEASURE(0.1),#15309);
#17077 = DRAUGHTING_PRE_DEFINED_CURVE_FONT('continuous');
#17078 = STYLED_ITEM('color',(#17079),#9716);
#17079 = PRESENTATION_STYLE_ASSIGNMENT((#17080,#17085));
#17080 = SURFACE_STYLE_USAGE(.BOTH.,#17081);
#17081 = SURFACE_SIDE_STYLE('',(#17082));
#17082 = SURFACE_STYLE_FILL_AREA(#17083);
#17083 = FILL_AREA_STYLE('',(#17084));
#17084 = FILL_AREA_STYLE_COLOUR('',#16904);
#17085 = CURVE_STYLE('',#17086,POSITIVE_LENGTH_MEASURE(0.1),#16904);
#17086 = DRAUGHTING_PRE_DEFINED_CURVE_FONT('continuous');
#17087 = STYLED_ITEM('color',(#17088),#9746);
#17088 = PRESENTATION_STYLE_ASSIGNMENT((#17089,#17094));
#17089 = SURFACE_STYLE_USAGE(.BOTH.,#17090);
#17090 = SURFACE_SIDE_STYLE('',(#17091));
#17091 = SURFACE_STYLE_FILL_AREA(#17092);
#17092 = FILL_AREA_STYLE('',(#17093));
#17093 = FILL_AREA_STYLE_COLOUR('',#16904);
#17094 = CURVE_STYLE('',#17095,POSITIVE_LENGTH_MEASURE(0.1),#16904);
#17095 = DRAUGHTING_PRE_DEFINED_CURVE_FONT('continuous');
#17096 = STYLED_ITEM('color',(#17097),#9769);
#17097 = PRESENTATION_STYLE_ASSIGNMENT((#17098,#17103));
#17098 = SURFACE_STYLE_USAGE(.BOTH.,#17099);
#17099 = SURFACE_SIDE_STYLE('',(#17100));
#17100 = SURFACE_STYLE_FILL_AREA(#17101);
#17101 = FILL_AREA_STYLE('',(#17102));
#17102 = FILL_AREA_STYLE_COLOUR('',#16904);
#17103 = CURVE_STYLE('',#17104,POSITIVE_LENGTH_MEASURE(0.1),#16904);
#17104 = DRAUGHTING_PRE_DEFINED_CURVE_FONT('continuous');
#17105 = STYLED_ITEM('color',(#17106),#9792);
#17106 = PRESENTATION_STYLE_ASSIGNMENT((#17107,#17112));
#17107 = SURFACE_STYLE_USAGE(.BOTH.,#17108);
#17108 = SURFACE_SIDE_STYLE('',(#17109));
#17109 = SURFACE_STYLE_FILL_AREA(#17110);
#17110 = FILL_AREA_STYLE('',(#17111));
#17111 = FILL_AREA_STYLE_COLOUR('',#16904);
#17112 = CURVE_STYLE('',#17113,POSITIVE_LENGTH_MEASURE(0.1),#16904);
#17113 = DRAUGHTING_PRE_DEFINED_CURVE_FONT('continuous');
#17114 = STYLED_ITEM('color',(#17115),#9809);
#17115 = PRESENTATION_STYLE_ASSIGNMENT((#17116,#17121));
#17116 = SURFACE_STYLE_USAGE(.BOTH.,#17117);
#17117 = SURFACE_SIDE_STYLE('',(#17118));
#17118 = SURFACE_STYLE_FILL_AREA(#17119);
#17119 = FILL_AREA_STYLE('',(#17120));
#17120 = FILL_AREA_STYLE_COLOUR('',#15309);
#17121 = CURVE_STYLE('',#17122,POSITIVE_LENGTH_MEASURE(0.1),#15309);
#17122 = DRAUGHTING_PRE_DEFINED_CURVE_FONT('continuous');
#17123 = STYLED_ITEM('color',(#17124),#9838);
#17124 = PRESENTATION_STYLE_ASSIGNMENT((#17125,#17130));
#17125 = SURFACE_STYLE_USAGE(.BOTH.,#17126);
#17126 = SURFACE_SIDE_STYLE('',(#17127));
#17127 = SURFACE_STYLE_FILL_AREA(#17128);
#17128 = FILL_AREA_STYLE('',(#17129));
#17129 = FILL_AREA_STYLE_COLOUR('',#16904);
#17130 = CURVE_STYLE('',#17131,POSITIVE_LENGTH_MEASURE(0.1),#16904);
#17131 = DRAUGHTING_PRE_DEFINED_CURVE_FONT('continuous');
#17132 = STYLED_ITEM('color',(#17133),#9892);
#17133 = PRESENTATION_STYLE_ASSIGNMENT((#17134,#17139));
#17134 = SURFACE_STYLE_USAGE(.BOTH.,#17135);
#17135 = SURFACE_SIDE_STYLE('',(#17136));
#17136 = SURFACE_STYLE_FILL_AREA(#17137);
#17137 = FILL_AREA_STYLE('',(#17138));
#17138 = FILL_AREA_STYLE_COLOUR('',#16904);
#17139 = CURVE_STYLE('',#17140,POSITIVE_LENGTH_MEASURE(0.1),#16904);
#17140 = DRAUGHTING_PRE_DEFINED_CURVE_FONT('continuous');
#17141 = STYLED_ITEM('color',(#17142),#9915);
#17142 = PRESENTATION_STYLE_ASSIGNMENT((#17143,#17148));
#17143 = SURFACE_STYLE_USAGE(.BOTH.,#17144);
#17144 = SURFACE_SIDE_STYLE('',(#17145));
#17145 = SURFACE_STYLE_FILL_AREA(#17146);
#17146 = FILL_AREA_STYLE('',(#17147));
#17147 = FILL_AREA_STYLE_COLOUR('',#16904);
#17148 = CURVE_STYLE('',#17149,POSITIVE_LENGTH_MEASURE(0.1),#16904);
#17149 = DRAUGHTING_PRE_DEFINED_CURVE_FONT('continuous');
#17150 = STYLED_ITEM('color',(#17151),#9938);
#17151 = PRESENTATION_STYLE_ASSIGNMENT((#17152,#17157));
#17152 = SURFACE_STYLE_USAGE(.BOTH.,#17153);
#17153 = SURFACE_SIDE_STYLE('',(#17154));
#17154 = SURFACE_STYLE_FILL_AREA(#17155);
#17155 = FILL_AREA_STYLE('',(#17156));
#17156 = FILL_AREA_STYLE_COLOUR('',#16904);
#17157 = CURVE_STYLE('',#17158,POSITIVE_LENGTH_MEASURE(0.1),#16904);
#17158 = DRAUGHTING_PRE_DEFINED_CURVE_FONT('continuous');
#17159 = STYLED_ITEM('color',(#17160),#9961);
#17160 = PRESENTATION_STYLE_ASSIGNMENT((#17161,#17166));
#17161 = SURFACE_STYLE_USAGE(.BOTH.,#17162);
#17162 = SURFACE_SIDE_STYLE('',(#17163));
#17163 = SURFACE_STYLE_FILL_AREA(#17164);
#17164 = FILL_AREA_STYLE('',(#17165));
#17165 = FILL_AREA_STYLE_COLOUR('',#16904);
#17166 = CURVE_STYLE('',#17167,POSITIVE_LENGTH_MEASURE(0.1),#16904);
#17167 = DRAUGHTING_PRE_DEFINED_CURVE_FONT('continuous');
#17168 = STYLED_ITEM('color',(#17169),#10000);
#17169 = PRESENTATION_STYLE_ASSIGNMENT((#17170,#17175));
#17170 = SURFACE_STYLE_USAGE(.BOTH.,#17171);
#17171 = SURFACE_SIDE_STYLE('',(#17172));
#17172 = SURFACE_STYLE_FILL_AREA(#17173);
#17173 = FILL_AREA_STYLE('',(#17174));
#17174 = FILL_AREA_STYLE_COLOUR('',#15309);
#17175 = CURVE_STYLE('',#17176,POSITIVE_LENGTH_MEASURE(0.1),#15309);
#17176 = DRAUGHTING_PRE_DEFINED_CURVE_FONT('continuous');
#17177 = STYLED_ITEM('color',(#17178),#10022);
#17178 = PRESENTATION_STYLE_ASSIGNMENT((#17179,#17184));
#17179 = SURFACE_STYLE_USAGE(.BOTH.,#17180);
#17180 = SURFACE_SIDE_STYLE('',(#17181));
#17181 = SURFACE_STYLE_FILL_AREA(#17182);
#17182 = FILL_AREA_STYLE('',(#17183));
#17183 = FILL_AREA_STYLE_COLOUR('',#16904);
#17184 = CURVE_STYLE('',#17185,POSITIVE_LENGTH_MEASURE(0.1),#16904);
#17185 = DRAUGHTING_PRE_DEFINED_CURVE_FONT('continuous');
#17186 = STYLED_ITEM('color',(#17187),#10066);
#17187 = PRESENTATION_STYLE_ASSIGNMENT((#17188,#17193));
#17188 = SURFACE_STYLE_USAGE(.BOTH.,#17189);
#17189 = SURFACE_SIDE_STYLE('',(#17190));
#17190 = SURFACE_STYLE_FILL_AREA(#17191);
#17191 = FILL_AREA_STYLE('',(#17192));
#17192 = FILL_AREA_STYLE_COLOUR('',#15309);
#17193 = CURVE_STYLE('',#17194,POSITIVE_LENGTH_MEASURE(0.1),#15309);
#17194 = DRAUGHTING_PRE_DEFINED_CURVE_FONT('continuous');
#17195 = STYLED_ITEM('color',(#17196),#10141);
#17196 = PRESENTATION_STYLE_ASSIGNMENT((#17197,#17202));
#17197 = SURFACE_STYLE_USAGE(.BOTH.,#17198);
#17198 = SURFACE_SIDE_STYLE('',(#17199));
#17199 = SURFACE_STYLE_FILL_AREA(#17200);
#17200 = FILL_AREA_STYLE('',(#17201));
#17201 = FILL_AREA_STYLE_COLOUR('',#15309);
#17202 = CURVE_STYLE('',#17203,POSITIVE_LENGTH_MEASURE(0.1),#15309);
#17203 = DRAUGHTING_PRE_DEFINED_CURVE_FONT('continuous');
#17204 = STYLED_ITEM('color',(#17205),#10165);
#17205 = PRESENTATION_STYLE_ASSIGNMENT((#17206,#17211));
#17206 = SURFACE_STYLE_USAGE(.BOTH.,#17207);
#17207 = SURFACE_SIDE_STYLE('',(#17208));
#17208 = SURFACE_STYLE_FILL_AREA(#17209);
#17209 = FILL_AREA_STYLE('',(#17210));
#17210 = FILL_AREA_STYLE_COLOUR('',#15309);
#17211 = CURVE_STYLE('',#17212,POSITIVE_LENGTH_MEASURE(0.1),#15309);
#17212 = DRAUGHTING_PRE_DEFINED_CURVE_FONT('continuous');
#17213 = STYLED_ITEM('color',(#17214),#10233);
#17214 = PRESENTATION_STYLE_ASSIGNMENT((#17215,#17220));
#17215 = SURFACE_STYLE_USAGE(.BOTH.,#17216);
#17216 = SURFACE_SIDE_STYLE('',(#17217));
#17217 = SURFACE_STYLE_FILL_AREA(#17218);
#17218 = FILL_AREA_STYLE('',(#17219));
#17219 = FILL_AREA_STYLE_COLOUR('',#16904);
#17220 = CURVE_STYLE('',#17221,POSITIVE_LENGTH_MEASURE(0.1),#16904);
#17221 = DRAUGHTING_PRE_DEFINED_CURVE_FONT('continuous');
#17222 = STYLED_ITEM('color',(#17223),#10250);
#17223 = PRESENTATION_STYLE_ASSIGNMENT((#17224,#17229));
#17224 = SURFACE_STYLE_USAGE(.BOTH.,#17225);
#17225 = SURFACE_SIDE_STYLE('',(#17226));
#17226 = SURFACE_STYLE_FILL_AREA(#17227);
#17227 = FILL_AREA_STYLE('',(#17228));
#17228 = FILL_AREA_STYLE_COLOUR('',#15309);
#17229 = CURVE_STYLE('',#17230,POSITIVE_LENGTH_MEASURE(0.1),#15309);
#17230 = DRAUGHTING_PRE_DEFINED_CURVE_FONT('continuous');
#17231 = STYLED_ITEM('color',(#17232),#10325);
#17232 = PRESENTATION_STYLE_ASSIGNMENT((#17233,#17238));
#17233 = SURFACE_STYLE_USAGE(.BOTH.,#17234);
#17234 = SURFACE_SIDE_STYLE('',(#17235));
#17235 = SURFACE_STYLE_FILL_AREA(#17236);
#17236 = FILL_AREA_STYLE('',(#17237));
#17237 = FILL_AREA_STYLE_COLOUR('',#15309);
#17238 = CURVE_STYLE('',#17239,POSITIVE_LENGTH_MEASURE(0.1),#15309);
#17239 = DRAUGHTING_PRE_DEFINED_CURVE_FONT('continuous');
#17240 = STYLED_ITEM('color',(#17241),#10349);
#17241 = PRESENTATION_STYLE_ASSIGNMENT((#17242,#17247));
#17242 = SURFACE_STYLE_USAGE(.BOTH.,#17243);
#17243 = SURFACE_SIDE_STYLE('',(#17244));
#17244 = SURFACE_STYLE_FILL_AREA(#17245);
#17245 = FILL_AREA_STYLE('',(#17246));
#17246 = FILL_AREA_STYLE_COLOUR('',#15309);
#17247 = CURVE_STYLE('',#17248,POSITIVE_LENGTH_MEASURE(0.1),#15309);
#17248 = DRAUGHTING_PRE_DEFINED_CURVE_FONT('continuous');
#17249 = STYLED_ITEM('color',(#17250),#10417);
#17250 = PRESENTATION_STYLE_ASSIGNMENT((#17251,#17256));
#17251 = SURFACE_STYLE_USAGE(.BOTH.,#17252);
#17252 = SURFACE_SIDE_STYLE('',(#17253));
#17253 = SURFACE_STYLE_FILL_AREA(#17254);
#17254 = FILL_AREA_STYLE('',(#17255));
#17255 = FILL_AREA_STYLE_COLOUR('',#15309);
#17256 = CURVE_STYLE('',#17257,POSITIVE_LENGTH_MEASURE(0.1),#15309);
#17257 = DRAUGHTING_PRE_DEFINED_CURVE_FONT('continuous');
#17258 = STYLED_ITEM('color',(#17259),#10492);
#17259 = PRESENTATION_STYLE_ASSIGNMENT((#17260,#17265));
#17260 = SURFACE_STYLE_USAGE(.BOTH.,#17261);
#17261 = SURFACE_SIDE_STYLE('',(#17262));
#17262 = SURFACE_STYLE_FILL_AREA(#17263);
#17263 = FILL_AREA_STYLE('',(#17264));
#17264 = FILL_AREA_STYLE_COLOUR('',#15309);
#17265 = CURVE_STYLE('',#17266,POSITIVE_LENGTH_MEASURE(0.1),#15309);
#17266 = DRAUGHTING_PRE_DEFINED_CURVE_FONT('continuous');
#17267 = STYLED_ITEM('color',(#17268),#10516);
#17268 = PRESENTATION_STYLE_ASSIGNMENT((#17269,#17274));
#17269 = SURFACE_STYLE_USAGE(.BOTH.,#17270);
#17270 = SURFACE_SIDE_STYLE('',(#17271));
#17271 = SURFACE_STYLE_FILL_AREA(#17272);
#17272 = FILL_AREA_STYLE('',(#17273));
#17273 = FILL_AREA_STYLE_COLOUR('',#15309);
#17274 = CURVE_STYLE('',#17275,POSITIVE_LENGTH_MEASURE(0.1),#15309);
#17275 = DRAUGHTING_PRE_DEFINED_CURVE_FONT('continuous');
#17276 = STYLED_ITEM('color',(#17277),#10584);
#17277 = PRESENTATION_STYLE_ASSIGNMENT((#17278,#17283));
#17278 = SURFACE_STYLE_USAGE(.BOTH.,#17279);
#17279 = SURFACE_SIDE_STYLE('',(#17280));
#17280 = SURFACE_STYLE_FILL_AREA(#17281);
#17281 = FILL_AREA_STYLE('',(#17282));
#17282 = FILL_AREA_STYLE_COLOUR('',#15309);
#17283 = CURVE_STYLE('',#17284,POSITIVE_LENGTH_MEASURE(0.1),#15309);
#17284 = DRAUGHTING_PRE_DEFINED_CURVE_FONT('continuous');
#17285 = STYLED_ITEM('color',(#17286),#10601);
#17286 = PRESENTATION_STYLE_ASSIGNMENT((#17287,#17292));
#17287 = SURFACE_STYLE_USAGE(.BOTH.,#17288);
#17288 = SURFACE_SIDE_STYLE('',(#17289));
#17289 = SURFACE_STYLE_FILL_AREA(#17290);
#17290 = FILL_AREA_STYLE('',(#17291));
#17291 = FILL_AREA_STYLE_COLOUR('',#15309);
#17292 = CURVE_STYLE('',#17293,POSITIVE_LENGTH_MEASURE(0.1),#15309);
#17293 = DRAUGHTING_PRE_DEFINED_CURVE_FONT('continuous');
#17294 = STYLED_ITEM('color',(#17295),#10618);
#17295 = PRESENTATION_STYLE_ASSIGNMENT((#17296,#17301));
#17296 = SURFACE_STYLE_USAGE(.BOTH.,#17297);
#17297 = SURFACE_SIDE_STYLE('',(#17298));
#17298 = SURFACE_STYLE_FILL_AREA(#17299);
#17299 = FILL_AREA_STYLE('',(#17300));
#17300 = FILL_AREA_STYLE_COLOUR('',#16904);
#17301 = CURVE_STYLE('',#17302,POSITIVE_LENGTH_MEASURE(0.1),#16904);
#17302 = DRAUGHTING_PRE_DEFINED_CURVE_FONT('continuous');
#17303 = STYLED_ITEM('color',(#17304),#10664);
#17304 = PRESENTATION_STYLE_ASSIGNMENT((#17305,#17310));
#17305 = SURFACE_STYLE_USAGE(.BOTH.,#17306);
#17306 = SURFACE_SIDE_STYLE('',(#17307));
#17307 = SURFACE_STYLE_FILL_AREA(#17308);
#17308 = FILL_AREA_STYLE('',(#17309));
#17309 = FILL_AREA_STYLE_COLOUR('',#16904);
#17310 = CURVE_STYLE('',#17311,POSITIVE_LENGTH_MEASURE(0.1),#16904);
#17311 = DRAUGHTING_PRE_DEFINED_CURVE_FONT('continuous');
#17312 = STYLED_ITEM('color',(#17313),#10680);
#17313 = PRESENTATION_STYLE_ASSIGNMENT((#17314,#17319));
#17314 = SURFACE_STYLE_USAGE(.BOTH.,#17315);
#17315 = SURFACE_SIDE_STYLE('',(#17316));
#17316 = SURFACE_STYLE_FILL_AREA(#17317);
#17317 = FILL_AREA_STYLE('',(#17318));
#17318 = FILL_AREA_STYLE_COLOUR('',#16904);
#17319 = CURVE_STYLE('',#17320,POSITIVE_LENGTH_MEASURE(0.1),#16904);
#17320 = DRAUGHTING_PRE_DEFINED_CURVE_FONT('continuous');
#17321 = STYLED_ITEM('color',(#17322),#10696);
#17322 = PRESENTATION_STYLE_ASSIGNMENT((#17323,#17328));
#17323 = SURFACE_STYLE_USAGE(.BOTH.,#17324);
#17324 = SURFACE_SIDE_STYLE('',(#17325));
#17325 = SURFACE_STYLE_FILL_AREA(#17326);
#17326 = FILL_AREA_STYLE('',(#17327));
#17327 = FILL_AREA_STYLE_COLOUR('',#15309);
#17328 = CURVE_STYLE('',#17329,POSITIVE_LENGTH_MEASURE(0.1),#15309);
#17329 = DRAUGHTING_PRE_DEFINED_CURVE_FONT('continuous');
#17330 = STYLED_ITEM('color',(#17331),#10713);
#17331 = PRESENTATION_STYLE_ASSIGNMENT((#17332,#17337));
#17332 = SURFACE_STYLE_USAGE(.BOTH.,#17333);
#17333 = SURFACE_SIDE_STYLE('',(#17334));
#17334 = SURFACE_STYLE_FILL_AREA(#17335);
#17335 = FILL_AREA_STYLE('',(#17336));
#17336 = FILL_AREA_STYLE_COLOUR('',#16904);
#17337 = CURVE_STYLE('',#17338,POSITIVE_LENGTH_MEASURE(0.1),#16904);
#17338 = DRAUGHTING_PRE_DEFINED_CURVE_FONT('continuous');
#17339 = STYLED_ITEM('color',(#17340),#10725);
#17340 = PRESENTATION_STYLE_ASSIGNMENT((#17341,#17346));
#17341 = SURFACE_STYLE_USAGE(.BOTH.,#17342);
#17342 = SURFACE_SIDE_STYLE('',(#17343));
#17343 = SURFACE_STYLE_FILL_AREA(#17344);
#17344 = FILL_AREA_STYLE('',(#17345));
#17345 = FILL_AREA_STYLE_COLOUR('',#15309);
#17346 = CURVE_STYLE('',#17347,POSITIVE_LENGTH_MEASURE(0.1),#15309);
#17347 = DRAUGHTING_PRE_DEFINED_CURVE_FONT('continuous');
#17348 = STYLED_ITEM('color',(#17349),#10742);
#17349 = PRESENTATION_STYLE_ASSIGNMENT((#17350,#17355));
#17350 = SURFACE_STYLE_USAGE(.BOTH.,#17351);
#17351 = SURFACE_SIDE_STYLE('',(#17352));
#17352 = SURFACE_STYLE_FILL_AREA(#17353);
#17353 = FILL_AREA_STYLE('',(#17354));
#17354 = FILL_AREA_STYLE_COLOUR('',#15309);
#17355 = CURVE_STYLE('',#17356,POSITIVE_LENGTH_MEASURE(0.1),#15309);
#17356 = DRAUGHTING_PRE_DEFINED_CURVE_FONT('continuous');
#17357 = STYLED_ITEM('color',(#17358),#10759);
#17358 = PRESENTATION_STYLE_ASSIGNMENT((#17359,#17364));
#17359 = SURFACE_STYLE_USAGE(.BOTH.,#17360);
#17360 = SURFACE_SIDE_STYLE('',(#17361));
#17361 = SURFACE_STYLE_FILL_AREA(#17362);
#17362 = FILL_AREA_STYLE('',(#17363));
#17363 = FILL_AREA_STYLE_COLOUR('',#15309);
#17364 = CURVE_STYLE('',#17365,POSITIVE_LENGTH_MEASURE(0.1),#15309);
#17365 = DRAUGHTING_PRE_DEFINED_CURVE_FONT('continuous');
#17366 = STYLED_ITEM('color',(#17367),#10776);
#17367 = PRESENTATION_STYLE_ASSIGNMENT((#17368,#17373));
#17368 = SURFACE_STYLE_USAGE(.BOTH.,#17369);
#17369 = SURFACE_SIDE_STYLE('',(#17370));
#17370 = SURFACE_STYLE_FILL_AREA(#17371);
#17371 = FILL_AREA_STYLE('',(#17372));
#17372 = FILL_AREA_STYLE_COLOUR('',#15309);
#17373 = CURVE_STYLE('',#17374,POSITIVE_LENGTH_MEASURE(0.1),#15309);
#17374 = DRAUGHTING_PRE_DEFINED_CURVE_FONT('continuous');
#17375 = STYLED_ITEM('color',(#17376),#10793);
#17376 = PRESENTATION_STYLE_ASSIGNMENT((#17377,#17382));
#17377 = SURFACE_STYLE_USAGE(.BOTH.,#17378);
#17378 = SURFACE_SIDE_STYLE('',(#17379));
#17379 = SURFACE_STYLE_FILL_AREA(#17380);
#17380 = FILL_AREA_STYLE('',(#17381));
#17381 = FILL_AREA_STYLE_COLOUR('',#15309);
#17382 = CURVE_STYLE('',#17383,POSITIVE_LENGTH_MEASURE(0.1),#15309);
#17383 = DRAUGHTING_PRE_DEFINED_CURVE_FONT('continuous');
#17384 = STYLED_ITEM('color',(#17385),#10810);
#17385 = PRESENTATION_STYLE_ASSIGNMENT((#17386,#17391));
#17386 = SURFACE_STYLE_USAGE(.BOTH.,#17387);
#17387 = SURFACE_SIDE_STYLE('',(#17388));
#17388 = SURFACE_STYLE_FILL_AREA(#17389);
#17389 = FILL_AREA_STYLE('',(#17390));
#17390 = FILL_AREA_STYLE_COLOUR('',#15309);
#17391 = CURVE_STYLE('',#17392,POSITIVE_LENGTH_MEASURE(0.1),#15309);
#17392 = DRAUGHTING_PRE_DEFINED_CURVE_FONT('continuous');
#17393 = STYLED_ITEM('color',(#17394),#10827);
#17394 = PRESENTATION_STYLE_ASSIGNMENT((#17395,#17400));
#17395 = SURFACE_STYLE_USAGE(.BOTH.,#17396);
#17396 = SURFACE_SIDE_STYLE('',(#17397));
#17397 = SURFACE_STYLE_FILL_AREA(#17398);
#17398 = FILL_AREA_STYLE('',(#17399));
#17399 = FILL_AREA_STYLE_COLOUR('',#15309);
#17400 = CURVE_STYLE('',#17401,POSITIVE_LENGTH_MEASURE(0.1),#15309);
#17401 = DRAUGHTING_PRE_DEFINED_CURVE_FONT('continuous');
#17402 = STYLED_ITEM('color',(#17403),#10839);
#17403 = PRESENTATION_STYLE_ASSIGNMENT((#17404,#17409));
#17404 = SURFACE_STYLE_USAGE(.BOTH.,#17405);
#17405 = SURFACE_SIDE_STYLE('',(#17406));
#17406 = SURFACE_STYLE_FILL_AREA(#17407);
#17407 = FILL_AREA_STYLE('',(#17408));
#17408 = FILL_AREA_STYLE_COLOUR('',#15309);
#17409 = CURVE_STYLE('',#17410,POSITIVE_LENGTH_MEASURE(0.1),#15309);
#17410 = DRAUGHTING_PRE_DEFINED_CURVE_FONT('continuous');
#17411 = STYLED_ITEM('color',(#17412),#10856);
#17412 = PRESENTATION_STYLE_ASSIGNMENT((#17413,#17418));
#17413 = SURFACE_STYLE_USAGE(.BOTH.,#17414);
#17414 = SURFACE_SIDE_STYLE('',(#17415));
#17415 = SURFACE_STYLE_FILL_AREA(#17416);
#17416 = FILL_AREA_STYLE('',(#17417));
#17417 = FILL_AREA_STYLE_COLOUR('',#15309);
#17418 = CURVE_STYLE('',#17419,POSITIVE_LENGTH_MEASURE(0.1),#15309);
#17419 = DRAUGHTING_PRE_DEFINED_CURVE_FONT('continuous');
#17420 = STYLED_ITEM('color',(#17421),#10873);
#17421 = PRESENTATION_STYLE_ASSIGNMENT((#17422,#17427));
#17422 = SURFACE_STYLE_USAGE(.BOTH.,#17423);
#17423 = SURFACE_SIDE_STYLE('',(#17424));
#17424 = SURFACE_STYLE_FILL_AREA(#17425);
#17425 = FILL_AREA_STYLE('',(#17426));
#17426 = FILL_AREA_STYLE_COLOUR('',#15309);
#17427 = CURVE_STYLE('',#17428,POSITIVE_LENGTH_MEASURE(0.1),#15309);
#17428 = DRAUGHTING_PRE_DEFINED_CURVE_FONT('continuous');
#17429 = STYLED_ITEM('color',(#17430),#10890);
#17430 = PRESENTATION_STYLE_ASSIGNMENT((#17431,#17436));
#17431 = SURFACE_STYLE_USAGE(.BOTH.,#17432);
#17432 = SURFACE_SIDE_STYLE('',(#17433));
#17433 = SURFACE_STYLE_FILL_AREA(#17434);
#17434 = FILL_AREA_STYLE('',(#17435));
#17435 = FILL_AREA_STYLE_COLOUR('',#15309);
#17436 = CURVE_STYLE('',#17437,POSITIVE_LENGTH_MEASURE(0.1),#15309);
#17437 = DRAUGHTING_PRE_DEFINED_CURVE_FONT('continuous');
#17438 = STYLED_ITEM('color',(#17439),#10907);
#17439 = PRESENTATION_STYLE_ASSIGNMENT((#17440,#17445));
#17440 = SURFACE_STYLE_USAGE(.BOTH.,#17441);
#17441 = SURFACE_SIDE_STYLE('',(#17442));
#17442 = SURFACE_STYLE_FILL_AREA(#17443);
#17443 = FILL_AREA_STYLE('',(#17444));
#17444 = FILL_AREA_STYLE_COLOUR('',#15309);
#17445 = CURVE_STYLE('',#17446,POSITIVE_LENGTH_MEASURE(0.1),#15309);
#17446 = DRAUGHTING_PRE_DEFINED_CURVE_FONT('continuous');
#17447 = STYLED_ITEM('color',(#17448),#10924);
#17448 = PRESENTATION_STYLE_ASSIGNMENT((#17449,#17454));
#17449 = SURFACE_STYLE_USAGE(.BOTH.,#17450);
#17450 = SURFACE_SIDE_STYLE('',(#17451));
#17451 = SURFACE_STYLE_FILL_AREA(#17452);
#17452 = FILL_AREA_STYLE('',(#17453));
#17453 = FILL_AREA_STYLE_COLOUR('',#15309);
#17454 = CURVE_STYLE('',#17455,POSITIVE_LENGTH_MEASURE(0.1),#15309);
#17455 = DRAUGHTING_PRE_DEFINED_CURVE_FONT('continuous');
#17456 = STYLED_ITEM('color',(#17457),#10936);
#17457 = PRESENTATION_STYLE_ASSIGNMENT((#17458,#17463));
#17458 = SURFACE_STYLE_USAGE(.BOTH.,#17459);
#17459 = SURFACE_SIDE_STYLE('',(#17460));
#17460 = SURFACE_STYLE_FILL_AREA(#17461);
#17461 = FILL_AREA_STYLE('',(#17462));
#17462 = FILL_AREA_STYLE_COLOUR('',#15309);
#17463 = CURVE_STYLE('',#17464,POSITIVE_LENGTH_MEASURE(0.1),#15309);
#17464 = DRAUGHTING_PRE_DEFINED_CURVE_FONT('continuous');
#17465 = STYLED_ITEM('color',(#17466),#10953);
#17466 = PRESENTATION_STYLE_ASSIGNMENT((#17467,#17472));
#17467 = SURFACE_STYLE_USAGE(.BOTH.,#17468);
#17468 = SURFACE_SIDE_STYLE('',(#17469));
#17469 = SURFACE_STYLE_FILL_AREA(#17470);
#17470 = FILL_AREA_STYLE('',(#17471));
#17471 = FILL_AREA_STYLE_COLOUR('',#15309);
#17472 = CURVE_STYLE('',#17473,POSITIVE_LENGTH_MEASURE(0.1),#15309);
#17473 = DRAUGHTING_PRE_DEFINED_CURVE_FONT('continuous');
#17474 = STYLED_ITEM('color',(#17475),#10970);
#17475 = PRESENTATION_STYLE_ASSIGNMENT((#17476,#17481));
#17476 = SURFACE_STYLE_USAGE(.BOTH.,#17477);
#17477 = SURFACE_SIDE_STYLE('',(#17478));
#17478 = SURFACE_STYLE_FILL_AREA(#17479);
#17479 = FILL_AREA_STYLE('',(#17480));
#17480 = FILL_AREA_STYLE_COLOUR('',#15309);
#17481 = CURVE_STYLE('',#17482,POSITIVE_LENGTH_MEASURE(0.1),#15309);
#17482 = DRAUGHTING_PRE_DEFINED_CURVE_FONT('continuous');
#17483 = STYLED_ITEM('color',(#17484),#10987);
#17484 = PRESENTATION_STYLE_ASSIGNMENT((#17485,#17490));
#17485 = SURFACE_STYLE_USAGE(.BOTH.,#17486);
#17486 = SURFACE_SIDE_STYLE('',(#17487));
#17487 = SURFACE_STYLE_FILL_AREA(#17488);
#17488 = FILL_AREA_STYLE('',(#17489));
#17489 = FILL_AREA_STYLE_COLOUR('',#15309);
#17490 = CURVE_STYLE('',#17491,POSITIVE_LENGTH_MEASURE(0.1),#15309);
#17491 = DRAUGHTING_PRE_DEFINED_CURVE_FONT('continuous');
#17492 = STYLED_ITEM('color',(#17493),#11004);
#17493 = PRESENTATION_STYLE_ASSIGNMENT((#17494,#17499));
#17494 = SURFACE_STYLE_USAGE(.BOTH.,#17495);
#17495 = SURFACE_SIDE_STYLE('',(#17496));
#17496 = SURFACE_STYLE_FILL_AREA(#17497);
#17497 = FILL_AREA_STYLE('',(#17498));
#17498 = FILL_AREA_STYLE_COLOUR('',#15309);
#17499 = CURVE_STYLE('',#17500,POSITIVE_LENGTH_MEASURE(0.1),#15309);
#17500 = DRAUGHTING_PRE_DEFINED_CURVE_FONT('continuous');
#17501 = STYLED_ITEM('color',(#17502),#11021);
#17502 = PRESENTATION_STYLE_ASSIGNMENT((#17503,#17508));
#17503 = SURFACE_STYLE_USAGE(.BOTH.,#17504);
#17504 = SURFACE_SIDE_STYLE('',(#17505));
#17505 = SURFACE_STYLE_FILL_AREA(#17506);
#17506 = FILL_AREA_STYLE('',(#17507));
#17507 = FILL_AREA_STYLE_COLOUR('',#15309);
#17508 = CURVE_STYLE('',#17509,POSITIVE_LENGTH_MEASURE(0.1),#15309);
#17509 = DRAUGHTING_PRE_DEFINED_CURVE_FONT('continuous');
#17510 = STYLED_ITEM('color',(#17511),#11033);
#17511 = PRESENTATION_STYLE_ASSIGNMENT((#17512,#17518));
#17512 = SURFACE_STYLE_USAGE(.BOTH.,#17513);
#17513 = SURFACE_SIDE_STYLE('',(#17514));
#17514 = SURFACE_STYLE_FILL_AREA(#17515);
#17515 = FILL_AREA_STYLE('',(#17516));
#17516 = FILL_AREA_STYLE_COLOUR('',#17517);
#17517 = COLOUR_RGB('',0.690999998585,0.664000007176,0.597999987832);
#17518 = CURVE_STYLE('',#17519,POSITIVE_LENGTH_MEASURE(0.1),#17517);
#17519 = DRAUGHTING_PRE_DEFINED_CURVE_FONT('continuous');
#17520 = MECHANICAL_DESIGN_GEOMETRIC_PRESENTATION_REPRESENTATION('',(
    #17521,#17528,#17535,#17542,#17549,#17556,#17563,#17570,#17577,
    #17584,#17591,#17599,#17606,#17613,#17620,#17627,#17634,#17641,
    #17648,#17655,#17662,#17669,#17676,#17683,#17690,#17697,#17704,
    #17711),#979);
#17521 = STYLED_ITEM('color',(#17522),#127);
#17522 = PRESENTATION_STYLE_ASSIGNMENT((#17523));
#17523 = SURFACE_STYLE_USAGE(.BOTH.,#17524);
#17524 = SURFACE_SIDE_STYLE('',(#17525));
#17525 = SURFACE_STYLE_FILL_AREA(#17526);
#17526 = FILL_AREA_STYLE('',(#17527));
#17527 = FILL_AREA_STYLE_COLOUR('',#15309);
#17528 = STYLED_ITEM('color',(#17529),#203);
#17529 = PRESENTATION_STYLE_ASSIGNMENT((#17530));
#17530 = SURFACE_STYLE_USAGE(.BOTH.,#17531);
#17531 = SURFACE_SIDE_STYLE('',(#17532));
#17532 = SURFACE_STYLE_FILL_AREA(#17533);
#17533 = FILL_AREA_STYLE('',(#17534));
#17534 = FILL_AREA_STYLE_COLOUR('',#15309);
#17535 = STYLED_ITEM('color',(#17536),#234);
#17536 = PRESENTATION_STYLE_ASSIGNMENT((#17537));
#17537 = SURFACE_STYLE_USAGE(.BOTH.,#17538);
#17538 = SURFACE_SIDE_STYLE('',(#17539));
#17539 = SURFACE_STYLE_FILL_AREA(#17540);
#17540 = FILL_AREA_STYLE('',(#17541));
#17541 = FILL_AREA_STYLE_COLOUR('',#15309);
#17542 = STYLED_ITEM('color',(#17543),#259);
#17543 = PRESENTATION_STYLE_ASSIGNMENT((#17544));
#17544 = SURFACE_STYLE_USAGE(.BOTH.,#17545);
#17545 = SURFACE_SIDE_STYLE('',(#17546));
#17546 = SURFACE_STYLE_FILL_AREA(#17547);
#17547 = FILL_AREA_STYLE('',(#17548));
#17548 = FILL_AREA_STYLE_COLOUR('',#15309);
#17549 = STYLED_ITEM('color',(#17550),#284);
#17550 = PRESENTATION_STYLE_ASSIGNMENT((#17551));
#17551 = SURFACE_STYLE_USAGE(.BOTH.,#17552);
#17552 = SURFACE_SIDE_STYLE('',(#17553));
#17553 = SURFACE_STYLE_FILL_AREA(#17554);
#17554 = FILL_AREA_STYLE('',(#17555));
#17555 = FILL_AREA_STYLE_COLOUR('',#15309);
#17556 = STYLED_ITEM('color',(#17557),#308);
#17557 = PRESENTATION_STYLE_ASSIGNMENT((#17558));
#17558 = SURFACE_STYLE_USAGE(.BOTH.,#17559);
#17559 = SURFACE_SIDE_STYLE('',(#17560));
#17560 = SURFACE_STYLE_FILL_AREA(#17561);
#17561 = FILL_AREA_STYLE('',(#17562));
#17562 = FILL_AREA_STYLE_COLOUR('',#15309);
#17563 = STYLED_ITEM('color',(#17564),#332);
#17564 = PRESENTATION_STYLE_ASSIGNMENT((#17565));
#17565 = SURFACE_STYLE_USAGE(.BOTH.,#17566);
#17566 = SURFACE_SIDE_STYLE('',(#17567));
#17567 = SURFACE_STYLE_FILL_AREA(#17568);
#17568 = FILL_AREA_STYLE('',(#17569));
#17569 = FILL_AREA_STYLE_COLOUR('',#15309);
#17570 = STYLED_ITEM('color',(#17571),#357);
#17571 = PRESENTATION_STYLE_ASSIGNMENT((#17572));
#17572 = SURFACE_STYLE_USAGE(.BOTH.,#17573);
#17573 = SURFACE_SIDE_STYLE('',(#17574));
#17574 = SURFACE_STYLE_FILL_AREA(#17575);
#17575 = FILL_AREA_STYLE('',(#17576));
#17576 = FILL_AREA_STYLE_COLOUR('',#15309);
#17577 = STYLED_ITEM('color',(#17578),#382);
#17578 = PRESENTATION_STYLE_ASSIGNMENT((#17579));
#17579 = SURFACE_STYLE_USAGE(.BOTH.,#17580);
#17580 = SURFACE_SIDE_STYLE('',(#17581));
#17581 = SURFACE_STYLE_FILL_AREA(#17582);
#17582 = FILL_AREA_STYLE('',(#17583));
#17583 = FILL_AREA_STYLE_COLOUR('',#15309);
#17584 = STYLED_ITEM('color',(#17585),#399);
#17585 = PRESENTATION_STYLE_ASSIGNMENT((#17586));
#17586 = SURFACE_STYLE_USAGE(.BOTH.,#17587);
#17587 = SURFACE_SIDE_STYLE('',(#17588));
#17588 = SURFACE_STYLE_FILL_AREA(#17589);
#17589 = FILL_AREA_STYLE('',(#17590));
#17590 = FILL_AREA_STYLE_COLOUR('',#15309);
#17591 = STYLED_ITEM('color',(#17592),#485);
#17592 = PRESENTATION_STYLE_ASSIGNMENT((#17593));
#17593 = SURFACE_STYLE_USAGE(.BOTH.,#17594);
#17594 = SURFACE_SIDE_STYLE('',(#17595));
#17595 = SURFACE_STYLE_FILL_AREA(#17596);
#17596 = FILL_AREA_STYLE('',(#17597));
#17597 = FILL_AREA_STYLE_COLOUR('',#17598);
#17598 = COLOUR_RGB('',0.379000005575,0.270000008848,0.214999999939);
#17599 = STYLED_ITEM('color',(#17600),#517);
#17600 = PRESENTATION_STYLE_ASSIGNMENT((#17601));
#17601 = SURFACE_STYLE_USAGE(.BOTH.,#17602);
#17602 = SURFACE_SIDE_STYLE('',(#17603));
#17603 = SURFACE_STYLE_FILL_AREA(#17604);
#17604 = FILL_AREA_STYLE('',(#17605));
#17605 = FILL_AREA_STYLE_COLOUR('',#17598);
#17606 = STYLED_ITEM('color',(#17607),#541);
#17607 = PRESENTATION_STYLE_ASSIGNMENT((#17608));
#17608 = SURFACE_STYLE_USAGE(.BOTH.,#17609);
#17609 = SURFACE_SIDE_STYLE('',(#17610));
#17610 = SURFACE_STYLE_FILL_AREA(#17611);
#17611 = FILL_AREA_STYLE('',(#17612));
#17612 = FILL_AREA_STYLE_COLOUR('',#17598);
#17613 = STYLED_ITEM('color',(#17614),#566);
#17614 = PRESENTATION_STYLE_ASSIGNMENT((#17615));
#17615 = SURFACE_STYLE_USAGE(.BOTH.,#17616);
#17616 = SURFACE_SIDE_STYLE('',(#17617));
#17617 = SURFACE_STYLE_FILL_AREA(#17618);
#17618 = FILL_AREA_STYLE('',(#17619));
#17619 = FILL_AREA_STYLE_COLOUR('',#17598);
#17620 = STYLED_ITEM('color',(#17621),#590);
#17621 = PRESENTATION_STYLE_ASSIGNMENT((#17622));
#17622 = SURFACE_STYLE_USAGE(.BOTH.,#17623);
#17623 = SURFACE_SIDE_STYLE('',(#17624));
#17624 = SURFACE_STYLE_FILL_AREA(#17625);
#17625 = FILL_AREA_STYLE('',(#17626));
#17626 = FILL_AREA_STYLE_COLOUR('',#17598);
#17627 = STYLED_ITEM('color',(#17628),#615);
#17628 = PRESENTATION_STYLE_ASSIGNMENT((#17629));
#17629 = SURFACE_STYLE_USAGE(.BOTH.,#17630);
#17630 = SURFACE_SIDE_STYLE('',(#17631));
#17631 = SURFACE_STYLE_FILL_AREA(#17632);
#17632 = FILL_AREA_STYLE('',(#17633));
#17633 = FILL_AREA_STYLE_COLOUR('',#17598);
#17634 = STYLED_ITEM('color',(#17635),#639);
#17635 = PRESENTATION_STYLE_ASSIGNMENT((#17636));
#17636 = SURFACE_STYLE_USAGE(.BOTH.,#17637);
#17637 = SURFACE_SIDE_STYLE('',(#17638));
#17638 = SURFACE_STYLE_FILL_AREA(#17639);
#17639 = FILL_AREA_STYLE('',(#17640));
#17640 = FILL_AREA_STYLE_COLOUR('',#17598);
#17641 = STYLED_ITEM('color',(#17642),#664);
#17642 = PRESENTATION_STYLE_ASSIGNMENT((#17643));
#17643 = SURFACE_STYLE_USAGE(.BOTH.,#17644);
#17644 = SURFACE_SIDE_STYLE('',(#17645));
#17645 = SURFACE_STYLE_FILL_AREA(#17646);
#17646 = FILL_AREA_STYLE('',(#17647));
#17647 = FILL_AREA_STYLE_COLOUR('',#17598);
#17648 = STYLED_ITEM('color',(#17649),#681);
#17649 = PRESENTATION_STYLE_ASSIGNMENT((#17650));
#17650 = SURFACE_STYLE_USAGE(.BOTH.,#17651);
#17651 = SURFACE_SIDE_STYLE('',(#17652));
#17652 = SURFACE_STYLE_FILL_AREA(#17653);
#17653 = FILL_AREA_STYLE('',(#17654));
#17654 = FILL_AREA_STYLE_COLOUR('',#15309);
#17655 = STYLED_ITEM('color',(#17656),#767);
#17656 = PRESENTATION_STYLE_ASSIGNMENT((#17657));
#17657 = SURFACE_STYLE_USAGE(.BOTH.,#17658);
#17658 = SURFACE_SIDE_STYLE('',(#17659));
#17659 = SURFACE_STYLE_FILL_AREA(#17660);
#17660 = FILL_AREA_STYLE('',(#17661));
#17661 = FILL_AREA_STYLE_COLOUR('',#15309);
#17662 = STYLED_ITEM('color',(#17663),#798);
#17663 = PRESENTATION_STYLE_ASSIGNMENT((#17664));
#17664 = SURFACE_STYLE_USAGE(.BOTH.,#17665);
#17665 = SURFACE_SIDE_STYLE('',(#17666));
#17666 = SURFACE_STYLE_FILL_AREA(#17667);
#17667 = FILL_AREA_STYLE('',(#17668));
#17668 = FILL_AREA_STYLE_COLOUR('',#15309);
#17669 = STYLED_ITEM('color',(#17670),#823);
#17670 = PRESENTATION_STYLE_ASSIGNMENT((#17671));
#17671 = SURFACE_STYLE_USAGE(.BOTH.,#17672);
#17672 = SURFACE_SIDE_STYLE('',(#17673));
#17673 = SURFACE_STYLE_FILL_AREA(#17674);
#17674 = FILL_AREA_STYLE('',(#17675));
#17675 = FILL_AREA_STYLE_COLOUR('',#15309);
#17676 = STYLED_ITEM('color',(#17677),#848);
#17677 = PRESENTATION_STYLE_ASSIGNMENT((#17678));
#17678 = SURFACE_STYLE_USAGE(.BOTH.,#17679);
#17679 = SURFACE_SIDE_STYLE('',(#17680));
#17680 = SURFACE_STYLE_FILL_AREA(#17681);
#17681 = FILL_AREA_STYLE('',(#17682));
#17682 = FILL_AREA_STYLE_COLOUR('',#15309);
#17683 = STYLED_ITEM('color',(#17684),#872);
#17684 = PRESENTATION_STYLE_ASSIGNMENT((#17685));
#17685 = SURFACE_STYLE_USAGE(.BOTH.,#17686);
#17686 = SURFACE_SIDE_STYLE('',(#17687));
#17687 = SURFACE_STYLE_FILL_AREA(#17688);
#17688 = FILL_AREA_STYLE('',(#17689));
#17689 = FILL_AREA_STYLE_COLOUR('',#15309);
#17690 = STYLED_ITEM('color',(#17691),#896);
#17691 = PRESENTATION_STYLE_ASSIGNMENT((#17692));
#17692 = SURFACE_STYLE_USAGE(.BOTH.,#17693);
#17693 = SURFACE_SIDE_STYLE('',(#17694));
#17694 = SURFACE_STYLE_FILL_AREA(#17695);
#17695 = FILL_AREA_STYLE('',(#17696));
#17696 = FILL_AREA_STYLE_COLOUR('',#15309);
#17697 = STYLED_ITEM('color',(#17698),#921);
#17698 = PRESENTATION_STYLE_ASSIGNMENT((#17699));
#17699 = SURFACE_STYLE_USAGE(.BOTH.,#17700);
#17700 = SURFACE_SIDE_STYLE('',(#17701));
#17701 = SURFACE_STYLE_FILL_AREA(#17702);
#17702 = FILL_AREA_STYLE('',(#17703));
#17703 = FILL_AREA_STYLE_COLOUR('',#15309);
#17704 = STYLED_ITEM('color',(#17705),#946);
#17705 = PRESENTATION_STYLE_ASSIGNMENT((#17706));
#17706 = SURFACE_STYLE_USAGE(.BOTH.,#17707);
#17707 = SURFACE_SIDE_STYLE('',(#17708));
#17708 = SURFACE_STYLE_FILL_AREA(#17709);
#17709 = FILL_AREA_STYLE('',(#17710));
#17710 = FILL_AREA_STYLE_COLOUR('',#15309);
#17711 = STYLED_ITEM('color',(#17712),#963);
#17712 = PRESENTATION_STYLE_ASSIGNMENT((#17713));
#17713 = SURFACE_STYLE_USAGE(.BOTH.,#17714);
#17714 = SURFACE_SIDE_STYLE('',(#17715));
#17715 = SURFACE_STYLE_FILL_AREA(#17716);
#17716 = FILL_AREA_STYLE('',(#17717));
#17717 = FILL_AREA_STYLE_COLOUR('',#15309);
#17718 = MECHANICAL_DESIGN_GEOMETRIC_PRESENTATION_REPRESENTATION('',(
    #17719,#17726,#17733,#17740,#17747,#17754,#17761,#17768,#17775,
    #17782,#17789,#17796,#17803,#17810,#17817,#17824,#17831,#17838,
    #17845,#17852,#17859,#17866,#17873,#17880,#17887,#17894),#3829);
#17719 = STYLED_ITEM('color',(#17720),#3041);
#17720 = PRESENTATION_STYLE_ASSIGNMENT((#17721));
#17721 = SURFACE_STYLE_USAGE(.BOTH.,#17722);
#17722 = SURFACE_SIDE_STYLE('',(#17723));
#17723 = SURFACE_STYLE_FILL_AREA(#17724);
#17724 = FILL_AREA_STYLE('',(#17725));
#17725 = FILL_AREA_STYLE_COLOUR('',#15309);
#17726 = STYLED_ITEM('color',(#17727),#3081);
#17727 = PRESENTATION_STYLE_ASSIGNMENT((#17728));
#17728 = SURFACE_STYLE_USAGE(.BOTH.,#17729);
#17729 = SURFACE_SIDE_STYLE('',(#17730));
#17730 = SURFACE_STYLE_FILL_AREA(#17731);
#17731 = FILL_AREA_STYLE('',(#17732));
#17732 = FILL_AREA_STYLE_COLOUR('',#15309);
#17733 = STYLED_ITEM('color',(#17734),#3164);
#17734 = PRESENTATION_STYLE_ASSIGNMENT((#17735));
#17735 = SURFACE_STYLE_USAGE(.BOTH.,#17736);
#17736 = SURFACE_SIDE_STYLE('',(#17737));
#17737 = SURFACE_STYLE_FILL_AREA(#17738);
#17738 = FILL_AREA_STYLE('',(#17739));
#17739 = FILL_AREA_STYLE_COLOUR('',#15309);
#17740 = STYLED_ITEM('color',(#17741),#3189);
#17741 = PRESENTATION_STYLE_ASSIGNMENT((#17742));
#17742 = SURFACE_STYLE_USAGE(.BOTH.,#17743);
#17743 = SURFACE_SIDE_STYLE('',(#17744));
#17744 = SURFACE_STYLE_FILL_AREA(#17745);
#17745 = FILL_AREA_STYLE('',(#17746));
#17746 = FILL_AREA_STYLE_COLOUR('',#15309);
#17747 = STYLED_ITEM('color',(#17748),#3214);
#17748 = PRESENTATION_STYLE_ASSIGNMENT((#17749));
#17749 = SURFACE_STYLE_USAGE(.BOTH.,#17750);
#17750 = SURFACE_SIDE_STYLE('',(#17751));
#17751 = SURFACE_STYLE_FILL_AREA(#17752);
#17752 = FILL_AREA_STYLE('',(#17753));
#17753 = FILL_AREA_STYLE_COLOUR('',#15309);
#17754 = STYLED_ITEM('color',(#17755),#3281);
#17755 = PRESENTATION_STYLE_ASSIGNMENT((#17756));
#17756 = SURFACE_STYLE_USAGE(.BOTH.,#17757);
#17757 = SURFACE_SIDE_STYLE('',(#17758));
#17758 = SURFACE_STYLE_FILL_AREA(#17759);
#17759 = FILL_AREA_STYLE('',(#17760));
#17760 = FILL_AREA_STYLE_COLOUR('',#15309);
#17761 = STYLED_ITEM('color',(#17762),#3298);
#17762 = PRESENTATION_STYLE_ASSIGNMENT((#17763));
#17763 = SURFACE_STYLE_USAGE(.BOTH.,#17764);
#17764 = SURFACE_SIDE_STYLE('',(#17765));
#17765 = SURFACE_STYLE_FILL_AREA(#17766);
#17766 = FILL_AREA_STYLE('',(#17767));
#17767 = FILL_AREA_STYLE_COLOUR('',#15309);
#17768 = STYLED_ITEM('color',(#17769),#3315);
#17769 = PRESENTATION_STYLE_ASSIGNMENT((#17770));
#17770 = SURFACE_STYLE_USAGE(.BOTH.,#17771);
#17771 = SURFACE_SIDE_STYLE('',(#17772));
#17772 = SURFACE_STYLE_FILL_AREA(#17773);
#17773 = FILL_AREA_STYLE('',(#17774));
#17774 = FILL_AREA_STYLE_COLOUR('',#14841);
#17775 = STYLED_ITEM('color',(#17776),#3364);
#17776 = PRESENTATION_STYLE_ASSIGNMENT((#17777));
#17777 = SURFACE_STYLE_USAGE(.BOTH.,#17778);
#17778 = SURFACE_SIDE_STYLE('',(#17779));
#17779 = SURFACE_STYLE_FILL_AREA(#17780);
#17780 = FILL_AREA_STYLE('',(#17781));
#17781 = FILL_AREA_STYLE_COLOUR('',#15309);
#17782 = STYLED_ITEM('color',(#17783),#3381);
#17783 = PRESENTATION_STYLE_ASSIGNMENT((#17784));
#17784 = SURFACE_STYLE_USAGE(.BOTH.,#17785);
#17785 = SURFACE_SIDE_STYLE('',(#17786));
#17786 = SURFACE_STYLE_FILL_AREA(#17787);
#17787 = FILL_AREA_STYLE('',(#17788));
#17788 = FILL_AREA_STYLE_COLOUR('',#15309);
#17789 = STYLED_ITEM('color',(#17790),#3398);
#17790 = PRESENTATION_STYLE_ASSIGNMENT((#17791));
#17791 = SURFACE_STYLE_USAGE(.BOTH.,#17792);
#17792 = SURFACE_SIDE_STYLE('',(#17793));
#17793 = SURFACE_STYLE_FILL_AREA(#17794);
#17794 = FILL_AREA_STYLE('',(#17795));
#17795 = FILL_AREA_STYLE_COLOUR('',#14841);
#17796 = STYLED_ITEM('color',(#17797),#3447);
#17797 = PRESENTATION_STYLE_ASSIGNMENT((#17798));
#17798 = SURFACE_STYLE_USAGE(.BOTH.,#17799);
#17799 = SURFACE_SIDE_STYLE('',(#17800));
#17800 = SURFACE_STYLE_FILL_AREA(#17801);
#17801 = FILL_AREA_STYLE('',(#17802));
#17802 = FILL_AREA_STYLE_COLOUR('',#14841);
#17803 = STYLED_ITEM('color',(#17804),#3464);
#17804 = PRESENTATION_STYLE_ASSIGNMENT((#17805));
#17805 = SURFACE_STYLE_USAGE(.BOTH.,#17806);
#17806 = SURFACE_SIDE_STYLE('',(#17807));
#17807 = SURFACE_STYLE_FILL_AREA(#17808);
#17808 = FILL_AREA_STYLE('',(#17809));
#17809 = FILL_AREA_STYLE_COLOUR('',#15309);
#17810 = STYLED_ITEM('color',(#17811),#3533);
#17811 = PRESENTATION_STYLE_ASSIGNMENT((#17812));
#17812 = SURFACE_STYLE_USAGE(.BOTH.,#17813);
#17813 = SURFACE_SIDE_STYLE('',(#17814));
#17814 = SURFACE_STYLE_FILL_AREA(#17815);
#17815 = FILL_AREA_STYLE('',(#17816));
#17816 = FILL_AREA_STYLE_COLOUR('',#16064);
#17817 = STYLED_ITEM('color',(#17818),#3564);
#17818 = PRESENTATION_STYLE_ASSIGNMENT((#17819));
#17819 = SURFACE_STYLE_USAGE(.BOTH.,#17820);
#17820 = SURFACE_SIDE_STYLE('',(#17821));
#17821 = SURFACE_STYLE_FILL_AREA(#17822);
#17822 = FILL_AREA_STYLE('',(#17823));
#17823 = FILL_AREA_STYLE_COLOUR('',#16064);
#17824 = STYLED_ITEM('color',(#17825),#3588);
#17825 = PRESENTATION_STYLE_ASSIGNMENT((#17826));
#17826 = SURFACE_STYLE_USAGE(.BOTH.,#17827);
#17827 = SURFACE_SIDE_STYLE('',(#17828));
#17828 = SURFACE_STYLE_FILL_AREA(#17829);
#17829 = FILL_AREA_STYLE('',(#17830));
#17830 = FILL_AREA_STYLE_COLOUR('',#15309);
#17831 = STYLED_ITEM('color',(#17832),#3657);
#17832 = PRESENTATION_STYLE_ASSIGNMENT((#17833));
#17833 = SURFACE_STYLE_USAGE(.BOTH.,#17834);
#17834 = SURFACE_SIDE_STYLE('',(#17835));
#17835 = SURFACE_STYLE_FILL_AREA(#17836);
#17836 = FILL_AREA_STYLE('',(#17837));
#17837 = FILL_AREA_STYLE_COLOUR('',#16064);
#17838 = STYLED_ITEM('color',(#17839),#3681);
#17839 = PRESENTATION_STYLE_ASSIGNMENT((#17840));
#17840 = SURFACE_STYLE_USAGE(.BOTH.,#17841);
#17841 = SURFACE_SIDE_STYLE('',(#17842));
#17842 = SURFACE_STYLE_FILL_AREA(#17843);
#17843 = FILL_AREA_STYLE('',(#17844));
#17844 = FILL_AREA_STYLE_COLOUR('',#15309);
#17845 = STYLED_ITEM('color',(#17846),#3698);
#17846 = PRESENTATION_STYLE_ASSIGNMENT((#17847));
#17847 = SURFACE_STYLE_USAGE(.BOTH.,#17848);
#17848 = SURFACE_SIDE_STYLE('',(#17849));
#17849 = SURFACE_STYLE_FILL_AREA(#17850);
#17850 = FILL_AREA_STYLE('',(#17851));
#17851 = FILL_AREA_STYLE_COLOUR('',#15309);
#17852 = STYLED_ITEM('color',(#17853),#3715);
#17853 = PRESENTATION_STYLE_ASSIGNMENT((#17854));
#17854 = SURFACE_STYLE_USAGE(.BOTH.,#17855);
#17855 = SURFACE_SIDE_STYLE('',(#17856));
#17856 = SURFACE_STYLE_FILL_AREA(#17857);
#17857 = FILL_AREA_STYLE('',(#17858));
#17858 = FILL_AREA_STYLE_COLOUR('',#15309);
#17859 = STYLED_ITEM('color',(#17860),#3732);
#17860 = PRESENTATION_STYLE_ASSIGNMENT((#17861));
#17861 = SURFACE_STYLE_USAGE(.BOTH.,#17862);
#17862 = SURFACE_SIDE_STYLE('',(#17863));
#17863 = SURFACE_STYLE_FILL_AREA(#17864);
#17864 = FILL_AREA_STYLE('',(#17865));
#17865 = FILL_AREA_STYLE_COLOUR('',#15309);
#17866 = STYLED_ITEM('color',(#17867),#3749);
#17867 = PRESENTATION_STYLE_ASSIGNMENT((#17868));
#17868 = SURFACE_STYLE_USAGE(.BOTH.,#17869);
#17869 = SURFACE_SIDE_STYLE('',(#17870));
#17870 = SURFACE_STYLE_FILL_AREA(#17871);
#17871 = FILL_AREA_STYLE('',(#17872));
#17872 = FILL_AREA_STYLE_COLOUR('',#15309);
#17873 = STYLED_ITEM('color',(#17874),#3766);
#17874 = PRESENTATION_STYLE_ASSIGNMENT((#17875));
#17875 = SURFACE_STYLE_USAGE(.BOTH.,#17876);
#17876 = SURFACE_SIDE_STYLE('',(#17877));
#17877 = SURFACE_STYLE_FILL_AREA(#17878);
#17878 = FILL_AREA_STYLE('',(#17879));
#17879 = FILL_AREA_STYLE_COLOUR('',#15309);
#17880 = STYLED_ITEM('color',(#17881),#3783);
#17881 = PRESENTATION_STYLE_ASSIGNMENT((#17882));
#17882 = SURFACE_STYLE_USAGE(.BOTH.,#17883);
#17883 = SURFACE_SIDE_STYLE('',(#17884));
#17884 = SURFACE_STYLE_FILL_AREA(#17885);
#17885 = FILL_AREA_STYLE('',(#17886));
#17886 = FILL_AREA_STYLE_COLOUR('',#15309);
#17887 = STYLED_ITEM('color',(#17888),#3800);
#17888 = PRESENTATION_STYLE_ASSIGNMENT((#17889));
#17889 = SURFACE_STYLE_USAGE(.BOTH.,#17890);
#17890 = SURFACE_SIDE_STYLE('',(#17891));
#17891 = SURFACE_STYLE_FILL_AREA(#17892);
#17892 = FILL_AREA_STYLE('',(#17893));
#17893 = FILL_AREA_STYLE_COLOUR('',#16064);
#17894 = STYLED_ITEM('color',(#17895),#3817);
#17895 = PRESENTATION_STYLE_ASSIGNMENT((#17896));
#17896 = SURFACE_STYLE_USAGE(.BOTH.,#17897);
#17897 = SURFACE_SIDE_STYLE('',(#17898));
#17898 = SURFACE_STYLE_FILL_AREA(#17899);
#17899 = FILL_AREA_STYLE('',(#17900));
#17900 = FILL_AREA_STYLE_COLOUR('',#16064);
ENDSEC;
END-ISO-10303-21;
