ISO-10303-21;
HEADER;
FILE_DESCRIPTION(('KiCad electronic assembly'),'2;1');
FILE_NAME('Majora_PCB.step','2026-04-11T16:47:23',('Pcbnew'),('Kicad'),
  'Open CASCADE STEP processor 7.9','KiCad to STEP converter','Unknown'
  );
FILE_SCHEMA(('AUTOMOTIVE_DESIGN { 1 0 10303 214 1 1 1 1 }'));
ENDSEC;
DATA;
#1 = APPLICATION_PROTOCOL_DEFINITION('international standard',
  'automotive_design',2000,#2);
#2 = APPLICATION_CONTEXT(
  'core data for automotive mechanical design processes');
#3 = SHAPE_DEFINITION_REPRESENTATION(#4,#10);
#4 = PRODUCT_DEFINITION_SHAPE('','',#5);
#5 = PRODUCT_DEFINITION('design','',#6,#9);
#6 = PRODUCT_DEFINITION_FORMATION('','',#7);
#7 = PRODUCT('Majora_PCB 1','Majora_PCB 1','',(#8));
#8 = PRODUCT_CONTEXT('',#2,'mechanical');
#9 = PRODUCT_DEFINITION_CONTEXT('part definition',#2,'design');
#10 = SHAPE_REPRESENTATION('',(#11,#15),#19);
#11 = AXIS2_PLACEMENT_3D('',#12,#13,#14);
#12 = CARTESIAN_POINT('',(0.,0.,0.));
#13 = DIRECTION('',(0.,0.,1.));
#14 = DIRECTION('',(1.,0.,-0.));
#15 = AXIS2_PLACEMENT_3D('',#16,#17,#18);
#16 = CARTESIAN_POINT('',(0.,0.,0.));
#17 = DIRECTION('',(0.,0.,1.));
#18 = DIRECTION('',(1.,0.,-0.));
#19 = ( GEOMETRIC_REPRESENTATION_CONTEXT(3) 
GLOBAL_UNCERTAINTY_ASSIGNED_CONTEXT((#23)) GLOBAL_UNIT_ASSIGNED_CONTEXT(
(#20,#21,#22)) REPRESENTATION_CONTEXT('Context #1',
  '3D Context with UNIT and UNCERTAINTY') );
#20 = ( LENGTH_UNIT() NAMED_UNIT(*) SI_UNIT(.MILLI.,.METRE.) );
#21 = ( NAMED_UNIT(*) PLANE_ANGLE_UNIT() SI_UNIT($,.RADIAN.) );
#22 = ( NAMED_UNIT(*) SI_UNIT($,.STERADIAN.) SOLID_ANGLE_UNIT() );
#23 = UNCERTAINTY_MEASURE_WITH_UNIT(LENGTH_MEASURE(1.E-07),#20,
  'distance_accuracy_value','confusion accuracy');
#24 = PRODUCT_RELATED_PRODUCT_CATEGORY('part',$,(#7));
#25 = SHAPE_DEFINITION_REPRESENTATION(#26,#32);
#26 = PRODUCT_DEFINITION_SHAPE('','',#27);
#27 = PRODUCT_DEFINITION('design','',#28,#31);
#28 = PRODUCT_DEFINITION_FORMATION('','',#29);
#29 = PRODUCT('Marajoara_PCB_PCB','Marajoara_PCB_PCB','',(#30));
#30 = PRODUCT_CONTEXT('',#2,'mechanical');
#31 = PRODUCT_DEFINITION_CONTEXT('part definition',#2,'design');
#32 = ADVANCED_BREP_SHAPE_REPRESENTATION('',(#11,#33),#21231);
#33 = MANIFOLD_SOLID_BREP('',#34);
#34 = CLOSED_SHELL('',(#35,#75,#106,#137,#5476,#10815,#10832,#10849,
    #10866,#10883,#10900,#10917,#10934,#10951,#10968,#10985,#11002,
    #11019,#11036,#11053,#11070,#11087,#11104,#11121,#11138,#11155,
    #11172,#11189,#11206,#11223,#11240,#11257,#11274,#11291,#11308,
    #11325,#11342,#11359,#11376,#11393,#11410,#11427,#11444,#11461,
    #11478,#11495,#11512,#11529,#11546,#11563,#11580,#11597,#11614,
    #11631,#11648,#11665,#11682,#11699,#11716,#11733,#11750,#11767,
    #11784,#11801,#11818,#11835,#11852,#11869,#11886,#11903,#11920,
    #11937,#11954,#11971,#11988,#12005,#12022,#12039,#12056,#12073,
    #12090,#12107,#12124,#12141,#12158,#12175,#12192,#12209,#12226,
    #12243,#12260,#12277,#12294,#12311,#12328,#12345,#12362,#12379,
    #12396,#12413,#12430,#12447,#12464,#12481,#12498,#12515,#12532,
    #12549,#12566,#12583,#12600,#12617,#12634,#12651,#12668,#12685,
    #12702,#12719,#12736,#12753,#12770,#12787,#12804,#12821,#12838,
    #12855,#12872,#12889,#12906,#12923,#12940,#12957,#12974,#12991,
    #13008,#13025,#13042,#13059,#13076,#13093,#13110,#13127,#13144,
    #13161,#13178,#13195,#13212,#13229,#13246,#13263,#13280,#13297,
    #13314,#13331,#13348,#13365,#13382,#13399,#13416,#13433,#13450,
    #13467,#13484,#13501,#13518,#13535,#13552,#13569,#13586,#13603,
    #13620,#13637,#13654,#13671,#13688,#13705,#13722,#13739,#13756,
    #13773,#13790,#13807,#13824,#13841,#13858,#13875,#13892,#13909,
    #13926,#13943,#13960,#13977,#13994,#14011,#14028,#14045,#14062,
    #14079,#14096,#14113,#14130,#14147,#14164,#14181,#14198,#14215,
    #14232,#14249,#14266,#14283,#14300,#14317,#14334,#14351,#14368,
    #14385,#14402,#14419,#14436,#14453,#14470,#14487,#14504,#14521,
    #14538,#14555,#14572,#14589,#14606,#14623,#14640,#14657,#14674,
    #14691,#14708,#14725,#14742,#14759,#14776,#14793,#14810,#14827,
    #14844,#14861,#14878,#14895,#14912,#14929,#14946,#14963,#14980,
    #14997,#15014,#15031,#15048,#15065,#15082,#15099,#15116,#15133,
    #15150,#15167,#15184,#15201,#15218,#15235,#15252,#15269,#15286,
    #15303,#15320,#15337,#15354,#15371,#15388,#15405,#15422,#15439,
    #15456,#15473,#15490,#15507,#15524,#15541,#15558,#15575,#15592,
    #15609,#15626,#15643,#15660,#15677,#15694,#15711,#15728,#15745,
    #15762,#15779,#15796,#15813,#15830,#15847,#15864,#15881,#15898,
    #15915,#15932,#15949,#15966,#15983,#16000,#16017,#16034,#16051,
    #16068,#16085,#16102,#16119,#16136,#16153,#16170,#16187,#16204,
    #16221,#16238,#16255,#16272,#16289,#16306,#16323,#16340,#16357,
    #16374,#16391,#16408,#16425,#16442,#16459,#16476,#16493,#16510,
    #16527,#16544,#16561,#16578,#16595,#16612,#16629,#16646,#16663,
    #16680,#16697,#16714,#16731,#16748,#16765,#16782,#16799,#16816,
    #16833,#16850,#16867,#16884,#16901,#16918,#16935,#16952,#16969,
    #16986,#17003,#17020,#17037,#17054,#17071,#17088,#17105,#17122,
    #17139,#17156,#17173,#17190,#17207,#17224,#17241,#17258,#17275,
    #17292,#17309,#17326,#17343,#17360,#17377,#17394,#17411,#17428,
    #17445,#17462,#17479,#17496,#17513,#17530,#17547,#17564,#17581,
    #17598,#17615,#17632,#17649,#17666,#17683,#17700,#17717,#17734,
    #17751,#17768,#17785,#17802,#17819,#17836,#17853,#17870,#17887,
    #17904,#17921,#17938,#17955,#17972,#17989,#18006,#18023,#18040,
    #18057,#18074,#18091,#18108,#18125,#18142,#18159,#18176,#18193,
    #18210,#18227,#18244,#18261,#18278,#18295,#18312,#18329,#18346,
    #18363,#18380,#18397,#18414,#18431,#18448,#18465,#18482,#18499,
    #18516,#18533,#18550,#18567,#18584,#18601,#18618,#18635,#18652,
    #18669,#18686,#18703,#18720,#18737,#18754,#18766,#18783,#18800,
    #18817,#18834,#18851,#18868,#18885,#18902,#18919,#18936,#18953,
    #18970,#18987,#19004,#19021,#19038,#19055,#19072,#19089,#19106,
    #19123,#19140,#19157,#19174,#19191,#19208,#19225,#19242,#19259,
    #19276,#19293,#19310,#19327,#19344,#19361,#19378,#19395,#19412,
    #19429,#19446,#19463,#19480,#19497,#19514,#19531,#19548,#19565,
    #19582,#19599,#19616,#19633,#19650,#19667,#19684,#19701,#19718,
    #19735,#19752,#19769,#19786,#19803,#19820,#19837,#19854,#19871,
    #19888,#19905,#19922,#19939,#19956,#19973,#19990,#20007,#20024,
    #20041,#20058,#20075,#20092,#20109,#20126,#20143,#20160,#20177,
    #20194,#20211,#20228,#20245,#20262,#20279,#20296,#20313,#20330,
    #20347,#20364,#20386,#20403,#20420,#20432,#20449,#20466,#20483,
    #20500,#20517,#20534,#20551,#20568,#20585,#20602,#20619,#20636,
    #20653,#20670,#20687,#20704,#20721,#20738,#20755,#20772,#20789,
    #20806,#20823,#20840,#20857,#20874,#20891,#20908,#20925,#20942,
    #20959,#20976,#20993,#21010,#21027,#21044,#21061,#21078,#21095,
    #21112,#21129,#21146,#21163,#21180,#21197,#21214));
#35 = ADVANCED_FACE('',(#36),#70,.T.);
#36 = FACE_BOUND('',#37,.T.);
#37 = EDGE_LOOP('',(#38,#48,#56,#64));
#38 = ORIENTED_EDGE('',*,*,#39,.T.);
#39 = EDGE_CURVE('',#40,#42,#44,.T.);
#40 = VERTEX_POINT('',#41);
#41 = CARTESIAN_POINT('',(105.369261,37.325495,0.));
#42 = VERTEX_POINT('',#43);
#43 = CARTESIAN_POINT('',(105.369261,37.325495,1.51));
#44 = LINE('',#45,#46);
#45 = CARTESIAN_POINT('',(105.369261,37.325495,0.));
#46 = VECTOR('',#47,1.);
#47 = DIRECTION('',(0.,0.,1.));
#48 = ORIENTED_EDGE('',*,*,#49,.T.);
#49 = EDGE_CURVE('',#42,#50,#52,.T.);
#50 = VERTEX_POINT('',#51);
#51 = CARTESIAN_POINT('',(106.136046,37.309052,1.51));
#52 = LINE('',#53,#54);
#53 = CARTESIAN_POINT('',(105.369261,37.325495,1.51));
#54 = VECTOR('',#55,1.);
#55 = DIRECTION('',(0.999770154953,-2.143915264107E-02,0.));
#56 = ORIENTED_EDGE('',*,*,#57,.F.);
#57 = EDGE_CURVE('',#58,#50,#60,.T.);
#58 = VERTEX_POINT('',#59);
#59 = CARTESIAN_POINT('',(106.136046,37.309052,0.));
#60 = LINE('',#61,#62);
#61 = CARTESIAN_POINT('',(106.136046,37.309052,0.));
#62 = VECTOR('',#63,1.);
#63 = DIRECTION('',(0.,0.,1.));
#64 = ORIENTED_EDGE('',*,*,#65,.F.);
#65 = EDGE_CURVE('',#40,#58,#66,.T.);
#66 = LINE('',#67,#68);
#67 = CARTESIAN_POINT('',(105.369261,37.325495,0.));
#68 = VECTOR('',#69,1.);
#69 = DIRECTION('',(0.999770154953,-2.143915264107E-02,0.));
#70 = PLANE('',#71);
#71 = AXIS2_PLACEMENT_3D('',#72,#73,#74);
#72 = CARTESIAN_POINT('',(105.369261,37.325495,0.));
#73 = DIRECTION('',(2.143915264107E-02,0.999770154953,-0.));
#74 = DIRECTION('',(0.999770154953,-2.143915264107E-02,0.));
#75 = ADVANCED_FACE('',(#76),#101,.T.);
#76 = FACE_BOUND('',#77,.T.);
#77 = EDGE_LOOP('',(#78,#88,#94,#95));
#78 = ORIENTED_EDGE('',*,*,#79,.T.);
#79 = EDGE_CURVE('',#80,#82,#84,.T.);
#80 = VERTEX_POINT('',#81);
#81 = CARTESIAN_POINT('',(104.59833,37.331849,0.));
#82 = VERTEX_POINT('',#83);
#83 = CARTESIAN_POINT('',(104.59833,37.331849,1.51));
#84 = LINE('',#85,#86);
#85 = CARTESIAN_POINT('',(104.59833,37.331849,0.));
#86 = VECTOR('',#87,1.);
#87 = DIRECTION('',(0.,0.,1.));
#88 = ORIENTED_EDGE('',*,*,#89,.T.);
#89 = EDGE_CURVE('',#82,#42,#90,.T.);
#90 = LINE('',#91,#92);
#91 = CARTESIAN_POINT('',(104.59833,37.331849,1.51));
#92 = VECTOR('',#93,1.);
#93 = DIRECTION('',(0.999966036591,-8.241702819705E-03,0.));
#94 = ORIENTED_EDGE('',*,*,#39,.F.);
#95 = ORIENTED_EDGE('',*,*,#96,.F.);
#96 = EDGE_CURVE('',#80,#40,#97,.T.);
#97 = LINE('',#98,#99);
#98 = CARTESIAN_POINT('',(104.59833,37.331849,0.));
#99 = VECTOR('',#100,1.);
#100 = DIRECTION('',(0.999966036591,-8.241702819705E-03,0.));
#101 = PLANE('',#102);
#102 = AXIS2_PLACEMENT_3D('',#103,#104,#105);
#103 = CARTESIAN_POINT('',(104.59833,37.331849,0.));
#104 = DIRECTION('',(8.241702819705E-03,0.999966036591,-0.));
#105 = DIRECTION('',(0.999966036591,-8.241702819705E-03,0.));
#106 = ADVANCED_FACE('',(#107),#132,.T.);
#107 = FACE_BOUND('',#108,.T.);
#108 = EDGE_LOOP('',(#109,#110,#118,#126));
#109 = ORIENTED_EDGE('',*,*,#57,.T.);
#110 = ORIENTED_EDGE('',*,*,#111,.T.);
#111 = EDGE_CURVE('',#50,#112,#114,.T.);
#112 = VERTEX_POINT('',#113);
#113 = CARTESIAN_POINT('',(106.162156,37.308311,1.51));
#114 = LINE('',#115,#116);
#115 = CARTESIAN_POINT('',(106.136046,37.309052,1.51));
#116 = VECTOR('',#117,1.);
#117 = DIRECTION('',(0.999597532857,-2.836850907103E-02,0.));
#118 = ORIENTED_EDGE('',*,*,#119,.F.);
#119 = EDGE_CURVE('',#120,#112,#122,.T.);
#120 = VERTEX_POINT('',#121);
#121 = CARTESIAN_POINT('',(106.162156,37.308311,0.));
#122 = LINE('',#123,#124);
#123 = CARTESIAN_POINT('',(106.162156,37.308311,0.));
#124 = VECTOR('',#125,1.);
#125 = DIRECTION('',(0.,0.,1.));
#126 = ORIENTED_EDGE('',*,*,#127,.F.);
#127 = EDGE_CURVE('',#58,#120,#128,.T.);
#128 = LINE('',#129,#130);
#129 = CARTESIAN_POINT('',(106.136046,37.309052,0.));
#130 = VECTOR('',#131,1.);
#131 = DIRECTION('',(0.999597532857,-2.836850907103E-02,0.));
#132 = PLANE('',#133);
#133 = AXIS2_PLACEMENT_3D('',#134,#135,#136);
#134 = CARTESIAN_POINT('',(106.136046,37.309052,0.));
#135 = DIRECTION('',(2.836850907103E-02,0.999597532857,-0.));
#136 = DIRECTION('',(0.999597532857,-2.836850907103E-02,0.));
#137 = ADVANCED_FACE('',(#138,#3886,#3897,#3908,#3919,#3930,#3941,#3952,
    #3963,#3974,#3985,#3996,#4007,#4018,#4029,#4040,#4051,#4062,#4073,
    #4084,#4095,#4106,#4117,#4128,#4139,#4150,#4161,#4172,#4183,#4194,
    #4205,#4216,#4227,#4238,#4249,#4260,#4271,#4282,#4293,#4304,#4315,
    #4326,#4337,#4348,#4359,#4370,#4381,#4392,#4403,#4414,#4425,#4436,
    #4447,#4458,#4469,#4480,#4491,#4502,#4513,#4524,#4535,#4546,#4557,
    #4568,#4579,#4590,#4601,#4612,#4623,#4634,#4645,#4656,#4667,#4678,
    #4689,#4700,#4711,#4722,#4733,#4744,#4755,#4766,#4777,#4788,#4799,
    #4810,#4821,#4832,#4843,#4854,#4865,#4876,#4887,#4898,#4909,#4920,
    #4954,#4965,#4976,#4987,#4998,#5009,#5020,#5031,#5042,#5053,#5064,
    #5075,#5086,#5097,#5108,#5119,#5130,#5141,#5152,#5163,#5174,#5185,
    #5196,#5207,#5218,#5229,#5240,#5251,#5262,#5273,#5284,#5295,#5306,
    #5317,#5328,#5339,#5350,#5361,#5372,#5383,#5394,#5405,#5416,#5427,
    #5438,#5449,#5460),#5471,.F.);
#138 = FACE_BOUND('',#139,.F.);
#139 = EDGE_LOOP('',(#140,#141,#142,#150,#158,#166,#174,#182,#190,#198,
    #206,#214,#222,#230,#238,#246,#254,#262,#270,#278,#286,#294,#302,
    #310,#318,#326,#334,#342,#350,#358,#366,#374,#382,#390,#398,#406,
    #414,#422,#430,#438,#446,#454,#462,#470,#478,#486,#494,#502,#510,
    #518,#526,#534,#542,#550,#558,#566,#574,#582,#590,#598,#606,#614,
    #622,#630,#638,#646,#654,#662,#670,#678,#686,#694,#702,#710,#718,
    #726,#734,#742,#750,#758,#766,#774,#782,#790,#798,#806,#814,#822,
    #830,#838,#846,#854,#862,#870,#878,#886,#894,#902,#910,#918,#926,
    #934,#942,#950,#958,#966,#974,#982,#990,#998,#1006,#1014,#1022,#1030
    ,#1038,#1046,#1054,#1062,#1070,#1078,#1086,#1094,#1102,#1110,#1118,
    #1126,#1134,#1142,#1150,#1158,#1166,#1174,#1182,#1190,#1198,#1206,
    #1214,#1222,#1230,#1238,#1246,#1254,#1262,#1270,#1278,#1286,#1294,
    #1302,#1310,#1318,#1326,#1334,#1342,#1350,#1358,#1366,#1374,#1382,
    #1390,#1398,#1406,#1414,#1422,#1430,#1438,#1446,#1454,#1462,#1470,
    #1478,#1486,#1494,#1502,#1510,#1518,#1526,#1534,#1542,#1550,#1558,
    #1566,#1574,#1582,#1590,#1598,#1606,#1614,#1622,#1630,#1638,#1646,
    #1654,#1662,#1670,#1678,#1686,#1694,#1702,#1710,#1718,#1726,#1734,
    #1742,#1750,#1758,#1766,#1774,#1782,#1790,#1798,#1806,#1814,#1822,
    #1830,#1838,#1846,#1854,#1862,#1870,#1878,#1886,#1894,#1902,#1910,
    #1918,#1926,#1934,#1942,#1950,#1958,#1966,#1974,#1982,#1990,#1998,
    #2006,#2014,#2022,#2030,#2038,#2046,#2054,#2062,#2070,#2078,#2086,
    #2094,#2102,#2110,#2118,#2126,#2134,#2142,#2150,#2158,#2166,#2174,
    #2182,#2190,#2198,#2206,#2214,#2222,#2230,#2238,#2246,#2254,#2262,
    #2270,#2278,#2286,#2294,#2302,#2310,#2318,#2326,#2334,#2342,#2350,
    #2358,#2366,#2374,#2382,#2390,#2398,#2406,#2414,#2422,#2430,#2438,
    #2446,#2454,#2462,#2470,#2478,#2486,#2494,#2502,#2510,#2518,#2526,
    #2534,#2543,#2551,#2559,#2567,#2575,#2583,#2591,#2599,#2607,#2615,
    #2623,#2631,#2639,#2647,#2655,#2663,#2671,#2679,#2687,#2695,#2703,
    #2711,#2719,#2727,#2735,#2743,#2751,#2759,#2767,#2775,#2783,#2791,
    #2799,#2807,#2815,#2823,#2831,#2839,#2847,#2855,#2863,#2871,#2879,
    #2887,#2895,#2903,#2911,#2919,#2927,#2935,#2943,#2951,#2959,#2967,
    #2975,#2983,#2991,#2999,#3007,#3015,#3023,#3031,#3039,#3047,#3055,
    #3063,#3071,#3079,#3087,#3095,#3103,#3111,#3119,#3127,#3135,#3143,
    #3151,#3159,#3167,#3175,#3183,#3191,#3199,#3207,#3215,#3223,#3231,
    #3239,#3247,#3255,#3263,#3271,#3279,#3287,#3295,#3303,#3311,#3319,
    #3327,#3335,#3343,#3351,#3359,#3367,#3375,#3383,#3391,#3399,#3407,
    #3415,#3423,#3431,#3439,#3447,#3455,#3463,#3471,#3479,#3487,#3495,
    #3503,#3511,#3519,#3527,#3535,#3543,#3551,#3559,#3567,#3575,#3583,
    #3591,#3599,#3607,#3615,#3623,#3631,#3639,#3647,#3655,#3663,#3671,
    #3679,#3687,#3695,#3703,#3711,#3719,#3727,#3735,#3743,#3751,#3759,
    #3767,#3775,#3783,#3791,#3799,#3807,#3815,#3823,#3831,#3839,#3847,
    #3855,#3863,#3871,#3879,#3885));
#140 = ORIENTED_EDGE('',*,*,#65,.F.);
#141 = ORIENTED_EDGE('',*,*,#96,.F.);
#142 = ORIENTED_EDGE('',*,*,#143,.F.);
#143 = EDGE_CURVE('',#144,#80,#146,.T.);
#144 = VERTEX_POINT('',#145);
#145 = CARTESIAN_POINT('',(103.812479,37.328086,0.));
#146 = LINE('',#147,#148);
#147 = CARTESIAN_POINT('',(103.812479,37.328086,0.));
#148 = VECTOR('',#149,1.);
#149 = DIRECTION('',(0.999988535621,4.788384642304E-03,0.));
#150 = ORIENTED_EDGE('',*,*,#151,.F.);
#151 = EDGE_CURVE('',#152,#144,#154,.T.);
#152 = VERTEX_POINT('',#153);
#153 = CARTESIAN_POINT('',(103.023047,37.314141,0.));
#154 = LINE('',#155,#156);
#155 = CARTESIAN_POINT('',(103.023047,37.314141,0.));
#156 = VECTOR('',#157,1.);
#157 = DIRECTION('',(0.999844017468,1.766184398858E-02,0.));
#158 = ORIENTED_EDGE('',*,*,#159,.F.);
#159 = EDGE_CURVE('',#160,#152,#162,.T.);
#160 = VERTEX_POINT('',#161);
#161 = CARTESIAN_POINT('',(102.219872,37.289731,0.));
#162 = LINE('',#163,#164);
#163 = CARTESIAN_POINT('',(102.219872,37.289731,0.));
#164 = VECTOR('',#165,1.);
#165 = DIRECTION('',(0.999538486437,3.037785595158E-02,0.));
#166 = ORIENTED_EDGE('',*,*,#167,.F.);
#167 = EDGE_CURVE('',#168,#160,#170,.T.);
#168 = VERTEX_POINT('',#169);
#169 = CARTESIAN_POINT('',(101.413734,37.255077,0.));
#170 = LINE('',#171,#172);
#171 = CARTESIAN_POINT('',(101.413734,37.255077,0.));
#172 = VECTOR('',#173,1.);
#173 = DIRECTION('',(0.999077308424,4.294801268035E-02,0.));
#174 = ORIENTED_EDGE('',*,*,#175,.F.);
#175 = EDGE_CURVE('',#176,#168,#178,.T.);
#176 = VERTEX_POINT('',#177);
#177 = CARTESIAN_POINT('',(100.595233,37.209681,0.));
#178 = LINE('',#179,#180);
#179 = CARTESIAN_POINT('',(100.595233,37.209681,0.));
#180 = VECTOR('',#181,1.);
#181 = DIRECTION('',(0.998465502381,5.5377256651E-02,0.));
#182 = ORIENTED_EDGE('',*,*,#183,.F.);
#183 = EDGE_CURVE('',#184,#176,#186,.T.);
#184 = VERTEX_POINT('',#185);
#185 = CARTESIAN_POINT('',(99.774434,37.154007,0.));
#186 = LINE('',#187,#188);
#187 = CARTESIAN_POINT('',(99.774434,37.154007,0.));
#188 = VECTOR('',#189,1.);
#189 = DIRECTION('',(0.997707518715,6.767353322428E-02,0.));
#190 = ORIENTED_EDGE('',*,*,#191,.F.);
#191 = EDGE_CURVE('',#192,#184,#194,.T.);
#192 = VERTEX_POINT('',#193);
#193 = CARTESIAN_POINT('',(98.94285,37.0874,0.));
#194 = LINE('',#195,#196);
#195 = CARTESIAN_POINT('',(98.94285,37.0874,0.));
#196 = VECTOR('',#197,1.);
#197 = DIRECTION('',(0.996807624469,7.984084042386E-02,0.));
#198 = ORIENTED_EDGE('',*,*,#199,.F.);
#199 = EDGE_CURVE('',#200,#192,#202,.T.);
#200 = VERTEX_POINT('',#201);
#201 = CARTESIAN_POINT('',(98.109682,37.010515,0.));
#202 = LINE('',#203,#204);
#203 = CARTESIAN_POINT('',(98.109682,37.010515,0.));
#204 = VECTOR('',#205,1.);
#205 = DIRECTION('',(0.995769174435,9.188988652519E-02,0.));
#206 = ORIENTED_EDGE('',*,*,#207,.F.);
#207 = EDGE_CURVE('',#208,#200,#210,.T.);
#208 = VERTEX_POINT('',#209);
#209 = CARTESIAN_POINT('',(97.267492,36.9226,0.));
#210 = LINE('',#211,#212);
#211 = CARTESIAN_POINT('',(97.267492,36.9226,0.));
#212 = VECTOR('',#213,1.);
#213 = DIRECTION('',(0.994595642889,0.103824405353,0.));
#214 = ORIENTED_EDGE('',*,*,#215,.F.);
#215 = EDGE_CURVE('',#216,#208,#218,.T.);
#216 = VERTEX_POINT('',#217);
#217 = CARTESIAN_POINT('',(96.424473,36.824443,0.));
#218 = LINE('',#219,#220);
#219 = CARTESIAN_POINT('',(96.424473,36.824443,0.));
#220 = VECTOR('',#221,1.);
#221 = DIRECTION('',(0.993289587852,0.115653770644,0.));
#222 = ORIENTED_EDGE('',*,*,#223,.F.);
#223 = EDGE_CURVE('',#224,#216,#226,.T.);
#224 = VERTEX_POINT('',#225);
#225 = CARTESIAN_POINT('',(95.574368,36.715264,0.));
#226 = LINE('',#227,#228);
#227 = CARTESIAN_POINT('',(95.574368,36.715264,0.));
#228 = VECTOR('',#229,1.);
#229 = DIRECTION('',(0.991853505769,0.127383763072,0.));
#230 = ORIENTED_EDGE('',*,*,#231,.F.);
#231 = EDGE_CURVE('',#232,#224,#234,.T.);
#232 = VERTEX_POINT('',#233);
#233 = CARTESIAN_POINT('',(94.724225,36.595915,0.));
#234 = LINE('',#235,#236);
#235 = CARTESIAN_POINT('',(94.724225,36.595915,0.));
#236 = VECTOR('',#237,1.);
#237 = DIRECTION('',(0.990289056948,0.139023680319,0.));
#238 = ORIENTED_EDGE('',*,*,#239,.F.);
#239 = EDGE_CURVE('',#240,#232,#242,.T.);
#240 = VERTEX_POINT('',#241);
#241 = CARTESIAN_POINT('',(93.86908,36.465663,0.));
#242 = LINE('',#243,#244);
#243 = CARTESIAN_POINT('',(93.86908,36.465663,0.));
#244 = VECTOR('',#245,1.);
#245 = DIRECTION('',(0.988597981944,0.150578982914,0.));
#246 = ORIENTED_EDGE('',*,*,#247,.F.);
#247 = EDGE_CURVE('',#248,#240,#250,.T.);
#248 = VERTEX_POINT('',#249);
#249 = CARTESIAN_POINT('',(93.014717,36.325351,0.));
#250 = LINE('',#251,#252);
#251 = CARTESIAN_POINT('',(93.014717,36.325351,0.));
#252 = VECTOR('',#253,1.);
#253 = DIRECTION('',(0.986781067941,0.162059013797,0.));
#254 = ORIENTED_EDGE('',*,*,#255,.F.);
#255 = EDGE_CURVE('',#256,#248,#258,.T.);
#256 = VERTEX_POINT('',#257);
#257 = CARTESIAN_POINT('',(92.157557,36.174372,0.));
#258 = LINE('',#259,#260);
#259 = CARTESIAN_POINT('',(92.157557,36.174372,0.));
#260 = VECTOR('',#261,1.);
#261 = DIRECTION('',(0.984839455792,0.173468286196,0.));
#262 = ORIENTED_EDGE('',*,*,#263,.F.);
#263 = EDGE_CURVE('',#264,#256,#266,.T.);
#264 = VERTEX_POINT('',#265);
#265 = CARTESIAN_POINT('',(91.302019,36.01348,0.));
#266 = LINE('',#267,#268);
#267 = CARTESIAN_POINT('',(91.302019,36.01348,0.));
#268 = VECTOR('',#269,1.);
#269 = DIRECTION('',(0.982772456021,0.184819640968,0.));
#270 = ORIENTED_EDGE('',*,*,#271,.F.);
#271 = EDGE_CURVE('',#272,#264,#274,.T.);
#272 = VERTEX_POINT('',#273);
#273 = CARTESIAN_POINT('',(90.445972,35.842272,0.));
#274 = LINE('',#275,#276);
#275 = CARTESIAN_POINT('',(90.445972,35.842272,0.));
#276 = VECTOR('',#277,1.);
#277 = DIRECTION('',(0.980580984087,0.196114593152,0.));
#278 = ORIENTED_EDGE('',*,*,#279,.F.);
#279 = EDGE_CURVE('',#280,#272,#282,.T.);
#280 = VERTEX_POINT('',#281);
#281 = CARTESIAN_POINT('',(89.592398,35.661338,0.));
#282 = LINE('',#283,#284);
#283 = CARTESIAN_POINT('',(89.592398,35.661338,0.));
#284 = VECTOR('',#285,1.);
#285 = DIRECTION('',(0.978263695697,0.207364755156,0.));
#286 = ORIENTED_EDGE('',*,*,#287,.F.);
#287 = EDGE_CURVE('',#288,#280,#290,.T.);
#288 = VERTEX_POINT('',#289);
#289 = CARTESIAN_POINT('',(88.193698,35.343139,0.));
#290 = LINE('',#291,#292);
#291 = CARTESIAN_POINT('',(88.193698,35.343139,0.));
#292 = VECTOR('',#293,1.);
#293 = DIRECTION('',(0.975085732498,0.221828344173,0.));
#294 = ORIENTED_EDGE('',*,*,#295,.F.);
#295 = EDGE_CURVE('',#296,#288,#298,.T.);
#296 = VERTEX_POINT('',#297);
#297 = CARTESIAN_POINT('',(87.304414,35.127084,0.));
#298 = LINE('',#299,#300);
#299 = CARTESIAN_POINT('',(87.304414,35.127084,0.));
#300 = VECTOR('',#301,1.);
#301 = DIRECTION('',(0.97173214171,0.236086096092,0.));
#302 = ORIENTED_EDGE('',*,*,#303,.F.);
#303 = EDGE_CURVE('',#304,#296,#306,.T.);
#304 = VERTEX_POINT('',#305);
#305 = CARTESIAN_POINT('',(86.419819,34.901669,0.));
#306 = LINE('',#307,#308);
#307 = CARTESIAN_POINT('',(86.419819,34.901669,0.));
#308 = VECTOR('',#309,1.);
#309 = DIRECTION('',(0.969032886445,0.246931701059,0.));
#310 = ORIENTED_EDGE('',*,*,#311,.F.);
#311 = EDGE_CURVE('',#312,#304,#314,.T.);
#312 = VERTEX_POINT('',#313);
#313 = CARTESIAN_POINT('',(85.521034,34.661996,0.));
#314 = LINE('',#315,#316);
#315 = CARTESIAN_POINT('',(85.521034,34.661996,0.));
#316 = VECTOR('',#317,1.);
#317 = DIRECTION('',(0.966235742536,0.257659639536,0.));
#318 = ORIENTED_EDGE('',*,*,#319,.F.);
#319 = EDGE_CURVE('',#320,#312,#322,.T.);
#320 = VERTEX_POINT('',#321);
#321 = CARTESIAN_POINT('',(84.627642,34.413203,0.));
#322 = LINE('',#323,#324);
#323 = CARTESIAN_POINT('',(84.627642,34.413203,0.));
#324 = VECTOR('',#325,1.);
#325 = DIRECTION('',(0.96334292101,0.268273026115,0.));
#326 = ORIENTED_EDGE('',*,*,#327,.F.);
#327 = EDGE_CURVE('',#328,#320,#330,.T.);
#328 = VERTEX_POINT('',#329);
#329 = CARTESIAN_POINT('',(83.720327,34.149825,0.));
#330 = LINE('',#331,#332);
#331 = CARTESIAN_POINT('',(83.720327,34.149825,0.));
#332 = VECTOR('',#333,1.);
#333 = DIRECTION('',(0.96035643791,0.278775020697,0.));
#334 = ORIENTED_EDGE('',*,*,#335,.F.);
#335 = EDGE_CURVE('',#336,#328,#338,.T.);
#336 = VERTEX_POINT('',#337);
#337 = CARTESIAN_POINT('',(82.819176,33.877613,0.));
#338 = LINE('',#339,#340);
#339 = CARTESIAN_POINT('',(82.819176,33.877613,0.));
#340 = VECTOR('',#341,1.);
#341 = DIRECTION('',(0.957278786932,0.289166602654,0.));
#342 = ORIENTED_EDGE('',*,*,#343,.F.);
#343 = EDGE_CURVE('',#344,#336,#346,.T.);
#344 = VERTEX_POINT('',#345);
#345 = CARTESIAN_POINT('',(81.904507,33.590541,0.));
#346 = LINE('',#347,#348);
#347 = CARTESIAN_POINT('',(81.904507,33.590541,0.));
#348 = VECTOR('',#349,1.);
#349 = DIRECTION('',(0.954111617392,0.299451200629,0.));
#350 = ORIENTED_EDGE('',*,*,#351,.F.);
#351 = EDGE_CURVE('',#352,#344,#354,.T.);
#352 = VERTEX_POINT('',#353);
#353 = CARTESIAN_POINT('',(80.996848,33.294978,0.));
#354 = LINE('',#355,#356);
#355 = CARTESIAN_POINT('',(80.996848,33.294978,0.));
#356 = VECTOR('',#357,1.);
#357 = DIRECTION('',(0.950857208832,0.30962972792,0.));
#358 = ORIENTED_EDGE('',*,*,#359,.F.);
#359 = EDGE_CURVE('',#360,#352,#362,.T.);
#360 = VERTEX_POINT('',#361);
#361 = CARTESIAN_POINT('',(80.076235,32.984348,0.));
#362 = LINE('',#363,#364);
#363 = CARTESIAN_POINT('',(80.076235,32.984348,0.));
#364 = VECTOR('',#365,1.);
#365 = DIRECTION('',(0.947516253081,0.319707601016,0.));
#366 = ORIENTED_EDGE('',*,*,#367,.F.);
#367 = EDGE_CURVE('',#368,#360,#370,.T.);
#368 = VERTEX_POINT('',#369);
#369 = CARTESIAN_POINT('',(79.16356,32.665633,0.));
#370 = LINE('',#371,#372);
#371 = CARTESIAN_POINT('',(79.16356,32.665633,0.));
#372 = VECTOR('',#373,1.);
#373 = DIRECTION('',(0.944090752016,0.329685686612,0.));
#374 = ORIENTED_EDGE('',*,*,#375,.F.);
#375 = EDGE_CURVE('',#376,#368,#378,.T.);
#376 = VERTEX_POINT('',#377);
#377 = CARTESIAN_POINT('',(78.23869,32.331736,0.));
#378 = LINE('',#379,#380);
#379 = CARTESIAN_POINT('',(78.23869,32.331736,0.));
#380 = VECTOR('',#381,1.);
#381 = DIRECTION('',(0.940581132493,0.339569040401,0.));
#382 = ORIENTED_EDGE('',*,*,#383,.F.);
#383 = EDGE_CURVE('',#384,#376,#386,.T.);
#384 = VERTEX_POINT('',#385);
#385 = CARTESIAN_POINT('',(77.322771,31.99023,0.));
#386 = LINE('',#387,#388);
#387 = CARTESIAN_POINT('',(77.322771,31.99023,0.));
#388 = VECTOR('',#389,1.);
#389 = DIRECTION('',(0.936987946871,0.349361685677,0.));
#390 = ORIENTED_EDGE('',*,*,#391,.F.);
#391 = EDGE_CURVE('',#392,#384,#394,.T.);
#392 = VERTEX_POINT('',#393);
#393 = CARTESIAN_POINT('',(76.395647,31.633546,0.));
#394 = LINE('',#395,#396);
#395 = CARTESIAN_POINT('',(76.395647,31.633546,0.));
#396 = VECTOR('',#397,1.);
#397 = DIRECTION('',(0.933312599922,0.359064883867,0.));
#398 = ORIENTED_EDGE('',*,*,#399,.F.);
#399 = EDGE_CURVE('',#400,#392,#402,.T.);
#400 = VERTEX_POINT('',#401);
#401 = CARTESIAN_POINT('',(75.478577,31.269811,0.));
#402 = LINE('',#403,#404);
#403 = CARTESIAN_POINT('',(75.478577,31.269811,0.));
#404 = VECTOR('',#405,1.);
#405 = DIRECTION('',(0.929553827713,0.368686426906,0.));
#406 = ORIENTED_EDGE('',*,*,#407,.F.);
#407 = EDGE_CURVE('',#408,#400,#410,.T.);
#408 = VERTEX_POINT('',#409);
#409 = CARTESIAN_POINT('',(74.551563,30.89105,0.));
#410 = LINE('',#411,#412);
#411 = CARTESIAN_POINT('',(74.551563,30.89105,0.));
#412 = VECTOR('',#413,1.);
#413 = DIRECTION('',(0.925712044675,0.378229044818,0.));
#414 = ORIENTED_EDGE('',*,*,#415,.F.);
#415 = EDGE_CURVE('',#416,#408,#418,.T.);
#416 = VERTEX_POINT('',#417);
#417 = CARTESIAN_POINT('',(73.635805,30.505889,0.));
#418 = LINE('',#419,#420);
#419 = CARTESIAN_POINT('',(73.635805,30.505889,0.));
#420 = VECTOR('',#421,1.);
#421 = DIRECTION('',(0.921786979124,0.387696743754,0.));
#422 = ORIENTED_EDGE('',*,*,#423,.F.);
#423 = EDGE_CURVE('',#424,#416,#426,.T.);
#424 = VERTEX_POINT('',#425);
#425 = CARTESIAN_POINT('',(73.317601,30.369516,0.));
#426 = LINE('',#427,#428);
#427 = CARTESIAN_POINT('',(73.317601,30.369516,0.));
#428 = VECTOR('',#429,1.);
#429 = DIRECTION('',(0.919145179425,0.393918949962,0.));
#430 = ORIENTED_EDGE('',*,*,#431,.F.);
#431 = EDGE_CURVE('',#432,#424,#434,.T.);
#432 = VERTEX_POINT('',#433);
#433 = CARTESIAN_POINT('',(72.355499,29.949527,0.));
#434 = LINE('',#435,#436);
#435 = CARTESIAN_POINT('',(72.355499,29.949527,0.));
#436 = VECTOR('',#437,1.);
#437 = DIRECTION('',(0.916482566469,0.400074624737,0.));
#438 = ORIENTED_EDGE('',*,*,#439,.F.);
#439 = EDGE_CURVE('',#440,#432,#442,.T.);
#440 = VERTEX_POINT('',#441);
#441 = CARTESIAN_POINT('',(71.405802,29.523699,0.));
#442 = LINE('',#443,#444);
#443 = CARTESIAN_POINT('',(71.405802,29.523699,0.));
#444 = VECTOR('',#445,1.);
#445 = DIRECTION('',(0.912472826497,0.409137313018,0.));
#446 = ORIENTED_EDGE('',*,*,#447,.F.);
#447 = EDGE_CURVE('',#448,#440,#450,.T.);
#448 = VERTEX_POINT('',#449);
#449 = CARTESIAN_POINT('',(70.431026,29.075055,0.));
#450 = LINE('',#451,#452);
#451 = CARTESIAN_POINT('',(70.431026,29.075055,0.));
#452 = VECTOR('',#453,1.);
#453 = DIRECTION('',(0.908403027141,0.418095611411,0.));
#454 = ORIENTED_EDGE('',*,*,#455,.F.);
#455 = EDGE_CURVE('',#456,#448,#458,.T.);
#456 = VERTEX_POINT('',#457);
#457 = CARTESIAN_POINT('',(69.469389,28.621051,0.));
#458 = LINE('',#459,#460);
#459 = CARTESIAN_POINT('',(69.469389,28.621051,0.));
#460 = VECTOR('',#461,1.);
#461 = DIRECTION('',(0.904285809824,0.426927598255,0.));
#462 = ORIENTED_EDGE('',*,*,#463,.F.);
#463 = EDGE_CURVE('',#464,#456,#466,.T.);
#464 = VERTEX_POINT('',#465);
#465 = CARTESIAN_POINT('',(68.477096,28.140799,0.));
#466 = LINE('',#467,#468);
#467 = CARTESIAN_POINT('',(68.477096,28.140799,0.));
#468 = VECTOR('',#469,1.);
#469 = DIRECTION('',(0.900120045424,0.435641944521,0.));
#470 = ORIENTED_EDGE('',*,*,#471,.F.);
#471 = EDGE_CURVE('',#472,#464,#474,.T.);
#472 = VERTEX_POINT('',#473);
#473 = CARTESIAN_POINT('',(67.498869,27.655772,0.));
#474 = LINE('',#475,#476);
#475 = CARTESIAN_POINT('',(67.498869,27.655772,0.));
#476 = VECTOR('',#477,1.);
#477 = DIRECTION('',(0.895919244699,0.444216959355,0.));
#478 = ORIENTED_EDGE('',*,*,#479,.F.);
#479 = EDGE_CURVE('',#480,#472,#482,.T.);
#480 = VERTEX_POINT('',#481);
#481 = CARTESIAN_POINT('',(66.482116,27.139621,0.));
#482 = LINE('',#483,#484);
#483 = CARTESIAN_POINT('',(66.482116,27.139621,0.));
#484 = VECTOR('',#485,1.);
#485 = DIRECTION('',(0.891683292206,0.452659813106,0.));
#486 = ORIENTED_EDGE('',*,*,#487,.F.);
#487 = EDGE_CURVE('',#488,#480,#490,.T.);
#488 = VERTEX_POINT('',#489);
#489 = CARTESIAN_POINT('',(65.480636,26.619438,0.));
#490 = LINE('',#491,#492);
#491 = CARTESIAN_POINT('',(65.480636,26.619438,0.));
#492 = VECTOR('',#493,1.);
#493 = DIRECTION('',(0.887429470073,0.46094352761,0.));
#494 = ORIENTED_EDGE('',*,*,#495,.F.);
#495 = EDGE_CURVE('',#496,#488,#498,.T.);
#496 = VERTEX_POINT('',#497);
#497 = CARTESIAN_POINT('',(64.428754,26.060735,0.));
#498 = LINE('',#499,#500);
#499 = CARTESIAN_POINT('',(64.428754,26.060735,0.));
#500 = VECTOR('',#501,1.);
#501 = DIRECTION('',(0.883153741913,0.46908364728,0.));
#502 = ORIENTED_EDGE('',*,*,#503,.F.);
#503 = EDGE_CURVE('',#504,#496,#506,.T.);
#504 = VERTEX_POINT('',#505);
#505 = CARTESIAN_POINT('',(63.393804,25.498987,0.));
#506 = LINE('',#507,#508);
#507 = CARTESIAN_POINT('',(63.393804,25.498987,0.));
#508 = VECTOR('',#509,1.);
#509 = DIRECTION('',(0.878882627396,0.47703807737,0.));
#510 = ORIENTED_EDGE('',*,*,#511,.F.);
#511 = EDGE_CURVE('',#512,#504,#514,.T.);
#512 = VERTEX_POINT('',#513);
#513 = CARTESIAN_POINT('',(62.288664,24.886358,0.));
#514 = LINE('',#515,#516);
#515 = CARTESIAN_POINT('',(62.288664,24.886358,0.));
#516 = VECTOR('',#517,1.);
#517 = DIRECTION('',(0.8746063192,0.484833771943,0.));
#518 = ORIENTED_EDGE('',*,*,#519,.F.);
#519 = EDGE_CURVE('',#520,#512,#522,.T.);
#520 = VERTEX_POINT('',#521);
#521 = CARTESIAN_POINT('',(61.202922,24.272101,0.));
#522 = LINE('',#523,#524);
#523 = CARTESIAN_POINT('',(61.202922,24.272101,0.));
#524 = VECTOR('',#525,1.);
#525 = DIRECTION('',(0.870364720496,0.492407608914,0.));
#526 = ORIENTED_EDGE('',*,*,#527,.F.);
#527 = EDGE_CURVE('',#528,#520,#530,.T.);
#528 = VERTEX_POINT('',#529);
#529 = CARTESIAN_POINT('',(60.008168,23.582655,0.));
#530 = LINE('',#531,#532);
#531 = CARTESIAN_POINT('',(60.008168,23.582655,0.));
#532 = VECTOR('',#533,1.);
#533 = DIRECTION('',(0.866133853471,0.499812112569,0.));
#534 = ORIENTED_EDGE('',*,*,#535,.F.);
#535 = EDGE_CURVE('',#536,#528,#538,.T.);
#536 = VERTEX_POINT('',#537);
#537 = CARTESIAN_POINT('',(58.837006,22.893888,0.));
#538 = LINE('',#539,#540);
#539 = CARTESIAN_POINT('',(58.837006,22.893888,0.));
#540 = VECTOR('',#541,1.);
#541 = DIRECTION('',(0.861983044919,0.506937106822,0.));
#542 = ORIENTED_EDGE('',*,*,#543,.F.);
#543 = EDGE_CURVE('',#544,#536,#546,.T.);
#544 = VERTEX_POINT('',#545);
#545 = CARTESIAN_POINT('',(58.185425,22.505543,0.));
#546 = LINE('',#547,#548);
#547 = CARTESIAN_POINT('',(58.185425,22.505543,0.));
#548 = VECTOR('',#549,1.);
#549 = DIRECTION('',(0.859003515748,0.511969686537,0.));
#550 = ORIENTED_EDGE('',*,*,#551,.F.);
#551 = EDGE_CURVE('',#552,#544,#554,.T.);
#552 = VERTEX_POINT('',#553);
#553 = CARTESIAN_POINT('',(56.997496,21.788368,0.));
#554 = LINE('',#555,#556);
#555 = CARTESIAN_POINT('',(56.997496,21.788368,0.));
#556 = VECTOR('',#557,1.);
#557 = DIRECTION('',(0.856085219259,0.51683469056,0.));
#558 = ORIENTED_EDGE('',*,*,#559,.F.);
#559 = EDGE_CURVE('',#560,#552,#562,.T.);
#560 = VERTEX_POINT('',#561);
#561 = CARTESIAN_POINT('',(55.833763,21.074027,0.));
#562 = LINE('',#563,#564);
#563 = CARTESIAN_POINT('',(55.833763,21.074027,0.));
#564 = VECTOR('',#565,1.);
#565 = DIRECTION('',(0.852246943649,0.523139701266,0.));
#566 = ORIENTED_EDGE('',*,*,#567,.F.);
#567 = EDGE_CURVE('',#568,#560,#570,.T.);
#568 = VERTEX_POINT('',#569);
#569 = CARTESIAN_POINT('',(54.675277,20.35098,0.));
#570 = LINE('',#571,#572);
#571 = CARTESIAN_POINT('',(54.675277,20.35098,0.));
#572 = VECTOR('',#573,1.);
#573 = DIRECTION('',(0.848329471827,0.529468702786,0.));
#574 = ORIENTED_EDGE('',*,*,#575,.F.);
#575 = EDGE_CURVE('',#576,#568,#578,.T.);
#576 = VERTEX_POINT('',#577);
#577 = CARTESIAN_POINT('',(53.541485,19.63146,0.));
#578 = LINE('',#579,#580);
#579 = CARTESIAN_POINT('',(53.541485,19.63146,0.));
#580 = VECTOR('',#581,1.);
#581 = DIRECTION('',(0.844330042169,0.535823459631,0.));
#582 = ORIENTED_EDGE('',*,*,#583,.F.);
#583 = EDGE_CURVE('',#584,#576,#586,.T.);
#584 = VERTEX_POINT('',#585);
#585 = CARTESIAN_POINT('',(52.412946,18.903222,0.));
#586 = LINE('',#587,#588);
#587 = CARTESIAN_POINT('',(52.412946,18.903222,0.));
#588 = VECTOR('',#589,1.);
#589 = DIRECTION('',(0.84024633732,0.542204843782,0.));
#590 = ORIENTED_EDGE('',*,*,#591,.F.);
#591 = EDGE_CURVE('',#592,#584,#594,.T.);
#592 = VERTEX_POINT('',#593);
#593 = CARTESIAN_POINT('',(51.309644,18.179265,0.));
#594 = LINE('',#595,#596);
#595 = CARTESIAN_POINT('',(51.309644,18.179265,0.));
#596 = VECTOR('',#597,1.);
#597 = DIRECTION('',(0.836077434172,0.548611450909,0.));
#598 = ORIENTED_EDGE('',*,*,#599,.F.);
#599 = EDGE_CURVE('',#600,#592,#602,.T.);
#600 = VERTEX_POINT('',#601);
#601 = CARTESIAN_POINT('',(50.211623,17.44659,0.));
#602 = LINE('',#603,#604);
#603 = CARTESIAN_POINT('',(50.211623,17.44659,0.));
#604 = VECTOR('',#605,1.);
#605 = DIRECTION('',(0.8318191074,0.555046820156,0.));
#606 = ORIENTED_EDGE('',*,*,#607,.F.);
#607 = EDGE_CURVE('',#608,#600,#610,.T.);
#608 = VERTEX_POINT('',#609);
#609 = CARTESIAN_POINT('',(49.139434,16.719019,0.));
#610 = LINE('',#611,#612);
#611 = CARTESIAN_POINT('',(49.139434,16.719019,0.));
#612 = VECTOR('',#613,1.);
#613 = DIRECTION('',(0.82747069019,0.561508910772,0.));
#614 = ORIENTED_EDGE('',*,*,#615,.F.);
#615 = EDGE_CURVE('',#616,#608,#618,.T.);
#616 = VERTEX_POINT('',#617);
#617 = CARTESIAN_POINT('',(48.072583,15.982747,0.));
#618 = LINE('',#619,#620);
#619 = CARTESIAN_POINT('',(48.072583,15.982747,0.));
#620 = VECTOR('',#621,1.);
#621 = DIRECTION('',(0.823027891388,0.568000959504,0.));
#622 = ORIENTED_EDGE('',*,*,#623,.F.);
#623 = EDGE_CURVE('',#624,#616,#626,.T.);
#624 = VERTEX_POINT('',#625);
#625 = CARTESIAN_POINT('',(47.032217,15.252485,0.));
#626 = LINE('',#627,#628);
#627 = CARTESIAN_POINT('',(47.032217,15.252485,0.));
#628 = VECTOR('',#629,1.);
#629 = DIRECTION('',(0.818489880363,0.574520944565,0.));
#630 = ORIENTED_EDGE('',*,*,#631,.F.);
#631 = EDGE_CURVE('',#632,#624,#634,.T.);
#632 = VERTEX_POINT('',#633);
#633 = CARTESIAN_POINT('',(45.997279,14.513559,0.));
#634 = LINE('',#635,#636);
#635 = CARTESIAN_POINT('',(45.997279,14.513559,0.));
#636 = VECTOR('',#637,1.);
#637 = DIRECTION('',(0.813850773482,0.581073935488,0.));
#638 = ORIENTED_EDGE('',*,*,#639,.F.);
#639 = EDGE_CURVE('',#640,#632,#642,.T.);
#640 = VERTEX_POINT('',#641);
#641 = CARTESIAN_POINT('',(44.989547,13.781644,0.));
#642 = LINE('',#643,#644);
#643 = CARTESIAN_POINT('',(44.989547,13.781644,0.));
#644 = VECTOR('',#645,1.);
#645 = DIRECTION('',(0.80911058493,0.587656414373,0.));
#646 = ORIENTED_EDGE('',*,*,#647,.F.);
#647 = EDGE_CURVE('',#648,#640,#650,.T.);
#648 = VERTEX_POINT('',#649);
#649 = CARTESIAN_POINT('',(44.930452,13.738357,0.));
#650 = LINE('',#651,#652);
#651 = CARTESIAN_POINT('',(44.930452,13.738357,0.));
#652 = VECTOR('',#653,1.);
#653 = DIRECTION('',(0.806726038557,0.590925628751,0.));
#654 = ORIENTED_EDGE('',*,*,#655,.F.);
#655 = EDGE_CURVE('',#656,#648,#658,.T.);
#656 = VERTEX_POINT('',#657);
#657 = CARTESIAN_POINT('',(44.871357,13.781644,0.));
#658 = LINE('',#659,#660);
#659 = CARTESIAN_POINT('',(44.871357,13.781644,0.));
#660 = VECTOR('',#661,1.);
#661 = DIRECTION('',(0.806726038557,-0.590925628751,0.));
#662 = ORIENTED_EDGE('',*,*,#663,.F.);
#663 = EDGE_CURVE('',#664,#656,#666,.T.);
#664 = VERTEX_POINT('',#665);
#665 = CARTESIAN_POINT('',(43.863622,14.513561,0.));
#666 = LINE('',#667,#668);
#667 = CARTESIAN_POINT('',(43.863622,14.513561,0.));
#668 = VECTOR('',#669,1.);
#669 = DIRECTION('',(0.809110653227,-0.58765632034,0.));
#670 = ORIENTED_EDGE('',*,*,#671,.F.);
#671 = EDGE_CURVE('',#672,#664,#674,.T.);
#672 = VERTEX_POINT('',#673);
#673 = CARTESIAN_POINT('',(42.828681,15.252489,0.));
#674 = LINE('',#675,#676);
#675 = CARTESIAN_POINT('',(42.828681,15.252489,0.));
#676 = VECTOR('',#677,1.);
#677 = DIRECTION('',(0.813850826268,-0.581073861556,0.));
#678 = ORIENTED_EDGE('',*,*,#679,.F.);
#679 = EDGE_CURVE('',#680,#672,#682,.T.);
#680 = VERTEX_POINT('',#681);
#681 = CARTESIAN_POINT('',(41.788313,15.982752,0.));
#682 = LINE('',#683,#684);
#683 = CARTESIAN_POINT('',(41.788313,15.982752,0.));
#684 = VECTOR('',#685,1.);
#685 = DIRECTION('',(0.81849002977,-0.574520731712,0.));
#686 = ORIENTED_EDGE('',*,*,#687,.F.);
#687 = EDGE_CURVE('',#688,#680,#690,.T.);
#688 = VERTEX_POINT('',#689);
#689 = CARTESIAN_POINT('',(40.72146,16.719026,0.));
#690 = LINE('',#691,#692);
#691 = CARTESIAN_POINT('',(40.72146,16.719026,0.));
#692 = VECTOR('',#693,1.);
#693 = DIRECTION('',(0.823027667889,-0.568001283352,0.));
#694 = ORIENTED_EDGE('',*,*,#695,.F.);
#695 = EDGE_CURVE('',#696,#688,#698,.T.);
#696 = VERTEX_POINT('',#697);
#697 = CARTESIAN_POINT('',(39.64927,17.446597,0.));
#698 = LINE('',#699,#700);
#699 = CARTESIAN_POINT('',(39.64927,17.446597,0.));
#700 = VECTOR('',#701,1.);
#701 = DIRECTION('',(0.827470933519,-0.561508552189,0.));
#702 = ORIENTED_EDGE('',*,*,#703,.F.);
#703 = EDGE_CURVE('',#704,#696,#706,.T.);
#704 = VERTEX_POINT('',#705);
#705 = CARTESIAN_POINT('',(38.551248,18.179273,0.));
#706 = LINE('',#707,#708);
#707 = CARTESIAN_POINT('',(38.551248,18.179273,0.));
#708 = VECTOR('',#709,1.);
#709 = DIRECTION('',(0.831818991022,-0.555046994565,0.));
#710 = ORIENTED_EDGE('',*,*,#711,.F.);
#711 = EDGE_CURVE('',#712,#704,#714,.T.);
#712 = VERTEX_POINT('',#713);
#713 = CARTESIAN_POINT('',(37.447945,18.903231,0.));
#714 = LINE('',#715,#716);
#715 = CARTESIAN_POINT('',(37.447945,18.903231,0.));
#716 = VECTOR('',#717,1.);
#717 = DIRECTION('',(0.836077314662,-0.54861163304,0.));
#718 = ORIENTED_EDGE('',*,*,#719,.F.);
#719 = EDGE_CURVE('',#720,#712,#722,.T.);
#720 = VERTEX_POINT('',#721);
#721 = CARTESIAN_POINT('',(36.319405,19.631469,0.));
#722 = LINE('',#723,#724);
#723 = CARTESIAN_POINT('',(36.319405,19.631469,0.));
#724 = VECTOR('',#725,1.);
#725 = DIRECTION('',(0.840246556205,-0.542204504579,0.));
#726 = ORIENTED_EDGE('',*,*,#727,.F.);
#727 = EDGE_CURVE('',#728,#720,#730,.T.);
#728 = VERTEX_POINT('',#729);
#729 = CARTESIAN_POINT('',(35.185613,20.350989,0.));
#730 = LINE('',#731,#732);
#731 = CARTESIAN_POINT('',(35.185613,20.350989,0.));
#732 = VECTOR('',#733,1.);
#733 = DIRECTION('',(0.844330042169,-0.535823459631,0.));
#734 = ORIENTED_EDGE('',*,*,#735,.F.);
#735 = EDGE_CURVE('',#736,#728,#738,.T.);
#736 = VERTEX_POINT('',#737);
#737 = CARTESIAN_POINT('',(34.027127,21.074036,0.));
#738 = LINE('',#739,#740);
#739 = CARTESIAN_POINT('',(34.027127,21.074036,0.));
#740 = VECTOR('',#741,1.);
#741 = DIRECTION('',(0.848329471827,-0.529468702786,0.));
#742 = ORIENTED_EDGE('',*,*,#743,.F.);
#743 = EDGE_CURVE('',#744,#736,#746,.T.);
#744 = VERTEX_POINT('',#745);
#745 = CARTESIAN_POINT('',(32.863394,21.788376,0.));
#746 = LINE('',#747,#748);
#747 = CARTESIAN_POINT('',(32.863394,21.788376,0.));
#748 = VECTOR('',#749,1.);
#749 = DIRECTION('',(0.852247270158,-0.52313916935,0.));
#750 = ORIENTED_EDGE('',*,*,#751,.F.);
#751 = EDGE_CURVE('',#752,#744,#754,.T.);
#752 = VERTEX_POINT('',#753);
#753 = CARTESIAN_POINT('',(31.675465,22.505552,0.));
#754 = LINE('',#755,#756);
#755 = CARTESIAN_POINT('',(31.675465,22.505552,0.));
#756 = VECTOR('',#757,1.);
#757 = DIRECTION('',(0.856084900403,-0.516835218714,0.));
#758 = ORIENTED_EDGE('',*,*,#759,.F.);
#759 = EDGE_CURVE('',#760,#752,#762,.T.);
#760 = VERTEX_POINT('',#761);
#761 = CARTESIAN_POINT('',(31.023898,22.893888,0.));
#762 = LINE('',#763,#764);
#763 = CARTESIAN_POINT('',(31.023898,22.893888,0.));
#764 = VECTOR('',#765,1.);
#765 = DIRECTION('',(0.85900389606,-0.511969048433,0.));
#766 = ORIENTED_EDGE('',*,*,#767,.F.);
#767 = EDGE_CURVE('',#768,#760,#770,.T.);
#768 = VERTEX_POINT('',#769);
#769 = CARTESIAN_POINT('',(29.852733,23.582657,0.));
#770 = LINE('',#771,#772);
#771 = CARTESIAN_POINT('',(29.852733,23.582657,0.));
#772 = VECTOR('',#773,1.);
#773 = DIRECTION('',(0.86198296912,-0.506937235708,0.));
#774 = ORIENTED_EDGE('',*,*,#775,.F.);
#775 = EDGE_CURVE('',#776,#768,#778,.T.);
#776 = VERTEX_POINT('',#777);
#777 = CARTESIAN_POINT('',(28.657976,24.272105,0.));
#778 = LINE('',#779,#780);
#779 = CARTESIAN_POINT('',(28.657976,24.272105,0.));
#780 = VECTOR('',#781,1.);
#781 = DIRECTION('',(0.866133769108,-0.499812258764,0.));
#782 = ORIENTED_EDGE('',*,*,#783,.F.);
#783 = EDGE_CURVE('',#784,#776,#786,.T.);
#784 = VERTEX_POINT('',#785);
#785 = CARTESIAN_POINT('',(27.572233,24.886362,0.));
#786 = LINE('',#787,#788);
#787 = CARTESIAN_POINT('',(27.572233,24.886362,0.));
#788 = VECTOR('',#789,1.);
#789 = DIRECTION('',(0.870364914863,-0.492407265356,0.));
#790 = ORIENTED_EDGE('',*,*,#791,.F.);
#791 = EDGE_CURVE('',#792,#784,#794,.T.);
#792 = VERTEX_POINT('',#793);
#793 = CARTESIAN_POINT('',(26.467091,25.498992,0.));
#794 = LINE('',#795,#796);
#795 = CARTESIAN_POINT('',(26.467091,25.498992,0.));
#796 = VECTOR('',#797,1.);
#797 = DIRECTION('',(0.874606355674,-0.484833706145,0.));
#798 = ORIENTED_EDGE('',*,*,#799,.F.);
#799 = EDGE_CURVE('',#800,#792,#802,.T.);
#800 = VERTEX_POINT('',#801);
#801 = CARTESIAN_POINT('',(25.432141,26.060739,0.));
#802 = LINE('',#803,#804);
#803 = CARTESIAN_POINT('',(25.432141,26.060739,0.));
#804 = VECTOR('',#805,1.);
#805 = DIRECTION('',(0.878882983433,-0.477037421416,0.));
#806 = ORIENTED_EDGE('',*,*,#807,.F.);
#807 = EDGE_CURVE('',#808,#800,#810,.T.);
#808 = VERTEX_POINT('',#809);
#809 = CARTESIAN_POINT('',(24.380258,26.619443,0.));
#810 = LINE('',#811,#812);
#811 = CARTESIAN_POINT('',(24.380258,26.619443,0.));
#812 = VECTOR('',#813,1.);
#813 = DIRECTION('',(0.883153578836,-0.469083954308,0.));
#814 = ORIENTED_EDGE('',*,*,#815,.F.);
#815 = EDGE_CURVE('',#816,#808,#818,.T.);
#816 = VERTEX_POINT('',#817);
#817 = CARTESIAN_POINT('',(23.378779,27.139625,0.));
#818 = LINE('',#819,#820);
#819 = CARTESIAN_POINT('',(23.378779,27.139625,0.));
#820 = VECTOR('',#821,1.);
#821 = DIRECTION('',(0.887429644272,-0.460943192235,0.));
#822 = ORIENTED_EDGE('',*,*,#823,.F.);
#823 = EDGE_CURVE('',#824,#816,#826,.T.);
#824 = VERTEX_POINT('',#825);
#825 = CARTESIAN_POINT('',(22.362026,27.655777,0.));
#826 = LINE('',#827,#828);
#827 = CARTESIAN_POINT('',(22.362026,27.655777,0.));
#828 = VECTOR('',#829,1.);
#829 = DIRECTION('',(0.891682938226,-0.452660510401,0.));
#830 = ORIENTED_EDGE('',*,*,#831,.F.);
#831 = EDGE_CURVE('',#832,#824,#834,.T.);
#832 = VERTEX_POINT('',#833);
#833 = CARTESIAN_POINT('',(21.383799,28.140803,0.));
#834 = LINE('',#835,#836);
#835 = CARTESIAN_POINT('',(21.383799,28.140803,0.));
#836 = VECTOR('',#837,1.);
#837 = DIRECTION('',(0.895919609195,-0.444216224219,0.));
#838 = ORIENTED_EDGE('',*,*,#839,.F.);
#839 = EDGE_CURVE('',#840,#832,#842,.T.);
#840 = VERTEX_POINT('',#841);
#841 = CARTESIAN_POINT('',(20.391506,28.621055,0.));
#842 = LINE('',#843,#844);
#843 = CARTESIAN_POINT('',(20.391506,28.621055,0.));
#844 = VECTOR('',#845,1.);
#845 = DIRECTION('',(0.900120045424,-0.435641944521,0.));
#846 = ORIENTED_EDGE('',*,*,#847,.F.);
#847 = EDGE_CURVE('',#848,#840,#850,.T.);
#848 = VERTEX_POINT('',#849);
#849 = CARTESIAN_POINT('',(19.42987,29.075059,0.));
#850 = LINE('',#851,#852);
#851 = CARTESIAN_POINT('',(19.42987,29.075059,0.));
#852 = VECTOR('',#853,1.);
#853 = DIRECTION('',(0.904285638426,-0.426927961295,0.));
#854 = ORIENTED_EDGE('',*,*,#855,.F.);
#855 = EDGE_CURVE('',#856,#848,#858,.T.);
#856 = VERTEX_POINT('',#857);
#857 = CARTESIAN_POINT('',(18.455094,29.523702,0.));
#858 = LINE('',#859,#860);
#859 = CARTESIAN_POINT('',(18.455094,29.523702,0.));
#860 = VECTOR('',#861,1.);
#861 = DIRECTION('',(0.908403381079,-0.418094842402,0.));
#862 = ORIENTED_EDGE('',*,*,#863,.F.);
#863 = EDGE_CURVE('',#864,#856,#866,.T.);
#864 = VERTEX_POINT('',#865);
#865 = CARTESIAN_POINT('',(17.505398,29.94953,0.));
#866 = LINE('',#867,#868);
#867 = CARTESIAN_POINT('',(17.505398,29.94953,0.));
#868 = VECTOR('',#869,1.);
#869 = DIRECTION('',(0.912472665665,-0.409137671713,0.));
#870 = ORIENTED_EDGE('',*,*,#871,.F.);
#871 = EDGE_CURVE('',#872,#864,#874,.T.);
#872 = VERTEX_POINT('',#873);
#873 = CARTESIAN_POINT('',(16.543296,30.369518,0.));
#874 = LINE('',#875,#876);
#875 = CARTESIAN_POINT('',(16.543296,30.369518,0.));
#876 = VECTOR('',#877,1.);
#877 = DIRECTION('',(0.916482915744,-0.400073824623,0.));
#878 = ORIENTED_EDGE('',*,*,#879,.F.);
#879 = EDGE_CURVE('',#880,#872,#882,.T.);
#880 = VERTEX_POINT('',#881);
#881 = CARTESIAN_POINT('',(16.225098,30.505889,0.));
#882 = LINE('',#883,#884);
#883 = CARTESIAN_POINT('',(16.225098,30.505889,0.));
#884 = VECTOR('',#885,1.);
#885 = DIRECTION('',(0.919144581787,-0.393920344449,0.));
#886 = ORIENTED_EDGE('',*,*,#887,.F.);
#887 = EDGE_CURVE('',#888,#880,#890,.T.);
#888 = VERTEX_POINT('',#889);
#889 = CARTESIAN_POINT('',(15.30934,30.89105,0.));
#890 = LINE('',#891,#892);
#891 = CARTESIAN_POINT('',(15.30934,30.89105,0.));
#892 = VECTOR('',#893,1.);
#893 = DIRECTION('',(0.921786979124,-0.387696743754,0.));
#894 = ORIENTED_EDGE('',*,*,#895,.F.);
#895 = EDGE_CURVE('',#896,#888,#898,.T.);
#896 = VERTEX_POINT('',#897);
#897 = CARTESIAN_POINT('',(14.382326,31.269811,0.));
#898 = LINE('',#899,#900);
#899 = CARTESIAN_POINT('',(14.382326,31.269811,0.));
#900 = VECTOR('',#901,1.);
#901 = DIRECTION('',(0.925712044675,-0.378229044818,0.));
#902 = ORIENTED_EDGE('',*,*,#903,.F.);
#903 = EDGE_CURVE('',#904,#896,#906,.T.);
#904 = VERTEX_POINT('',#905);
#905 = CARTESIAN_POINT('',(13.465256,31.633546,0.));
#906 = LINE('',#907,#908);
#907 = CARTESIAN_POINT('',(13.465256,31.633546,0.));
#908 = VECTOR('',#909,1.);
#909 = DIRECTION('',(0.929553827713,-0.368686426906,0.));
#910 = ORIENTED_EDGE('',*,*,#911,.F.);
#911 = EDGE_CURVE('',#912,#904,#914,.T.);
#912 = VERTEX_POINT('',#913);
#913 = CARTESIAN_POINT('',(12.538132,31.99023,0.));
#914 = LINE('',#915,#916);
#915 = CARTESIAN_POINT('',(12.538132,31.99023,0.));
#916 = VECTOR('',#917,1.);
#917 = DIRECTION('',(0.933312599922,-0.359064883867,0.));
#918 = ORIENTED_EDGE('',*,*,#919,.F.);
#919 = EDGE_CURVE('',#920,#912,#922,.T.);
#920 = VERTEX_POINT('',#921);
#921 = CARTESIAN_POINT('',(11.622213,32.331736,0.));
#922 = LINE('',#923,#924);
#923 = CARTESIAN_POINT('',(11.622213,32.331736,0.));
#924 = VECTOR('',#925,1.);
#925 = DIRECTION('',(0.936987946871,-0.349361685677,0.));
#926 = ORIENTED_EDGE('',*,*,#927,.F.);
#927 = EDGE_CURVE('',#928,#920,#930,.T.);
#928 = VERTEX_POINT('',#929);
#929 = CARTESIAN_POINT('',(10.697343,32.665633,0.));
#930 = LINE('',#931,#932);
#931 = CARTESIAN_POINT('',(10.697343,32.665633,0.));
#932 = VECTOR('',#933,1.);
#933 = DIRECTION('',(0.940581132493,-0.339569040401,0.));
#934 = ORIENTED_EDGE('',*,*,#935,.F.);
#935 = EDGE_CURVE('',#936,#928,#938,.T.);
#936 = VERTEX_POINT('',#937);
#937 = CARTESIAN_POINT('',(9.784668,32.984348,0.));
#938 = LINE('',#939,#940);
#939 = CARTESIAN_POINT('',(9.784668,32.984348,0.));
#940 = VECTOR('',#941,1.);
#941 = DIRECTION('',(0.944090752016,-0.329685686612,0.));
#942 = ORIENTED_EDGE('',*,*,#943,.F.);
#943 = EDGE_CURVE('',#944,#936,#946,.T.);
#944 = VERTEX_POINT('',#945);
#945 = CARTESIAN_POINT('',(8.864055,33.294978,0.));
#946 = LINE('',#947,#948);
#947 = CARTESIAN_POINT('',(8.864055,33.294978,0.));
#948 = VECTOR('',#949,1.);
#949 = DIRECTION('',(0.947516253081,-0.319707601016,0.));
#950 = ORIENTED_EDGE('',*,*,#951,.F.);
#951 = EDGE_CURVE('',#952,#944,#954,.T.);
#952 = VERTEX_POINT('',#953);
#953 = CARTESIAN_POINT('',(7.956396,33.590541,0.));
#954 = LINE('',#955,#956);
#955 = CARTESIAN_POINT('',(7.956396,33.590541,0.));
#956 = VECTOR('',#957,1.);
#957 = DIRECTION('',(0.950857208832,-0.30962972792,0.));
#958 = ORIENTED_EDGE('',*,*,#959,.F.);
#959 = EDGE_CURVE('',#960,#952,#962,.T.);
#960 = VERTEX_POINT('',#961);
#961 = CARTESIAN_POINT('',(7.041726,33.877613,0.));
#962 = LINE('',#963,#964);
#963 = CARTESIAN_POINT('',(7.041726,33.877613,0.));
#964 = VECTOR('',#965,1.);
#965 = DIRECTION('',(0.95411171093,-0.299450902599,0.));
#966 = ORIENTED_EDGE('',*,*,#967,.F.);
#967 = EDGE_CURVE('',#968,#960,#970,.T.);
#968 = VERTEX_POINT('',#969);
#969 = CARTESIAN_POINT('',(6.140576,34.149825,0.));
#970 = LINE('',#971,#972);
#971 = CARTESIAN_POINT('',(6.140576,34.149825,0.));
#972 = VECTOR('',#973,1.);
#973 = DIRECTION('',(0.957278698106,-0.289166896709,0.));
#974 = ORIENTED_EDGE('',*,*,#975,.F.);
#975 = EDGE_CURVE('',#976,#968,#978,.T.);
#976 = VERTEX_POINT('',#977);
#977 = CARTESIAN_POINT('',(5.233261,34.413203,0.));
#978 = LINE('',#979,#980);
#979 = CARTESIAN_POINT('',(5.233261,34.413203,0.));
#980 = VECTOR('',#981,1.);
#981 = DIRECTION('',(0.96035643791,-0.278775020697,0.));
#982 = ORIENTED_EDGE('',*,*,#983,.F.);
#983 = EDGE_CURVE('',#984,#976,#986,.T.);
#984 = VERTEX_POINT('',#985);
#985 = CARTESIAN_POINT('',(4.339868,34.661997,0.));
#986 = LINE('',#987,#988);
#987 = CARTESIAN_POINT('',(4.339868,34.661997,0.));
#988 = VECTOR('',#989,1.);
#989 = DIRECTION('',(0.963342719941,-0.268273748132,0.));
#990 = ORIENTED_EDGE('',*,*,#991,.F.);
#991 = EDGE_CURVE('',#992,#984,#994,.T.);
#992 = VERTEX_POINT('',#993);
#993 = CARTESIAN_POINT('',(3.441083,34.90167,0.));
#994 = LINE('',#995,#996);
#995 = CARTESIAN_POINT('',(3.441083,34.90167,0.));
#996 = VECTOR('',#997,1.);
#997 = DIRECTION('',(0.966235742536,-0.257659639536,0.));
#998 = ORIENTED_EDGE('',*,*,#999,.F.);
#999 = EDGE_CURVE('',#1000,#992,#1002,.T.);
#1000 = VERTEX_POINT('',#1001);
#1001 = CARTESIAN_POINT('',(2.556488,35.127084,0.));
#1002 = LINE('',#1003,#1004);
#1003 = CARTESIAN_POINT('',(2.556488,35.127084,0.));
#1004 = VECTOR('',#1005,1.);
#1005 = DIRECTION('',(0.96903314857,-0.2469306724,0.));
#1006 = ORIENTED_EDGE('',*,*,#1007,.F.);
#1007 = EDGE_CURVE('',#1008,#1000,#1010,.T.);
#1008 = VERTEX_POINT('',#1009);
#1009 = CARTESIAN_POINT('',(1.667204,35.34314,0.));
#1010 = LINE('',#1011,#1012);
#1011 = CARTESIAN_POINT('',(1.667204,35.34314,0.));
#1012 = VECTOR('',#1013,1.);
#1013 = DIRECTION('',(0.971731891027,-0.2360871279,0.));
#1014 = ORIENTED_EDGE('',*,*,#1015,.F.);
#1015 = EDGE_CURVE('',#1016,#1008,#1018,.T.);
#1016 = VERTEX_POINT('',#1017);
#1017 = CARTESIAN_POINT('',(0.268506,35.661338,0.));
#1018 = LINE('',#1019,#1020);
#1019 = CARTESIAN_POINT('',(0.268506,35.661338,0.));
#1020 = VECTOR('',#1021,1.);
#1021 = DIRECTION('',(0.975085814681,-0.221827982924,0.));
#1022 = ORIENTED_EDGE('',*,*,#1023,.F.);
#1023 = EDGE_CURVE('',#1024,#1016,#1026,.T.);
#1024 = VERTEX_POINT('',#1025);
#1025 = CARTESIAN_POINT('',(-0.585069,35.842272,0.));
#1026 = LINE('',#1027,#1028);
#1027 = CARTESIAN_POINT('',(-0.585069,35.842272,0.));
#1028 = VECTOR('',#1029,1.);
#1029 = DIRECTION('',(0.978263744979,-0.207364522665,0.));
#1030 = ORIENTED_EDGE('',*,*,#1031,.F.);
#1031 = EDGE_CURVE('',#1032,#1024,#1034,.T.);
#1032 = VERTEX_POINT('',#1033);
#1033 = CARTESIAN_POINT('',(-1.441115,36.01348,0.));
#1034 = LINE('',#1035,#1036);
#1035 = CARTESIAN_POINT('',(-1.441115,36.01348,0.));
#1036 = VECTOR('',#1037,1.);
#1037 = DIRECTION('',(0.980580940031,-0.196114813434,0.));
#1038 = ORIENTED_EDGE('',*,*,#1039,.F.);
#1039 = EDGE_CURVE('',#1040,#1032,#1042,.T.);
#1040 = VERTEX_POINT('',#1041);
#1041 = CARTESIAN_POINT('',(-2.296654,36.174372,0.));
#1042 = LINE('',#1043,#1044);
#1043 = CARTESIAN_POINT('',(-2.296654,36.174372,0.));
#1044 = VECTOR('',#1045,1.);
#1045 = DIRECTION('',(0.982772495259,-0.184819432319,0.));
#1046 = ORIENTED_EDGE('',*,*,#1047,.F.);
#1047 = EDGE_CURVE('',#1048,#1040,#1050,.T.);
#1048 = VERTEX_POINT('',#1049);
#1049 = CARTESIAN_POINT('',(-3.153815,36.325351,0.));
#1050 = LINE('',#1051,#1052);
#1051 = CARTESIAN_POINT('',(-3.153815,36.325351,0.));
#1052 = VECTOR('',#1053,1.);
#1053 = DIRECTION('',(0.984839490365,-0.173468089911,0.));
#1054 = ORIENTED_EDGE('',*,*,#1055,.F.);
#1055 = EDGE_CURVE('',#1056,#1048,#1058,.T.);
#1056 = VERTEX_POINT('',#1057);
#1057 = CARTESIAN_POINT('',(-4.008178,36.465664,0.));
#1058 = LINE('',#1059,#1060);
#1059 = CARTESIAN_POINT('',(-4.008178,36.465664,0.));
#1060 = VECTOR('',#1061,1.);
#1061 = DIRECTION('',(0.986780883238,-0.162060138454,0.));
#1062 = ORIENTED_EDGE('',*,*,#1063,.F.);
#1063 = EDGE_CURVE('',#1064,#1056,#1066,.T.);
#1064 = VERTEX_POINT('',#1065);
#1065 = CARTESIAN_POINT('',(-4.863322,36.595915,0.));
#1066 = LINE('',#1067,#1068);
#1067 = CARTESIAN_POINT('',(-4.863322,36.595915,0.));
#1068 = VECTOR('',#1069,1.);
#1069 = DIRECTION('',(0.988598127825,-0.15057802516,0.));
#1070 = ORIENTED_EDGE('',*,*,#1071,.F.);
#1071 = EDGE_CURVE('',#1072,#1064,#1074,.T.);
#1072 = VERTEX_POINT('',#1073);
#1073 = CARTESIAN_POINT('',(-5.713466,36.715265,0.));
#1074 = LINE('',#1075,#1076);
#1075 = CARTESIAN_POINT('',(-5.713466,36.715265,0.));
#1076 = VECTOR('',#1077,1.);
#1077 = DIRECTION('',(0.990288919092,-0.139024662285,0.));
#1078 = ORIENTED_EDGE('',*,*,#1079,.F.);
#1079 = EDGE_CURVE('',#1080,#1072,#1082,.T.);
#1080 = VERTEX_POINT('',#1081);
#1081 = CARTESIAN_POINT('',(-6.563571,36.824443,0.));
#1082 = LINE('',#1083,#1084);
#1083 = CARTESIAN_POINT('',(-6.563571,36.824443,0.));
#1084 = VECTOR('',#1085,1.);
#1085 = DIRECTION('',(0.991853653181,-0.127382615262,0.));
#1086 = ORIENTED_EDGE('',*,*,#1087,.F.);
#1087 = EDGE_CURVE('',#1088,#1080,#1090,.T.);
#1088 = VERTEX_POINT('',#1089);
#1089 = CARTESIAN_POINT('',(-7.40659,36.922601,0.));
#1090 = LINE('',#1091,#1092);
#1091 = CARTESIAN_POINT('',(-7.40659,36.922601,0.));
#1092 = VECTOR('',#1093,1.);
#1093 = DIRECTION('',(0.993289452497,-0.115654933137,0.));
#1094 = ORIENTED_EDGE('',*,*,#1095,.F.);
#1095 = EDGE_CURVE('',#1096,#1088,#1098,.T.);
#1096 = VERTEX_POINT('',#1097);
#1097 = CARTESIAN_POINT('',(-8.24878,37.010515,0.));
#1098 = LINE('',#1099,#1100);
#1099 = CARTESIAN_POINT('',(-8.24878,37.010515,0.));
#1100 = VECTOR('',#1101,1.);
#1101 = DIRECTION('',(0.994595764838,-0.10382323712,0.));
#1102 = ORIENTED_EDGE('',*,*,#1103,.F.);
#1103 = EDGE_CURVE('',#1104,#1096,#1106,.T.);
#1104 = VERTEX_POINT('',#1105);
#1105 = CARTESIAN_POINT('',(-9.081948,37.0874,0.));
#1106 = LINE('',#1107,#1108);
#1107 = CARTESIAN_POINT('',(-9.081948,37.0874,0.));
#1108 = VECTOR('',#1109,1.);
#1109 = DIRECTION('',(0.995769174435,-9.188988652519E-02,0.));
#1110 = ORIENTED_EDGE('',*,*,#1111,.F.);
#1111 = EDGE_CURVE('',#1112,#1104,#1114,.T.);
#1112 = VERTEX_POINT('',#1113);
#1113 = CARTESIAN_POINT('',(-9.913532,37.154007,0.));
#1114 = LINE('',#1115,#1116);
#1115 = CARTESIAN_POINT('',(-9.913532,37.154007,0.));
#1116 = VECTOR('',#1117,1.);
#1117 = DIRECTION('',(0.996807624469,-7.984084042386E-02,0.));
#1118 = ORIENTED_EDGE('',*,*,#1119,.F.);
#1119 = EDGE_CURVE('',#1120,#1112,#1122,.T.);
#1120 = VERTEX_POINT('',#1121);
#1121 = CARTESIAN_POINT('',(-10.734331,37.209681,0.));
#1122 = LINE('',#1123,#1124);
#1123 = CARTESIAN_POINT('',(-10.734331,37.209681,0.));
#1124 = VECTOR('',#1125,1.);
#1125 = DIRECTION('',(0.997707518715,-6.767353322428E-02,0.));
#1126 = ORIENTED_EDGE('',*,*,#1127,.F.);
#1127 = EDGE_CURVE('',#1128,#1120,#1130,.T.);
#1128 = VERTEX_POINT('',#1129);
#1129 = CARTESIAN_POINT('',(-11.552832,37.255077,0.));
#1130 = LINE('',#1131,#1132);
#1131 = CARTESIAN_POINT('',(-11.552832,37.255077,0.));
#1132 = VECTOR('',#1133,1.);
#1133 = DIRECTION('',(0.998465502381,-5.5377256651E-02,0.));
#1134 = ORIENTED_EDGE('',*,*,#1135,.F.);
#1135 = EDGE_CURVE('',#1136,#1128,#1138,.T.);
#1136 = VERTEX_POINT('',#1137);
#1137 = CARTESIAN_POINT('',(-12.35897,37.289731,0.));
#1138 = LINE('',#1139,#1140);
#1139 = CARTESIAN_POINT('',(-12.35897,37.289731,0.));
#1140 = VECTOR('',#1141,1.);
#1141 = DIRECTION('',(0.999077308424,-4.294801268035E-02,0.));
#1142 = ORIENTED_EDGE('',*,*,#1143,.F.);
#1143 = EDGE_CURVE('',#1144,#1136,#1146,.T.);
#1144 = VERTEX_POINT('',#1145);
#1145 = CARTESIAN_POINT('',(-13.162145,37.314141,0.));
#1146 = LINE('',#1147,#1148);
#1147 = CARTESIAN_POINT('',(-13.162145,37.314141,0.));
#1148 = VECTOR('',#1149,1.);
#1149 = DIRECTION('',(0.999538486437,-3.037785595158E-02,0.));
#1150 = ORIENTED_EDGE('',*,*,#1151,.F.);
#1151 = EDGE_CURVE('',#1152,#1144,#1154,.T.);
#1152 = VERTEX_POINT('',#1153);
#1153 = CARTESIAN_POINT('',(-13.951577,37.328086,0.));
#1154 = LINE('',#1155,#1156);
#1155 = CARTESIAN_POINT('',(-13.951577,37.328086,0.));
#1156 = VECTOR('',#1157,1.);
#1157 = DIRECTION('',(0.999844017468,-1.766184398858E-02,0.));
#1158 = ORIENTED_EDGE('',*,*,#1159,.F.);
#1159 = EDGE_CURVE('',#1160,#1152,#1162,.T.);
#1160 = VERTEX_POINT('',#1161);
#1161 = CARTESIAN_POINT('',(-14.737428,37.331849,0.));
#1162 = LINE('',#1163,#1164);
#1163 = CARTESIAN_POINT('',(-14.737428,37.331849,0.));
#1164 = VECTOR('',#1165,1.);
#1165 = DIRECTION('',(0.999988535621,-4.788384642304E-03,0.));
#1166 = ORIENTED_EDGE('',*,*,#1167,.F.);
#1167 = EDGE_CURVE('',#1168,#1160,#1170,.T.);
#1168 = VERTEX_POINT('',#1169);
#1169 = CARTESIAN_POINT('',(-15.508359,37.325495,0.));
#1170 = LINE('',#1171,#1172);
#1171 = CARTESIAN_POINT('',(-15.508359,37.325495,0.));
#1172 = VECTOR('',#1173,1.);
#1173 = DIRECTION('',(0.999966036591,8.241702819705E-03,0.));
#1174 = ORIENTED_EDGE('',*,*,#1175,.F.);
#1175 = EDGE_CURVE('',#1176,#1168,#1178,.T.);
#1176 = VERTEX_POINT('',#1177);
#1177 = CARTESIAN_POINT('',(-16.275145,37.309052,0.));
#1178 = LINE('',#1179,#1180);
#1179 = CARTESIAN_POINT('',(-16.275145,37.309052,0.));
#1180 = VECTOR('',#1181,1.);
#1181 = DIRECTION('',(0.999770155552,2.143912469416E-02,0.));
#1182 = ORIENTED_EDGE('',*,*,#1183,.F.);
#1183 = EDGE_CURVE('',#1184,#1176,#1186,.T.);
#1184 = VERTEX_POINT('',#1185);
#1185 = CARTESIAN_POINT('',(-16.301253,37.308311,0.));
#1186 = LINE('',#1187,#1188);
#1187 = CARTESIAN_POINT('',(-16.301253,37.308311,0.));
#1188 = VECTOR('',#1189,1.);
#1189 = DIRECTION('',(0.99959747123,2.837068048794E-02,0.));
#1190 = ORIENTED_EDGE('',*,*,#1191,.F.);
#1191 = EDGE_CURVE('',#1192,#1184,#1194,.T.);
#1192 = VERTEX_POINT('',#1193);
#1193 = CARTESIAN_POINT('',(-17.792076,37.246,0.));
#1194 = LINE('',#1195,#1196);
#1195 = CARTESIAN_POINT('',(-17.792076,37.246,0.));
#1196 = VECTOR('',#1197,1.);
#1197 = DIRECTION('',(0.999127674197,4.175991684248E-02,0.));
#1198 = ORIENTED_EDGE('',*,*,#1199,.F.);
#1199 = EDGE_CURVE('',#1200,#1192,#1202,.T.);
#1200 = VERTEX_POINT('',#1201);
#1201 = CARTESIAN_POINT('',(-19.294675,37.143815,0.));
#1202 = LINE('',#1203,#1204);
#1203 = CARTESIAN_POINT('',(-19.294675,37.143815,0.));
#1204 = VECTOR('',#1205,1.);
#1205 = DIRECTION('',(0.997695615642,6.784879164994E-02,0.));
#1206 = ORIENTED_EDGE('',*,*,#1207,.F.);
#1207 = EDGE_CURVE('',#1208,#1200,#1210,.T.);
#1208 = VERTEX_POINT('',#1209);
#1209 = CARTESIAN_POINT('',(-20.811639,37.001246,0.));
#1210 = LINE('',#1211,#1212);
#1211 = CARTESIAN_POINT('',(-20.811639,37.001246,0.));
#1212 = VECTOR('',#1213,1.);
#1213 = DIRECTION('',(0.995612630528,9.357077499645E-02,0.));
#1214 = ORIENTED_EDGE('',*,*,#1215,.F.);
#1215 = EDGE_CURVE('',#1216,#1208,#1218,.T.);
#1216 = VERTEX_POINT('',#1217);
#1217 = CARTESIAN_POINT('',(-22.345964,36.817598,0.));
#1218 = LINE('',#1219,#1220);
#1219 = CARTESIAN_POINT('',(-22.345964,36.817598,0.));
#1220 = VECTOR('',#1221,1.);
#1221 = DIRECTION('',(0.99291284978,0.118844742174,0.));
#1222 = ORIENTED_EDGE('',*,*,#1223,.F.);
#1223 = EDGE_CURVE('',#1224,#1216,#1226,.T.);
#1224 = VERTEX_POINT('',#1225);
#1225 = CARTESIAN_POINT('',(-23.901175,36.591944,0.));
#1226 = LINE('',#1227,#1228);
#1227 = CARTESIAN_POINT('',(-23.901175,36.591944,0.));
#1228 = VECTOR('',#1229,1.);
#1229 = DIRECTION('',(0.989637001519,0.143591800689,0.));
#1230 = ORIENTED_EDGE('',*,*,#1231,.F.);
#1231 = EDGE_CURVE('',#1232,#1224,#1234,.T.);
#1232 = VERTEX_POINT('',#1233);
#1233 = CARTESIAN_POINT('',(-25.481503,36.323069,0.));
#1234 = LINE('',#1235,#1236);
#1235 = CARTESIAN_POINT('',(-25.481503,36.323069,0.));
#1236 = VECTOR('',#1237,1.);
#1237 = DIRECTION('',(0.985833240657,0.167728416241,0.));
#1238 = ORIENTED_EDGE('',*,*,#1239,.F.);
#1239 = EDGE_CURVE('',#1240,#1232,#1242,.T.);
#1240 = VERTEX_POINT('',#1241);
#1241 = CARTESIAN_POINT('',(-27.092147,36.009381,0.));
#1242 = LINE('',#1243,#1244);
#1243 = CARTESIAN_POINT('',(-27.092147,36.009381,0.));
#1244 = VECTOR('',#1245,1.);
#1245 = DIRECTION('',(0.981557429264,0.191167500001,0.));
#1246 = ORIENTED_EDGE('',*,*,#1247,.F.);
#1247 = EDGE_CURVE('',#1248,#1240,#1250,.T.);
#1248 = VERTEX_POINT('',#1249);
#1249 = CARTESIAN_POINT('',(-28.74975,35.646452,0.));
#1250 = LINE('',#1251,#1252);
#1251 = CARTESIAN_POINT('',(-28.74975,35.646452,0.));
#1252 = VECTOR('',#1253,1.);
#1253 = DIRECTION('',(0.976859604844,0.213881538297,0.));
#1254 = ORIENTED_EDGE('',*,*,#1255,.F.);
#1255 = EDGE_CURVE('',#1256,#1248,#1258,.T.);
#1256 = VERTEX_POINT('',#1257);
#1257 = CARTESIAN_POINT('',(-29.749974,35.41035,0.));
#1258 = LINE('',#1259,#1260);
#1259 = CARTESIAN_POINT('',(-29.749974,35.41035,0.));
#1260 = VECTOR('',#1261,1.);
#1261 = DIRECTION('',(0.973253092108,0.229735540792,0.));
#1262 = ORIENTED_EDGE('',*,*,#1263,.F.);
#1263 = EDGE_CURVE('',#1264,#1256,#1266,.T.);
#1264 = VERTEX_POINT('',#1265);
#1265 = CARTESIAN_POINT('',(-30.742998,35.165126,0.));
#1266 = LINE('',#1267,#1268);
#1267 = CARTESIAN_POINT('',(-30.742998,35.165126,0.));
#1268 = VECTOR('',#1269,1.);
#1269 = DIRECTION('',(0.970835959989,0.239744736736,0.));
#1270 = ORIENTED_EDGE('',*,*,#1271,.F.);
#1271 = EDGE_CURVE('',#1272,#1264,#1274,.T.);
#1272 = VERTEX_POINT('',#1273);
#1273 = CARTESIAN_POINT('',(-31.678754,34.923497,0.));
#1274 = LINE('',#1275,#1276);
#1275 = CARTESIAN_POINT('',(-31.678754,34.923497,0.));
#1276 = VECTOR('',#1277,1.);
#1277 = DIRECTION('',(0.968241368174,0.250017305313,0.));
#1278 = ORIENTED_EDGE('',*,*,#1279,.F.);
#1279 = EDGE_CURVE('',#1280,#1272,#1282,.T.);
#1280 = VERTEX_POINT('',#1281);
#1281 = CARTESIAN_POINT('',(-32.608444,34.672645,0.));
#1282 = LINE('',#1283,#1284);
#1283 = CARTESIAN_POINT('',(-32.608444,34.672645,0.));
#1284 = VECTOR('',#1285,1.);
#1285 = DIRECTION('',(0.965472007638,0.260506818466,0.));
#1286 = ORIENTED_EDGE('',*,*,#1287,.F.);
#1287 = EDGE_CURVE('',#1288,#1280,#1290,.T.);
#1288 = VERTEX_POINT('',#1289);
#1289 = CARTESIAN_POINT('',(-33.492467,34.423546,0.));
#1290 = LINE('',#1291,#1292);
#1291 = CARTESIAN_POINT('',(-33.492467,34.423546,0.));
#1292 = VECTOR('',#1293,1.);
#1293 = DIRECTION('',(0.962518150452,0.271217274618,0.));
#1294 = ORIENTED_EDGE('',*,*,#1295,.F.);
#1295 = EDGE_CURVE('',#1296,#1288,#1298,.T.);
#1296 = VERTEX_POINT('',#1297);
#1297 = CARTESIAN_POINT('',(-34.371302,34.165123,0.));
#1298 = LINE('',#1299,#1300);
#1299 = CARTESIAN_POINT('',(-34.371302,34.165123,0.));
#1300 = VECTOR('',#1301,1.);
#1301 = DIRECTION('',(0.959382604685,0.282108166892,0.));
#1302 = ORIENTED_EDGE('',*,*,#1303,.F.);
#1303 = EDGE_CURVE('',#1304,#1296,#1306,.T.);
#1304 = VERTEX_POINT('',#1305);
#1305 = CARTESIAN_POINT('',(-35.212839,33.90706,0.));
#1306 = LINE('',#1307,#1308);
#1307 = CARTESIAN_POINT('',(-35.212839,33.90706,0.));
#1308 = VECTOR('',#1309,1.);
#1309 = DIRECTION('',(0.956056866158,0.293181289772,0.));
#1310 = ORIENTED_EDGE('',*,*,#1311,.F.);
#1311 = EDGE_CURVE('',#1312,#1304,#1314,.T.);
#1312 = VERTEX_POINT('',#1313);
#1313 = CARTESIAN_POINT('',(-36.049887,33.639566,0.));
#1314 = LINE('',#1315,#1316);
#1315 = CARTESIAN_POINT('',(-36.049887,33.639566,0.));
#1316 = VECTOR('',#1317,1.);
#1317 = DIRECTION('',(0.952543441426,0.304402680994,0.));
#1318 = ORIENTED_EDGE('',*,*,#1319,.F.);
#1319 = EDGE_CURVE('',#1320,#1312,#1322,.T.);
#1320 = VERTEX_POINT('',#1321);
#1321 = CARTESIAN_POINT('',(-36.855956,33.371311,0.));
#1322 = LINE('',#1323,#1324);
#1323 = CARTESIAN_POINT('',(-36.855956,33.371311,0.));
#1324 = VECTOR('',#1325,1.);
#1325 = DIRECTION('',(0.948836682212,0.315767241001,0.));
#1326 = ORIENTED_EDGE('',*,*,#1327,.F.);
#1327 = EDGE_CURVE('',#1328,#1320,#1330,.T.);
#1328 = VERTEX_POINT('',#1329);
#1329 = CARTESIAN_POINT('',(-37.658112,33.093511,0.));
#1330 = LINE('',#1331,#1332);
#1331 = CARTESIAN_POINT('',(-37.658112,33.093511,0.));
#1332 = VECTOR('',#1333,1.);
#1333 = DIRECTION('',(0.94493850157,0.327247961414,0.));
#1334 = ORIENTED_EDGE('',*,*,#1335,.F.);
#1335 = EDGE_CURVE('',#1336,#1328,#1338,.T.);
#1336 = VERTEX_POINT('',#1337);
#1337 = CARTESIAN_POINT('',(-38.434225,32.814,0.));
#1338 = LINE('',#1339,#1340);
#1339 = CARTESIAN_POINT('',(-38.434225,32.814,0.));
#1340 = VECTOR('',#1341,1.);
#1341 = DIRECTION('',(0.940844783277,0.338837857655,0.));
#1342 = ORIENTED_EDGE('',*,*,#1343,.F.);
#1343 = EDGE_CURVE('',#1344,#1336,#1346,.T.);
#1344 = VERTEX_POINT('',#1345);
#1345 = CARTESIAN_POINT('',(-39.206909,32.524821,0.));
#1346 = LINE('',#1347,#1348);
#1347 = CARTESIAN_POINT('',(-39.206909,32.524821,0.));
#1348 = VECTOR('',#1349,1.);
#1349 = DIRECTION('',(0.936559106677,0.350509685602,0.));
#1350 = ORIENTED_EDGE('',*,*,#1351,.F.);
#1351 = EDGE_CURVE('',#1352,#1344,#1354,.T.);
#1352 = VERTEX_POINT('',#1353);
#1353 = CARTESIAN_POINT('',(-40.009869,32.212337,0.));
#1354 = LINE('',#1355,#1356);
#1355 = CARTESIAN_POINT('',(-40.009869,32.212337,0.));
#1356 = VECTOR('',#1357,1.);
#1357 = DIRECTION('',(0.931917695964,0.362669833249,0.));
#1358 = ORIENTED_EDGE('',*,*,#1359,.F.);
#1359 = EDGE_CURVE('',#1360,#1352,#1362,.T.);
#1360 = VERTEX_POINT('',#1361);
#1361 = CARTESIAN_POINT('',(-40.701406,31.932352,0.));
#1362 = LINE('',#1363,#1364);
#1363 = CARTESIAN_POINT('',(-40.701406,31.932352,0.));
#1364 = VECTOR('',#1365,1.);
#1365 = DIRECTION('',(0.926910837215,0.375281627386,0.));
#1366 = ORIENTED_EDGE('',*,*,#1367,.F.);
#1367 = EDGE_CURVE('',#1368,#1360,#1370,.T.);
#1368 = VERTEX_POINT('',#1369);
#1369 = CARTESIAN_POINT('',(-41.390196,31.642122,0.));
#1370 = LINE('',#1371,#1372);
#1371 = CARTESIAN_POINT('',(-41.390196,31.642122,0.));
#1372 = VECTOR('',#1373,1.);
#1373 = DIRECTION('',(0.92153334797,0.388299225571,0.));
#1374 = ORIENTED_EDGE('',*,*,#1375,.F.);
#1375 = EDGE_CURVE('',#1376,#1368,#1378,.T.);
#1376 = VERTEX_POINT('',#1377);
#1377 = CARTESIAN_POINT('',(-42.043332,31.355788,0.));
#1378 = LINE('',#1379,#1380);
#1379 = CARTESIAN_POINT('',(-42.043332,31.355788,0.));
#1380 = VECTOR('',#1381,1.);
#1381 = DIRECTION('',(0.915854815367,0.401509597853,0.));
#1382 = ORIENTED_EDGE('',*,*,#1383,.F.);
#1383 = EDGE_CURVE('',#1384,#1376,#1386,.T.);
#1384 = VERTEX_POINT('',#1385);
#1385 = CARTESIAN_POINT('',(-42.693741,31.05924,0.));
#1386 = LINE('',#1387,#1388);
#1387 = CARTESIAN_POINT('',(-42.693741,31.05924,0.));
#1388 = VECTOR('',#1389,1.);
#1389 = DIRECTION('',(0.90988759247,0.414854877119,0.));
#1390 = ORIENTED_EDGE('',*,*,#1391,.F.);
#1391 = EDGE_CURVE('',#1392,#1384,#1394,.T.);
#1392 = VERTEX_POINT('',#1393);
#1393 = CARTESIAN_POINT('',(-43.314908,30.764792,0.));
#1394 = LINE('',#1395,#1396);
#1395 = CARTESIAN_POINT('',(-43.314908,30.764792,0.));
#1396 = VECTOR('',#1397,1.);
#1397 = DIRECTION('',(0.903619054209,0.42833702253,0.));
#1398 = ORIENTED_EDGE('',*,*,#1399,.F.);
#1399 = EDGE_CURVE('',#1400,#1392,#1402,.T.);
#1400 = VERTEX_POINT('',#1401);
#1401 = CARTESIAN_POINT('',(-43.933357,30.460134,0.));
#1402 = LINE('',#1403,#1404);
#1403 = CARTESIAN_POINT('',(-43.933357,30.460134,0.));
#1404 = VECTOR('',#1405,1.);
#1405 = DIRECTION('',(0.897060979555,0.441906776322,0.));
#1406 = ORIENTED_EDGE('',*,*,#1407,.F.);
#1407 = EDGE_CURVE('',#1408,#1400,#1410,.T.);
#1408 = VERTEX_POINT('',#1409);
#1409 = CARTESIAN_POINT('',(-44.527272,30.156196,0.));
#1410 = LINE('',#1411,#1412);
#1411 = CARTESIAN_POINT('',(-44.527272,30.156196,0.));
#1412 = VECTOR('',#1413,1.);
#1413 = DIRECTION('',(0.890202872454,0.45556431585,0.));
#1414 = ORIENTED_EDGE('',*,*,#1415,.F.);
#1415 = EDGE_CURVE('',#1416,#1408,#1418,.T.);
#1416 = VERTEX_POINT('',#1417);
#1417 = CARTESIAN_POINT('',(-45.118471,29.842029,0.));
#1418 = LINE('',#1419,#1420);
#1419 = CARTESIAN_POINT('',(-45.118471,29.842029,0.));
#1420 = VECTOR('',#1421,1.);
#1421 = DIRECTION('',(0.883058449317,0.469263012702,0.));
#1422 = ORIENTED_EDGE('',*,*,#1423,.F.);
#1423 = EDGE_CURVE('',#1424,#1416,#1426,.T.);
#1424 = VERTEX_POINT('',#1425);
#1425 = CARTESIAN_POINT('',(-45.688736,29.527464,0.));
#1426 = LINE('',#1427,#1428);
#1427 = CARTESIAN_POINT('',(-45.688736,29.527464,0.));
#1428 = VECTOR('',#1429,1.);
#1429 = DIRECTION('',(0.875619223596,0.483002044787,0.));
#1430 = ORIENTED_EDGE('',*,*,#1431,.F.);
#1431 = EDGE_CURVE('',#1432,#1424,#1434,.T.);
#1432 = VERTEX_POINT('',#1433);
#1433 = CARTESIAN_POINT('',(-46.256281,29.202628,0.));
#1434 = LINE('',#1435,#1436);
#1435 = CARTESIAN_POINT('',(-46.256281,29.202628,0.));
#1436 = VECTOR('',#1437,1.);
#1437 = DIRECTION('',(0.867897376375,0.496743539547,0.));
#1438 = ORIENTED_EDGE('',*,*,#1439,.F.);
#1439 = EDGE_CURVE('',#1440,#1432,#1442,.T.);
#1440 = VERTEX_POINT('',#1441);
#1441 = CARTESIAN_POINT('',(-46.805735,28.876443,0.));
#1442 = LINE('',#1443,#1444);
#1443 = CARTESIAN_POINT('',(-46.805735,28.876443,0.));
#1444 = VECTOR('',#1445,1.);
#1445 = DIRECTION('',(0.859891368101,0.51047706615,0.));
#1446 = ORIENTED_EDGE('',*,*,#1447,.F.);
#1447 = EDGE_CURVE('',#1448,#1440,#1450,.T.);
#1448 = VERTEX_POINT('',#1449);
#1449 = CARTESIAN_POINT('',(-47.352458,28.539929,0.));
#1450 = LINE('',#1451,#1452);
#1451 = CARTESIAN_POINT('',(-47.352458,28.539929,0.));
#1452 = VECTOR('',#1453,1.);
#1453 = DIRECTION('',(0.851610286295,0.524175467069,0.));
#1454 = ORIENTED_EDGE('',*,*,#1455,.F.);
#1455 = EDGE_CURVE('',#1456,#1448,#1458,.T.);
#1456 = VERTEX_POINT('',#1457);
#1457 = CARTESIAN_POINT('',(-47.883389,28.201223,0.));
#1458 = LINE('',#1459,#1460);
#1459 = CARTESIAN_POINT('',(-47.883389,28.201223,0.));
#1460 = VECTOR('',#1461,1.);
#1461 = DIRECTION('',(0.843056221365,0.537825443445,0.));
#1462 = ORIENTED_EDGE('',*,*,#1463,.F.);
#1463 = EDGE_CURVE('',#1464,#1456,#1466,.T.);
#1464 = VERTEX_POINT('',#1465);
#1465 = CARTESIAN_POINT('',(-48.411573,27.852112,0.));
#1466 = LINE('',#1467,#1468);
#1467 = CARTESIAN_POINT('',(-48.411573,27.852112,0.));
#1468 = VECTOR('',#1469,1.);
#1469 = DIRECTION('',(0.834239210225,0.551402702318,0.));
#1470 = ORIENTED_EDGE('',*,*,#1471,.F.);
#1471 = EDGE_CURVE('',#1472,#1464,#1474,.T.);
#1472 = VERTEX_POINT('',#1473);
#1473 = CARTESIAN_POINT('',(-48.925864,27.500036,0.));
#1474 = LINE('',#1475,#1476);
#1475 = CARTESIAN_POINT('',(-48.925864,27.500036,0.));
#1476 = VECTOR('',#1477,1.);
#1477 = DIRECTION('',(0.825163156238,0.564894472965,0.));
#1478 = ORIENTED_EDGE('',*,*,#1479,.F.);
#1479 = EDGE_CURVE('',#1480,#1472,#1482,.T.);
#1480 = VERTEX_POINT('',#1481);
#1481 = CARTESIAN_POINT('',(-49.437387,27.137463,0.));
#1482 = LINE('',#1483,#1484);
#1483 = CARTESIAN_POINT('',(-49.437387,27.137463,0.));
#1484 = VECTOR('',#1485,1.);
#1485 = DIRECTION('',(0.815840724828,0.578276674017,0.));
#1486 = ORIENTED_EDGE('',*,*,#1487,.F.);
#1487 = EDGE_CURVE('',#1488,#1480,#1490,.T.);
#1488 = VERTEX_POINT('',#1489);
#1489 = CARTESIAN_POINT('',(-49.936607,26.771201,0.));
#1490 = LINE('',#1491,#1492);
#1491 = CARTESIAN_POINT('',(-49.936607,26.771201,0.));
#1492 = VECTOR('',#1493,1.);
#1493 = DIRECTION('',(0.806276097717,0.591539393658,0.));
#1494 = ORIENTED_EDGE('',*,*,#1495,.F.);
#1495 = EDGE_CURVE('',#1496,#1488,#1498,.T.);
#1496 = VERTEX_POINT('',#1497);
#1497 = CARTESIAN_POINT('',(-50.433034,26.394329,0.));
#1498 = LINE('',#1499,#1500);
#1499 = CARTESIAN_POINT('',(-50.433034,26.394329,0.));
#1500 = VECTOR('',#1501,1.);
#1501 = DIRECTION('',(0.796480930114,0.604663648621,0.));
#1502 = ORIENTED_EDGE('',*,*,#1503,.F.);
#1503 = EDGE_CURVE('',#1504,#1496,#1506,.T.);
#1504 = VERTEX_POINT('',#1505);
#1505 = CARTESIAN_POINT('',(-51.20732,25.780092,0.));
#1506 = LINE('',#1507,#1508);
#1507 = CARTESIAN_POINT('',(-51.20732,25.780092,0.));
#1508 = VECTOR('',#1509,1.);
#1509 = DIRECTION('',(0.783424716802,0.621486695839,0.));
#1510 = ORIENTED_EDGE('',*,*,#1511,.F.);
#1511 = EDGE_CURVE('',#1512,#1504,#1514,.T.);
#1512 = VERTEX_POINT('',#1513);
#1513 = CARTESIAN_POINT('',(-52.146031,24.989392,0.));
#1514 = LINE('',#1515,#1516);
#1515 = CARTESIAN_POINT('',(-52.146031,24.989392,0.));
#1516 = VECTOR('',#1517,1.);
#1517 = DIRECTION('',(0.764828283893,0.644234193564,0.));
#1518 = ORIENTED_EDGE('',*,*,#1519,.F.);
#1519 = EDGE_CURVE('',#1520,#1512,#1522,.T.);
#1520 = VERTEX_POINT('',#1521);
#1521 = CARTESIAN_POINT('',(-53.077758,24.152042,0.));
#1522 = LINE('',#1523,#1524);
#1523 = CARTESIAN_POINT('',(-53.077758,24.152042,0.));
#1524 = VECTOR('',#1525,1.);
#1525 = DIRECTION('',(0.743771980536,0.66843342299,0.));
#1526 = ORIENTED_EDGE('',*,*,#1527,.F.);
#1527 = EDGE_CURVE('',#1528,#1520,#1530,.T.);
#1528 = VERTEX_POINT('',#1529);
#1529 = CARTESIAN_POINT('',(-54.000885,23.26839,0.));
#1530 = LINE('',#1531,#1532);
#1531 = CARTESIAN_POINT('',(-54.000885,23.26839,0.));
#1532 = VECTOR('',#1533,1.);
#1533 = DIRECTION('',(0.722383449632,0.691492698225,0.));
#1534 = ORIENTED_EDGE('',*,*,#1535,.F.);
#1535 = EDGE_CURVE('',#1536,#1528,#1538,.T.);
#1536 = VERTEX_POINT('',#1537);
#1537 = CARTESIAN_POINT('',(-54.913764,22.338904,0.));
#1538 = LINE('',#1539,#1540);
#1539 = CARTESIAN_POINT('',(-54.913764,22.338904,0.));
#1540 = VECTOR('',#1541,1.);
#1541 = DIRECTION('',(0.700704484597,0.713451627839,0.));
#1542 = ORIENTED_EDGE('',*,*,#1543,.F.);
#1543 = EDGE_CURVE('',#1544,#1536,#1546,.T.);
#1544 = VERTEX_POINT('',#1545);
#1545 = CARTESIAN_POINT('',(-55.814727,21.364172,0.));
#1546 = LINE('',#1547,#1548);
#1547 = CARTESIAN_POINT('',(-55.814727,21.364172,0.));
#1548 = VECTOR('',#1549,1.);
#1549 = DIRECTION('',(0.678772310649,0.734348793351,0.));
#1550 = ORIENTED_EDGE('',*,*,#1551,.F.);
#1551 = EDGE_CURVE('',#1552,#1544,#1554,.T.);
#1552 = VERTEX_POINT('',#1553);
#1553 = CARTESIAN_POINT('',(-56.702103,20.344896,0.));
#1554 = LINE('',#1555,#1556);
#1555 = CARTESIAN_POINT('',(-56.702103,20.344896,0.));
#1556 = VECTOR('',#1557,1.);
#1557 = DIRECTION('',(0.656620620688,0.754221028935,0.));
#1558 = ORIENTED_EDGE('',*,*,#1559,.F.);
#1559 = EDGE_CURVE('',#1560,#1552,#1562,.T.);
#1560 = VERTEX_POINT('',#1561);
#1561 = CARTESIAN_POINT('',(-57.57422,19.281891,0.));
#1562 = LINE('',#1563,#1564);
#1563 = CARTESIAN_POINT('',(-57.57422,19.281891,0.));
#1564 = VECTOR('',#1565,1.);
#1565 = DIRECTION('',(0.634276522202,0.773106262673,0.));
#1566 = ORIENTED_EDGE('',*,*,#1567,.F.);
#1567 = EDGE_CURVE('',#1568,#1560,#1570,.T.);
#1568 = VERTEX_POINT('',#1569);
#1569 = CARTESIAN_POINT('',(-58.429423,18.176077,0.));
#1570 = LINE('',#1571,#1572);
#1571 = CARTESIAN_POINT('',(-58.429423,18.176077,0.));
#1572 = VECTOR('',#1573,1.);
#1573 = DIRECTION('',(0.611765624002,0.791039076968,0.));
#1574 = ORIENTED_EDGE('',*,*,#1575,.F.);
#1575 = EDGE_CURVE('',#1576,#1568,#1578,.T.);
#1576 = VERTEX_POINT('',#1577);
#1577 = CARTESIAN_POINT('',(-58.850344,17.607194,0.));
#1578 = LINE('',#1579,#1580);
#1579 = CARTESIAN_POINT('',(-58.850344,17.607194,0.));
#1580 = VECTOR('',#1581,1.);
#1581 = DIRECTION('',(0.594795140783,0.803877316822,0.));
#1582 = ORIENTED_EDGE('',*,*,#1583,.F.);
#1583 = EDGE_CURVE('',#1584,#1576,#1586,.T.);
#1584 = VERTEX_POINT('',#1585);
#1585 = CARTESIAN_POINT('',(-59.266084,17.028468,0.));
#1586 = LINE('',#1587,#1588);
#1587 = CARTESIAN_POINT('',(-59.266084,17.028468,0.));
#1588 = VECTOR('',#1589,1.);
#1589 = DIRECTION('',(0.583433092974,0.812161206918,0.));
#1590 = ORIENTED_EDGE('',*,*,#1591,.F.);
#1591 = EDGE_CURVE('',#1592,#1584,#1594,.T.);
#1592 = VERTEX_POINT('',#1593);
#1593 = CARTESIAN_POINT('',(-59.677075,16.439167,0.));
#1594 = LINE('',#1595,#1596);
#1595 = CARTESIAN_POINT('',(-59.677075,16.439167,0.));
#1596 = VECTOR('',#1597,1.);
#1597 = DIRECTION('',(0.572041879724,0.820224413098,0.));
#1598 = ORIENTED_EDGE('',*,*,#1599,.F.);
#1599 = EDGE_CURVE('',#1600,#1592,#1602,.T.);
#1600 = VERTEX_POINT('',#1601);
#1601 = CARTESIAN_POINT('',(-60.082608,15.840168,0.));
#1602 = LINE('',#1603,#1604);
#1603 = CARTESIAN_POINT('',(-60.082608,15.840168,0.));
#1604 = VECTOR('',#1605,1.);
#1605 = DIRECTION('',(0.560620214575,0.82807304932,0.));
#1606 = ORIENTED_EDGE('',*,*,#1607,.F.);
#1607 = EDGE_CURVE('',#1608,#1600,#1610,.T.);
#1608 = VERTEX_POINT('',#1609);
#1609 = CARTESIAN_POINT('',(-60.482891,15.231035,0.));
#1610 = LINE('',#1611,#1612);
#1611 = CARTESIAN_POINT('',(-60.482891,15.231035,0.));
#1612 = VECTOR('',#1613,1.);
#1613 = DIRECTION('',(0.549173670643,0.835708250212,0.));
#1614 = ORIENTED_EDGE('',*,*,#1615,.F.);
#1615 = EDGE_CURVE('',#1616,#1608,#1618,.T.);
#1616 = VERTEX_POINT('',#1617);
#1617 = CARTESIAN_POINT('',(-60.877445,14.612358,0.));
#1618 = LINE('',#1619,#1620);
#1619 = CARTESIAN_POINT('',(-60.877445,14.612358,0.));
#1620 = VECTOR('',#1621,1.);
#1621 = DIRECTION('',(0.537700173485,0.843136123905,0.));
#1622 = ORIENTED_EDGE('',*,*,#1623,.F.);
#1623 = EDGE_CURVE('',#1624,#1616,#1626,.T.);
#1624 = VERTEX_POINT('',#1625);
#1625 = CARTESIAN_POINT('',(-60.928696,14.530615,0.));
#1626 = LINE('',#1627,#1628);
#1627 = CARTESIAN_POINT('',(-60.928696,14.530615,0.));
#1628 = VECTOR('',#1629,1.);
#1629 = DIRECTION('',(0.531203043668,0.847244549347,0.));
#1630 = ORIENTED_EDGE('',*,*,#1631,.F.);
#1631 = EDGE_CURVE('',#1632,#1624,#1634,.T.);
#1632 = VERTEX_POINT('',#1633);
#1633 = CARTESIAN_POINT('',(-61.700046,13.260323,0.));
#1634 = LINE('',#1635,#1636);
#1635 = CARTESIAN_POINT('',(-61.700046,13.260323,0.));
#1636 = VECTOR('',#1637,1.);
#1637 = DIRECTION('',(0.51902793043,0.854757279836,0.));
#1638 = ORIENTED_EDGE('',*,*,#1639,.F.);
#1639 = EDGE_CURVE('',#1640,#1632,#1642,.T.);
#1640 = VERTEX_POINT('',#1641);
#1641 = CARTESIAN_POINT('',(-62.452919,11.943334,0.));
#1642 = LINE('',#1643,#1644);
#1643 = CARTESIAN_POINT('',(-62.452919,11.943334,0.));
#1644 = VECTOR('',#1645,1.);
#1645 = DIRECTION('',(0.496291915157,0.868155708931,0.));
#1646 = ORIENTED_EDGE('',*,*,#1647,.F.);
#1647 = EDGE_CURVE('',#1648,#1640,#1650,.T.);
#1648 = VERTEX_POINT('',#1649);
#1649 = CARTESIAN_POINT('',(-63.184917,10.582192,0.));
#1650 = LINE('',#1651,#1652);
#1651 = CARTESIAN_POINT('',(-63.184917,10.582192,0.));
#1652 = VECTOR('',#1653,1.);
#1653 = DIRECTION('',(0.473635962218,0.88072071356,0.));
#1654 = ORIENTED_EDGE('',*,*,#1655,.F.);
#1655 = EDGE_CURVE('',#1656,#1648,#1658,.T.);
#1656 = VERTEX_POINT('',#1657);
#1657 = CARTESIAN_POINT('',(-63.893642,9.179789,0.));
#1658 = LINE('',#1659,#1660);
#1659 = CARTESIAN_POINT('',(-63.893642,9.179789,0.));
#1660 = VECTOR('',#1661,1.);
#1661 = DIRECTION('',(0.451039921064,0.892503775682,0.));
#1662 = ORIENTED_EDGE('',*,*,#1663,.F.);
#1663 = EDGE_CURVE('',#1664,#1656,#1666,.T.);
#1664 = VERTEX_POINT('',#1665);
#1665 = CARTESIAN_POINT('',(-64.576723,7.739343,0.));
#1666 = LINE('',#1667,#1668);
#1667 = CARTESIAN_POINT('',(-64.576723,7.739343,0.));
#1668 = VECTOR('',#1669,1.);
#1669 = DIRECTION('',(0.428477959611,0.903552233204,0.));
#1670 = ORIENTED_EDGE('',*,*,#1671,.F.);
#1671 = EDGE_CURVE('',#1672,#1664,#1674,.T.);
#1672 = VERTEX_POINT('',#1673);
#1673 = CARTESIAN_POINT('',(-65.231851,6.264371,0.));
#1674 = LINE('',#1675,#1676);
#1675 = CARTESIAN_POINT('',(-65.231851,6.264371,0.));
#1676 = VECTOR('',#1677,1.);
#1677 = DIRECTION('',(0.405923673834,0.913906981602,0.));
#1678 = ORIENTED_EDGE('',*,*,#1679,.F.);
#1679 = EDGE_CURVE('',#1680,#1672,#1682,.T.);
#1680 = VERTEX_POINT('',#1681);
#1681 = CARTESIAN_POINT('',(-65.856805,4.758654,0.));
#1682 = LINE('',#1683,#1684);
#1683 = CARTESIAN_POINT('',(-65.856805,4.758654,0.));
#1684 = VECTOR('',#1685,1.);
#1685 = DIRECTION('',(0.383345960958,0.923604825787,0.));
#1686 = ORIENTED_EDGE('',*,*,#1687,.F.);
#1687 = EDGE_CURVE('',#1688,#1680,#1690,.T.);
#1688 = VERTEX_POINT('',#1689);
#1689 = CARTESIAN_POINT('',(-66.449483,3.226189,0.));
#1690 = LINE('',#1691,#1692);
#1691 = CARTESIAN_POINT('',(-66.449483,3.226189,0.));
#1692 = VECTOR('',#1693,1.);
#1693 = DIRECTION('',(0.360711303063,0.932677519748,0.));
#1694 = ORIENTED_EDGE('',*,*,#1695,.F.);
#1695 = EDGE_CURVE('',#1696,#1688,#1698,.T.);
#1696 = VERTEX_POINT('',#1697);
#1697 = CARTESIAN_POINT('',(-66.733127,2.451154,0.));
#1698 = LINE('',#1699,#1700);
#1699 = CARTESIAN_POINT('',(-66.733127,2.451154,0.));
#1700 = VECTOR('',#1701,1.);
#1701 = DIRECTION('',(0.343682632431,0.939085857718,0.));
#1702 = ORIENTED_EDGE('',*,*,#1703,.F.);
#1703 = EDGE_CURVE('',#1704,#1696,#1706,.T.);
#1704 = VERTEX_POINT('',#1705);
#1705 = CARTESIAN_POINT('',(-67.007932,1.671148,0.));
#1706 = LINE('',#1707,#1708);
#1707 = CARTESIAN_POINT('',(-67.007932,1.671148,0.));
#1708 = VECTOR('',#1709,1.);
#1709 = DIRECTION('',(0.332291864641,0.943176609492,0.));
#1710 = ORIENTED_EDGE('',*,*,#1711,.F.);
#1711 = EDGE_CURVE('',#1712,#1704,#1714,.T.);
#1712 = VERTEX_POINT('',#1713);
#1713 = CARTESIAN_POINT('',(-67.273697,0.886674,0.));
#1714 = LINE('',#1715,#1716);
#1715 = CARTESIAN_POINT('',(-67.273697,0.886674,0.));
#1716 = VECTOR('',#1717,1.);
#1717 = DIRECTION('',(0.32086775542,0.947124006417,0.));
#1718 = ORIENTED_EDGE('',*,*,#1719,.F.);
#1719 = EDGE_CURVE('',#1720,#1712,#1722,.T.);
#1720 = VERTEX_POINT('',#1721);
#1721 = CARTESIAN_POINT('',(-67.530368,9.7818E-02,0.));
#1722 = LINE('',#1723,#1724);
#1723 = CARTESIAN_POINT('',(-67.530368,9.7818E-02,0.));
#1724 = VECTOR('',#1725,1.);
#1725 = DIRECTION('',(0.309405292613,0.950930262902,0.));
#1726 = ORIENTED_EDGE('',*,*,#1727,.F.);
#1727 = EDGE_CURVE('',#1728,#1720,#1730,.T.);
#1728 = VERTEX_POINT('',#1729);
#1729 = CARTESIAN_POINT('',(-67.777447,-0.693923,0.));
#1730 = LINE('',#1731,#1732);
#1731 = CARTESIAN_POINT('',(-67.777447,-0.693923,0.));
#1732 = VECTOR('',#1733,1.);
#1733 = DIRECTION('',(0.297901437144,0.954596634054,0.));
#1734 = ORIENTED_EDGE('',*,*,#1735,.F.);
#1735 = EDGE_CURVE('',#1736,#1728,#1738,.T.);
#1736 = VERTEX_POINT('',#1737);
#1737 = CARTESIAN_POINT('',(-68.015201,-1.48945,0.));
#1738 = LINE('',#1739,#1740);
#1739 = CARTESIAN_POINT('',(-68.015201,-1.48945,0.));
#1740 = VECTOR('',#1741,1.);
#1741 = DIRECTION('',(0.286348747823,0.958125458706,0.));
#1742 = ORIENTED_EDGE('',*,*,#1743,.F.);
#1743 = EDGE_CURVE('',#1744,#1736,#1746,.T.);
#1744 = VERTEX_POINT('',#1745);
#1745 = CARTESIAN_POINT('',(-68.242888,-2.28628,0.));
#1746 = LINE('',#1747,#1748);
#1747 = CARTESIAN_POINT('',(-68.242888,-2.28628,0.));
#1748 = VECTOR('',#1749,1.);
#1749 = DIRECTION('',(0.274744874324,0.96151716263,0.));
#1750 = ORIENTED_EDGE('',*,*,#1751,.F.);
#1751 = EDGE_CURVE('',#1752,#1744,#1754,.T.);
#1752 = VERTEX_POINT('',#1753);
#1753 = CARTESIAN_POINT('',(-68.461045,-3.086296,0.));
#1754 = LINE('',#1755,#1756);
#1755 = CARTESIAN_POINT('',(-68.461045,-3.086296,0.));
#1756 = VECTOR('',#1757,1.);
#1757 = DIRECTION('',(0.263084650405,0.964772753928,0.));
#1758 = ORIENTED_EDGE('',*,*,#1759,.F.);
#1759 = EDGE_CURVE('',#1760,#1752,#1762,.T.);
#1760 = VERTEX_POINT('',#1761);
#1761 = CARTESIAN_POINT('',(-68.668745,-3.886054,0.));
#1762 = LINE('',#1763,#1764);
#1763 = CARTESIAN_POINT('',(-68.668745,-3.886054,0.));
#1764 = VECTOR('',#1765,1.);
#1765 = DIRECTION('',(0.251365088138,0.967892345494,0.));
#1766 = ORIENTED_EDGE('',*,*,#1767,.F.);
#1767 = EDGE_CURVE('',#1768,#1760,#1770,.T.);
#1768 = VERTEX_POINT('',#1769);
#1769 = CARTESIAN_POINT('',(-68.866735,-4.688402,0.));
#1770 = LINE('',#1771,#1772);
#1771 = CARTESIAN_POINT('',(-68.866735,-4.688402,0.));
#1772 = VECTOR('',#1773,1.);
#1773 = DIRECTION('',(0.239576862579,0.970877400559,0.));
#1774 = ORIENTED_EDGE('',*,*,#1775,.F.);
#1775 = EDGE_CURVE('',#1776,#1768,#1778,.T.);
#1776 = VERTEX_POINT('',#1777);
#1777 = CARTESIAN_POINT('',(-69.053961,-5.488976,0.));
#1778 = LINE('',#1779,#1780);
#1779 = CARTESIAN_POINT('',(-69.053961,-5.488976,0.));
#1780 = VECTOR('',#1781,1.);
#1781 = DIRECTION('',(0.227720279161,0.973726591225,0.));
#1782 = ORIENTED_EDGE('',*,*,#1783,.F.);
#1783 = EDGE_CURVE('',#1784,#1776,#1786,.T.);
#1784 = VERTEX_POINT('',#1785);
#1785 = CARTESIAN_POINT('',(-69.231326,-6.291549,0.));
#1786 = LINE('',#1787,#1788);
#1787 = CARTESIAN_POINT('',(-69.231326,-6.291549,0.));
#1788 = VECTOR('',#1789,1.);
#1789 = DIRECTION('',(0.215788831997,0.976440054476,0.));
#1790 = ORIENTED_EDGE('',*,*,#1791,.F.);
#1791 = EDGE_CURVE('',#1792,#1784,#1794,.T.);
#1792 = VERTEX_POINT('',#1793);
#1793 = CARTESIAN_POINT('',(-69.350329,-6.858189,0.));
#1794 = LINE('',#1795,#1796);
#1795 = CARTESIAN_POINT('',(-69.350329,-6.858189,0.));
#1796 = VECTOR('',#1797,1.);
#1797 = DIRECTION('',(0.205531460066,0.97865050908,0.));
#1798 = ORIENTED_EDGE('',*,*,#1799,.F.);
#1799 = EDGE_CURVE('',#1800,#1792,#1802,.T.);
#1800 = VERTEX_POINT('',#1801);
#1801 = CARTESIAN_POINT('',(-69.659027,-8.4598,0.));
#1802 = LINE('',#1803,#1804);
#1803 = CARTESIAN_POINT('',(-69.659027,-8.4598,0.));
#1804 = VECTOR('',#1805,1.);
#1805 = DIRECTION('',(0.189258799709,0.981927241059,0.));
#1806 = ORIENTED_EDGE('',*,*,#1807,.F.);
#1807 = EDGE_CURVE('',#1808,#1800,#1810,.T.);
#1808 = VERTEX_POINT('',#1809);
#1809 = CARTESIAN_POINT('',(-69.928272,-10.067723,0.));
#1810 = LINE('',#1811,#1812);
#1811 = CARTESIAN_POINT('',(-69.928272,-10.067723,0.));
#1812 = VECTOR('',#1813,1.);
#1813 = DIRECTION('',(0.165149617895,0.986268525154,0.));
#1814 = ORIENTED_EDGE('',*,*,#1815,.F.);
#1815 = EDGE_CURVE('',#1816,#1808,#1818,.T.);
#1816 = VERTEX_POINT('',#1817);
#1817 = CARTESIAN_POINT('',(-70.157898,-11.680875,0.));
#1818 = LINE('',#1819,#1820);
#1819 = CARTESIAN_POINT('',(-70.157898,-11.680875,0.));
#1820 = VECTOR('',#1821,1.);
#1821 = DIRECTION('',(0.140925577216,0.990020192565,0.));
#1822 = ORIENTED_EDGE('',*,*,#1823,.F.);
#1823 = EDGE_CURVE('',#1824,#1816,#1826,.T.);
#1824 = VERTEX_POINT('',#1825);
#1825 = CARTESIAN_POINT('',(-70.347763,-13.298151,0.));
#1826 = LINE('',#1827,#1828);
#1827 = CARTESIAN_POINT('',(-70.347763,-13.298151,0.));
#1828 = VECTOR('',#1829,1.);
#1829 = DIRECTION('',(0.116597280385,0.993179275965,0.));
#1830 = ORIENTED_EDGE('',*,*,#1831,.F.);
#1831 = EDGE_CURVE('',#1832,#1824,#1834,.T.);
#1832 = VERTEX_POINT('',#1833);
#1833 = CARTESIAN_POINT('',(-70.497756,-14.918434,0.));
#1834 = LINE('',#1835,#1836);
#1835 = CARTESIAN_POINT('',(-70.497756,-14.918434,0.));
#1836 = VECTOR('',#1837,1.);
#1837 = DIRECTION('',(9.217797870952E-02,0.995742547168,0.));
#1838 = ORIENTED_EDGE('',*,*,#1839,.F.);
#1839 = EDGE_CURVE('',#1840,#1832,#1842,.T.);
#1840 = VERTEX_POINT('',#1841);
#1841 = CARTESIAN_POINT('',(-70.607794,-16.540592,0.));
#1842 = LINE('',#1843,#1844);
#1843 = CARTESIAN_POINT('',(-70.607794,-16.540592,0.));
#1844 = VECTOR('',#1845,1.);
#1845 = DIRECTION('',(6.767879618467E-02,0.99770716172,0.));
#1846 = ORIENTED_EDGE('',*,*,#1847,.F.);
#1847 = EDGE_CURVE('',#1848,#1840,#1850,.T.);
#1848 = VERTEX_POINT('',#1849);
#1849 = CARTESIAN_POINT('',(-70.647816,-17.352077,0.));
#1850 = LINE('',#1851,#1852);
#1851 = CARTESIAN_POINT('',(-70.647816,-17.352077,0.));
#1852 = VECTOR('',#1853,1.);
#1853 = DIRECTION('',(4.925958419942E-02,0.998786009796,0.));
#1854 = ORIENTED_EDGE('',*,*,#1855,.F.);
#1855 = EDGE_CURVE('',#1856,#1848,#1858,.T.);
#1856 = VERTEX_POINT('',#1857);
#1857 = CARTESIAN_POINT('',(-70.677827,-18.163484,0.));
#1858 = LINE('',#1859,#1860);
#1859 = CARTESIAN_POINT('',(-70.677827,-18.163484,0.));
#1860 = VECTOR('',#1861,1.);
#1861 = DIRECTION('',(3.696109799262E-02,0.999316705172,0.));
#1862 = ORIENTED_EDGE('',*,*,#1863,.F.);
#1863 = EDGE_CURVE('',#1864,#1856,#1866,.T.);
#1864 = VERTEX_POINT('',#1865);
#1865 = CARTESIAN_POINT('',(-70.697835,-18.974865,0.));
#1866 = LINE('',#1867,#1868);
#1867 = CARTESIAN_POINT('',(-70.697835,-18.974865,0.));
#1868 = VECTOR('',#1869,1.);
#1869 = DIRECTION('',(2.465169825642E-02,0.999696100709,0.));
#1870 = ORIENTED_EDGE('',*,*,#1871,.F.);
#1871 = EDGE_CURVE('',#1872,#1864,#1874,.T.);
#1872 = VERTEX_POINT('',#1873);
#1873 = CARTESIAN_POINT('',(-70.707836,-19.785962,0.));
#1874 = LINE('',#1875,#1876);
#1875 = CARTESIAN_POINT('',(-70.707836,-19.785962,0.));
#1876 = VECTOR('',#1877,1.);
#1877 = DIRECTION('',(1.232927731173E-02,0.999923991572,0.));
#1878 = ORIENTED_EDGE('',*,*,#1879,.F.);
#1879 = EDGE_CURVE('',#1880,#1872,#1882,.T.);
#1880 = VERTEX_POINT('',#1881);
#1881 = CARTESIAN_POINT('',(-70.707835,-20.596665,0.));
#1882 = LINE('',#1883,#1884);
#1883 = CARTESIAN_POINT('',(-70.707835,-20.596665,0.));
#1884 = VECTOR('',#1885,1.);
#1885 = DIRECTION('',(-1.233497344249E-06,0.999999999999,0.));
#1886 = ORIENTED_EDGE('',*,*,#1887,.F.);
#1887 = EDGE_CURVE('',#1888,#1880,#1890,.T.);
#1888 = VERTEX_POINT('',#1889);
#1889 = CARTESIAN_POINT('',(-70.697835,-21.406877,0.));
#1890 = LINE('',#1891,#1892);
#1891 = CARTESIAN_POINT('',(-70.697835,-21.406877,0.));
#1892 = VECTOR('',#1893,1.);
#1893 = DIRECTION('',(-1.234150865061E-02,0.999923840682,0.));
#1894 = ORIENTED_EDGE('',*,*,#1895,.F.);
#1895 = EDGE_CURVE('',#1896,#1888,#1898,.T.);
#1896 = VERTEX_POINT('',#1897);
#1897 = CARTESIAN_POINT('',(-70.677845,-22.216325,0.));
#1898 = LINE('',#1899,#1900);
#1899 = CARTESIAN_POINT('',(-70.677845,-22.216325,0.));
#1900 = VECTOR('',#1901,1.);
#1901 = DIRECTION('',(-2.468831474057E-02,0.999695197105,0.));
#1902 = ORIENTED_EDGE('',*,*,#1903,.F.);
#1903 = EDGE_CURVE('',#1904,#1896,#1906,.T.);
#1904 = VERTEX_POINT('',#1905);
#1905 = CARTESIAN_POINT('',(-70.647868,-23.025078,0.));
#1906 = LINE('',#1907,#1908);
#1907 = CARTESIAN_POINT('',(-70.647868,-23.025078,0.));
#1908 = VECTOR('',#1909,1.);
#1909 = DIRECTION('',(-3.704026939777E-02,0.999313773768,0.));
#1910 = ORIENTED_EDGE('',*,*,#1911,.F.);
#1911 = EDGE_CURVE('',#1912,#1904,#1914,.T.);
#1912 = VERTEX_POINT('',#1913);
#1913 = CARTESIAN_POINT('',(-70.607927,-23.832698,0.));
#1914 = LINE('',#1915,#1916);
#1915 = CARTESIAN_POINT('',(-70.607927,-23.832698,0.));
#1916 = VECTOR('',#1917,1.);
#1917 = DIRECTION('',(-4.93948208962E-02,0.998779330818,0.));
#1918 = ORIENTED_EDGE('',*,*,#1919,.F.);
#1919 = EDGE_CURVE('',#1920,#1912,#1922,.T.);
#1920 = VERTEX_POINT('',#1921);
#1921 = CARTESIAN_POINT('',(-70.558014,-24.639418,0.));
#1922 = LINE('',#1923,#1924);
#1923 = CARTESIAN_POINT('',(-70.558014,-24.639418,0.));
#1924 = VECTOR('',#1925,1.);
#1925 = DIRECTION('',(-6.175344330826E-02,0.998091434809,0.));
#1926 = ORIENTED_EDGE('',*,*,#1927,.F.);
#1927 = EDGE_CURVE('',#1928,#1920,#1930,.T.);
#1928 = VERTEX_POINT('',#1929);
#1929 = CARTESIAN_POINT('',(-70.498175,-25.444639,0.));
#1930 = LINE('',#1931,#1932);
#1931 = CARTESIAN_POINT('',(-70.498175,-25.444639,0.));
#1932 = VECTOR('',#1933,1.);
#1933 = DIRECTION('',(-7.410940568507E-02,0.997250117066,0.));
#1934 = ORIENTED_EDGE('',*,*,#1935,.F.);
#1935 = EDGE_CURVE('',#1936,#1928,#1938,.T.);
#1936 = VERTEX_POINT('',#1937);
#1937 = CARTESIAN_POINT('',(-70.428384,-26.248757,0.));
#1938 = LINE('',#1939,#1940);
#1939 = CARTESIAN_POINT('',(-70.428384,-26.248757,0.));
#1940 = VECTOR('',#1941,1.);
#1941 = DIRECTION('',(-8.646692808333E-02,0.996254721619,0.));
#1942 = ORIENTED_EDGE('',*,*,#1943,.F.);
#1943 = EDGE_CURVE('',#1944,#1936,#1946,.T.);
#1944 = VERTEX_POINT('',#1945);
#1945 = CARTESIAN_POINT('',(-70.367798,-26.867771,0.));
#1946 = LINE('',#1947,#1948);
#1947 = CARTESIAN_POINT('',(-70.367798,-26.867771,0.));
#1948 = VECTOR('',#1949,1.);
#1949 = DIRECTION('',(-9.740955149452E-02,0.995244381686,0.));
#1950 = ORIENTED_EDGE('',*,*,#1951,.F.);
#1951 = EDGE_CURVE('',#1952,#1944,#1954,.T.);
#1952 = VERTEX_POINT('',#1953);
#1953 = CARTESIAN_POINT('',(-70.182784,-28.474624,0.));
#1954 = LINE('',#1955,#1956);
#1955 = CARTESIAN_POINT('',(-70.182784,-28.474624,0.));
#1956 = VECTOR('',#1957,1.);
#1957 = DIRECTION('',(-0.114384864561,0.99343651169,0.));
#1958 = ORIENTED_EDGE('',*,*,#1959,.F.);
#1959 = EDGE_CURVE('',#1960,#1952,#1962,.T.);
#1960 = VERTEX_POINT('',#1961);
#1961 = CARTESIAN_POINT('',(-69.956295,-30.093652,0.));
#1962 = LINE('',#1963,#1964);
#1963 = CARTESIAN_POINT('',(-69.956295,-30.093652,0.));
#1964 = VECTOR('',#1965,1.);
#1965 = DIRECTION('',(-0.138542902367,0.990356432909,0.));
#1966 = ORIENTED_EDGE('',*,*,#1967,.F.);
#1967 = EDGE_CURVE('',#1968,#1960,#1970,.T.);
#1968 = VERTEX_POINT('',#1969);
#1969 = CARTESIAN_POINT('',(-69.687763,-31.725881,0.));
#1970 = LINE('',#1971,#1972);
#1971 = CARTESIAN_POINT('',(-69.687763,-31.725881,0.));
#1972 = VECTOR('',#1973,1.);
#1973 = DIRECTION('',(-0.162336322537,0.98673548552,0.));
#1974 = ORIENTED_EDGE('',*,*,#1975,.F.);
#1975 = EDGE_CURVE('',#1976,#1968,#1978,.T.);
#1976 = VERTEX_POINT('',#1977);
#1977 = CARTESIAN_POINT('',(-69.376542,-33.372375,0.));
#1978 = LINE('',#1979,#1980);
#1979 = CARTESIAN_POINT('',(-69.376542,-33.372375,0.));
#1980 = VECTOR('',#1981,1.);
#1981 = DIRECTION('',(-0.185731570666,0.982600520892,0.));
#1982 = ORIENTED_EDGE('',*,*,#1983,.F.);
#1983 = EDGE_CURVE('',#1984,#1976,#1986,.T.);
#1984 = VERTEX_POINT('',#1985);
#1985 = CARTESIAN_POINT('',(-69.021903,-35.034239,0.));
#1986 = LINE('',#1987,#1988);
#1987 = CARTESIAN_POINT('',(-69.021903,-35.034239,0.));
#1988 = VECTOR('',#1989,1.);
#1989 = DIRECTION('',(-0.208699268507,0.977979864478,0.));
#1990 = ORIENTED_EDGE('',*,*,#1991,.F.);
#1991 = EDGE_CURVE('',#1992,#1984,#1994,.T.);
#1992 = VERTEX_POINT('',#1993);
#1993 = CARTESIAN_POINT('',(-68.623038,-36.712628,0.));
#1994 = LINE('',#1995,#1996);
#1995 = CARTESIAN_POINT('',(-68.623038,-36.712628,0.));
#1996 = VECTOR('',#1997,1.);
#1997 = DIRECTION('',(-0.231208297139,0.972904272441,0.));
#1998 = ORIENTED_EDGE('',*,*,#1999,.F.);
#1999 = EDGE_CURVE('',#2000,#1992,#2002,.T.);
#2000 = VERTEX_POINT('',#2001);
#2001 = CARTESIAN_POINT('',(-68.179049,-38.408755,0.));
#2002 = LINE('',#2003,#2004);
#2003 = CARTESIAN_POINT('',(-68.179049,-38.408755,0.));
#2004 = VECTOR('',#2005,1.);
#2005 = DIRECTION('',(-0.253234098453,0.967405029644,0.));
#2006 = ORIENTED_EDGE('',*,*,#2007,.F.);
#2007 = EDGE_CURVE('',#2008,#2000,#2010,.T.);
#2008 = VERTEX_POINT('',#2009);
#2009 = CARTESIAN_POINT('',(-67.688947,-40.12389,0.));
#2010 = LINE('',#2011,#2012);
#2011 = CARTESIAN_POINT('',(-67.688947,-40.12389,0.));
#2012 = VECTOR('',#2013,1.);
#2013 = DIRECTION('',(-0.274754002505,0.961514554288,0.));
#2014 = ORIENTED_EDGE('',*,*,#2015,.F.);
#2015 = EDGE_CURVE('',#2016,#2008,#2018,.T.);
#2016 = VERTEX_POINT('',#2017);
#2017 = CARTESIAN_POINT('',(-67.151645,-41.859377,0.));
#2018 = LINE('',#2019,#2020);
#2019 = CARTESIAN_POINT('',(-67.151645,-41.859377,0.));
#2020 = VECTOR('',#2021,1.);
#2021 = DIRECTION('',(-0.295747747702,0.955266072741,0.));
#2022 = ORIENTED_EDGE('',*,*,#2023,.F.);
#2023 = EDGE_CURVE('',#2024,#2016,#2026,.T.);
#2024 = VERTEX_POINT('',#2025);
#2025 = CARTESIAN_POINT('',(-66.565952,-43.616642,0.));
#2026 = LINE('',#2027,#2028);
#2027 = CARTESIAN_POINT('',(-66.565952,-43.616642,0.));
#2028 = VECTOR('',#2029,1.);
#2029 = DIRECTION('',(-0.316197641153,0.94869333914,0.));
#2030 = ORIENTED_EDGE('',*,*,#2031,.F.);
#2031 = EDGE_CURVE('',#2032,#2024,#2034,.T.);
#2032 = VERTEX_POINT('',#2033);
#2033 = CARTESIAN_POINT('',(-65.930565,-45.397205,0.));
#2034 = LINE('',#2035,#2036);
#2035 = CARTESIAN_POINT('',(-65.930565,-45.397205,0.));
#2036 = VECTOR('',#2037,1.);
#2037 = DIRECTION('',(-0.33608852518,0.941830400466,0.));
#2038 = ORIENTED_EDGE('',*,*,#2039,.F.);
#2039 = EDGE_CURVE('',#2040,#2032,#2042,.T.);
#2040 = VERTEX_POINT('',#2041);
#2041 = CARTESIAN_POINT('',(-65.244058,-47.202692,0.));
#2042 = LINE('',#2043,#2044);
#2043 = CARTESIAN_POINT('',(-65.244058,-47.202692,0.));
#2044 = VECTOR('',#2045,1.);
#2045 = DIRECTION('',(-0.355408631207,0.934711027465,0.));
#2046 = ORIENTED_EDGE('',*,*,#2047,.F.);
#2047 = EDGE_CURVE('',#2048,#2040,#2050,.T.);
#2048 = VERTEX_POINT('',#2049);
#2049 = CARTESIAN_POINT('',(-64.50487,-49.034857,0.));
#2050 = LINE('',#2051,#2052);
#2051 = CARTESIAN_POINT('',(-64.50487,-49.034857,0.));
#2052 = VECTOR('',#2053,1.);
#2053 = DIRECTION('',(-0.374147610733,0.927369163485,0.));
#2054 = ORIENTED_EDGE('',*,*,#2055,.F.);
#2055 = EDGE_CURVE('',#2056,#2048,#2058,.T.);
#2056 = VERTEX_POINT('',#2057);
#2057 = CARTESIAN_POINT('',(-63.711291,-50.895603,0.));
#2058 = LINE('',#2059,#2060);
#2059 = CARTESIAN_POINT('',(-63.711291,-50.895603,0.));
#2060 = VECTOR('',#2061,1.);
#2061 = DIRECTION('',(-0.392296785701,0.919838698864,0.));
#2062 = ORIENTED_EDGE('',*,*,#2063,.F.);
#2063 = EDGE_CURVE('',#2064,#2056,#2066,.T.);
#2064 = VERTEX_POINT('',#2065);
#2065 = CARTESIAN_POINT('',(-62.861439,-52.787004,0.));
#2066 = LINE('',#2067,#2068);
#2067 = CARTESIAN_POINT('',(-62.861439,-52.787004,0.));
#2068 = VECTOR('',#2069,1.);
#2069 = DIRECTION('',(-0.409851890052,0.912152086124,0.));
#2070 = ORIENTED_EDGE('',*,*,#2071,.F.);
#2071 = EDGE_CURVE('',#2072,#2064,#2074,.T.);
#2072 = VERTEX_POINT('',#2073);
#2073 = CARTESIAN_POINT('',(-61.990976,-54.633172,0.));
#2074 = LINE('',#2075,#2076);
#2075 = CARTESIAN_POINT('',(-61.990976,-54.633172,0.));
#2076 = VECTOR('',#2077,1.);
#2077 = DIRECTION('',(-0.426470001314,0.904501707007,0.));
#2078 = ORIENTED_EDGE('',*,*,#2079,.F.);
#2079 = EDGE_CURVE('',#2080,#2072,#2082,.T.);
#2080 = VERTEX_POINT('',#2081);
#2081 = CARTESIAN_POINT('',(-61.007289,-56.627242,0.));
#2082 = LINE('',#2083,#2084);
#2083 = CARTESIAN_POINT('',(-61.007289,-56.627242,0.));
#2084 = VECTOR('',#2085,1.);
#2085 = DIRECTION('',(-0.442404631741,0.896815556184,0.));
#2086 = ORIENTED_EDGE('',*,*,#2087,.F.);
#2087 = EDGE_CURVE('',#2088,#2080,#2090,.T.);
#2088 = VERTEX_POINT('',#2089);
#2089 = CARTESIAN_POINT('',(-59.96772,-58.644579,0.));
#2090 = LINE('',#2091,#2092);
#2091 = CARTESIAN_POINT('',(-59.96772,-58.644579,0.));
#2092 = VECTOR('',#2093,1.);
#2093 = DIRECTION('',(-0.458073167312,0.888914491607,0.));
#2094 = ORIENTED_EDGE('',*,*,#2095,.F.);
#2095 = EDGE_CURVE('',#2096,#2088,#2098,.T.);
#2096 = VERTEX_POINT('',#2097);
#2097 = CARTESIAN_POINT('',(-58.872324,-60.683329,0.));
#2098 = LINE('',#2099,#2100);
#2099 = CARTESIAN_POINT('',(-58.872324,-60.683329,0.));
#2100 = VECTOR('',#2101,1.);
#2101 = DIRECTION('',(-0.473298245884,0.88090224795,0.));
#2102 = ORIENTED_EDGE('',*,*,#2103,.F.);
#2103 = EDGE_CURVE('',#2104,#2096,#2106,.T.);
#2104 = VERTEX_POINT('',#2105);
#2105 = CARTESIAN_POINT('',(-57.721357,-62.741399,0.));
#2106 = LINE('',#2107,#2108);
#2107 = CARTESIAN_POINT('',(-57.721357,-62.741399,0.));
#2108 = VECTOR('',#2109,1.);
#2109 = DIRECTION('',(-0.488102179103,0.872786493224,0.));
#2110 = ORIENTED_EDGE('',*,*,#2111,.F.);
#2111 = EDGE_CURVE('',#2112,#2104,#2114,.T.);
#2112 = VERTEX_POINT('',#2113);
#2113 = CARTESIAN_POINT('',(-56.515293,-64.816442,0.));
#2114 = LINE('',#2115,#2116);
#2115 = CARTESIAN_POINT('',(-56.515293,-64.816442,0.));
#2116 = VECTOR('',#2117,1.);
#2117 = DIRECTION('',(-0.502509488117,0.864571694165,0.));
#2118 = ORIENTED_EDGE('',*,*,#2119,.F.);
#2119 = EDGE_CURVE('',#2120,#2112,#2122,.T.);
#2120 = VERTEX_POINT('',#2121);
#2121 = CARTESIAN_POINT('',(-55.254851,-66.905849,0.));
#2122 = LINE('',#2123,#2124);
#2123 = CARTESIAN_POINT('',(-55.254851,-66.905849,0.));
#2124 = VECTOR('',#2125,1.);
#2125 = DIRECTION('',(-0.516542678267,0.856261444612,0.));
#2126 = ORIENTED_EDGE('',*,*,#2127,.F.);
#2127 = EDGE_CURVE('',#2128,#2120,#2130,.T.);
#2128 = VERTEX_POINT('',#2129);
#2129 = CARTESIAN_POINT('',(-53.941013,-69.006738,0.));
#2130 = LINE('',#2131,#2132);
#2131 = CARTESIAN_POINT('',(-53.941013,-69.006738,0.));
#2132 = VECTOR('',#2133,1.);
#2133 = DIRECTION('',(-0.530225972367,0.847856366508,0.));
#2134 = ORIENTED_EDGE('',*,*,#2135,.F.);
#2135 = EDGE_CURVE('',#2136,#2128,#2138,.T.);
#2136 = VERTEX_POINT('',#2137);
#2137 = CARTESIAN_POINT('',(-52.575048,-71.115948,0.));
#2138 = LINE('',#2139,#2140);
#2139 = CARTESIAN_POINT('',(-52.575048,-71.115948,0.));
#2140 = VECTOR('',#2141,1.);
#2141 = DIRECTION('',(-0.543582808836,0.839355544414,0.));
#2142 = ORIENTED_EDGE('',*,*,#2143,.F.);
#2143 = EDGE_CURVE('',#2144,#2136,#2146,.T.);
#2144 = VERTEX_POINT('',#2145);
#2145 = CARTESIAN_POINT('',(-51.158533,-73.230036,0.));
#2146 = LINE('',#2147,#2148);
#2147 = CARTESIAN_POINT('',(-51.158533,-73.230036,0.));
#2148 = VECTOR('',#2149,1.);
#2149 = DIRECTION('',(-0.556636508181,0.83075616023,0.));
#2150 = ORIENTED_EDGE('',*,*,#2151,.F.);
#2151 = EDGE_CURVE('',#2152,#2144,#2154,.T.);
#2152 = VERTEX_POINT('',#2153);
#2153 = CARTESIAN_POINT('',(-49.693372,-75.345274,0.));
#2154 = LINE('',#2155,#2156);
#2155 = CARTESIAN_POINT('',(-49.693372,-75.345274,0.));
#2156 = VECTOR('',#2157,1.);
#2157 = DIRECTION('',(-0.569411061132,0.822052944439,0.));
#2158 = ORIENTED_EDGE('',*,*,#2159,.F.);
#2159 = EDGE_CURVE('',#2160,#2152,#2162,.T.);
#2160 = VERTEX_POINT('',#2161);
#2161 = CARTESIAN_POINT('',(-48.181812,-77.457658,0.));
#2162 = LINE('',#2163,#2164);
#2163 = CARTESIAN_POINT('',(-48.181812,-77.457658,0.));
#2164 = VECTOR('',#2165,1.);
#2165 = DIRECTION('',(-0.581929918456,0.813238937832,0.));
#2166 = ORIENTED_EDGE('',*,*,#2167,.F.);
#2167 = EDGE_CURVE('',#2168,#2160,#2170,.T.);
#2168 = VERTEX_POINT('',#2169);
#2169 = CARTESIAN_POINT('',(-46.626458,-79.562914,0.));
#2170 = LINE('',#2171,#2172);
#2171 = CARTESIAN_POINT('',(-46.626458,-79.562914,0.));
#2172 = VECTOR('',#2173,1.);
#2173 = DIRECTION('',(-0.594216917266,0.80430482731,0.));
#2174 = ORIENTED_EDGE('',*,*,#2175,.F.);
#2175 = EDGE_CURVE('',#2176,#2168,#2178,.T.);
#2176 = VERTEX_POINT('',#2177);
#2177 = CARTESIAN_POINT('',(-45.030279,-81.656517,0.));
#2178 = LINE('',#2179,#2180);
#2179 = CARTESIAN_POINT('',(-45.030279,-81.656517,0.));
#2180 = VECTOR('',#2181,1.);
#2181 = DIRECTION('',(-0.606296229839,0.795238883408,0.));
#2182 = ORIENTED_EDGE('',*,*,#2183,.F.);
#2183 = EDGE_CURVE('',#2184,#2176,#2186,.T.);
#2184 = VERTEX_POINT('',#2185);
#2185 = CARTESIAN_POINT('',(-43.396617,-83.733714,0.));
#2186 = LINE('',#2187,#2188);
#2187 = CARTESIAN_POINT('',(-43.396617,-83.733714,0.));
#2188 = VECTOR('',#2189,1.);
#2189 = DIRECTION('',(-0.618190836283,0.786028046533,0.));
#2190 = ORIENTED_EDGE('',*,*,#2191,.F.);
#2191 = EDGE_CURVE('',#2192,#2184,#2194,.T.);
#2192 = VERTEX_POINT('',#2193);
#2193 = CARTESIAN_POINT('',(-43.023566,-84.199168,0.));
#2194 = LINE('',#2195,#2196);
#2195 = CARTESIAN_POINT('',(-43.023566,-84.199168,0.));
#2196 = VECTOR('',#2197,1.);
#2197 = DIRECTION('',(-0.625397877208,0.780306026623,0.));
#2198 = ORIENTED_EDGE('',*,*,#2199,.F.);
#2199 = EDGE_CURVE('',#2200,#2192,#2202,.T.);
#2200 = VERTEX_POINT('',#2201);
#2201 = CARTESIAN_POINT('',(-41.390602,-86.197858,0.));
#2202 = LINE('',#2203,#2204);
#2203 = CARTESIAN_POINT('',(-41.390602,-86.197858,0.));
#2204 = VECTOR('',#2205,1.);
#2205 = DIRECTION('',(-0.632697376394,0.774399141209,0.));
#2206 = ORIENTED_EDGE('',*,*,#2207,.F.);
#2207 = EDGE_CURVE('',#2208,#2200,#2210,.T.);
#2208 = VERTEX_POINT('',#2209);
#2209 = CARTESIAN_POINT('',(-39.727585,-88.170536,0.));
#2210 = LINE('',#2211,#2212);
#2211 = CARTESIAN_POINT('',(-39.727585,-88.170536,0.));
#2212 = VECTOR('',#2213,1.);
#2213 = DIRECTION('',(-0.644547115498,0.764564592368,0.));
#2214 = ORIENTED_EDGE('',*,*,#2215,.F.);
#2215 = EDGE_CURVE('',#2216,#2208,#2218,.T.);
#2216 = VERTEX_POINT('',#2217);
#2217 = CARTESIAN_POINT('',(-38.036536,-90.114827,0.));
#2218 = LINE('',#2219,#2220);
#2219 = CARTESIAN_POINT('',(-38.036536,-90.114827,0.));
#2220 = VECTOR('',#2221,1.);
#2221 = DIRECTION('',(-0.656258524523,0.7545361151,0.));
#2222 = ORIENTED_EDGE('',*,*,#2223,.F.);
#2223 = EDGE_CURVE('',#2224,#2216,#2226,.T.);
#2224 = VERTEX_POINT('',#2225);
#2225 = CARTESIAN_POINT('',(-36.319646,-92.028294,0.));
#2226 = LINE('',#2227,#2228);
#2227 = CARTESIAN_POINT('',(-36.319646,-92.028294,0.));
#2228 = VECTOR('',#2229,1.);
#2229 = DIRECTION('',(-0.66783993662,0.744304923439,0.));
#2230 = ORIENTED_EDGE('',*,*,#2231,.F.);
#2231 = EDGE_CURVE('',#2232,#2224,#2234,.T.);
#2232 = VERTEX_POINT('',#2233);
#2233 = CARTESIAN_POINT('',(-34.579271,-93.908453,0.));
#2234 = LINE('',#2235,#2236);
#2235 = CARTESIAN_POINT('',(-34.579271,-93.908453,0.));
#2236 = VECTOR('',#2237,1.);
#2237 = DIRECTION('',(-0.679300225399,0.733860479773,0.));
#2238 = ORIENTED_EDGE('',*,*,#2239,.F.);
#2239 = EDGE_CURVE('',#2240,#2232,#2242,.T.);
#2240 = VERTEX_POINT('',#2241);
#2241 = CARTESIAN_POINT('',(-32.817933,-95.752781,0.));
#2242 = LINE('',#2243,#2244);
#2243 = CARTESIAN_POINT('',(-32.817933,-95.752781,0.));
#2244 = VECTOR('',#2245,1.);
#2245 = DIRECTION('',(-0.690648705602,0.723190407466,0.));
#2246 = ORIENTED_EDGE('',*,*,#2247,.F.);
#2247 = EDGE_CURVE('',#2248,#2240,#2250,.T.);
#2248 = VERTEX_POINT('',#2249);
#2249 = CARTESIAN_POINT('',(-31.038316,-97.558736,0.));
#2250 = LINE('',#2251,#2252);
#2251 = CARTESIAN_POINT('',(-31.038316,-97.558736,0.));
#2252 = VECTOR('',#2253,1.);
#2253 = DIRECTION('',(-0.701893756831,0.712281653647,0.));
#2254 = ORIENTED_EDGE('',*,*,#2255,.F.);
#2255 = EDGE_CURVE('',#2256,#2248,#2258,.T.);
#2256 = VERTEX_POINT('',#2257);
#2257 = CARTESIAN_POINT('',(-29.243258,-99.323771,0.));
#2258 = LINE('',#2259,#2260);
#2259 = CARTESIAN_POINT('',(-29.243258,-99.323771,0.));
#2260 = VECTOR('',#2261,1.);
#2261 = DIRECTION('',(-0.713044603754,0.701118672592,0.));
#2262 = ORIENTED_EDGE('',*,*,#2263,.F.);
#2263 = EDGE_CURVE('',#2264,#2256,#2266,.T.);
#2264 = VERTEX_POINT('',#2265);
#2265 = CARTESIAN_POINT('',(-28.340327,-100.190663,0.));
#2266 = LINE('',#2267,#2268);
#2267 = CARTESIAN_POINT('',(-28.340327,-100.190663,0.));
#2268 = VECTOR('',#2269,1.);
#2269 = DIRECTION('',(-0.721356093156,0.692564355758,0.));
#2270 = ORIENTED_EDGE('',*,*,#2271,.F.);
#2271 = EDGE_CURVE('',#2272,#2264,#2274,.T.);
#2272 = VERTEX_POINT('',#2273);
#2273 = CARTESIAN_POINT('',(-27.435742,-101.04535,0.));
#2274 = LINE('',#2275,#2276);
#2275 = CARTESIAN_POINT('',(-27.435742,-101.04535,0.));
#2276 = VECTOR('',#2277,1.);
#2277 = DIRECTION('',(-0.726870050314,0.686775021355,0.));
#2278 = ORIENTED_EDGE('',*,*,#2279,.F.);
#2279 = EDGE_CURVE('',#2280,#2272,#2282,.T.);
#2280 = VERTEX_POINT('',#2281);
#2281 = CARTESIAN_POINT('',(-26.00414,-102.370195,0.));
#2282 = LINE('',#2283,#2284);
#2283 = CARTESIAN_POINT('',(-26.00414,-102.370195,0.));
#2284 = VECTOR('',#2285,1.);
#2285 = DIRECTION('',(-0.733942723964,0.679211364702,0.));
#2286 = ORIENTED_EDGE('',*,*,#2287,.F.);
#2287 = EDGE_CURVE('',#2288,#2280,#2290,.T.);
#2288 = VERTEX_POINT('',#2289);
#2289 = CARTESIAN_POINT('',(-24.157305,-104.030941,0.));
#2290 = LINE('',#2291,#2292);
#2291 = CARTESIAN_POINT('',(-24.157305,-104.030941,0.));
#2292 = VECTOR('',#2293,1.);
#2293 = DIRECTION('',(-0.743575459531,0.668652029073,0.));
#2294 = ORIENTED_EDGE('',*,*,#2295,.F.);
#2295 = EDGE_CURVE('',#2296,#2288,#2298,.T.);
#2296 = VERTEX_POINT('',#2297);
#2297 = CARTESIAN_POINT('',(-22.26846,-105.676559,0.));
#2298 = LINE('',#2299,#2300);
#2299 = CARTESIAN_POINT('',(-22.26846,-105.676559,0.));
#2300 = VECTOR('',#2301,1.);
#2301 = DIRECTION('',(-0.753983739281,0.656893081787,0.));
#2302 = ORIENTED_EDGE('',*,*,#2303,.F.);
#2303 = EDGE_CURVE('',#2304,#2296,#2306,.T.);
#2304 = VERTEX_POINT('',#2305);
#2305 = CARTESIAN_POINT('',(-20.334248,-107.309578,0.));
#2306 = LINE('',#2307,#2308);
#2307 = CARTESIAN_POINT('',(-20.334248,-107.309578,0.));
#2308 = VECTOR('',#2309,1.);
#2309 = DIRECTION('',(-0.764091364865,0.645108042221,0.));
#2310 = ORIENTED_EDGE('',*,*,#2311,.F.);
#2311 = EDGE_CURVE('',#2312,#2304,#2314,.T.);
#2312 = VERTEX_POINT('',#2313);
#2313 = CARTESIAN_POINT('',(-18.350642,-108.932924,0.));
#2314 = LINE('',#2315,#2316);
#2315 = CARTESIAN_POINT('',(-18.350642,-108.932924,0.));
#2316 = VECTOR('',#2317,1.);
#2317 = DIRECTION('',(-0.773881645383,0.633330244769,0.));
#2318 = ORIENTED_EDGE('',*,*,#2319,.F.);
#2319 = EDGE_CURVE('',#2320,#2312,#2322,.T.);
#2320 = VERTEX_POINT('',#2321);
#2321 = CARTESIAN_POINT('',(-16.312751,-110.550038,0.));
#2322 = LINE('',#2323,#2324);
#2323 = CARTESIAN_POINT('',(-16.312751,-110.550038,0.));
#2324 = VECTOR('',#2325,1.);
#2325 = DIRECTION('',(-0.783337529779,0.621596584965,0.));
#2326 = ORIENTED_EDGE('',*,*,#2327,.F.);
#2327 = EDGE_CURVE('',#2328,#2320,#2330,.T.);
#2328 = VERTEX_POINT('',#2329);
#2329 = CARTESIAN_POINT('',(-14.214531,-112.165061,0.));
#2330 = LINE('',#2331,#2332);
#2331 = CARTESIAN_POINT('',(-14.214531,-112.165061,0.));
#2332 = VECTOR('',#2333,1.);
#2333 = DIRECTION('',(-0.79244004478,0.609949813861,0.));
#2334 = ORIENTED_EDGE('',*,*,#2335,.F.);
#2335 = EDGE_CURVE('',#2336,#2328,#2338,.T.);
#2336 = VERTEX_POINT('',#2337);
#2337 = CARTESIAN_POINT('',(-12.048368,-113.783089,0.));
#2338 = LINE('',#2339,#2340);
#2339 = CARTESIAN_POINT('',(-12.048368,-113.783089,0.));
#2340 = VECTOR('',#2341,1.);
#2341 = DIRECTION('',(-0.801169161363,0.598437945723,0.));
#2342 = ORIENTED_EDGE('',*,*,#2343,.F.);
#2343 = EDGE_CURVE('',#2344,#2336,#2346,.T.);
#2344 = VERTEX_POINT('',#2345);
#2345 = CARTESIAN_POINT('',(-9.804435,-115.410575,0.));
#2346 = LINE('',#2347,#2348);
#2347 = CARTESIAN_POINT('',(-9.804435,-115.410575,0.));
#2348 = VECTOR('',#2349,1.);
#2349 = DIRECTION('',(-0.809501641483,0.587117613802,0.));
#2350 = ORIENTED_EDGE('',*,*,#2351,.F.);
#2351 = EDGE_CURVE('',#2352,#2344,#2354,.T.);
#2352 = VERTEX_POINT('',#2353);
#2353 = CARTESIAN_POINT('',(-7.469671,-117.055961,0.));
#2354 = LINE('',#2355,#2356);
#2355 = CARTESIAN_POINT('',(-7.469671,-117.055961,0.));
#2356 = VECTOR('',#2357,1.);
#2357 = DIRECTION('',(-0.817410121822,0.576056154157,0.));
#2358 = ORIENTED_EDGE('',*,*,#2359,.F.);
#2359 = EDGE_CURVE('',#2360,#2352,#2362,.T.);
#2360 = VERTEX_POINT('',#2361);
#2361 = CARTESIAN_POINT('',(-5.026046,-118.730753,0.));
#2362 = LINE('',#2363,#2364);
#2363 = CARTESIAN_POINT('',(-5.026046,-118.730753,0.));
#2364 = VECTOR('',#2365,1.);
#2365 = DIRECTION('',(-0.824860538211,0.56533626498,0.));
#2366 = ORIENTED_EDGE('',*,*,#2367,.F.);
#2367 = EDGE_CURVE('',#2368,#2360,#2370,.T.);
#2368 = VERTEX_POINT('',#2369);
#2369 = CARTESIAN_POINT('',(-2.447417,-120.451465,0.));
#2370 = LINE('',#2371,#2372);
#2371 = CARTESIAN_POINT('',(-2.447417,-120.451465,0.));
#2372 = VECTOR('',#2373,1.);
#2373 = DIRECTION('',(-0.831808132967,0.555063266602,0.));
#2374 = ORIENTED_EDGE('',*,*,#2375,.F.);
#2375 = EDGE_CURVE('',#2376,#2368,#2378,.T.);
#2376 = VERTEX_POINT('',#2377);
#2377 = CARTESIAN_POINT('',(0.306763,-122.243505,0.));
#2378 = LINE('',#2379,#2380);
#2379 = CARTESIAN_POINT('',(0.306763,-122.243505,0.));
#2380 = VECTOR('',#2381,1.);
#2381 = DIRECTION('',(-0.838190013944,0.545378309547,0.));
#2382 = ORIENTED_EDGE('',*,*,#2383,.F.);
#2383 = EDGE_CURVE('',#2384,#2376,#2386,.T.);
#2384 = VERTEX_POINT('',#2385);
#2385 = CARTESIAN_POINT('',(0.998961,-122.687345,0.));
#2386 = LINE('',#2387,#2388);
#2387 = CARTESIAN_POINT('',(0.998961,-122.687345,0.));
#2388 = VECTOR('',#2389,1.);
#2389 = DIRECTION('',(-0.84181098637,0.539772417994,0.));
#2390 = ORIENTED_EDGE('',*,*,#2391,.F.);
#2391 = EDGE_CURVE('',#2392,#2384,#2394,.T.);
#2392 = VERTEX_POINT('',#2393);
#2393 = CARTESIAN_POINT('',(4.176118,-124.695905,0.));
#2394 = LINE('',#2395,#2396);
#2395 = CARTESIAN_POINT('',(4.176118,-124.695905,0.));
#2396 = VECTOR('',#2397,1.);
#2397 = DIRECTION('',(-0.845256459472,0.534360849727,0.));
#2398 = ORIENTED_EDGE('',*,*,#2399,.F.);
#2399 = EDGE_CURVE('',#2400,#2392,#2402,.T.);
#2400 = VERTEX_POINT('',#2401);
#2401 = CARTESIAN_POINT('',(7.411484,-126.695221,0.));
#2402 = LINE('',#2403,#2404);
#2403 = CARTESIAN_POINT('',(7.411484,-126.695221,0.));
#2404 = VECTOR('',#2405,1.);
#2405 = DIRECTION('',(-0.85068022179,0.5256835172,0.));
#2406 = ORIENTED_EDGE('',*,*,#2407,.F.);
#2407 = EDGE_CURVE('',#2408,#2400,#2410,.T.);
#2408 = VERTEX_POINT('',#2409);
#2409 = CARTESIAN_POINT('',(10.704601,-128.6846,0.));
#2410 = LINE('',#2411,#2412);
#2411 = CARTESIAN_POINT('',(10.704601,-128.6846,0.));
#2412 = VECTOR('',#2413,1.);
#2413 = DIRECTION('',(-0.855939989716,0.517075172489,0.));
#2414 = ORIENTED_EDGE('',*,*,#2415,.F.);
#2415 = EDGE_CURVE('',#2416,#2408,#2418,.T.);
#2416 = VERTEX_POINT('',#2417);
#2417 = CARTESIAN_POINT('',(14.055075,-130.663431,0.));
#2418 = LINE('',#2419,#2420);
#2419 = CARTESIAN_POINT('',(14.055075,-130.663431,0.));
#2420 = VECTOR('',#2421,1.);
#2421 = DIRECTION('',(-0.861038449557,0.508539859189,0.));
#2422 = ORIENTED_EDGE('',*,*,#2423,.F.);
#2423 = EDGE_CURVE('',#2424,#2416,#2426,.T.);
#2424 = VERTEX_POINT('',#2425);
#2425 = CARTESIAN_POINT('',(17.46271,-132.631265,0.));
#2426 = LINE('',#2427,#2428);
#2427 = CARTESIAN_POINT('',(17.46271,-132.631265,0.));
#2428 = VECTOR('',#2429,1.);
#2429 = DIRECTION('',(-0.865977530318,0.500082910111,0.));
#2430 = ORIENTED_EDGE('',*,*,#2431,.F.);
#2431 = EDGE_CURVE('',#2432,#2424,#2434,.T.);
#2432 = VERTEX_POINT('',#2433);
#2433 = CARTESIAN_POINT('',(20.927763,-134.587975,0.));
#2434 = LINE('',#2435,#2436);
#2435 = CARTESIAN_POINT('',(20.927763,-134.587975,0.));
#2436 = VECTOR('',#2437,1.);
#2437 = DIRECTION('',(-0.870756344331,0.491714743329,0.));
#2438 = ORIENTED_EDGE('',*,*,#2439,.F.);
#2439 = EDGE_CURVE('',#2440,#2432,#2442,.T.);
#2440 = VERTEX_POINT('',#2441);
#2441 = CARTESIAN_POINT('',(23.782113,-136.167671,0.));
#2442 = LINE('',#2443,#2444);
#2443 = CARTESIAN_POINT('',(23.782113,-136.167671,0.));
#2444 = VECTOR('',#2445,1.);
#2445 = DIRECTION('',(-0.874943936977,0.484224232301,0.));
#2446 = ORIENTED_EDGE('',*,*,#2447,.F.);
#2447 = EDGE_CURVE('',#2448,#2440,#2450,.T.);
#2448 = VERTEX_POINT('',#2449);
#2449 = CARTESIAN_POINT('',(25.460546,-137.082578,0.));
#2450 = LINE('',#2451,#2452);
#2451 = CARTESIAN_POINT('',(25.460546,-137.082578,0.));
#2452 = VECTOR('',#2453,1.);
#2453 = DIRECTION('',(-0.878027906304,0.478609439681,0.));
#2454 = ORIENTED_EDGE('',*,*,#2455,.F.);
#2455 = EDGE_CURVE('',#2456,#2448,#2458,.T.);
#2456 = VERTEX_POINT('',#2457);
#2457 = CARTESIAN_POINT('',(27.106376,-137.968247,0.));
#2458 = LINE('',#2459,#2460);
#2459 = CARTESIAN_POINT('',(27.106376,-137.968247,0.));
#2460 = VECTOR('',#2461,1.);
#2461 = DIRECTION('',(-0.880593274483,0.473872857353,0.));
#2462 = ORIENTED_EDGE('',*,*,#2463,.F.);
#2463 = EDGE_CURVE('',#2464,#2456,#2466,.T.);
#2464 = VERTEX_POINT('',#2465);
#2465 = CARTESIAN_POINT('',(28.690314,-138.80928,0.));
#2466 = LINE('',#2467,#2468);
#2467 = CARTESIAN_POINT('',(28.690314,-138.80928,0.));
#2468 = VECTOR('',#2469,1.);
#2469 = DIRECTION('',(-0.883215979481,0.46896645252,0.));
#2470 = ORIENTED_EDGE('',*,*,#2471,.F.);
#2471 = EDGE_CURVE('',#2472,#2464,#2474,.T.);
#2472 = VERTEX_POINT('',#2473);
#2473 = CARTESIAN_POINT('',(30.242412,-139.621998,0.));
#2474 = LINE('',#2475,#2476);
#2475 = CARTESIAN_POINT('',(30.242412,-139.621998,0.));
#2476 = VECTOR('',#2477,1.);
#2477 = DIRECTION('',(-0.88589855654,0.463879022506,0.));
#2478 = ORIENTED_EDGE('',*,*,#2479,.F.);
#2479 = EDGE_CURVE('',#2480,#2472,#2482,.T.);
#2480 = VERTEX_POINT('',#2481);
#2481 = CARTESIAN_POINT('',(31.733209,-140.391352,0.));
#2482 = LINE('',#2483,#2484);
#2483 = CARTESIAN_POINT('',(31.733209,-140.391352,0.));
#2484 = VECTOR('',#2485,1.);
#2485 = DIRECTION('',(-0.888642426643,0.458600738737,0.));
#2486 = ORIENTED_EDGE('',*,*,#2487,.F.);
#2487 = EDGE_CURVE('',#2488,#2480,#2490,.T.);
#2488 = VERTEX_POINT('',#2489);
#2489 = CARTESIAN_POINT('',(33.193004,-141.133358,0.));
#2490 = LINE('',#2491,#2492);
#2491 = CARTESIAN_POINT('',(33.193004,-141.133358,0.));
#2492 = VECTOR('',#2493,1.);
#2493 = DIRECTION('',(-0.891449920751,0.453119232424,0.));
#2494 = ORIENTED_EDGE('',*,*,#2495,.F.);
#2495 = EDGE_CURVE('',#2496,#2488,#2498,.T.);
#2496 = VERTEX_POINT('',#2497);
#2497 = CARTESIAN_POINT('',(34.592344,-141.833438,0.));
#2498 = LINE('',#2499,#2500);
#2499 = CARTESIAN_POINT('',(34.592344,-141.833438,0.));
#2500 = VECTOR('',#2501,1.);
#2501 = DIRECTION('',(-0.894322353548,0.447423208993,0.));
#2502 = ORIENTED_EDGE('',*,*,#2503,.F.);
#2503 = EDGE_CURVE('',#2504,#2496,#2506,.T.);
#2504 = VERTEX_POINT('',#2505);
#2505 = CARTESIAN_POINT('',(35.961584,-142.507174,0.));
#2506 = LINE('',#2507,#2508);
#2507 = CARTESIAN_POINT('',(35.961584,-142.507174,0.));
#2508 = VECTOR('',#2509,1.);
#2509 = DIRECTION('',(-0.897261901913,0.441498674263,0.));
#2510 = ORIENTED_EDGE('',*,*,#2511,.F.);
#2511 = EDGE_CURVE('',#2512,#2504,#2514,.T.);
#2512 = VERTEX_POINT('',#2513);
#2513 = CARTESIAN_POINT('',(37.271456,-143.140569,0.));
#2514 = LINE('',#2515,#2516);
#2515 = CARTESIAN_POINT('',(37.271456,-143.140569,0.));
#2516 = VECTOR('',#2517,1.);
#2517 = DIRECTION('',(-0.900270791707,0.43533033618,0.));
#2518 = ORIENTED_EDGE('',*,*,#2519,.F.);
#2519 = EDGE_CURVE('',#2520,#2512,#2522,.T.);
#2520 = VERTEX_POINT('',#2521);
#2521 = CARTESIAN_POINT('',(38.552193,-143.748656,0.));
#2522 = LINE('',#2523,#2524);
#2523 = CARTESIAN_POINT('',(38.552193,-143.748656,0.));
#2524 = VECTOR('',#2525,1.);
#2525 = DIRECTION('',(-0.903349405325,0.428905411365,0.));
#2526 = ORIENTED_EDGE('',*,*,#2527,.F.);
#2527 = EDGE_CURVE('',#2528,#2520,#2530,.T.);
#2528 = VERTEX_POINT('',#2529);
#2529 = CARTESIAN_POINT('',(38.711421,-143.823444,0.));
#2530 = LINE('',#2531,#2532);
#2531 = CARTESIAN_POINT('',(38.711421,-143.823444,0.));
#2532 = VECTOR('',#2533,1.);
#2533 = DIRECTION('',(-0.905131250383,0.425132237757,0.));
#2534 = ORIENTED_EDGE('',*,*,#2535,.F.);
#2535 = EDGE_CURVE('',#2536,#2528,#2538,.T.);
#2536 = VERTEX_POINT('',#2537);
#2537 = CARTESIAN_POINT('',(51.149482,-143.823444,0.));
#2538 = CIRCLE('',#2539,14.900009385038);
#2539 = AXIS2_PLACEMENT_3D('',#2540,#2541,#2542);
#2540 = CARTESIAN_POINT('',(44.9304515,-130.2833576149,0.));
#2541 = DIRECTION('',(-0.,0.,-1.));
#2542 = DIRECTION('',(0.417384334418,-0.908730057488,-0.));
#2543 = ORIENTED_EDGE('',*,*,#2544,.F.);
#2544 = EDGE_CURVE('',#2545,#2536,#2547,.T.);
#2545 = VERTEX_POINT('',#2546);
#2546 = CARTESIAN_POINT('',(51.308712,-143.748655,0.));
#2547 = LINE('',#2548,#2549);
#2548 = CARTESIAN_POINT('',(51.308712,-143.748655,0.));
#2549 = VECTOR('',#2550,1.);
#2550 = DIRECTION('',(-0.90513111779,-0.425132520055,0.));
#2551 = ORIENTED_EDGE('',*,*,#2552,.F.);
#2552 = EDGE_CURVE('',#2553,#2545,#2555,.T.);
#2553 = VERTEX_POINT('',#2554);
#2554 = CARTESIAN_POINT('',(52.589447,-143.140569,0.));
#2555 = LINE('',#2556,#2557);
#2556 = CARTESIAN_POINT('',(52.589447,-143.140569,0.));
#2557 = VECTOR('',#2558,1.);
#2558 = DIRECTION('',(-0.903349419102,-0.42890538235,0.));
#2559 = ORIENTED_EDGE('',*,*,#2560,.F.);
#2560 = EDGE_CURVE('',#2561,#2553,#2563,.T.);
#2561 = VERTEX_POINT('',#2562);
#2562 = CARTESIAN_POINT('',(53.899317,-142.507175,0.));
#2563 = LINE('',#2564,#2565);
#2564 = CARTESIAN_POINT('',(53.899317,-142.507175,0.));
#2565 = VECTOR('',#2566,1.);
#2566 = DIRECTION('',(-0.900270800567,-0.435330317859,0.));
#2567 = ORIENTED_EDGE('',*,*,#2568,.F.);
#2568 = EDGE_CURVE('',#2569,#2561,#2571,.T.);
#2569 = VERTEX_POINT('',#2570);
#2570 = CARTESIAN_POINT('',(55.268556,-141.83344,0.));
#2571 = LINE('',#2572,#2573);
#2572 = CARTESIAN_POINT('',(55.268556,-141.83344,0.));
#2573 = VECTOR('',#2574,1.);
#2574 = DIRECTION('',(-0.897262033772,-0.441498406285,0.));
#2575 = ORIENTED_EDGE('',*,*,#2576,.F.);
#2576 = EDGE_CURVE('',#2577,#2569,#2579,.T.);
#2577 = VERTEX_POINT('',#2578);
#2578 = CARTESIAN_POINT('',(56.667894,-141.133361,0.));
#2579 = LINE('',#2580,#2581);
#2580 = CARTESIAN_POINT('',(56.667894,-141.133361,0.));
#2581 = VECTOR('',#2582,1.);
#2582 = DIRECTION('',(-0.894322353398,-0.447423209292,0.));
#2583 = ORIENTED_EDGE('',*,*,#2584,.F.);
#2584 = EDGE_CURVE('',#2585,#2577,#2587,.T.);
#2585 = VERTEX_POINT('',#2586);
#2586 = CARTESIAN_POINT('',(58.127688,-140.391355,0.));
#2587 = LINE('',#2588,#2589);
#2588 = CARTESIAN_POINT('',(58.127688,-140.391355,0.));
#2589 = VECTOR('',#2590,1.);
#2590 = DIRECTION('',(-0.891449795371,-0.453119479093,0.));
#2591 = ORIENTED_EDGE('',*,*,#2592,.F.);
#2592 = EDGE_CURVE('',#2593,#2585,#2595,.T.);
#2593 = VERTEX_POINT('',#2594);
#2594 = CARTESIAN_POINT('',(59.618485,-139.622001,0.));
#2595 = LINE('',#2596,#2597);
#2596 = CARTESIAN_POINT('',(59.618485,-139.622001,0.));
#2597 = VECTOR('',#2598,1.);
#2598 = DIRECTION('',(-0.888642426643,-0.458600738737,0.));
#2599 = ORIENTED_EDGE('',*,*,#2600,.F.);
#2600 = EDGE_CURVE('',#2601,#2593,#2603,.T.);
#2601 = VERTEX_POINT('',#2602);
#2602 = CARTESIAN_POINT('',(61.170584,-138.809283,0.));
#2603 = LINE('',#2604,#2605);
#2604 = CARTESIAN_POINT('',(61.170584,-138.809283,0.));
#2605 = VECTOR('',#2606,1.);
#2606 = DIRECTION('',(-0.885898679361,-0.463878787946,0.));
#2607 = ORIENTED_EDGE('',*,*,#2608,.F.);
#2608 = EDGE_CURVE('',#2609,#2601,#2611,.T.);
#2609 = VERTEX_POINT('',#2610);
#2610 = CARTESIAN_POINT('',(62.754522,-137.96825,0.));
#2611 = LINE('',#2612,#2613);
#2612 = CARTESIAN_POINT('',(62.754522,-137.96825,0.));
#2613 = VECTOR('',#2614,1.);
#2614 = DIRECTION('',(-0.883215979481,-0.46896645252,0.));
#2615 = ORIENTED_EDGE('',*,*,#2616,.F.);
#2616 = EDGE_CURVE('',#2617,#2609,#2619,.T.);
#2617 = VERTEX_POINT('',#2618);
#2618 = CARTESIAN_POINT('',(64.400355,-137.082579,0.));
#2619 = LINE('',#2620,#2621);
#2620 = CARTESIAN_POINT('',(64.400355,-137.082579,0.));
#2621 = VECTOR('',#2622,1.);
#2622 = DIRECTION('',(-0.880593188387,-0.473873017343,0.));
#2623 = ORIENTED_EDGE('',*,*,#2624,.F.);
#2624 = EDGE_CURVE('',#2625,#2617,#2627,.T.);
#2625 = VERTEX_POINT('',#2626);
#2626 = CARTESIAN_POINT('',(66.07879,-136.167671,0.));
#2627 = LINE('',#2628,#2629);
#2628 = CARTESIAN_POINT('',(66.07879,-136.167671,0.));
#2629 = VECTOR('',#2630,1.);
#2630 = DIRECTION('',(-0.878027926131,-0.478609403308,0.));
#2631 = ORIENTED_EDGE('',*,*,#2632,.F.);
#2632 = EDGE_CURVE('',#2633,#2625,#2635,.T.);
#2633 = VERTEX_POINT('',#2634);
#2634 = CARTESIAN_POINT('',(68.933155,-134.587966,0.));
#2635 = LINE('',#2636,#2637);
#2636 = CARTESIAN_POINT('',(68.933155,-134.587966,0.));
#2637 = VECTOR('',#2638,1.);
#2638 = DIRECTION('',(-0.874943846268,-0.484224396203,0.));
#2639 = ORIENTED_EDGE('',*,*,#2640,.F.);
#2640 = EDGE_CURVE('',#2641,#2633,#2643,.T.);
#2641 = VERTEX_POINT('',#2642);
#2642 = CARTESIAN_POINT('',(72.398208,-132.631257,0.));
#2643 = LINE('',#2644,#2645);
#2644 = CARTESIAN_POINT('',(72.398208,-132.631257,0.));
#2645 = VECTOR('',#2646,1.);
#2646 = DIRECTION('',(-0.870756451927,-0.491714552792,0.));
#2647 = ORIENTED_EDGE('',*,*,#2648,.F.);
#2648 = EDGE_CURVE('',#2649,#2641,#2651,.T.);
#2649 = VERTEX_POINT('',#2650);
#2650 = CARTESIAN_POINT('',(75.805842,-130.663423,0.));
#2651 = LINE('',#2652,#2653);
#2652 = CARTESIAN_POINT('',(75.805842,-130.663423,0.));
#2653 = VECTOR('',#2654,1.);
#2654 = DIRECTION('',(-0.865977466764,-0.500083020164,0.));
#2655 = ORIENTED_EDGE('',*,*,#2656,.F.);
#2656 = EDGE_CURVE('',#2657,#2649,#2659,.T.);
#2657 = VERTEX_POINT('',#2658);
#2658 = CARTESIAN_POINT('',(79.156314,-128.684594,0.));
#2659 = LINE('',#2660,#2661);
#2660 = CARTESIAN_POINT('',(79.156314,-128.684594,0.));
#2661 = VECTOR('',#2662,1.);
#2662 = DIRECTION('',(-0.861038541693,-0.508539703188,0.));
#2663 = ORIENTED_EDGE('',*,*,#2664,.F.);
#2664 = EDGE_CURVE('',#2665,#2657,#2667,.T.);
#2665 = VERTEX_POINT('',#2666);
#2666 = CARTESIAN_POINT('',(82.449428,-126.695216,0.));
#2667 = LINE('',#2668,#2669);
#2668 = CARTESIAN_POINT('',(82.449428,-126.695216,0.));
#2669 = VECTOR('',#2670,1.);
#2670 = DIRECTION('',(-0.855939896272,-0.517075327172,0.));
#2671 = ORIENTED_EDGE('',*,*,#2672,.F.);
#2672 = EDGE_CURVE('',#2673,#2665,#2675,.T.);
#2673 = VERTEX_POINT('',#2674);
#2674 = CARTESIAN_POINT('',(85.684789,-124.695902,0.));
#2675 = LINE('',#2676,#2677);
#2676 = CARTESIAN_POINT('',(85.684789,-124.695902,0.));
#2677 = VECTOR('',#2678,1.);
#2678 = DIRECTION('',(-0.850680093653,-0.525683724556,0.));
#2679 = ORIENTED_EDGE('',*,*,#2680,.F.);
#2680 = EDGE_CURVE('',#2681,#2673,#2683,.T.);
#2681 = VERTEX_POINT('',#2682);
#2682 = CARTESIAN_POINT('',(88.861942,-122.687345,0.));
#2683 = LINE('',#2684,#2685);
#2684 = CARTESIAN_POINT('',(88.861942,-122.687345,0.));
#2685 = VECTOR('',#2686,1.);
#2686 = DIRECTION('',(-0.845256516099,-0.534360760154,0.));
#2687 = ORIENTED_EDGE('',*,*,#2688,.F.);
#2688 = EDGE_CURVE('',#2689,#2681,#2691,.T.);
#2689 = VERTEX_POINT('',#2690);
#2690 = CARTESIAN_POINT('',(89.554141,-122.243504,0.));
#2691 = LINE('',#2692,#2693);
#2692 = CARTESIAN_POINT('',(89.554141,-122.243504,0.));
#2693 = VECTOR('',#2694,1.);
#2694 = DIRECTION('',(-0.8418107881,-0.539772727209,0.));
#2695 = ORIENTED_EDGE('',*,*,#2696,.F.);
#2696 = EDGE_CURVE('',#2697,#2689,#2699,.T.);
#2697 = VERTEX_POINT('',#2698);
#2698 = CARTESIAN_POINT('',(92.308322,-120.451464,0.));
#2699 = LINE('',#2700,#2701);
#2700 = CARTESIAN_POINT('',(92.308322,-120.451464,0.));
#2701 = VECTOR('',#2702,1.);
#2702 = DIRECTION('',(-0.838190104464,-0.545378170427,0.));
#2703 = ORIENTED_EDGE('',*,*,#2704,.F.);
#2704 = EDGE_CURVE('',#2705,#2697,#2707,.T.);
#2705 = VERTEX_POINT('',#2706);
#2706 = CARTESIAN_POINT('',(94.886952,-118.730752,0.));
#2707 = LINE('',#2708,#2709);
#2708 = CARTESIAN_POINT('',(94.886952,-118.730752,0.));
#2709 = VECTOR('',#2710,1.);
#2710 = DIRECTION('',(-0.831808232351,-0.555063117665,0.));
#2711 = ORIENTED_EDGE('',*,*,#2712,.F.);
#2712 = EDGE_CURVE('',#2713,#2705,#2715,.T.);
#2713 = VERTEX_POINT('',#2714);
#2714 = CARTESIAN_POINT('',(97.330577,-117.05596,0.));
#2715 = LINE('',#2716,#2717);
#2716 = CARTESIAN_POINT('',(97.330577,-117.05596,0.));
#2717 = VECTOR('',#2718,1.);
#2718 = DIRECTION('',(-0.824860538211,-0.56533626498,0.));
#2719 = ORIENTED_EDGE('',*,*,#2720,.F.);
#2720 = EDGE_CURVE('',#2721,#2713,#2723,.T.);
#2721 = VERTEX_POINT('',#2722);
#2722 = CARTESIAN_POINT('',(99.665341,-115.410573,0.));
#2723 = LINE('',#2724,#2725);
#2724 = CARTESIAN_POINT('',(99.665341,-115.410573,0.));
#2725 = VECTOR('',#2726,1.);
#2726 = DIRECTION('',(-0.817409956967,-0.576056388082,0.));
#2727 = ORIENTED_EDGE('',*,*,#2728,.F.);
#2728 = EDGE_CURVE('',#2729,#2721,#2731,.T.);
#2729 = VERTEX_POINT('',#2730);
#2730 = CARTESIAN_POINT('',(101.909273,-113.783087,0.));
#2731 = LINE('',#2732,#2733);
#2732 = CARTESIAN_POINT('',(101.909273,-113.783087,0.));
#2733 = VECTOR('',#2734,1.);
#2734 = DIRECTION('',(-0.80950151713,-0.587117785257,0.));
#2735 = ORIENTED_EDGE('',*,*,#2736,.F.);
#2736 = EDGE_CURVE('',#2737,#2729,#2739,.T.);
#2737 = VERTEX_POINT('',#2738);
#2738 = CARTESIAN_POINT('',(104.075436,-112.165059,0.));
#2739 = LINE('',#2740,#2741);
#2740 = CARTESIAN_POINT('',(104.075436,-112.165059,0.));
#2741 = VECTOR('',#2742,1.);
#2742 = DIRECTION('',(-0.801169161363,-0.598437945723,0.));
#2743 = ORIENTED_EDGE('',*,*,#2744,.F.);
#2744 = EDGE_CURVE('',#2745,#2737,#2747,.T.);
#2745 = VERTEX_POINT('',#2746);
#2746 = CARTESIAN_POINT('',(106.173656,-110.550037,0.));
#2747 = LINE('',#2748,#2749);
#2748 = CARTESIAN_POINT('',(106.173656,-110.550037,0.));
#2749 = VECTOR('',#2750,1.);
#2750 = DIRECTION('',(-0.792440227327,-0.609949576698,0.));
#2751 = ORIENTED_EDGE('',*,*,#2752,.F.);
#2752 = EDGE_CURVE('',#2753,#2745,#2755,.T.);
#2753 = VERTEX_POINT('',#2754);
#2754 = CARTESIAN_POINT('',(108.211547,-108.932923,0.));
#2755 = LINE('',#2756,#2757);
#2756 = CARTESIAN_POINT('',(108.211547,-108.932923,0.));
#2757 = VECTOR('',#2758,1.);
#2758 = DIRECTION('',(-0.783337529779,-0.621596584965,0.));
#2759 = ORIENTED_EDGE('',*,*,#2760,.F.);
#2760 = EDGE_CURVE('',#2761,#2753,#2763,.T.);
#2761 = VERTEX_POINT('',#2762);
#2762 = CARTESIAN_POINT('',(110.195153,-107.309577,0.));
#2763 = LINE('',#2764,#2765);
#2764 = CARTESIAN_POINT('',(110.195153,-107.309577,0.));
#2765 = VECTOR('',#2766,1.);
#2766 = DIRECTION('',(-0.773881645383,-0.633330244769,0.));
#2767 = ORIENTED_EDGE('',*,*,#2768,.F.);
#2768 = EDGE_CURVE('',#2769,#2761,#2771,.T.);
#2769 = VERTEX_POINT('',#2770);
#2770 = CARTESIAN_POINT('',(112.129365,-105.676558,0.));
#2771 = LINE('',#2772,#2773);
#2772 = CARTESIAN_POINT('',(112.129365,-105.676558,0.));
#2773 = VECTOR('',#2774,1.);
#2774 = DIRECTION('',(-0.764091364865,-0.645108042221,0.));
#2775 = ORIENTED_EDGE('',*,*,#2776,.F.);
#2776 = EDGE_CURVE('',#2777,#2769,#2779,.T.);
#2777 = VERTEX_POINT('',#2778);
#2778 = CARTESIAN_POINT('',(114.01821,-104.03094,0.));
#2779 = LINE('',#2780,#2781);
#2780 = CARTESIAN_POINT('',(114.01821,-104.03094,0.));
#2781 = VECTOR('',#2782,1.);
#2782 = DIRECTION('',(-0.753983739281,-0.656893081787,0.));
#2783 = ORIENTED_EDGE('',*,*,#2784,.F.);
#2784 = EDGE_CURVE('',#2785,#2777,#2787,.T.);
#2785 = VERTEX_POINT('',#2786);
#2786 = CARTESIAN_POINT('',(115.865044,-102.370195,0.));
#2787 = LINE('',#2788,#2789);
#2788 = CARTESIAN_POINT('',(115.865044,-102.370195,0.));
#2789 = VECTOR('',#2790,1.);
#2790 = DIRECTION('',(-0.743575479701,-0.668652006643,0.));
#2791 = ORIENTED_EDGE('',*,*,#2792,.F.);
#2792 = EDGE_CURVE('',#2793,#2785,#2795,.T.);
#2793 = VERTEX_POINT('',#2794);
#2794 = CARTESIAN_POINT('',(117.296642,-101.045353,0.));
#2795 = LINE('',#2796,#2797);
#2796 = CARTESIAN_POINT('',(117.296642,-101.045353,0.));
#2797 = VECTOR('',#2798,1.);
#2798 = DIRECTION('',(-0.733942544628,-0.679211558489,0.));
#2799 = ORIENTED_EDGE('',*,*,#2800,.F.);
#2800 = EDGE_CURVE('',#2801,#2793,#2803,.T.);
#2801 = VERTEX_POINT('',#2802);
#2802 = CARTESIAN_POINT('',(118.201227,-100.190666,0.));
#2803 = LINE('',#2804,#2805);
#2804 = CARTESIAN_POINT('',(118.201227,-100.190666,0.));
#2805 = VECTOR('',#2806,1.);
#2806 = DIRECTION('',(-0.726870050314,-0.686775021355,0.));
#2807 = ORIENTED_EDGE('',*,*,#2808,.F.);
#2808 = EDGE_CURVE('',#2809,#2801,#2811,.T.);
#2809 = VERTEX_POINT('',#2810);
#2810 = CARTESIAN_POINT('',(119.104159,-99.323774,0.));
#2811 = LINE('',#2812,#2813);
#2812 = CARTESIAN_POINT('',(119.104159,-99.323774,0.));
#2813 = VECTOR('',#2814,1.);
#2814 = DIRECTION('',(-0.721356476347,-0.692563956636,0.));
#2815 = ORIENTED_EDGE('',*,*,#2816,.F.);
#2816 = EDGE_CURVE('',#2817,#2809,#2819,.T.);
#2817 = VERTEX_POINT('',#2818);
#2818 = CARTESIAN_POINT('',(120.899218,-97.558739,0.));
#2819 = LINE('',#2820,#2821);
#2820 = CARTESIAN_POINT('',(120.899218,-97.558739,0.));
#2821 = VECTOR('',#2822,1.);
#2822 = DIRECTION('',(-0.713044799017,-0.701118474007,0.));
#2823 = ORIENTED_EDGE('',*,*,#2824,.F.);
#2824 = EDGE_CURVE('',#2825,#2817,#2827,.T.);
#2825 = VERTEX_POINT('',#2826);
#2826 = CARTESIAN_POINT('',(122.678835,-95.752783,0.));
#2827 = LINE('',#2828,#2829);
#2828 = CARTESIAN_POINT('',(122.678835,-95.752783,0.));
#2829 = VECTOR('',#2830,1.);
#2830 = DIRECTION('',(-0.701893559649,-0.712281847953,0.));
#2831 = ORIENTED_EDGE('',*,*,#2832,.F.);
#2832 = EDGE_CURVE('',#2833,#2825,#2835,.T.);
#2833 = VERTEX_POINT('',#2834);
#2834 = CARTESIAN_POINT('',(124.440173,-93.908454,0.));
#2835 = LINE('',#2836,#2837);
#2836 = CARTESIAN_POINT('',(124.440173,-93.908454,0.));
#2837 = VECTOR('',#2838,1.);
#2838 = DIRECTION('',(-0.690648509751,-0.723190594503,0.));
#2839 = ORIENTED_EDGE('',*,*,#2840,.F.);
#2840 = EDGE_CURVE('',#2841,#2833,#2843,.T.);
#2841 = VERTEX_POINT('',#2842);
#2842 = CARTESIAN_POINT('',(126.180549,-92.028294,0.));
#2843 = LINE('',#2844,#2845);
#2844 = CARTESIAN_POINT('',(126.180549,-92.028294,0.));
#2845 = VECTOR('',#2846,1.);
#2846 = DIRECTION('',(-0.679300241027,-0.733860465307,0.));
#2847 = ORIENTED_EDGE('',*,*,#2848,.F.);
#2848 = EDGE_CURVE('',#2849,#2841,#2851,.T.);
#2849 = VERTEX_POINT('',#2850);
#2850 = CARTESIAN_POINT('',(127.897439,-90.114827,0.));
#2851 = LINE('',#2852,#2853);
#2852 = CARTESIAN_POINT('',(127.897439,-90.114827,0.));
#2853 = VECTOR('',#2854,1.);
#2854 = DIRECTION('',(-0.66783993662,-0.744304923439,0.));
#2855 = ORIENTED_EDGE('',*,*,#2856,.F.);
#2856 = EDGE_CURVE('',#2857,#2849,#2859,.T.);
#2857 = VERTEX_POINT('',#2858);
#2858 = CARTESIAN_POINT('',(129.588488,-88.170536,0.));
#2859 = LINE('',#2860,#2861);
#2860 = CARTESIAN_POINT('',(129.588488,-88.170536,0.));
#2861 = VECTOR('',#2862,1.);
#2862 = DIRECTION('',(-0.656258524523,-0.7545361151,0.));
#2863 = ORIENTED_EDGE('',*,*,#2864,.F.);
#2864 = EDGE_CURVE('',#2865,#2857,#2867,.T.);
#2865 = VERTEX_POINT('',#2866);
#2866 = CARTESIAN_POINT('',(131.251505,-86.197858,0.));
#2867 = LINE('',#2868,#2869);
#2868 = CARTESIAN_POINT('',(131.251505,-86.197858,0.));
#2869 = VECTOR('',#2870,1.);
#2870 = DIRECTION('',(-0.644547115498,-0.764564592368,0.));
#2871 = ORIENTED_EDGE('',*,*,#2872,.F.);
#2872 = EDGE_CURVE('',#2873,#2865,#2875,.T.);
#2873 = VERTEX_POINT('',#2874);
#2874 = CARTESIAN_POINT('',(132.884469,-84.199168,0.));
#2875 = LINE('',#2876,#2877);
#2876 = CARTESIAN_POINT('',(132.884469,-84.199168,0.));
#2877 = VECTOR('',#2878,1.);
#2878 = DIRECTION('',(-0.632697376394,-0.774399141209,0.));
#2879 = ORIENTED_EDGE('',*,*,#2880,.F.);
#2880 = EDGE_CURVE('',#2881,#2873,#2883,.T.);
#2881 = VERTEX_POINT('',#2882);
#2882 = CARTESIAN_POINT('',(133.257527,-83.733705,0.));
#2883 = LINE('',#2884,#2885);
#2884 = CARTESIAN_POINT('',(133.257527,-83.733705,0.));
#2885 = VECTOR('',#2886,1.);
#2886 = DIRECTION('',(-0.625397659487,-0.780306201121,0.));
#2887 = ORIENTED_EDGE('',*,*,#2888,.F.);
#2888 = EDGE_CURVE('',#2889,#2881,#2891,.T.);
#2889 = VERTEX_POINT('',#2890);
#2890 = CARTESIAN_POINT('',(134.891189,-81.656509,0.));
#2891 = LINE('',#2892,#2893);
#2892 = CARTESIAN_POINT('',(134.891189,-81.656509,0.));
#2893 = VECTOR('',#2894,1.);
#2894 = DIRECTION('',(-0.618191020157,-0.78602790192,0.));
#2895 = ORIENTED_EDGE('',*,*,#2896,.F.);
#2896 = EDGE_CURVE('',#2897,#2889,#2899,.T.);
#2897 = VERTEX_POINT('',#2898);
#2898 = CARTESIAN_POINT('',(136.487367,-79.562906,0.));
#2899 = LINE('',#2900,#2901);
#2900 = CARTESIAN_POINT('',(136.487367,-79.562906,0.));
#2901 = VECTOR('',#2902,1.);
#2902 = DIRECTION('',(-0.606295989624,-0.795239066549,0.));
#2903 = ORIENTED_EDGE('',*,*,#2904,.F.);
#2904 = EDGE_CURVE('',#2905,#2897,#2907,.T.);
#2905 = VERTEX_POINT('',#2906);
#2906 = CARTESIAN_POINT('',(138.042721,-77.457651,0.));
#2907 = LINE('',#2908,#2909);
#2908 = CARTESIAN_POINT('',(138.042721,-77.457651,0.));
#2909 = VECTOR('',#2910,1.);
#2910 = DIRECTION('',(-0.594217099858,-0.804304692412,0.));
#2911 = ORIENTED_EDGE('',*,*,#2912,.F.);
#2912 = EDGE_CURVE('',#2913,#2905,#2915,.T.);
#2913 = VERTEX_POINT('',#2914);
#2914 = CARTESIAN_POINT('',(139.55428,-75.345268,0.));
#2915 = LINE('',#2916,#2917);
#2916 = CARTESIAN_POINT('',(139.55428,-75.345268,0.));
#2917 = VECTOR('',#2918,1.);
#2918 = DIRECTION('',(-0.581929846037,-0.813238989653,0.));
#2919 = ORIENTED_EDGE('',*,*,#2920,.F.);
#2920 = EDGE_CURVE('',#2921,#2913,#2923,.T.);
#2921 = VERTEX_POINT('',#2922);
#2922 = CARTESIAN_POINT('',(141.019441,-73.23003,0.));
#2923 = LINE('',#2924,#2925);
#2924 = CARTESIAN_POINT('',(141.019441,-73.23003,0.));
#2925 = VECTOR('',#2926,1.);
#2926 = DIRECTION('',(-0.569411061132,-0.822052944439,0.));
#2927 = ORIENTED_EDGE('',*,*,#2928,.F.);
#2928 = EDGE_CURVE('',#2929,#2921,#2931,.T.);
#2929 = VERTEX_POINT('',#2930);
#2930 = CARTESIAN_POINT('',(142.435955,-71.115943,0.));
#2931 = LINE('',#2932,#2933);
#2932 = CARTESIAN_POINT('',(142.435955,-71.115943,0.));
#2933 = VECTOR('',#2934,1.);
#2934 = DIRECTION('',(-0.556636418693,-0.83075622019,0.));
#2935 = ORIENTED_EDGE('',*,*,#2936,.F.);
#2936 = EDGE_CURVE('',#2937,#2929,#2939,.T.);
#2937 = VERTEX_POINT('',#2938);
#2938 = CARTESIAN_POINT('',(143.80192,-69.006733,0.));
#2939 = LINE('',#2940,#2941);
#2940 = CARTESIAN_POINT('',(143.80192,-69.006733,0.));
#2941 = VECTOR('',#2942,1.);
#2942 = DIRECTION('',(-0.543582808836,-0.839355544414,0.));
#2943 = ORIENTED_EDGE('',*,*,#2944,.F.);
#2944 = EDGE_CURVE('',#2945,#2937,#2947,.T.);
#2945 = VERTEX_POINT('',#2946);
#2946 = CARTESIAN_POINT('',(145.115757,-66.905845,0.));
#2947 = LINE('',#2948,#2949);
#2948 = CARTESIAN_POINT('',(145.115757,-66.905845,0.));
#2949 = VECTOR('',#2950,1.);
#2950 = DIRECTION('',(-0.530225863683,-0.847856434475,0.));
#2951 = ORIENTED_EDGE('',*,*,#2952,.F.);
#2952 = EDGE_CURVE('',#2953,#2945,#2955,.T.);
#2953 = VERTEX_POINT('',#2954);
#2954 = CARTESIAN_POINT('',(146.376199,-64.816439,0.));
#2955 = LINE('',#2956,#2957);
#2956 = CARTESIAN_POINT('',(146.376199,-64.816439,0.));
#2957 = VECTOR('',#2958,1.);
#2958 = DIRECTION('',(-0.516542859524,-0.856261335268,0.));
#2959 = ORIENTED_EDGE('',*,*,#2960,.F.);
#2960 = EDGE_CURVE('',#2961,#2953,#2963,.T.);
#2961 = VERTEX_POINT('',#2962);
#2962 = CARTESIAN_POINT('',(147.582262,-62.741397,0.));
#2963 = LINE('',#2964,#2965);
#2964 = CARTESIAN_POINT('',(147.582262,-62.741397,0.));
#2965 = VECTOR('',#2966,1.);
#2966 = DIRECTION('',(-0.502509357693,-0.864571769971,0.));
#2967 = ORIENTED_EDGE('',*,*,#2968,.F.);
#2968 = EDGE_CURVE('',#2969,#2961,#2971,.T.);
#2969 = VERTEX_POINT('',#2970);
#2970 = CARTESIAN_POINT('',(148.733229,-60.683328,0.));
#2971 = LINE('',#2972,#2973);
#2972 = CARTESIAN_POINT('',(148.733229,-60.683328,0.));
#2973 = VECTOR('',#2974,1.);
#2974 = DIRECTION('',(-0.488102359765,-0.87278639219,0.));
#2975 = ORIENTED_EDGE('',*,*,#2976,.F.);
#2976 = EDGE_CURVE('',#2977,#2969,#2979,.T.);
#2977 = VERTEX_POINT('',#2978);
#2978 = CARTESIAN_POINT('',(149.828624,-58.644578,0.));
#2979 = LINE('',#2980,#2981);
#2980 = CARTESIAN_POINT('',(149.828624,-58.644578,0.));
#2981 = VECTOR('',#2982,1.);
#2982 = DIRECTION('',(-0.473297910595,-0.880902428097,0.));
#2983 = ORIENTED_EDGE('',*,*,#2984,.F.);
#2984 = EDGE_CURVE('',#2985,#2977,#2987,.T.);
#2985 = VERTEX_POINT('',#2986);
#2986 = CARTESIAN_POINT('',(150.868193,-56.627241,0.));
#2987 = LINE('',#2988,#2989);
#2988 = CARTESIAN_POINT('',(150.868193,-56.627241,0.));
#2989 = VECTOR('',#2990,1.);
#2990 = DIRECTION('',(-0.458073167312,-0.888914491607,0.));
#2991 = ORIENTED_EDGE('',*,*,#2992,.F.);
#2992 = EDGE_CURVE('',#2993,#2985,#2995,.T.);
#2993 = VERTEX_POINT('',#2994);
#2994 = CARTESIAN_POINT('',(151.851879,-54.633172,0.));
#2995 = LINE('',#2996,#2997);
#2996 = CARTESIAN_POINT('',(151.851879,-54.633172,0.));
#2997 = VECTOR('',#2998,1.);
#2998 = DIRECTION('',(-0.442404448461,-0.896815646597,0.));
#2999 = ORIENTED_EDGE('',*,*,#3000,.F.);
#3000 = EDGE_CURVE('',#3001,#2993,#3003,.T.);
#3001 = VERTEX_POINT('',#3002);
#3002 = CARTESIAN_POINT('',(152.722342,-52.787005,0.));
#3003 = LINE('',#3004,#3005);
#3004 = CARTESIAN_POINT('',(152.722342,-52.787005,0.));
#3005 = VECTOR('',#3006,1.);
#3006 = DIRECTION('',(-0.426470190303,-0.904501617899,0.));
#3007 = ORIENTED_EDGE('',*,*,#3008,.F.);
#3008 = EDGE_CURVE('',#3009,#3001,#3011,.T.);
#3009 = VERTEX_POINT('',#3010);
#3010 = CARTESIAN_POINT('',(153.572193,-50.895606,0.));
#3011 = LINE('',#3012,#3013);
#3012 = CARTESIAN_POINT('',(153.572193,-50.895606,0.));
#3013 = VECTOR('',#3014,1.);
#3014 = DIRECTION('',(-0.409851849385,-0.912152104397,0.));
#3015 = ORIENTED_EDGE('',*,*,#3016,.F.);
#3016 = EDGE_CURVE('',#3017,#3009,#3019,.T.);
#3017 = VERTEX_POINT('',#3018);
#3018 = CARTESIAN_POINT('',(154.365772,-49.034861,0.));
#3019 = LINE('',#3020,#3021);
#3020 = CARTESIAN_POINT('',(154.365772,-49.034861,0.));
#3021 = VECTOR('',#3022,1.);
#3022 = DIRECTION('',(-0.392296964083,-0.919838622787,0.));
#3023 = ORIENTED_EDGE('',*,*,#3024,.F.);
#3024 = EDGE_CURVE('',#3025,#3017,#3027,.T.);
#3025 = VERTEX_POINT('',#3026);
#3026 = CARTESIAN_POINT('',(155.10496,-47.202695,0.));
#3027 = LINE('',#3028,#3029);
#3028 = CARTESIAN_POINT('',(155.10496,-47.202695,0.));
#3029 = VECTOR('',#3030,1.);
#3030 = DIRECTION('',(-0.374147435109,-0.927369234341,0.));
#3031 = ORIENTED_EDGE('',*,*,#3032,.F.);
#3032 = EDGE_CURVE('',#3033,#3025,#3035,.T.);
#3033 = VERTEX_POINT('',#3034);
#3034 = CARTESIAN_POINT('',(155.791467,-45.397209,0.));
#3035 = LINE('',#3036,#3037);
#3036 = CARTESIAN_POINT('',(155.791467,-45.397209,0.));
#3037 = VECTOR('',#3038,1.);
#3038 = DIRECTION('',(-0.355408803191,-0.93471096207,0.));
#3039 = ORIENTED_EDGE('',*,*,#3040,.F.);
#3040 = EDGE_CURVE('',#3041,#3033,#3043,.T.);
#3041 = VERTEX_POINT('',#3042);
#3042 = CARTESIAN_POINT('',(156.426854,-43.616646,0.));
#3043 = LINE('',#3044,#3045);
#3044 = CARTESIAN_POINT('',(156.426854,-43.616646,0.));
#3045 = VECTOR('',#3046,1.);
#3046 = DIRECTION('',(-0.33608852518,-0.941830400466,0.));
#3047 = ORIENTED_EDGE('',*,*,#3048,.F.);
#3048 = EDGE_CURVE('',#3049,#3041,#3051,.T.);
#3049 = VERTEX_POINT('',#3050);
#3050 = CARTESIAN_POINT('',(157.012547,-41.859381,0.));
#3051 = LINE('',#3052,#3053);
#3052 = CARTESIAN_POINT('',(157.012547,-41.859381,0.));
#3053 = VECTOR('',#3054,1.);
#3054 = DIRECTION('',(-0.316197641153,-0.94869333914,0.));
#3055 = ORIENTED_EDGE('',*,*,#3056,.F.);
#3056 = EDGE_CURVE('',#3057,#3049,#3059,.T.);
#3057 = VERTEX_POINT('',#3058);
#3058 = CARTESIAN_POINT('',(157.549849,-40.123894,0.));
#3059 = LINE('',#3060,#3061);
#3060 = CARTESIAN_POINT('',(157.549849,-40.123894,0.));
#3061 = VECTOR('',#3062,1.);
#3062 = DIRECTION('',(-0.295747747702,-0.955266072741,0.));
#3063 = ORIENTED_EDGE('',*,*,#3064,.F.);
#3064 = EDGE_CURVE('',#3065,#3057,#3067,.T.);
#3065 = VERTEX_POINT('',#3066);
#3066 = CARTESIAN_POINT('',(158.039952,-38.408759,0.));
#3067 = LINE('',#3068,#3069);
#3068 = CARTESIAN_POINT('',(158.039952,-38.408759,0.));
#3069 = VECTOR('',#3070,1.);
#3070 = DIRECTION('',(-0.27475452079,-0.961514406187,0.));
#3071 = ORIENTED_EDGE('',*,*,#3072,.F.);
#3072 = EDGE_CURVE('',#3073,#3065,#3075,.T.);
#3073 = VERTEX_POINT('',#3074);
#3074 = CARTESIAN_POINT('',(158.483941,-36.712632,0.));
#3075 = LINE('',#3076,#3077);
#3076 = CARTESIAN_POINT('',(158.483941,-36.712632,0.));
#3077 = VECTOR('',#3078,1.);
#3078 = DIRECTION('',(-0.253234098453,-0.967405029644,0.));
#3079 = ORIENTED_EDGE('',*,*,#3080,.F.);
#3080 = EDGE_CURVE('',#3081,#3073,#3083,.T.);
#3081 = VERTEX_POINT('',#3082);
#3082 = CARTESIAN_POINT('',(158.882806,-35.034242,0.));
#3083 = LINE('',#3084,#3085);
#3084 = CARTESIAN_POINT('',(158.882806,-35.034242,0.));
#3085 = VECTOR('',#3086,1.);
#3086 = DIRECTION('',(-0.231208166747,-0.972904303428,0.));
#3087 = ORIENTED_EDGE('',*,*,#3088,.F.);
#3088 = EDGE_CURVE('',#3089,#3081,#3091,.T.);
#3089 = VERTEX_POINT('',#3090);
#3090 = CARTESIAN_POINT('',(159.237445,-33.372377,0.));
#3091 = LINE('',#3092,#3093);
#3092 = CARTESIAN_POINT('',(159.237445,-33.372377,0.));
#3093 = VECTOR('',#3094,1.);
#3094 = DIRECTION('',(-0.208699148396,-0.97797989011,0.));
#3095 = ORIENTED_EDGE('',*,*,#3096,.F.);
#3096 = EDGE_CURVE('',#3097,#3089,#3099,.T.);
#3097 = VERTEX_POINT('',#3098);
#3098 = CARTESIAN_POINT('',(159.548666,-31.725884,0.));
#3099 = LINE('',#3100,#3101);
#3100 = CARTESIAN_POINT('',(159.548666,-31.725884,0.));
#3101 = VECTOR('',#3102,1.);
#3102 = DIRECTION('',(-0.185731679579,-0.982600500306,0.));
#3103 = ORIENTED_EDGE('',*,*,#3104,.F.);
#3104 = EDGE_CURVE('',#3105,#3097,#3107,.T.);
#3105 = VERTEX_POINT('',#3106);
#3106 = CARTESIAN_POINT('',(159.817199,-30.093654,0.));
#3107 = LINE('',#3108,#3109);
#3108 = CARTESIAN_POINT('',(159.817199,-30.093654,0.));
#3109 = VECTOR('',#3110,1.);
#3110 = DIRECTION('',(-0.162336814302,-0.986735404616,0.));
#3111 = ORIENTED_EDGE('',*,*,#3112,.F.);
#3112 = EDGE_CURVE('',#3113,#3105,#3115,.T.);
#3113 = VERTEX_POINT('',#3114);
#3114 = CARTESIAN_POINT('',(160.043687,-28.474625,0.));
#3115 = LINE('',#3116,#3117);
#3116 = CARTESIAN_POINT('',(160.043687,-28.474625,0.));
#3117 = VECTOR('',#3118,1.);
#3118 = DIRECTION('',(-0.138542218481,-0.990356528579,0.));
#3119 = ORIENTED_EDGE('',*,*,#3120,.F.);
#3120 = EDGE_CURVE('',#3121,#3113,#3123,.T.);
#3121 = VERTEX_POINT('',#3122);
#3122 = CARTESIAN_POINT('',(160.228702,-26.867771,0.));
#3123 = LINE('',#3124,#3125);
#3124 = CARTESIAN_POINT('',(160.228702,-26.867771,0.));
#3125 = VECTOR('',#3126,1.);
#3126 = DIRECTION('',(-0.114385404467,-0.993436449525,0.));
#3127 = ORIENTED_EDGE('',*,*,#3128,.F.);
#3128 = EDGE_CURVE('',#3129,#3121,#3131,.T.);
#3129 = VERTEX_POINT('',#3130);
#3130 = CARTESIAN_POINT('',(160.289288,-26.248758,0.));
#3131 = LINE('',#3132,#3133);
#3132 = CARTESIAN_POINT('',(160.289288,-26.248758,0.));
#3133 = VECTOR('',#3134,1.);
#3134 = DIRECTION('',(-9.740970736406E-02,-0.99524436643,0.));
#3135 = ORIENTED_EDGE('',*,*,#3136,.F.);
#3136 = EDGE_CURVE('',#3137,#3129,#3139,.T.);
#3137 = VERTEX_POINT('',#3138);
#3138 = CARTESIAN_POINT('',(160.359078,-25.44464,0.));
#3139 = LINE('',#3140,#3141);
#3140 = CARTESIAN_POINT('',(160.359078,-25.44464,0.));
#3141 = VECTOR('',#3142,1.);
#3142 = DIRECTION('',(-8.646569840516E-02,-0.996254828344,0.));
#3143 = ORIENTED_EDGE('',*,*,#3144,.F.);
#3144 = EDGE_CURVE('',#3145,#3137,#3147,.T.);
#3145 = VERTEX_POINT('',#3146);
#3146 = CARTESIAN_POINT('',(160.418918,-24.63942,0.));
#3147 = LINE('',#3148,#3149);
#3148 = CARTESIAN_POINT('',(160.418918,-24.63942,0.));
#3149 = VECTOR('',#3150,1.);
#3150 = DIRECTION('',(-7.411072889515E-02,-0.997250018733,0.));
#3151 = ORIENTED_EDGE('',*,*,#3152,.F.);
#3152 = EDGE_CURVE('',#3153,#3145,#3155,.T.);
#3153 = VERTEX_POINT('',#3154);
#3154 = CARTESIAN_POINT('',(160.46883,-23.8327,0.));
#3155 = LINE('',#3156,#3157);
#3156 = CARTESIAN_POINT('',(160.46883,-23.8327,0.));
#3157 = VECTOR('',#3158,1.);
#3158 = DIRECTION('',(-6.175221080462E-02,-0.998091511065,0.));
#3159 = ORIENTED_EDGE('',*,*,#3160,.F.);
#3160 = EDGE_CURVE('',#3161,#3153,#3163,.T.);
#3161 = VERTEX_POINT('',#3162);
#3162 = CARTESIAN_POINT('',(160.508772,-23.02508,0.));
#3163 = LINE('',#3164,#3165);
#3164 = CARTESIAN_POINT('',(160.508772,-23.02508,0.));
#3165 = VECTOR('',#3166,1.);
#3166 = DIRECTION('',(-4.939605457338E-02,-0.998779269805,0.));
#3167 = ORIENTED_EDGE('',*,*,#3168,.F.);
#3168 = EDGE_CURVE('',#3169,#3161,#3171,.T.);
#3169 = VERTEX_POINT('',#3170);
#3170 = CARTESIAN_POINT('',(160.538749,-22.216328,0.));
#3171 = LINE('',#3172,#3173);
#3172 = CARTESIAN_POINT('',(160.538749,-22.216328,0.));
#3173 = VECTOR('',#3174,1.);
#3174 = DIRECTION('',(-3.704031513422E-02,-0.999313772073,0.));
#3175 = ORIENTED_EDGE('',*,*,#3176,.F.);
#3176 = EDGE_CURVE('',#3177,#3169,#3179,.T.);
#3177 = VERTEX_POINT('',#3178);
#3178 = CARTESIAN_POINT('',(160.558738,-21.40688,0.));
#3179 = LINE('',#3180,#3181);
#3180 = CARTESIAN_POINT('',(160.558738,-21.40688,0.));
#3181 = VECTOR('',#3182,1.);
#3182 = DIRECTION('',(-2.468708046005E-02,-0.999695227586,0.));
#3183 = ORIENTED_EDGE('',*,*,#3184,.F.);
#3184 = EDGE_CURVE('',#3185,#3177,#3187,.T.);
#3185 = VERTEX_POINT('',#3186);
#3186 = CARTESIAN_POINT('',(160.568739,-20.596667,0.));
#3187 = LINE('',#3188,#3189);
#3188 = CARTESIAN_POINT('',(160.568739,-20.596667,0.));
#3189 = VECTOR('',#3190,1.);
#3190 = DIRECTION('',(-1.234272738182E-02,-0.999923825639,0.));
#3191 = ORIENTED_EDGE('',*,*,#3192,.F.);
#3192 = EDGE_CURVE('',#3193,#3185,#3195,.T.);
#3193 = VERTEX_POINT('',#3194);
#3194 = CARTESIAN_POINT('',(160.56874,-19.785965,0.));
#3195 = LINE('',#3196,#3197);
#3196 = CARTESIAN_POINT('',(160.56874,-19.785965,0.));
#3197 = VECTOR('',#3198,1.);
#3198 = DIRECTION('',(-1.233498865766E-06,-0.999999999999,0.));
#3199 = ORIENTED_EDGE('',*,*,#3200,.F.);
#3200 = EDGE_CURVE('',#3201,#3193,#3203,.T.);
#3201 = VERTEX_POINT('',#3202);
#3202 = CARTESIAN_POINT('',(160.558739,-18.974868,0.));
#3203 = LINE('',#3204,#3205);
#3204 = CARTESIAN_POINT('',(160.558739,-18.974868,0.));
#3205 = VECTOR('',#3206,1.);
#3206 = DIRECTION('',(1.232927731171E-02,-0.999923991572,0.));
#3207 = ORIENTED_EDGE('',*,*,#3208,.F.);
#3208 = EDGE_CURVE('',#3209,#3201,#3211,.T.);
#3209 = VERTEX_POINT('',#3210);
#3210 = CARTESIAN_POINT('',(160.538731,-18.163486,0.));
#3211 = LINE('',#3212,#3213);
#3212 = CARTESIAN_POINT('',(160.538731,-18.163486,0.));
#3213 = VECTOR('',#3214,1.);
#3214 = DIRECTION('',(2.465166789251E-02,-0.999696101458,0.));
#3215 = ORIENTED_EDGE('',*,*,#3216,.F.);
#3216 = EDGE_CURVE('',#3217,#3209,#3219,.T.);
#3217 = VERTEX_POINT('',#3218);
#3218 = CARTESIAN_POINT('',(160.508719,-17.35208,0.));
#3219 = LINE('',#3220,#3221);
#3220 = CARTESIAN_POINT('',(160.508719,-17.35208,0.));
#3221 = VECTOR('',#3222,1.);
#3222 = DIRECTION('',(3.696237338627E-02,-0.999316657999,0.));
#3223 = ORIENTED_EDGE('',*,*,#3224,.F.);
#3224 = EDGE_CURVE('',#3225,#3217,#3227,.T.);
#3225 = VERTEX_POINT('',#3226);
#3226 = CARTESIAN_POINT('',(160.468697,-16.540595,0.));
#3227 = LINE('',#3228,#3229);
#3228 = CARTESIAN_POINT('',(160.468697,-16.540595,0.));
#3229 = VECTOR('',#3230,1.);
#3230 = DIRECTION('',(4.925958419944E-02,-0.998786009796,0.));
#3231 = ORIENTED_EDGE('',*,*,#3232,.F.);
#3232 = EDGE_CURVE('',#3233,#3225,#3235,.T.);
#3233 = VERTEX_POINT('',#3234);
#3234 = CARTESIAN_POINT('',(160.358659,-14.918437,0.));
#3235 = LINE('',#3236,#3237);
#3236 = CARTESIAN_POINT('',(160.358659,-14.918437,0.));
#3237 = VECTOR('',#3238,1.);
#3238 = DIRECTION('',(6.767879618467E-02,-0.99770716172,0.));
#3239 = ORIENTED_EDGE('',*,*,#3240,.F.);
#3240 = EDGE_CURVE('',#3241,#3233,#3243,.T.);
#3241 = VERTEX_POINT('',#3242);
#3242 = CARTESIAN_POINT('',(160.208667,-13.298153,0.));
#3243 = LINE('',#3244,#3245);
#3244 = CARTESIAN_POINT('',(160.208667,-13.298153,0.));
#3245 = VECTOR('',#3246,1.);
#3246 = DIRECTION('',(9.217731297635E-02,-0.995742608796,0.));
#3247 = ORIENTED_EDGE('',*,*,#3248,.F.);
#3248 = EDGE_CURVE('',#3249,#3241,#3251,.T.);
#3249 = VERTEX_POINT('',#3250);
#3250 = CARTESIAN_POINT('',(160.018802,-11.680877,0.));
#3251 = LINE('',#3252,#3253);
#3252 = CARTESIAN_POINT('',(160.018802,-11.680877,0.));
#3253 = VECTOR('',#3254,1.);
#3254 = DIRECTION('',(0.116597280385,-0.993179275965,0.));
#3255 = ORIENTED_EDGE('',*,*,#3256,.F.);
#3256 = EDGE_CURVE('',#3257,#3249,#3259,.T.);
#3257 = VERTEX_POINT('',#3258);
#3258 = CARTESIAN_POINT('',(159.789176,-10.067725,0.));
#3259 = LINE('',#3260,#3261);
#3260 = CARTESIAN_POINT('',(159.789176,-10.067725,0.));
#3261 = VECTOR('',#3262,1.);
#3262 = DIRECTION('',(0.140925577216,-0.990020192565,0.));
#3263 = ORIENTED_EDGE('',*,*,#3264,.F.);
#3264 = EDGE_CURVE('',#3265,#3257,#3267,.T.);
#3265 = VERTEX_POINT('',#3266);
#3266 = CARTESIAN_POINT('',(159.51993,-8.4598,0.));
#3267 = LINE('',#3268,#3269);
#3268 = CARTESIAN_POINT('',(159.51993,-8.4598,0.));
#3269 = VECTOR('',#3270,1.);
#3270 = DIRECTION('',(0.165150014729,-0.986268458704,0.));
#3271 = ORIENTED_EDGE('',*,*,#3272,.F.);
#3272 = EDGE_CURVE('',#3273,#3265,#3275,.T.);
#3273 = VERTEX_POINT('',#3274);
#3274 = CARTESIAN_POINT('',(159.211232,-6.858189,0.));
#3275 = LINE('',#3276,#3277);
#3276 = CARTESIAN_POINT('',(159.211232,-6.858189,0.));
#3277 = VECTOR('',#3278,1.);
#3278 = DIRECTION('',(0.189258799709,-0.981927241059,0.));
#3279 = ORIENTED_EDGE('',*,*,#3280,.F.);
#3280 = EDGE_CURVE('',#3281,#3273,#3283,.T.);
#3281 = VERTEX_POINT('',#3282);
#3282 = CARTESIAN_POINT('',(159.09223,-6.291553,0.));
#3283 = LINE('',#3284,#3285);
#3284 = CARTESIAN_POINT('',(159.09223,-6.291553,0.));
#3285 = VECTOR('',#3286,1.);
#3286 = DIRECTION('',(0.205531195501,-0.978650564643,0.));
#3287 = ORIENTED_EDGE('',*,*,#3288,.F.);
#3288 = EDGE_CURVE('',#3289,#3281,#3291,.T.);
#3289 = VERTEX_POINT('',#3290);
#3290 = CARTESIAN_POINT('',(158.914865,-5.48898,0.));
#3291 = LINE('',#3292,#3293);
#3292 = CARTESIAN_POINT('',(158.914865,-5.48898,0.));
#3293 = VECTOR('',#3294,1.);
#3294 = DIRECTION('',(0.215788831997,-0.976440054476,0.));
#3295 = ORIENTED_EDGE('',*,*,#3296,.F.);
#3296 = EDGE_CURVE('',#3297,#3289,#3299,.T.);
#3297 = VERTEX_POINT('',#3298);
#3298 = CARTESIAN_POINT('',(158.727639,-4.688406,0.));
#3299 = LINE('',#3300,#3301);
#3300 = CARTESIAN_POINT('',(158.727639,-4.688406,0.));
#3301 = VECTOR('',#3302,1.);
#3302 = DIRECTION('',(0.227720279161,-0.973726591225,0.));
#3303 = ORIENTED_EDGE('',*,*,#3304,.F.);
#3304 = EDGE_CURVE('',#3305,#3297,#3307,.T.);
#3305 = VERTEX_POINT('',#3306);
#3306 = CARTESIAN_POINT('',(158.529649,-3.886058,0.));
#3307 = LINE('',#3308,#3309);
#3308 = CARTESIAN_POINT('',(158.529649,-3.886058,0.));
#3309 = VECTOR('',#3310,1.);
#3310 = DIRECTION('',(0.239576862579,-0.970877400559,0.));
#3311 = ORIENTED_EDGE('',*,*,#3312,.F.);
#3312 = EDGE_CURVE('',#3313,#3305,#3315,.T.);
#3313 = VERTEX_POINT('',#3314);
#3314 = CARTESIAN_POINT('',(158.321949,-3.0863,0.));
#3315 = LINE('',#3316,#3317);
#3316 = CARTESIAN_POINT('',(158.321949,-3.0863,0.));
#3317 = VECTOR('',#3318,1.);
#3318 = DIRECTION('',(0.251365088138,-0.967892345494,0.));
#3319 = ORIENTED_EDGE('',*,*,#3320,.F.);
#3320 = EDGE_CURVE('',#3321,#3313,#3323,.T.);
#3321 = VERTEX_POINT('',#3322);
#3322 = CARTESIAN_POINT('',(158.103793,-2.286284,0.));
#3323 = LINE('',#3324,#3325);
#3324 = CARTESIAN_POINT('',(158.103793,-2.286284,0.));
#3325 = VECTOR('',#3326,1.);
#3326 = DIRECTION('',(0.26308352793,-0.964773060016,0.));
#3327 = ORIENTED_EDGE('',*,*,#3328,.F.);
#3328 = EDGE_CURVE('',#3329,#3321,#3331,.T.);
#3329 = VERTEX_POINT('',#3330);
#3330 = CARTESIAN_POINT('',(157.876105,-1.489454,0.));
#3331 = LINE('',#3332,#3333);
#3332 = CARTESIAN_POINT('',(157.876105,-1.489454,0.));
#3333 = VECTOR('',#3334,1.);
#3334 = DIRECTION('',(0.274745989916,-0.961516843859,0.));
#3335 = ORIENTED_EDGE('',*,*,#3336,.F.);
#3336 = EDGE_CURVE('',#3337,#3329,#3339,.T.);
#3337 = VERTEX_POINT('',#3338);
#3338 = CARTESIAN_POINT('',(157.638352,-0.693927,0.));
#3339 = LINE('',#3340,#3341);
#3340 = CARTESIAN_POINT('',(157.638352,-0.693927,0.));
#3341 = VECTOR('',#3342,1.);
#3342 = DIRECTION('',(0.286347642186,-0.95812578914,0.));
#3343 = ORIENTED_EDGE('',*,*,#3344,.F.);
#3344 = EDGE_CURVE('',#3345,#3337,#3347,.T.);
#3345 = VERTEX_POINT('',#3346);
#3346 = CARTESIAN_POINT('',(157.391273,9.7814E-02,0.));
#3347 = LINE('',#3348,#3349);
#3348 = CARTESIAN_POINT('',(157.391273,9.7814E-02,0.));
#3349 = VECTOR('',#3350,1.);
#3350 = DIRECTION('',(0.297901437144,-0.954596634054,0.));
#3351 = ORIENTED_EDGE('',*,*,#3352,.F.);
#3352 = EDGE_CURVE('',#3353,#3345,#3355,.T.);
#3353 = VERTEX_POINT('',#3354);
#3354 = CARTESIAN_POINT('',(157.134601,0.886671,0.));
#3355 = LINE('',#3356,#3357);
#3356 = CARTESIAN_POINT('',(157.134601,0.886671,0.));
#3357 = VECTOR('',#3358,1.);
#3358 = DIRECTION('',(0.309406027994,-0.95093002363,0.));
#3359 = ORIENTED_EDGE('',*,*,#3360,.F.);
#3360 = EDGE_CURVE('',#3361,#3353,#3363,.T.);
#3361 = VERTEX_POINT('',#3362);
#3362 = CARTESIAN_POINT('',(156.868836,1.671145,0.));
#3363 = LINE('',#3364,#3365);
#3364 = CARTESIAN_POINT('',(156.868836,1.671145,0.));
#3365 = VECTOR('',#3366,1.);
#3366 = DIRECTION('',(0.32086775542,-0.947124006417,0.));
#3367 = ORIENTED_EDGE('',*,*,#3368,.F.);
#3368 = EDGE_CURVE('',#3369,#3361,#3371,.T.);
#3369 = VERTEX_POINT('',#3370);
#3370 = CARTESIAN_POINT('',(156.594031,2.451151,0.));
#3371 = LINE('',#3372,#3373);
#3372 = CARTESIAN_POINT('',(156.594031,2.451151,0.));
#3373 = VECTOR('',#3374,1.);
#3374 = DIRECTION('',(0.332291864641,-0.943176609492,0.));
#3375 = ORIENTED_EDGE('',*,*,#3376,.F.);
#3376 = EDGE_CURVE('',#3377,#3369,#3379,.T.);
#3377 = VERTEX_POINT('',#3378);
#3378 = CARTESIAN_POINT('',(156.310387,3.226186,0.));
#3379 = LINE('',#3380,#3381);
#3380 = CARTESIAN_POINT('',(156.310387,3.226186,0.));
#3381 = VECTOR('',#3382,1.);
#3382 = DIRECTION('',(0.343682632431,-0.939085857718,0.));
#3383 = ORIENTED_EDGE('',*,*,#3384,.F.);
#3384 = EDGE_CURVE('',#3385,#3377,#3387,.T.);
#3385 = VERTEX_POINT('',#3386);
#3386 = CARTESIAN_POINT('',(155.717709,4.758651,0.));
#3387 = LINE('',#3388,#3389);
#3388 = CARTESIAN_POINT('',(155.717709,4.758651,0.));
#3389 = VECTOR('',#3390,1.);
#3390 = DIRECTION('',(0.360711303063,-0.932677519748,0.));
#3391 = ORIENTED_EDGE('',*,*,#3392,.F.);
#3392 = EDGE_CURVE('',#3393,#3385,#3395,.T.);
#3393 = VERTEX_POINT('',#3394);
#3394 = CARTESIAN_POINT('',(155.092755,6.264368,0.));
#3395 = LINE('',#3396,#3397);
#3396 = CARTESIAN_POINT('',(155.092755,6.264368,0.));
#3397 = VECTOR('',#3398,1.);
#3398 = DIRECTION('',(0.383345960958,-0.923604825787,0.));
#3399 = ORIENTED_EDGE('',*,*,#3400,.F.);
#3400 = EDGE_CURVE('',#3401,#3393,#3403,.T.);
#3401 = VERTEX_POINT('',#3402);
#3402 = CARTESIAN_POINT('',(154.437628,7.73934,0.));
#3403 = LINE('',#3404,#3405);
#3404 = CARTESIAN_POINT('',(154.437628,7.73934,0.));
#3405 = VECTOR('',#3406,1.);
#3406 = DIRECTION('',(0.40592315632,-0.913907211462,0.));
#3407 = ORIENTED_EDGE('',*,*,#3408,.F.);
#3408 = EDGE_CURVE('',#3409,#3401,#3411,.T.);
#3409 = VERTEX_POINT('',#3410);
#3410 = CARTESIAN_POINT('',(153.754546,9.179787,0.));
#3411 = LINE('',#3412,#3413);
#3412 = CARTESIAN_POINT('',(153.754546,9.179787,0.));
#3413 = VECTOR('',#3414,1.);
#3414 = DIRECTION('',(0.42847822887,-0.903552105517,0.));
#3415 = ORIENTED_EDGE('',*,*,#3416,.F.);
#3416 = EDGE_CURVE('',#3417,#3409,#3419,.T.);
#3417 = VERTEX_POINT('',#3418);
#3418 = CARTESIAN_POINT('',(153.045821,10.582191,0.));
#3419 = LINE('',#3420,#3421);
#3420 = CARTESIAN_POINT('',(153.045821,10.582191,0.));
#3421 = VECTOR('',#3422,1.);
#3422 = DIRECTION('',(0.451039664874,-0.892503905151,0.));
#3423 = ORIENTED_EDGE('',*,*,#3424,.F.);
#3424 = EDGE_CURVE('',#3425,#3417,#3427,.T.);
#3425 = VERTEX_POINT('',#3426);
#3426 = CARTESIAN_POINT('',(152.313823,11.943333,0.));
#3427 = LINE('',#3428,#3429);
#3428 = CARTESIAN_POINT('',(152.313823,11.943333,0.));
#3429 = VECTOR('',#3430,1.);
#3430 = DIRECTION('',(0.473635962218,-0.88072071356,0.));
#3431 = ORIENTED_EDGE('',*,*,#3432,.F.);
#3432 = EDGE_CURVE('',#3433,#3425,#3435,.T.);
#3433 = VERTEX_POINT('',#3434);
#3434 = CARTESIAN_POINT('',(151.56095,13.260322,0.));
#3435 = LINE('',#3436,#3437);
#3436 = CARTESIAN_POINT('',(151.56095,13.260322,0.));
#3437 = VECTOR('',#3438,1.);
#3438 = DIRECTION('',(0.496291915157,-0.868155708931,0.));
#3439 = ORIENTED_EDGE('',*,*,#3440,.F.);
#3440 = EDGE_CURVE('',#3441,#3433,#3443,.T.);
#3441 = VERTEX_POINT('',#3442);
#3442 = CARTESIAN_POINT('',(150.7896,14.530615,0.));
#3443 = LINE('',#3444,#3445);
#3444 = CARTESIAN_POINT('',(150.7896,14.530615,0.));
#3445 = VECTOR('',#3446,1.);
#3446 = DIRECTION('',(0.519027631911,-0.854757461104,0.));
#3447 = ORIENTED_EDGE('',*,*,#3448,.F.);
#3448 = EDGE_CURVE('',#3449,#3441,#3451,.T.);
#3449 = VERTEX_POINT('',#3450);
#3450 = CARTESIAN_POINT('',(150.738353,14.612351,0.));
#3451 = LINE('',#3452,#3453);
#3452 = CARTESIAN_POINT('',(150.738353,14.612351,0.));
#3453 = VECTOR('',#3454,1.);
#3454 = DIRECTION('',(0.5312059369,-0.847242735349,0.));
#3455 = ORIENTED_EDGE('',*,*,#3456,.F.);
#3456 = EDGE_CURVE('',#3457,#3449,#3459,.T.);
#3457 = VERTEX_POINT('',#3458);
#3458 = CARTESIAN_POINT('',(150.343798,15.231029,0.));
#3459 = LINE('',#3460,#3461);
#3460 = CARTESIAN_POINT('',(150.343798,15.231029,0.));
#3461 = VECTOR('',#3462,1.);
#3462 = DIRECTION('',(0.53770052444,-0.843135900088,0.));
#3463 = ORIENTED_EDGE('',*,*,#3464,.F.);
#3464 = EDGE_CURVE('',#3465,#3457,#3467,.T.);
#3465 = VERTEX_POINT('',#3466);
#3466 = CARTESIAN_POINT('',(149.943515,15.840163,0.));
#3467 = LINE('',#3468,#3469);
#3468 = CARTESIAN_POINT('',(149.943515,15.840163,0.));
#3469 = VECTOR('',#3470,1.);
#3470 = DIRECTION('',(0.549173040982,-0.835708663984,0.));
#3471 = ORIENTED_EDGE('',*,*,#3472,.F.);
#3472 = EDGE_CURVE('',#3473,#3465,#3475,.T.);
#3473 = VERTEX_POINT('',#3474);
#3474 = CARTESIAN_POINT('',(149.537982,16.439162,0.));
#3475 = LINE('',#3476,#3477);
#3476 = CARTESIAN_POINT('',(149.537982,16.439162,0.));
#3477 = VECTOR('',#3478,1.);
#3478 = DIRECTION('',(0.560620214575,-0.82807304932,0.));
#3479 = ORIENTED_EDGE('',*,*,#3480,.F.);
#3480 = EDGE_CURVE('',#3481,#3473,#3483,.T.);
#3481 = VERTEX_POINT('',#3482);
#3482 = CARTESIAN_POINT('',(149.126991,17.028463,0.));
#3483 = LINE('',#3484,#3485);
#3484 = CARTESIAN_POINT('',(149.126991,17.028463,0.));
#3485 = VECTOR('',#3486,1.);
#3486 = DIRECTION('',(0.572041879724,-0.820224413098,0.));
#3487 = ORIENTED_EDGE('',*,*,#3488,.F.);
#3488 = EDGE_CURVE('',#3489,#3481,#3491,.T.);
#3489 = VERTEX_POINT('',#3490);
#3490 = CARTESIAN_POINT('',(148.711251,17.607189,0.));
#3491 = LINE('',#3492,#3493);
#3492 = CARTESIAN_POINT('',(148.711251,17.607189,0.));
#3493 = VECTOR('',#3494,1.);
#3494 = DIRECTION('',(0.583433092974,-0.812161206918,0.));
#3495 = ORIENTED_EDGE('',*,*,#3496,.F.);
#3496 = EDGE_CURVE('',#3497,#3489,#3499,.T.);
#3497 = VERTEX_POINT('',#3498);
#3498 = CARTESIAN_POINT('',(148.29033,18.176073,0.));
#3499 = LINE('',#3500,#3501);
#3500 = CARTESIAN_POINT('',(148.29033,18.176073,0.));
#3501 = VECTOR('',#3502,1.);
#3502 = DIRECTION('',(0.59479446513,-0.803877816742,0.));
#3503 = ORIENTED_EDGE('',*,*,#3504,.F.);
#3504 = EDGE_CURVE('',#3505,#3497,#3507,.T.);
#3505 = VERTEX_POINT('',#3506);
#3506 = CARTESIAN_POINT('',(147.435126,19.281888,0.));
#3507 = LINE('',#3508,#3509);
#3508 = CARTESIAN_POINT('',(147.435126,19.281888,0.));
#3509 = VECTOR('',#3510,1.);
#3510 = DIRECTION('',(0.611765725446,-0.791038998513,0.));
#3511 = ORIENTED_EDGE('',*,*,#3512,.F.);
#3512 = EDGE_CURVE('',#3513,#3505,#3515,.T.);
#3513 = VERTEX_POINT('',#3514);
#3514 = CARTESIAN_POINT('',(146.563008,20.344893,0.));
#3515 = LINE('',#3516,#3517);
#3516 = CARTESIAN_POINT('',(146.563008,20.344893,0.));
#3517 = VECTOR('',#3518,1.);
#3518 = DIRECTION('',(0.634276956894,-0.773105906039,0.));
#3519 = ORIENTED_EDGE('',*,*,#3520,.F.);
#3520 = EDGE_CURVE('',#3521,#3513,#3523,.T.);
#3521 = VERTEX_POINT('',#3522);
#3522 = CARTESIAN_POINT('',(145.675633,21.36417,0.));
#3523 = LINE('',#3524,#3525);
#3524 = CARTESIAN_POINT('',(145.675633,21.36417,0.));
#3525 = VECTOR('',#3526,1.);
#3526 = DIRECTION('',(0.656619833309,-0.754221714422,0.));
#3527 = ORIENTED_EDGE('',*,*,#3528,.F.);
#3528 = EDGE_CURVE('',#3529,#3521,#3531,.T.);
#3529 = VERTEX_POINT('',#3530);
#3530 = CARTESIAN_POINT('',(144.774668,22.338903,0.));
#3531 = LINE('',#3532,#3533);
#3532 = CARTESIAN_POINT('',(144.774668,22.338903,0.));
#3533 = VECTOR('',#3534,1.);
#3534 = DIRECTION('',(0.678772747673,-0.734348389402,0.));
#3535 = ORIENTED_EDGE('',*,*,#3536,.F.);
#3536 = EDGE_CURVE('',#3537,#3529,#3539,.T.);
#3537 = VERTEX_POINT('',#3538);
#3538 = CARTESIAN_POINT('',(143.861789,23.268389,0.));
#3539 = LINE('',#3540,#3541);
#3540 = CARTESIAN_POINT('',(143.861789,23.268389,0.));
#3541 = VECTOR('',#3542,1.);
#3542 = DIRECTION('',(0.700704484597,-0.713451627839,0.));
#3543 = ORIENTED_EDGE('',*,*,#3544,.F.);
#3544 = EDGE_CURVE('',#3545,#3537,#3547,.T.);
#3545 = VERTEX_POINT('',#3546);
#3546 = CARTESIAN_POINT('',(142.938663,24.152042,0.));
#3547 = LINE('',#3548,#3549);
#3548 = CARTESIAN_POINT('',(142.938663,24.152042,0.));
#3549 = VECTOR('',#3550,1.);
#3550 = DIRECTION('',(0.722382684554,-0.69149349748,0.));
#3551 = ORIENTED_EDGE('',*,*,#3552,.F.);
#3552 = EDGE_CURVE('',#3553,#3545,#3555,.T.);
#3553 = VERTEX_POINT('',#3554);
#3554 = CARTESIAN_POINT('',(142.006935,24.989392,0.));
#3555 = LINE('',#3556,#3557);
#3556 = CARTESIAN_POINT('',(142.006935,24.989392,0.));
#3557 = VECTOR('',#3558,1.);
#3558 = DIRECTION('',(0.743772337206,-0.668433026119,0.));
#3559 = ORIENTED_EDGE('',*,*,#3560,.F.);
#3560 = EDGE_CURVE('',#3561,#3553,#3563,.T.);
#3561 = VERTEX_POINT('',#3562);
#3562 = CARTESIAN_POINT('',(141.068224,25.780092,0.));
#3563 = LINE('',#3564,#3565);
#3564 = CARTESIAN_POINT('',(141.068224,25.780092,0.));
#3565 = VECTOR('',#3566,1.);
#3566 = DIRECTION('',(0.764828283893,-0.644234193564,0.));
#3567 = ORIENTED_EDGE('',*,*,#3568,.F.);
#3568 = EDGE_CURVE('',#3569,#3561,#3571,.T.);
#3569 = VERTEX_POINT('',#3570);
#3570 = CARTESIAN_POINT('',(140.293941,26.394328,0.));
#3571 = LINE('',#3572,#3573);
#3572 = CARTESIAN_POINT('',(140.293941,26.394328,0.));
#3573 = VECTOR('',#3574,1.);
#3574 = DIRECTION('',(0.78342403702,-0.621487552746,0.));
#3575 = ORIENTED_EDGE('',*,*,#3576,.F.);
#3576 = EDGE_CURVE('',#3577,#3569,#3579,.T.);
#3577 = VERTEX_POINT('',#3578);
#3578 = CARTESIAN_POINT('',(139.797513,26.771199,0.));
#3579 = LINE('',#3580,#3581);
#3580 = CARTESIAN_POINT('',(139.797513,26.771199,0.));
#3581 = VECTOR('',#3582,1.);
#3582 = DIRECTION('',(0.796482289417,-0.604661858104,0.));
#3583 = ORIENTED_EDGE('',*,*,#3584,.F.);
#3584 = EDGE_CURVE('',#3585,#3577,#3587,.T.);
#3585 = VERTEX_POINT('',#3586);
#3586 = CARTESIAN_POINT('',(139.298294,27.137462,0.));
#3587 = LINE('',#3588,#3589);
#3588 = CARTESIAN_POINT('',(139.298294,27.137462,0.));
#3589 = VECTOR('',#3590,1.);
#3590 = DIRECTION('',(0.806274762272,-0.591541213884,0.));
#3591 = ORIENTED_EDGE('',*,*,#3592,.F.);
#3592 = EDGE_CURVE('',#3593,#3585,#3595,.T.);
#3593 = VERTEX_POINT('',#3594);
#3594 = CARTESIAN_POINT('',(138.78677,27.500035,0.));
#3595 = LINE('',#3596,#3597);
#3596 = CARTESIAN_POINT('',(138.78677,27.500035,0.));
#3597 = VECTOR('',#3598,1.);
#3598 = DIRECTION('',(0.815841258176,-0.578275921561,0.));
#3599 = ORIENTED_EDGE('',*,*,#3600,.F.);
#3600 = EDGE_CURVE('',#3601,#3593,#3603,.T.);
#3601 = VERTEX_POINT('',#3602);
#3602 = CARTESIAN_POINT('',(138.27248,27.85211,0.));
#3603 = LINE('',#3604,#3605);
#3604 = CARTESIAN_POINT('',(138.27248,27.85211,0.));
#3605 = VECTOR('',#3606,1.);
#3606 = DIRECTION('',(0.825163392135,-0.564894128382,0.));
#3607 = ORIENTED_EDGE('',*,*,#3608,.F.);
#3608 = EDGE_CURVE('',#3609,#3601,#3611,.T.);
#3609 = VERTEX_POINT('',#3610);
#3610 = CARTESIAN_POINT('',(137.744295,28.201221,0.));
#3611 = LINE('',#3612,#3613);
#3612 = CARTESIAN_POINT('',(137.744295,28.201221,0.));
#3613 = VECTOR('',#3614,1.);
#3614 = DIRECTION('',(0.834239690447,-0.551401975769,0.));
#3615 = ORIENTED_EDGE('',*,*,#3616,.F.);
#3616 = EDGE_CURVE('',#3617,#3609,#3619,.T.);
#3617 = VERTEX_POINT('',#3618);
#3618 = CARTESIAN_POINT('',(137.213364,28.539928,0.));
#3619 = LINE('',#3620,#3621);
#3620 = CARTESIAN_POINT('',(137.213364,28.539928,0.));
#3621 = VECTOR('',#3622,1.);
#3622 = DIRECTION('',(0.843055501392,-0.537826572022,0.));
#3623 = ORIENTED_EDGE('',*,*,#3624,.F.);
#3624 = EDGE_CURVE('',#3625,#3617,#3627,.T.);
#3625 = VERTEX_POINT('',#3626);
#3626 = CARTESIAN_POINT('',(136.666641,28.876441,0.));
#3627 = LINE('',#3628,#3629);
#3628 = CARTESIAN_POINT('',(136.666641,28.876441,0.));
#3629 = VECTOR('',#3630,1.);
#3630 = DIRECTION('',(0.851610981625,-0.524174337388,0.));
#3631 = ORIENTED_EDGE('',*,*,#3632,.F.);
#3632 = EDGE_CURVE('',#3633,#3625,#3635,.T.);
#3633 = VERTEX_POINT('',#3634);
#3634 = CARTESIAN_POINT('',(136.117188,29.202627,0.));
#3635 = LINE('',#3636,#3637);
#3636 = CARTESIAN_POINT('',(136.117188,29.202627,0.));
#3637 = VECTOR('',#3638,1.);
#3638 = DIRECTION('',(0.859890273321,-0.510478910286,0.));
#3639 = ORIENTED_EDGE('',*,*,#3640,.F.);
#3640 = EDGE_CURVE('',#3641,#3633,#3643,.T.);
#3641 = VERTEX_POINT('',#3642);
#3642 = CARTESIAN_POINT('',(135.549643,29.527462,0.));
#3643 = LINE('',#3644,#3645);
#3644 = CARTESIAN_POINT('',(135.549643,29.527462,0.));
#3645 = VECTOR('',#3646,1.);
#3646 = DIRECTION('',(0.867898035653,-0.496742387672,0.));
#3647 = ORIENTED_EDGE('',*,*,#3648,.F.);
#3648 = EDGE_CURVE('',#3649,#3641,#3651,.T.);
#3649 = VERTEX_POINT('',#3650);
#3650 = CARTESIAN_POINT('',(134.979377,29.842028,0.));
#3651 = LINE('',#3652,#3653);
#3652 = CARTESIAN_POINT('',(134.979377,29.842028,0.));
#3653 = VECTOR('',#3654,1.);
#3654 = DIRECTION('',(0.87561893242,-0.483002572651,0.));
#3655 = ORIENTED_EDGE('',*,*,#3656,.F.);
#3656 = EDGE_CURVE('',#3657,#3649,#3659,.T.);
#3657 = VERTEX_POINT('',#3658);
#3658 = CARTESIAN_POINT('',(134.388178,30.156195,0.));
#3659 = LINE('',#3660,#3661);
#3660 = CARTESIAN_POINT('',(134.388178,30.156195,0.));
#3661 = VECTOR('',#3662,1.);
#3662 = DIRECTION('',(0.883058449317,-0.469263012702,0.));
#3663 = ORIENTED_EDGE('',*,*,#3664,.F.);
#3664 = EDGE_CURVE('',#3665,#3657,#3667,.T.);
#3665 = VERTEX_POINT('',#3666);
#3666 = CARTESIAN_POINT('',(133.794263,30.460133,0.));
#3667 = LINE('',#3668,#3669);
#3668 = CARTESIAN_POINT('',(133.794263,30.460133,0.));
#3669 = VECTOR('',#3670,1.);
#3670 = DIRECTION('',(0.890202872454,-0.45556431585,0.));
#3671 = ORIENTED_EDGE('',*,*,#3672,.F.);
#3672 = EDGE_CURVE('',#3673,#3665,#3675,.T.);
#3673 = VERTEX_POINT('',#3674);
#3674 = CARTESIAN_POINT('',(133.175814,30.764791,0.));
#3675 = LINE('',#3676,#3677);
#3676 = CARTESIAN_POINT('',(133.175814,30.764791,0.));
#3677 = VECTOR('',#3678,1.);
#3678 = DIRECTION('',(0.897060979555,-0.441906776322,0.));
#3679 = ORIENTED_EDGE('',*,*,#3680,.F.);
#3680 = EDGE_CURVE('',#3681,#3673,#3683,.T.);
#3681 = VERTEX_POINT('',#3682);
#3682 = CARTESIAN_POINT('',(132.554647,31.059239,0.));
#3683 = LINE('',#3684,#3685);
#3684 = CARTESIAN_POINT('',(132.554647,31.059239,0.));
#3685 = VECTOR('',#3686,1.);
#3686 = DIRECTION('',(0.903619054209,-0.42833702253,0.));
#3687 = ORIENTED_EDGE('',*,*,#3688,.F.);
#3688 = EDGE_CURVE('',#3689,#3681,#3691,.T.);
#3689 = VERTEX_POINT('',#3690);
#3690 = CARTESIAN_POINT('',(131.904237,31.355788,0.));
#3691 = LINE('',#3692,#3693);
#3692 = CARTESIAN_POINT('',(131.904237,31.355788,0.));
#3693 = VECTOR('',#3694,1.);
#3694 = DIRECTION('',(0.909887305173,-0.414855507237,0.));
#3695 = ORIENTED_EDGE('',*,*,#3696,.F.);
#3696 = EDGE_CURVE('',#3697,#3689,#3699,.T.);
#3697 = VERTEX_POINT('',#3698);
#3698 = CARTESIAN_POINT('',(131.251101,31.642122,0.));
#3699 = LINE('',#3700,#3701);
#3700 = CARTESIAN_POINT('',(131.251101,31.642122,0.));
#3701 = VECTOR('',#3702,1.);
#3702 = DIRECTION('',(0.915854815367,-0.401509597853,0.));
#3703 = ORIENTED_EDGE('',*,*,#3704,.F.);
#3704 = EDGE_CURVE('',#3705,#3697,#3707,.T.);
#3705 = VERTEX_POINT('',#3706);
#3706 = CARTESIAN_POINT('',(130.56231,31.932352,0.));
#3707 = LINE('',#3708,#3709);
#3708 = CARTESIAN_POINT('',(130.56231,31.932352,0.));
#3709 = VECTOR('',#3710,1.);
#3710 = DIRECTION('',(0.921533549693,-0.38829874683,0.));
#3711 = ORIENTED_EDGE('',*,*,#3712,.F.);
#3712 = EDGE_CURVE('',#3713,#3705,#3715,.T.);
#3713 = VERTEX_POINT('',#3714);
#3714 = CARTESIAN_POINT('',(129.870773,32.212337,0.));
#3715 = LINE('',#3716,#3717);
#3716 = CARTESIAN_POINT('',(129.870773,32.212337,0.));
#3717 = VECTOR('',#3718,1.);
#3718 = DIRECTION('',(0.926910837215,-0.375281627386,0.));
#3719 = ORIENTED_EDGE('',*,*,#3720,.F.);
#3720 = EDGE_CURVE('',#3721,#3713,#3723,.T.);
#3721 = VERTEX_POINT('',#3722);
#3722 = CARTESIAN_POINT('',(129.067817,32.524819,0.));
#3723 = LINE('',#3724,#3725);
#3724 = CARTESIAN_POINT('',(129.067817,32.524819,0.));
#3725 = VECTOR('',#3726,1.);
#3726 = DIRECTION('',(0.931917869869,-0.362669386383,0.));
#3727 = ORIENTED_EDGE('',*,*,#3728,.F.);
#3728 = EDGE_CURVE('',#3729,#3721,#3731,.T.);
#3729 = VERTEX_POINT('',#3730);
#3730 = CARTESIAN_POINT('',(128.295133,32.813998,0.));
#3731 = LINE('',#3732,#3733);
#3732 = CARTESIAN_POINT('',(128.295133,32.813998,0.));
#3733 = VECTOR('',#3734,1.);
#3734 = DIRECTION('',(0.936559106677,-0.350509685602,0.));
#3735 = ORIENTED_EDGE('',*,*,#3736,.F.);
#3736 = EDGE_CURVE('',#3737,#3729,#3739,.T.);
#3737 = VERTEX_POINT('',#3738);
#3738 = CARTESIAN_POINT('',(127.519019,33.09351,0.));
#3739 = LINE('',#3740,#3741);
#3740 = CARTESIAN_POINT('',(127.519019,33.09351,0.));
#3741 = VECTOR('',#3742,1.);
#3742 = DIRECTION('',(0.940844535999,-0.338838544268,0.));
#3743 = ORIENTED_EDGE('',*,*,#3744,.F.);
#3744 = EDGE_CURVE('',#3745,#3737,#3747,.T.);
#3745 = VERTEX_POINT('',#3746);
#3746 = CARTESIAN_POINT('',(126.716863,33.371309,0.));
#3747 = LINE('',#3748,#3749);
#3748 = CARTESIAN_POINT('',(126.716863,33.371309,0.));
#3749 = VECTOR('',#3750,1.);
#3750 = DIRECTION('',(0.944938865841,-0.327246909569,0.));
#3751 = ORIENTED_EDGE('',*,*,#3752,.F.);
#3752 = EDGE_CURVE('',#3753,#3745,#3755,.T.);
#3753 = VERTEX_POINT('',#3754);
#3754 = CARTESIAN_POINT('',(125.910794,33.639565,0.));
#3755 = LINE('',#3756,#3757);
#3756 = CARTESIAN_POINT('',(125.910794,33.639565,0.));
#3757 = VECTOR('',#3758,1.);
#3758 = DIRECTION('',(0.948836329534,-0.315768300748,0.));
#3759 = ORIENTED_EDGE('',*,*,#3760,.F.);
#3760 = EDGE_CURVE('',#3761,#3753,#3763,.T.);
#3761 = VERTEX_POINT('',#3762);
#3762 = CARTESIAN_POINT('',(125.073745,33.907059,0.));
#3763 = LINE('',#3764,#3765);
#3764 = CARTESIAN_POINT('',(125.073745,33.907059,0.));
#3765 = VECTOR('',#3766,1.);
#3766 = DIRECTION('',(0.952543546872,-0.30440235103,0.));
#3767 = ORIENTED_EDGE('',*,*,#3768,.F.);
#3768 = EDGE_CURVE('',#3769,#3761,#3771,.T.);
#3769 = VERTEX_POINT('',#3770);
#3770 = CARTESIAN_POINT('',(124.232207,34.165123,0.));
#3771 = LINE('',#3772,#3773);
#3772 = CARTESIAN_POINT('',(124.232207,34.165123,0.));
#3773 = VECTOR('',#3774,1.);
#3774 = DIRECTION('',(0.956056645368,-0.293182009761,0.));
#3775 = ORIENTED_EDGE('',*,*,#3776,.F.);
#3776 = EDGE_CURVE('',#3777,#3769,#3779,.T.);
#3777 = VERTEX_POINT('',#3778);
#3778 = CARTESIAN_POINT('',(123.353373,34.423545,0.));
#3779 = LINE('',#3780,#3781);
#3780 = CARTESIAN_POINT('',(123.353373,34.423545,0.));
#3781 = VECTOR('',#3782,1.);
#3782 = DIRECTION('',(0.959382813262,-0.282107457573,0.));
#3783 = ORIENTED_EDGE('',*,*,#3784,.F.);
#3784 = EDGE_CURVE('',#3785,#3777,#3787,.T.);
#3785 = VERTEX_POINT('',#3786);
#3786 = CARTESIAN_POINT('',(122.469349,34.672644,0.));
#3787 = LINE('',#3788,#3789);
#3788 = CARTESIAN_POINT('',(122.469349,34.672644,0.));
#3789 = VECTOR('',#3790,1.);
#3790 = DIRECTION('',(0.962518230542,-0.271216990387,0.));
#3791 = ORIENTED_EDGE('',*,*,#3792,.F.);
#3792 = EDGE_CURVE('',#3793,#3785,#3795,.T.);
#3793 = VERTEX_POINT('',#3794);
#3794 = CARTESIAN_POINT('',(121.539658,34.923496,0.));
#3795 = LINE('',#3796,#3797);
#3796 = CARTESIAN_POINT('',(121.539658,34.923496,0.));
#3797 = VECTOR('',#3798,1.);
#3798 = DIRECTION('',(0.965472078114,-0.260506557274,0.));
#3799 = ORIENTED_EDGE('',*,*,#3800,.F.);
#3800 = EDGE_CURVE('',#3801,#3793,#3803,.T.);
#3801 = VERTEX_POINT('',#3802);
#3802 = CARTESIAN_POINT('',(120.603903,35.165126,0.));
#3803 = LINE('',#3804,#3805);
#3804 = CARTESIAN_POINT('',(120.603903,35.165126,0.));
#3805 = VECTOR('',#3806,1.);
#3806 = DIRECTION('',(0.968241053014,-0.250018525832,0.));
#3807 = ORIENTED_EDGE('',*,*,#3808,.F.);
#3808 = EDGE_CURVE('',#3809,#3801,#3811,.T.);
#3809 = VERTEX_POINT('',#3810);
#3810 = CARTESIAN_POINT('',(119.610878,35.41035,0.));
#3811 = LINE('',#3812,#3813);
#3812 = CARTESIAN_POINT('',(119.610878,35.41035,0.));
#3813 = VECTOR('',#3814,1.);
#3814 = DIRECTION('',(0.970836016182,-0.239744509184,0.));
#3815 = ORIENTED_EDGE('',*,*,#3816,.F.);
#3816 = EDGE_CURVE('',#3817,#3809,#3819,.T.);
#3817 = VERTEX_POINT('',#3818);
#3818 = CARTESIAN_POINT('',(118.610654,35.646452,0.));
#3819 = LINE('',#3820,#3821);
#3820 = CARTESIAN_POINT('',(118.610654,35.646452,0.));
#3821 = VECTOR('',#3822,1.);
#3822 = DIRECTION('',(0.973253092108,-0.229735540792,0.));
#3823 = ORIENTED_EDGE('',*,*,#3824,.F.);
#3824 = EDGE_CURVE('',#3825,#3817,#3827,.T.);
#3825 = VERTEX_POINT('',#3826);
#3826 = CARTESIAN_POINT('',(116.953051,36.009381,0.));
#3827 = LINE('',#3828,#3829);
#3828 = CARTESIAN_POINT('',(116.953051,36.009381,0.));
#3829 = VECTOR('',#3830,1.);
#3830 = DIRECTION('',(0.976859604844,-0.213881538297,0.));
#3831 = ORIENTED_EDGE('',*,*,#3832,.F.);
#3832 = EDGE_CURVE('',#3833,#3825,#3835,.T.);
#3833 = VERTEX_POINT('',#3834);
#3834 = CARTESIAN_POINT('',(115.342406,36.323069,0.));
#3835 = LINE('',#3836,#3837);
#3836 = CARTESIAN_POINT('',(115.342406,36.323069,0.));
#3837 = VECTOR('',#3838,1.);
#3838 = DIRECTION('',(0.981557451535,-0.191167385648,0.));
#3839 = ORIENTED_EDGE('',*,*,#3840,.F.);
#3840 = EDGE_CURVE('',#3841,#3833,#3843,.T.);
#3841 = VERTEX_POINT('',#3842);
#3842 = CARTESIAN_POINT('',(113.762078,36.591944,0.));
#3843 = LINE('',#3844,#3845);
#3844 = CARTESIAN_POINT('',(113.762078,36.591944,0.));
#3845 = VECTOR('',#3846,1.);
#3846 = DIRECTION('',(0.985833240657,-0.167728416241,0.));
#3847 = ORIENTED_EDGE('',*,*,#3848,.F.);
#3848 = EDGE_CURVE('',#3849,#3841,#3851,.T.);
#3849 = VERTEX_POINT('',#3850);
#3850 = CARTESIAN_POINT('',(112.206867,36.817598,0.));
#3851 = LINE('',#3852,#3853);
#3852 = CARTESIAN_POINT('',(112.206867,36.817598,0.));
#3853 = VECTOR('',#3854,1.);
#3854 = DIRECTION('',(0.989637001519,-0.143591800689,0.));
#3855 = ORIENTED_EDGE('',*,*,#3856,.F.);
#3856 = EDGE_CURVE('',#3857,#3849,#3859,.T.);
#3857 = VERTEX_POINT('',#3858);
#3858 = CARTESIAN_POINT('',(110.672543,37.001246,0.));
#3859 = LINE('',#3860,#3861);
#3860 = CARTESIAN_POINT('',(110.672543,37.001246,0.));
#3861 = VECTOR('',#3862,1.);
#3862 = DIRECTION('',(0.992912840639,-0.118844818538,0.));
#3863 = ORIENTED_EDGE('',*,*,#3864,.F.);
#3864 = EDGE_CURVE('',#3865,#3857,#3867,.T.);
#3865 = VERTEX_POINT('',#3866);
#3866 = CARTESIAN_POINT('',(109.155578,37.143815,0.));
#3867 = LINE('',#3868,#3869);
#3868 = CARTESIAN_POINT('',(109.155578,37.143815,0.));
#3869 = VECTOR('',#3870,1.);
#3870 = DIRECTION('',(0.995612636274,-9.357071385363E-02,0.));
#3871 = ORIENTED_EDGE('',*,*,#3872,.F.);
#3872 = EDGE_CURVE('',#3873,#3865,#3875,.T.);
#3873 = VERTEX_POINT('',#3874);
#3874 = CARTESIAN_POINT('',(107.652979,37.246,0.));
#3875 = LINE('',#3876,#3877);
#3876 = CARTESIAN_POINT('',(107.652979,37.246,0.));
#3877 = VECTOR('',#3878,1.);
#3878 = DIRECTION('',(0.997695615642,-6.784879164994E-02,0.));
#3879 = ORIENTED_EDGE('',*,*,#3880,.F.);
#3880 = EDGE_CURVE('',#120,#3873,#3881,.T.);
#3881 = LINE('',#3882,#3883);
#3882 = CARTESIAN_POINT('',(106.162156,37.308311,0.));
#3883 = VECTOR('',#3884,1.);
#3884 = DIRECTION('',(0.999127674197,-4.175991684248E-02,0.));
#3885 = ORIENTED_EDGE('',*,*,#127,.F.);
#3886 = FACE_BOUND('',#3887,.F.);
#3887 = EDGE_LOOP('',(#3888));
#3888 = ORIENTED_EDGE('',*,*,#3889,.T.);
#3889 = EDGE_CURVE('',#3890,#3890,#3892,.T.);
#3890 = VERTEX_POINT('',#3891);
#3891 = CARTESIAN_POINT('',(-21.345133,-103.004867,0.));
#3892 = CIRCLE('',#3893,0.45);
#3893 = AXIS2_PLACEMENT_3D('',#3894,#3895,#3896);
#3894 = CARTESIAN_POINT('',(-21.345133,-102.554867,0.));
#3895 = DIRECTION('',(-0.,0.,-1.));
#3896 = DIRECTION('',(-0.,-1.,0.));
#3897 = FACE_BOUND('',#3898,.F.);
#3898 = EDGE_LOOP('',(#3899));
#3899 = ORIENTED_EDGE('',*,*,#3900,.T.);
#3900 = EDGE_CURVE('',#3901,#3901,#3903,.T.);
#3901 = VERTEX_POINT('',#3902);
#3902 = CARTESIAN_POINT('',(-23.68,-100.67,0.));
#3903 = CIRCLE('',#3904,0.45);
#3904 = AXIS2_PLACEMENT_3D('',#3905,#3906,#3907);
#3905 = CARTESIAN_POINT('',(-23.68,-100.22,0.));
#3906 = DIRECTION('',(-0.,0.,-1.));
#3907 = DIRECTION('',(-0.,-1.,0.));
#3908 = FACE_BOUND('',#3909,.F.);
#3909 = EDGE_LOOP('',(#3910));
#3910 = ORIENTED_EDGE('',*,*,#3911,.T.);
#3911 = EDGE_CURVE('',#3912,#3912,#3914,.T.);
#3912 = VERTEX_POINT('',#3913);
#3913 = CARTESIAN_POINT('',(-21.524738,-100.67,0.));
#3914 = CIRCLE('',#3915,0.45);
#3915 = AXIS2_PLACEMENT_3D('',#3916,#3917,#3918);
#3916 = CARTESIAN_POINT('',(-21.524738,-100.22,0.));
#3917 = DIRECTION('',(-0.,0.,-1.));
#3918 = DIRECTION('',(-0.,-1.,0.));
#3919 = FACE_BOUND('',#3920,.F.);
#3920 = EDGE_LOOP('',(#3921));
#3921 = ORIENTED_EDGE('',*,*,#3922,.T.);
#3922 = EDGE_CURVE('',#3923,#3923,#3925,.T.);
#3923 = VERTEX_POINT('',#3924);
#3924 = CARTESIAN_POINT('',(-23.68,-98.514739,0.));
#3925 = CIRCLE('',#3926,0.45);
#3926 = AXIS2_PLACEMENT_3D('',#3927,#3928,#3929);
#3927 = CARTESIAN_POINT('',(-23.68,-98.064739,0.));
#3928 = DIRECTION('',(-0.,0.,-1.));
#3929 = DIRECTION('',(-0.,-1.,0.));
#3930 = FACE_BOUND('',#3931,.F.);
#3931 = EDGE_LOOP('',(#3932));
#3932 = ORIENTED_EDGE('',*,*,#3933,.T.);
#3933 = EDGE_CURVE('',#3934,#3934,#3936,.T.);
#3934 = VERTEX_POINT('',#3935);
#3935 = CARTESIAN_POINT('',(6.228,-122.984,0.));
#3936 = CIRCLE('',#3937,0.45);
#3937 = AXIS2_PLACEMENT_3D('',#3938,#3939,#3940);
#3938 = CARTESIAN_POINT('',(6.228,-122.534,0.));
#3939 = DIRECTION('',(-0.,0.,-1.));
#3940 = DIRECTION('',(-0.,-1.,0.));
#3941 = FACE_BOUND('',#3942,.F.);
#3942 = EDGE_LOOP('',(#3943));
#3943 = ORIENTED_EDGE('',*,*,#3944,.T.);
#3944 = EDGE_CURVE('',#3945,#3945,#3947,.T.);
#3945 = VERTEX_POINT('',#3946);
#3946 = CARTESIAN_POINT('',(9.276,-122.984,0.));
#3947 = CIRCLE('',#3948,0.45);
#3948 = AXIS2_PLACEMENT_3D('',#3949,#3950,#3951);
#3949 = CARTESIAN_POINT('',(9.276,-122.534,0.));
#3950 = DIRECTION('',(-0.,0.,-1.));
#3951 = DIRECTION('',(-0.,-1.,0.));
#3952 = FACE_BOUND('',#3953,.F.);
#3953 = EDGE_LOOP('',(#3954));
#3954 = ORIENTED_EDGE('',*,*,#3955,.T.);
#3955 = EDGE_CURVE('',#3956,#3956,#3958,.T.);
#3956 = VERTEX_POINT('',#3957);
#3957 = CARTESIAN_POINT('',(4.45,-121.46,0.));
#3958 = CIRCLE('',#3959,0.45);
#3959 = AXIS2_PLACEMENT_3D('',#3960,#3961,#3962);
#3960 = CARTESIAN_POINT('',(4.45,-121.01,0.));
#3961 = DIRECTION('',(-0.,0.,-1.));
#3962 = DIRECTION('',(-0.,-1.,0.));
#3963 = FACE_BOUND('',#3964,.F.);
#3964 = EDGE_LOOP('',(#3965));
#3965 = ORIENTED_EDGE('',*,*,#3966,.T.);
#3966 = EDGE_CURVE('',#3967,#3967,#3969,.T.);
#3967 = VERTEX_POINT('',#3968);
#3968 = CARTESIAN_POINT('',(7.752001,-121.46,0.));
#3969 = CIRCLE('',#3970,0.45);
#3970 = AXIS2_PLACEMENT_3D('',#3971,#3972,#3973);
#3971 = CARTESIAN_POINT('',(7.752001,-121.01,0.));
#3972 = DIRECTION('',(-0.,0.,-1.));
#3973 = DIRECTION('',(-0.,-1.,0.));
#3974 = FACE_BOUND('',#3975,.F.);
#3975 = EDGE_LOOP('',(#3976));
#3976 = ORIENTED_EDGE('',*,*,#3977,.T.);
#3977 = EDGE_CURVE('',#3978,#3978,#3980,.T.);
#3978 = VERTEX_POINT('',#3979);
#3979 = CARTESIAN_POINT('',(35.532,-140.384,0.));
#3980 = CIRCLE('',#3981,0.45);
#3981 = AXIS2_PLACEMENT_3D('',#3982,#3983,#3984);
#3982 = CARTESIAN_POINT('',(35.532,-139.934,0.));
#3983 = DIRECTION('',(-0.,0.,-1.));
#3984 = DIRECTION('',(-0.,-1.,0.));
#3985 = FACE_BOUND('',#3986,.F.);
#3986 = EDGE_LOOP('',(#3987));
#3987 = ORIENTED_EDGE('',*,*,#3988,.T.);
#3988 = EDGE_CURVE('',#3989,#3989,#3991,.T.);
#3989 = VERTEX_POINT('',#3990);
#3990 = CARTESIAN_POINT('',(37.31,-138.86,0.));
#3991 = CIRCLE('',#3992,0.45);
#3992 = AXIS2_PLACEMENT_3D('',#3993,#3994,#3995);
#3993 = CARTESIAN_POINT('',(37.31,-138.41,0.));
#3994 = DIRECTION('',(-0.,0.,-1.));
#3995 = DIRECTION('',(-0.,-1.,0.));
#3996 = FACE_BOUND('',#3997,.F.);
#3997 = EDGE_LOOP('',(#3998));
#3998 = ORIENTED_EDGE('',*,*,#3999,.T.);
#3999 = EDGE_CURVE('',#4000,#4000,#4002,.T.);
#4000 = VERTEX_POINT('',#4001);
#4001 = CARTESIAN_POINT('',(38.834,-140.384,0.));
#4002 = CIRCLE('',#4003,0.45);
#4003 = AXIS2_PLACEMENT_3D('',#4004,#4005,#4006);
#4004 = CARTESIAN_POINT('',(38.834,-139.934,0.));
#4005 = DIRECTION('',(-0.,0.,-1.));
#4006 = DIRECTION('',(-0.,-1.,0.));
#4007 = FACE_BOUND('',#4008,.F.);
#4008 = EDGE_LOOP('',(#4009));
#4009 = ORIENTED_EDGE('',*,*,#4010,.T.);
#4010 = EDGE_CURVE('',#4011,#4011,#4013,.T.);
#4011 = VERTEX_POINT('',#4012);
#4012 = CARTESIAN_POINT('',(40.358,-138.86,0.));
#4013 = CIRCLE('',#4014,0.45);
#4014 = AXIS2_PLACEMENT_3D('',#4015,#4016,#4017);
#4015 = CARTESIAN_POINT('',(40.358,-138.41,0.));
#4016 = DIRECTION('',(-0.,0.,-1.));
#4017 = DIRECTION('',(-1.578983857245E-14,-1.,0.));
#4018 = FACE_BOUND('',#4019,.F.);
#4019 = EDGE_LOOP('',(#4020));
#4020 = ORIENTED_EDGE('',*,*,#4021,.T.);
#4021 = EDGE_CURVE('',#4022,#4022,#4024,.T.);
#4022 = VERTEX_POINT('',#4023);
#4023 = CARTESIAN_POINT('',(35.526,-133.344,0.));
#4024 = CIRCLE('',#4025,0.45);
#4025 = AXIS2_PLACEMENT_3D('',#4026,#4027,#4028);
#4026 = CARTESIAN_POINT('',(35.526,-132.894,0.));
#4027 = DIRECTION('',(-0.,0.,-1.));
#4028 = DIRECTION('',(1.578983857245E-14,-1.,-0.));
#4029 = FACE_BOUND('',#4030,.F.);
#4030 = EDGE_LOOP('',(#4031));
#4031 = ORIENTED_EDGE('',*,*,#4032,.T.);
#4032 = EDGE_CURVE('',#4033,#4033,#4035,.T.);
#4033 = VERTEX_POINT('',#4034);
#4034 = CARTESIAN_POINT('',(37.05,-131.82,0.));
#4035 = CIRCLE('',#4036,0.45);
#4036 = AXIS2_PLACEMENT_3D('',#4037,#4038,#4039);
#4037 = CARTESIAN_POINT('',(37.05,-131.37,0.));
#4038 = DIRECTION('',(-0.,0.,-1.));
#4039 = DIRECTION('',(-0.,-1.,0.));
#4040 = FACE_BOUND('',#4041,.F.);
#4041 = EDGE_LOOP('',(#4042));
#4042 = ORIENTED_EDGE('',*,*,#4043,.T.);
#4043 = EDGE_CURVE('',#4044,#4044,#4046,.T.);
#4044 = VERTEX_POINT('',#4045);
#4045 = CARTESIAN_POINT('',(38.574,-133.344,0.));
#4046 = CIRCLE('',#4047,0.45);
#4047 = AXIS2_PLACEMENT_3D('',#4048,#4049,#4050);
#4048 = CARTESIAN_POINT('',(38.574,-132.894,0.));
#4049 = DIRECTION('',(-0.,0.,-1.));
#4050 = DIRECTION('',(-0.,-1.,0.));
#4051 = FACE_BOUND('',#4052,.F.);
#4052 = EDGE_LOOP('',(#4053));
#4053 = ORIENTED_EDGE('',*,*,#4054,.T.);
#4054 = EDGE_CURVE('',#4055,#4055,#4057,.T.);
#4055 = VERTEX_POINT('',#4056);
#4056 = CARTESIAN_POINT('',(40.352,-131.82,0.));
#4057 = CIRCLE('',#4058,0.45);
#4058 = AXIS2_PLACEMENT_3D('',#4059,#4060,#4061);
#4059 = CARTESIAN_POINT('',(40.352,-131.37,0.));
#4060 = DIRECTION('',(-0.,0.,-1.));
#4061 = DIRECTION('',(-1.578983857245E-14,-1.,0.));
#4062 = FACE_BOUND('',#4063,.F.);
#4063 = EDGE_LOOP('',(#4064));
#4064 = ORIENTED_EDGE('',*,*,#4065,.T.);
#4065 = EDGE_CURVE('',#4066,#4066,#4068,.T.);
#4066 = VERTEX_POINT('',#4067);
#4067 = CARTESIAN_POINT('',(35.494,-123.374,0.));
#4068 = CIRCLE('',#4069,0.45);
#4069 = AXIS2_PLACEMENT_3D('',#4070,#4071,#4072);
#4070 = CARTESIAN_POINT('',(35.494,-122.924,0.));
#4071 = DIRECTION('',(-0.,0.,-1.));
#4072 = DIRECTION('',(-0.,-1.,0.));
#4073 = FACE_BOUND('',#4074,.F.);
#4074 = EDGE_LOOP('',(#4075));
#4075 = ORIENTED_EDGE('',*,*,#4076,.T.);
#4076 = EDGE_CURVE('',#4077,#4077,#4079,.T.);
#4077 = VERTEX_POINT('',#4078);
#4078 = CARTESIAN_POINT('',(37.272,-121.85,0.));
#4079 = CIRCLE('',#4080,0.45);
#4080 = AXIS2_PLACEMENT_3D('',#4081,#4082,#4083);
#4081 = CARTESIAN_POINT('',(37.272,-121.4,0.));
#4082 = DIRECTION('',(-0.,0.,-1.));
#4083 = DIRECTION('',(-1.578983857245E-14,-1.,0.));
#4084 = FACE_BOUND('',#4085,.F.);
#4085 = EDGE_LOOP('',(#4086));
#4086 = ORIENTED_EDGE('',*,*,#4087,.T.);
#4087 = EDGE_CURVE('',#4088,#4088,#4090,.T.);
#4088 = VERTEX_POINT('',#4089);
#4089 = CARTESIAN_POINT('',(38.796,-123.374,0.));
#4090 = CIRCLE('',#4091,0.45);
#4091 = AXIS2_PLACEMENT_3D('',#4092,#4093,#4094);
#4092 = CARTESIAN_POINT('',(38.796,-122.924,0.));
#4093 = DIRECTION('',(-0.,0.,-1.));
#4094 = DIRECTION('',(-0.,-1.,0.));
#4095 = FACE_BOUND('',#4096,.F.);
#4096 = EDGE_LOOP('',(#4097));
#4097 = ORIENTED_EDGE('',*,*,#4098,.T.);
#4098 = EDGE_CURVE('',#4099,#4099,#4101,.T.);
#4099 = VERTEX_POINT('',#4100);
#4100 = CARTESIAN_POINT('',(40.32,-121.85,0.));
#4101 = CIRCLE('',#4102,0.45);
#4102 = AXIS2_PLACEMENT_3D('',#4103,#4104,#4105);
#4103 = CARTESIAN_POINT('',(40.32,-121.4,0.));
#4104 = DIRECTION('',(-0.,0.,-1.));
#4105 = DIRECTION('',(-0.,-1.,0.));
#4106 = FACE_BOUND('',#4107,.F.);
#4107 = EDGE_LOOP('',(#4108));
#4108 = ORIENTED_EDGE('',*,*,#4109,.T.);
#4109 = EDGE_CURVE('',#4110,#4110,#4112,.T.);
#4110 = VERTEX_POINT('',#4111);
#4111 = CARTESIAN_POINT('',(35.516,-111.324,0.));
#4112 = CIRCLE('',#4113,0.45);
#4113 = AXIS2_PLACEMENT_3D('',#4114,#4115,#4116);
#4114 = CARTESIAN_POINT('',(35.516,-110.874,0.));
#4115 = DIRECTION('',(-0.,0.,-1.));
#4116 = DIRECTION('',(-1.578983857245E-14,-1.,0.));
#4117 = FACE_BOUND('',#4118,.F.);
#4118 = EDGE_LOOP('',(#4119));
#4119 = ORIENTED_EDGE('',*,*,#4120,.T.);
#4120 = EDGE_CURVE('',#4121,#4121,#4123,.T.);
#4121 = VERTEX_POINT('',#4122);
#4122 = CARTESIAN_POINT('',(37.04,-109.8,0.));
#4123 = CIRCLE('',#4124,0.45);
#4124 = AXIS2_PLACEMENT_3D('',#4125,#4126,#4127);
#4125 = CARTESIAN_POINT('',(37.04,-109.35,0.));
#4126 = DIRECTION('',(-0.,0.,-1.));
#4127 = DIRECTION('',(-1.578983857245E-14,-1.,0.));
#4128 = FACE_BOUND('',#4129,.F.);
#4129 = EDGE_LOOP('',(#4130));
#4130 = ORIENTED_EDGE('',*,*,#4131,.T.);
#4131 = EDGE_CURVE('',#4132,#4132,#4134,.T.);
#4132 = VERTEX_POINT('',#4133);
#4133 = CARTESIAN_POINT('',(38.564,-111.324,0.));
#4134 = CIRCLE('',#4135,0.45);
#4135 = AXIS2_PLACEMENT_3D('',#4136,#4137,#4138);
#4136 = CARTESIAN_POINT('',(38.564,-110.874,0.));
#4137 = DIRECTION('',(-0.,0.,-1.));
#4138 = DIRECTION('',(-0.,-1.,0.));
#4139 = FACE_BOUND('',#4140,.F.);
#4140 = EDGE_LOOP('',(#4141));
#4141 = ORIENTED_EDGE('',*,*,#4142,.T.);
#4142 = EDGE_CURVE('',#4143,#4143,#4145,.T.);
#4143 = VERTEX_POINT('',#4144);
#4144 = CARTESIAN_POINT('',(40.342,-109.8,0.));
#4145 = CIRCLE('',#4146,0.45);
#4146 = AXIS2_PLACEMENT_3D('',#4147,#4148,#4149);
#4147 = CARTESIAN_POINT('',(40.342,-109.35,0.));
#4148 = DIRECTION('',(-0.,0.,-1.));
#4149 = DIRECTION('',(-0.,-1.,0.));
#4150 = FACE_BOUND('',#4151,.F.);
#4151 = EDGE_LOOP('',(#4152));
#4152 = ORIENTED_EDGE('',*,*,#4153,.T.);
#4153 = EDGE_CURVE('',#4154,#4154,#4156,.T.);
#4154 = VERTEX_POINT('',#4155);
#4155 = CARTESIAN_POINT('',(-46.365133,-74.264867,0.));
#4156 = CIRCLE('',#4157,0.45);
#4157 = AXIS2_PLACEMENT_3D('',#4158,#4159,#4160);
#4158 = CARTESIAN_POINT('',(-46.365133,-73.814867,0.));
#4159 = DIRECTION('',(-0.,0.,-1.));
#4160 = DIRECTION('',(-0.,-1.,0.));
#4161 = FACE_BOUND('',#4162,.F.);
#4162 = EDGE_LOOP('',(#4163));
#4163 = ORIENTED_EDGE('',*,*,#4164,.T.);
#4164 = EDGE_CURVE('',#4165,#4165,#4167,.T.);
#4165 = VERTEX_POINT('',#4166);
#4166 = CARTESIAN_POINT('',(-48.7,-71.93,0.));
#4167 = CIRCLE('',#4168,0.45);
#4168 = AXIS2_PLACEMENT_3D('',#4169,#4170,#4171);
#4169 = CARTESIAN_POINT('',(-48.7,-71.48,0.));
#4170 = DIRECTION('',(-0.,0.,-1.));
#4171 = DIRECTION('',(-0.,-1.,0.));
#4172 = FACE_BOUND('',#4173,.F.);
#4173 = EDGE_LOOP('',(#4174));
#4174 = ORIENTED_EDGE('',*,*,#4175,.T.);
#4175 = EDGE_CURVE('',#4176,#4176,#4178,.T.);
#4176 = VERTEX_POINT('',#4177);
#4177 = CARTESIAN_POINT('',(-46.544738,-71.93,0.));
#4178 = CIRCLE('',#4179,0.45);
#4179 = AXIS2_PLACEMENT_3D('',#4180,#4181,#4182);
#4180 = CARTESIAN_POINT('',(-46.544738,-71.48,0.));
#4181 = DIRECTION('',(-0.,0.,-1.));
#4182 = DIRECTION('',(-1.578983857245E-14,-1.,0.));
#4183 = FACE_BOUND('',#4184,.F.);
#4184 = EDGE_LOOP('',(#4185));
#4185 = ORIENTED_EDGE('',*,*,#4186,.T.);
#4186 = EDGE_CURVE('',#4187,#4187,#4189,.T.);
#4187 = VERTEX_POINT('',#4188);
#4188 = CARTESIAN_POINT('',(-48.7,-69.774739,0.));
#4189 = CIRCLE('',#4190,0.45);
#4190 = AXIS2_PLACEMENT_3D('',#4191,#4192,#4193);
#4191 = CARTESIAN_POINT('',(-48.7,-69.324739,0.));
#4192 = DIRECTION('',(-0.,0.,-1.));
#4193 = DIRECTION('',(-0.,-1.,0.));
#4194 = FACE_BOUND('',#4195,.F.);
#4195 = EDGE_LOOP('',(#4196));
#4196 = ORIENTED_EDGE('',*,*,#4197,.T.);
#4197 = EDGE_CURVE('',#4198,#4198,#4200,.T.);
#4198 = VERTEX_POINT('',#4199);
#4199 = CARTESIAN_POINT('',(-1.355854680849E-31,-71.6,0.));
#4200 = CIRCLE('',#4201,1.6);
#4201 = AXIS2_PLACEMENT_3D('',#4202,#4203,#4204);
#4202 = CARTESIAN_POINT('',(5.551115123126E-17,-70.,0.));
#4203 = DIRECTION('',(-0.,0.,-1.));
#4204 = DIRECTION('',(-3.469446951954E-17,-1.,0.));
#4205 = FACE_BOUND('',#4206,.F.);
#4206 = EDGE_LOOP('',(#4207));
#4207 = ORIENTED_EDGE('',*,*,#4208,.T.);
#4208 = EDGE_CURVE('',#4209,#4209,#4211,.T.);
#4209 = VERTEX_POINT('',#4210);
#4210 = CARTESIAN_POINT('',(6.02,-60.128,0.));
#4211 = CIRCLE('',#4212,0.45);
#4212 = AXIS2_PLACEMENT_3D('',#4213,#4214,#4215);
#4213 = CARTESIAN_POINT('',(6.02,-59.678,0.));
#4214 = DIRECTION('',(-0.,0.,-1.));
#4215 = DIRECTION('',(-0.,-1.,0.));
#4216 = FACE_BOUND('',#4217,.F.);
#4217 = EDGE_LOOP('',(#4218));
#4218 = ORIENTED_EDGE('',*,*,#4219,.T.);
#4219 = EDGE_CURVE('',#4220,#4220,#4222,.T.);
#4220 = VERTEX_POINT('',#4221);
#4221 = CARTESIAN_POINT('',(8.56,-60.128,0.));
#4222 = CIRCLE('',#4223,0.45);
#4223 = AXIS2_PLACEMENT_3D('',#4224,#4225,#4226);
#4224 = CARTESIAN_POINT('',(8.56,-59.678,0.));
#4225 = DIRECTION('',(-0.,0.,-1.));
#4226 = DIRECTION('',(3.947459643112E-15,-1.,-0.));
#4227 = FACE_BOUND('',#4228,.F.);
#4228 = EDGE_LOOP('',(#4229));
#4229 = ORIENTED_EDGE('',*,*,#4230,.T.);
#4230 = EDGE_CURVE('',#4231,#4231,#4233,.T.);
#4231 = VERTEX_POINT('',#4232);
#4232 = CARTESIAN_POINT('',(11.1,-60.128,0.));
#4233 = CIRCLE('',#4234,0.45);
#4234 = AXIS2_PLACEMENT_3D('',#4235,#4236,#4237);
#4235 = CARTESIAN_POINT('',(11.1,-59.678,0.));
#4236 = DIRECTION('',(-0.,0.,-1.));
#4237 = DIRECTION('',(-3.947459643112E-15,-1.,0.));
#4238 = FACE_BOUND('',#4239,.F.);
#4239 = EDGE_LOOP('',(#4240));
#4240 = ORIENTED_EDGE('',*,*,#4241,.T.);
#4241 = EDGE_CURVE('',#4242,#4242,#4244,.T.);
#4242 = VERTEX_POINT('',#4243);
#4243 = CARTESIAN_POINT('',(13.64,-60.128,0.));
#4244 = CIRCLE('',#4245,0.45);
#4245 = AXIS2_PLACEMENT_3D('',#4246,#4247,#4248);
#4246 = CARTESIAN_POINT('',(13.64,-59.678,0.));
#4247 = DIRECTION('',(-0.,0.,-1.));
#4248 = DIRECTION('',(-0.,-1.,0.));
#4249 = FACE_BOUND('',#4250,.F.);
#4250 = EDGE_LOOP('',(#4251));
#4251 = ORIENTED_EDGE('',*,*,#4252,.T.);
#4252 = EDGE_CURVE('',#4253,#4253,#4255,.T.);
#4253 = VERTEX_POINT('',#4254);
#4254 = CARTESIAN_POINT('',(16.18,-60.128,0.));
#4255 = CIRCLE('',#4256,0.45);
#4256 = AXIS2_PLACEMENT_3D('',#4257,#4258,#4259);
#4257 = CARTESIAN_POINT('',(16.18,-59.678,0.));
#4258 = DIRECTION('',(-0.,0.,-1.));
#4259 = DIRECTION('',(-0.,-1.,0.));
#4260 = FACE_BOUND('',#4261,.F.);
#4261 = EDGE_LOOP('',(#4262));
#4262 = ORIENTED_EDGE('',*,*,#4263,.T.);
#4263 = EDGE_CURVE('',#4264,#4264,#4266,.T.);
#4264 = VERTEX_POINT('',#4265);
#4265 = CARTESIAN_POINT('',(35.39,-74.51,0.));
#4266 = CIRCLE('',#4267,0.45);
#4267 = AXIS2_PLACEMENT_3D('',#4268,#4269,#4270);
#4268 = CARTESIAN_POINT('',(35.39,-74.06,0.));
#4269 = DIRECTION('',(-0.,0.,-1.));
#4270 = DIRECTION('',(-0.,-1.,0.));
#4271 = FACE_BOUND('',#4272,.F.);
#4272 = EDGE_LOOP('',(#4273));
#4273 = ORIENTED_EDGE('',*,*,#4274,.T.);
#4274 = EDGE_CURVE('',#4275,#4275,#4277,.T.);
#4275 = VERTEX_POINT('',#4276);
#4276 = CARTESIAN_POINT('',(37.168,-72.986,0.));
#4277 = CIRCLE('',#4278,0.45);
#4278 = AXIS2_PLACEMENT_3D('',#4279,#4280,#4281);
#4279 = CARTESIAN_POINT('',(37.168,-72.536,0.));
#4280 = DIRECTION('',(-0.,0.,-1.));
#4281 = DIRECTION('',(-1.578983857245E-14,-1.,0.));
#4282 = FACE_BOUND('',#4283,.F.);
#4283 = EDGE_LOOP('',(#4284));
#4284 = ORIENTED_EDGE('',*,*,#4285,.T.);
#4285 = EDGE_CURVE('',#4286,#4286,#4288,.T.);
#4286 = VERTEX_POINT('',#4287);
#4287 = CARTESIAN_POINT('',(38.692,-74.51,0.));
#4288 = CIRCLE('',#4289,0.45);
#4289 = AXIS2_PLACEMENT_3D('',#4290,#4291,#4292);
#4290 = CARTESIAN_POINT('',(38.692,-74.06,0.));
#4291 = DIRECTION('',(-0.,0.,-1.));
#4292 = DIRECTION('',(-0.,-1.,0.));
#4293 = FACE_BOUND('',#4294,.F.);
#4294 = EDGE_LOOP('',(#4295));
#4295 = ORIENTED_EDGE('',*,*,#4296,.T.);
#4296 = EDGE_CURVE('',#4297,#4297,#4299,.T.);
#4297 = VERTEX_POINT('',#4298);
#4298 = CARTESIAN_POINT('',(40.216,-72.986,0.));
#4299 = CIRCLE('',#4300,0.45);
#4300 = AXIS2_PLACEMENT_3D('',#4301,#4302,#4303);
#4301 = CARTESIAN_POINT('',(40.216,-72.536,0.));
#4302 = DIRECTION('',(-0.,0.,-1.));
#4303 = DIRECTION('',(1.578983857245E-14,-1.,-0.));
#4304 = FACE_BOUND('',#4305,.F.);
#4305 = EDGE_LOOP('',(#4306));
#4306 = ORIENTED_EDGE('',*,*,#4307,.T.);
#4307 = EDGE_CURVE('',#4308,#4308,#4310,.T.);
#4308 = VERTEX_POINT('',#4309);
#4309 = CARTESIAN_POINT('',(18.72,-60.128,0.));
#4310 = CIRCLE('',#4311,0.45);
#4311 = AXIS2_PLACEMENT_3D('',#4312,#4313,#4314);
#4312 = CARTESIAN_POINT('',(18.72,-59.678,0.));
#4313 = DIRECTION('',(-0.,0.,-1.));
#4314 = DIRECTION('',(-0.,-1.,0.));
#4315 = FACE_BOUND('',#4316,.F.);
#4316 = EDGE_LOOP('',(#4317));
#4317 = ORIENTED_EDGE('',*,*,#4318,.T.);
#4318 = EDGE_CURVE('',#4319,#4319,#4321,.T.);
#4319 = VERTEX_POINT('',#4320);
#4320 = CARTESIAN_POINT('',(21.26,-60.128,0.));
#4321 = CIRCLE('',#4322,0.45);
#4322 = AXIS2_PLACEMENT_3D('',#4323,#4324,#4325);
#4323 = CARTESIAN_POINT('',(21.26,-59.678,0.));
#4324 = DIRECTION('',(-0.,0.,-1.));
#4325 = DIRECTION('',(7.894919286223E-15,-1.,-0.));
#4326 = FACE_BOUND('',#4327,.F.);
#4327 = EDGE_LOOP('',(#4328));
#4328 = ORIENTED_EDGE('',*,*,#4329,.T.);
#4329 = EDGE_CURVE('',#4330,#4330,#4332,.T.);
#4330 = VERTEX_POINT('',#4331);
#4331 = CARTESIAN_POINT('',(23.8,-60.128,0.));
#4332 = CIRCLE('',#4333,0.45);
#4333 = AXIS2_PLACEMENT_3D('',#4334,#4335,#4336);
#4334 = CARTESIAN_POINT('',(23.8,-59.678,0.));
#4335 = DIRECTION('',(-0.,0.,-1.));
#4336 = DIRECTION('',(-0.,-1.,0.));
#4337 = FACE_BOUND('',#4338,.F.);
#4338 = EDGE_LOOP('',(#4339));
#4339 = ORIENTED_EDGE('',*,*,#4340,.T.);
#4340 = EDGE_CURVE('',#4341,#4341,#4343,.T.);
#4341 = VERTEX_POINT('',#4342);
#4342 = CARTESIAN_POINT('',(49.51,-140.364,0.));
#4343 = CIRCLE('',#4344,0.45);
#4344 = AXIS2_PLACEMENT_3D('',#4345,#4346,#4347);
#4345 = CARTESIAN_POINT('',(49.51,-139.914,0.));
#4346 = DIRECTION('',(-0.,0.,-1.));
#4347 = DIRECTION('',(-1.578983857245E-14,-1.,0.));
#4348 = FACE_BOUND('',#4349,.F.);
#4349 = EDGE_LOOP('',(#4350));
#4350 = ORIENTED_EDGE('',*,*,#4351,.T.);
#4351 = EDGE_CURVE('',#4352,#4352,#4354,.T.);
#4352 = VERTEX_POINT('',#4353);
#4353 = CARTESIAN_POINT('',(51.288,-138.84,0.));
#4354 = CIRCLE('',#4355,0.45);
#4355 = AXIS2_PLACEMENT_3D('',#4356,#4357,#4358);
#4356 = CARTESIAN_POINT('',(51.288,-138.39,0.));
#4357 = DIRECTION('',(-0.,0.,-1.));
#4358 = DIRECTION('',(-0.,-1.,0.));
#4359 = FACE_BOUND('',#4360,.F.);
#4360 = EDGE_LOOP('',(#4361));
#4361 = ORIENTED_EDGE('',*,*,#4362,.T.);
#4362 = EDGE_CURVE('',#4363,#4363,#4365,.T.);
#4363 = VERTEX_POINT('',#4364);
#4364 = CARTESIAN_POINT('',(52.812,-140.364,0.));
#4365 = CIRCLE('',#4366,0.45);
#4366 = AXIS2_PLACEMENT_3D('',#4367,#4368,#4369);
#4367 = CARTESIAN_POINT('',(52.812,-139.914,0.));
#4368 = DIRECTION('',(-0.,0.,-1.));
#4369 = DIRECTION('',(-0.,-1.,0.));
#4370 = FACE_BOUND('',#4371,.F.);
#4371 = EDGE_LOOP('',(#4372));
#4372 = ORIENTED_EDGE('',*,*,#4373,.T.);
#4373 = EDGE_CURVE('',#4374,#4374,#4376,.T.);
#4374 = VERTEX_POINT('',#4375);
#4375 = CARTESIAN_POINT('',(54.336,-138.84,0.));
#4376 = CIRCLE('',#4377,0.45);
#4377 = AXIS2_PLACEMENT_3D('',#4378,#4379,#4380);
#4378 = CARTESIAN_POINT('',(54.336,-138.39,0.));
#4379 = DIRECTION('',(-0.,0.,-1.));
#4380 = DIRECTION('',(-0.,-1.,0.));
#4381 = FACE_BOUND('',#4382,.F.);
#4382 = EDGE_LOOP('',(#4383));
#4383 = ORIENTED_EDGE('',*,*,#4384,.T.);
#4384 = EDGE_CURVE('',#4385,#4385,#4387,.T.);
#4385 = VERTEX_POINT('',#4386);
#4386 = CARTESIAN_POINT('',(49.486,-133.354,0.));
#4387 = CIRCLE('',#4388,0.45);
#4388 = AXIS2_PLACEMENT_3D('',#4389,#4390,#4391);
#4389 = CARTESIAN_POINT('',(49.486,-132.904,0.));
#4390 = DIRECTION('',(-0.,0.,-1.));
#4391 = DIRECTION('',(-1.578983857245E-14,-1.,0.));
#4392 = FACE_BOUND('',#4393,.F.);
#4393 = EDGE_LOOP('',(#4394));
#4394 = ORIENTED_EDGE('',*,*,#4395,.T.);
#4395 = EDGE_CURVE('',#4396,#4396,#4398,.T.);
#4396 = VERTEX_POINT('',#4397);
#4397 = CARTESIAN_POINT('',(51.01,-131.83,0.));
#4398 = CIRCLE('',#4399,0.45);
#4399 = AXIS2_PLACEMENT_3D('',#4400,#4401,#4402);
#4400 = CARTESIAN_POINT('',(51.01,-131.38,0.));
#4401 = DIRECTION('',(-0.,0.,-1.));
#4402 = DIRECTION('',(-1.578983857245E-14,-1.,0.));
#4403 = FACE_BOUND('',#4404,.F.);
#4404 = EDGE_LOOP('',(#4405));
#4405 = ORIENTED_EDGE('',*,*,#4406,.T.);
#4406 = EDGE_CURVE('',#4407,#4407,#4409,.T.);
#4407 = VERTEX_POINT('',#4408);
#4408 = CARTESIAN_POINT('',(52.534,-133.354,0.));
#4409 = CIRCLE('',#4410,0.45);
#4410 = AXIS2_PLACEMENT_3D('',#4411,#4412,#4413);
#4411 = CARTESIAN_POINT('',(52.534,-132.904,0.));
#4412 = DIRECTION('',(-0.,0.,-1.));
#4413 = DIRECTION('',(-1.578983857245E-14,-1.,0.));
#4414 = FACE_BOUND('',#4415,.F.);
#4415 = EDGE_LOOP('',(#4416));
#4416 = ORIENTED_EDGE('',*,*,#4417,.T.);
#4417 = EDGE_CURVE('',#4418,#4418,#4420,.T.);
#4418 = VERTEX_POINT('',#4419);
#4419 = CARTESIAN_POINT('',(54.312,-131.83,0.));
#4420 = CIRCLE('',#4421,0.45);
#4421 = AXIS2_PLACEMENT_3D('',#4422,#4423,#4424);
#4422 = CARTESIAN_POINT('',(54.312,-131.38,0.));
#4423 = DIRECTION('',(-0.,0.,-1.));
#4424 = DIRECTION('',(-0.,-1.,0.));
#4425 = FACE_BOUND('',#4426,.F.);
#4426 = EDGE_LOOP('',(#4427));
#4427 = ORIENTED_EDGE('',*,*,#4428,.T.);
#4428 = EDGE_CURVE('',#4429,#4429,#4431,.T.);
#4429 = VERTEX_POINT('',#4430);
#4430 = CARTESIAN_POINT('',(49.532,-123.414,0.));
#4431 = CIRCLE('',#4432,0.45);
#4432 = AXIS2_PLACEMENT_3D('',#4433,#4434,#4435);
#4433 = CARTESIAN_POINT('',(49.532,-122.964,0.));
#4434 = DIRECTION('',(-0.,0.,-1.));
#4435 = DIRECTION('',(-0.,-1.,0.));
#4436 = FACE_BOUND('',#4437,.F.);
#4437 = EDGE_LOOP('',(#4438));
#4438 = ORIENTED_EDGE('',*,*,#4439,.T.);
#4439 = EDGE_CURVE('',#4440,#4440,#4442,.T.);
#4440 = VERTEX_POINT('',#4441);
#4441 = CARTESIAN_POINT('',(51.31,-121.89,0.));
#4442 = CIRCLE('',#4443,0.45);
#4443 = AXIS2_PLACEMENT_3D('',#4444,#4445,#4446);
#4444 = CARTESIAN_POINT('',(51.31,-121.44,0.));
#4445 = DIRECTION('',(-0.,0.,-1.));
#4446 = DIRECTION('',(-0.,-1.,0.));
#4447 = FACE_BOUND('',#4448,.F.);
#4448 = EDGE_LOOP('',(#4449));
#4449 = ORIENTED_EDGE('',*,*,#4450,.T.);
#4450 = EDGE_CURVE('',#4451,#4451,#4453,.T.);
#4451 = VERTEX_POINT('',#4452);
#4452 = CARTESIAN_POINT('',(52.834,-123.414,0.));
#4453 = CIRCLE('',#4454,0.45);
#4454 = AXIS2_PLACEMENT_3D('',#4455,#4456,#4457);
#4455 = CARTESIAN_POINT('',(52.834,-122.964,0.));
#4456 = DIRECTION('',(-0.,0.,-1.));
#4457 = DIRECTION('',(-0.,-1.,0.));
#4458 = FACE_BOUND('',#4459,.F.);
#4459 = EDGE_LOOP('',(#4460));
#4460 = ORIENTED_EDGE('',*,*,#4461,.T.);
#4461 = EDGE_CURVE('',#4462,#4462,#4464,.T.);
#4462 = VERTEX_POINT('',#4463);
#4463 = CARTESIAN_POINT('',(54.358,-121.89,0.));
#4464 = CIRCLE('',#4465,0.45);
#4465 = AXIS2_PLACEMENT_3D('',#4466,#4467,#4468);
#4466 = CARTESIAN_POINT('',(54.358,-121.44,0.));
#4467 = DIRECTION('',(-0.,0.,-1.));
#4468 = DIRECTION('',(-1.578983857245E-14,-1.,0.));
#4469 = FACE_BOUND('',#4470,.F.);
#4470 = EDGE_LOOP('',(#4471));
#4471 = ORIENTED_EDGE('',*,*,#4472,.T.);
#4472 = EDGE_CURVE('',#4473,#4473,#4475,.T.);
#4473 = VERTEX_POINT('',#4474);
#4474 = CARTESIAN_POINT('',(80.548472,-123.626726,0.));
#4475 = CIRCLE('',#4476,0.45);
#4476 = AXIS2_PLACEMENT_3D('',#4477,#4478,#4479);
#4477 = CARTESIAN_POINT('',(80.548472,-123.176726,0.));
#4478 = DIRECTION('',(-0.,0.,-1.));
#4479 = DIRECTION('',(-0.,-1.,0.));
#4480 = FACE_BOUND('',#4481,.F.);
#4481 = EDGE_LOOP('',(#4482));
#4482 = ORIENTED_EDGE('',*,*,#4483,.T.);
#4483 = EDGE_CURVE('',#4484,#4484,#4486,.T.);
#4484 = VERTEX_POINT('',#4485);
#4485 = CARTESIAN_POINT('',(82.883339,-123.447121,0.));
#4486 = CIRCLE('',#4487,0.45);
#4487 = AXIS2_PLACEMENT_3D('',#4488,#4489,#4490);
#4488 = CARTESIAN_POINT('',(82.883339,-122.997121,0.));
#4489 = DIRECTION('',(-0.,0.,-1.));
#4490 = DIRECTION('',(-0.,-1.,0.));
#4491 = FACE_BOUND('',#4492,.F.);
#4492 = EDGE_LOOP('',(#4493));
#4493 = ORIENTED_EDGE('',*,*,#4494,.T.);
#4494 = EDGE_CURVE('',#4495,#4495,#4497,.T.);
#4495 = VERTEX_POINT('',#4496);
#4496 = CARTESIAN_POINT('',(82.883339,-121.291859,0.));
#4497 = CIRCLE('',#4498,0.45);
#4498 = AXIS2_PLACEMENT_3D('',#4499,#4500,#4501);
#4499 = CARTESIAN_POINT('',(82.883339,-120.841859,0.));
#4500 = DIRECTION('',(-0.,0.,-1.));
#4501 = DIRECTION('',(-0.,-1.,0.));
#4502 = FACE_BOUND('',#4503,.F.);
#4503 = EDGE_LOOP('',(#4504));
#4504 = ORIENTED_EDGE('',*,*,#4505,.T.);
#4505 = EDGE_CURVE('',#4506,#4506,#4508,.T.);
#4506 = VERTEX_POINT('',#4507);
#4507 = CARTESIAN_POINT('',(85.0386,-121.291859,0.));
#4508 = CIRCLE('',#4509,0.45);
#4509 = AXIS2_PLACEMENT_3D('',#4510,#4511,#4512);
#4510 = CARTESIAN_POINT('',(85.0386,-120.841859,0.));
#4511 = DIRECTION('',(-0.,0.,-1.));
#4512 = DIRECTION('',(-0.,-1.,0.));
#4513 = FACE_BOUND('',#4514,.F.);
#4514 = EDGE_LOOP('',(#4515));
#4515 = ORIENTED_EDGE('',*,*,#4516,.T.);
#4516 = EDGE_CURVE('',#4517,#4517,#4519,.T.);
#4517 = VERTEX_POINT('',#4518);
#4518 = CARTESIAN_POINT('',(49.536,-111.364,0.));
#4519 = CIRCLE('',#4520,0.45);
#4520 = AXIS2_PLACEMENT_3D('',#4521,#4522,#4523);
#4521 = CARTESIAN_POINT('',(49.536,-110.914,0.));
#4522 = DIRECTION('',(-0.,0.,-1.));
#4523 = DIRECTION('',(-0.,-1.,0.));
#4524 = FACE_BOUND('',#4525,.F.);
#4525 = EDGE_LOOP('',(#4526));
#4526 = ORIENTED_EDGE('',*,*,#4527,.T.);
#4527 = EDGE_CURVE('',#4528,#4528,#4530,.T.);
#4528 = VERTEX_POINT('',#4529);
#4529 = CARTESIAN_POINT('',(51.06,-109.84,0.));
#4530 = CIRCLE('',#4531,0.45);
#4531 = AXIS2_PLACEMENT_3D('',#4532,#4533,#4534);
#4532 = CARTESIAN_POINT('',(51.06,-109.39,0.));
#4533 = DIRECTION('',(-0.,0.,-1.));
#4534 = DIRECTION('',(-0.,-1.,0.));
#4535 = FACE_BOUND('',#4536,.F.);
#4536 = EDGE_LOOP('',(#4537));
#4537 = ORIENTED_EDGE('',*,*,#4538,.T.);
#4538 = EDGE_CURVE('',#4539,#4539,#4541,.T.);
#4539 = VERTEX_POINT('',#4540);
#4540 = CARTESIAN_POINT('',(52.584,-111.364,0.));
#4541 = CIRCLE('',#4542,0.45);
#4542 = AXIS2_PLACEMENT_3D('',#4543,#4544,#4545);
#4543 = CARTESIAN_POINT('',(52.584,-110.914,0.));
#4544 = DIRECTION('',(-0.,0.,-1.));
#4545 = DIRECTION('',(-0.,-1.,0.));
#4546 = FACE_BOUND('',#4547,.F.);
#4547 = EDGE_LOOP('',(#4548));
#4548 = ORIENTED_EDGE('',*,*,#4549,.T.);
#4549 = EDGE_CURVE('',#4550,#4550,#4552,.T.);
#4550 = VERTEX_POINT('',#4551);
#4551 = CARTESIAN_POINT('',(54.362,-109.84,0.));
#4552 = CIRCLE('',#4553,0.45);
#4553 = AXIS2_PLACEMENT_3D('',#4554,#4555,#4556);
#4554 = CARTESIAN_POINT('',(54.362,-109.39,0.));
#4555 = DIRECTION('',(-0.,0.,-1.));
#4556 = DIRECTION('',(1.578983857245E-14,-1.,-0.));
#4557 = FACE_BOUND('',#4558,.F.);
#4558 = EDGE_LOOP('',(#4559));
#4559 = ORIENTED_EDGE('',*,*,#4560,.T.);
#4560 = EDGE_CURVE('',#4561,#4561,#4563,.T.);
#4561 = VERTEX_POINT('',#4562);
#4562 = CARTESIAN_POINT('',(109.745133,-102.274867,0.));
#4563 = CIRCLE('',#4564,0.45);
#4564 = AXIS2_PLACEMENT_3D('',#4565,#4566,#4567);
#4565 = CARTESIAN_POINT('',(109.745133,-101.824867,0.));
#4566 = DIRECTION('',(-0.,0.,-1.));
#4567 = DIRECTION('',(-3.157967714489E-14,-1.,0.));
#4568 = FACE_BOUND('',#4569,.F.);
#4569 = EDGE_LOOP('',(#4570));
#4570 = ORIENTED_EDGE('',*,*,#4571,.T.);
#4571 = EDGE_CURVE('',#4572,#4572,#4574,.T.);
#4572 = VERTEX_POINT('',#4573);
#4573 = CARTESIAN_POINT('',(112.08,-102.095262,0.));
#4574 = CIRCLE('',#4575,0.45);
#4575 = AXIS2_PLACEMENT_3D('',#4576,#4577,#4578);
#4576 = CARTESIAN_POINT('',(112.08,-101.645262,0.));
#4577 = DIRECTION('',(-0.,0.,-1.));
#4578 = DIRECTION('',(-0.,-1.,0.));
#4579 = FACE_BOUND('',#4580,.F.);
#4580 = EDGE_LOOP('',(#4581));
#4581 = ORIENTED_EDGE('',*,*,#4582,.T.);
#4582 = EDGE_CURVE('',#4583,#4583,#4585,.T.);
#4583 = VERTEX_POINT('',#4584);
#4584 = CARTESIAN_POINT('',(112.08,-99.94,0.));
#4585 = CIRCLE('',#4586,0.45);
#4586 = AXIS2_PLACEMENT_3D('',#4587,#4588,#4589);
#4587 = CARTESIAN_POINT('',(112.08,-99.49,0.));
#4588 = DIRECTION('',(-0.,0.,-1.));
#4589 = DIRECTION('',(-0.,-1.,0.));
#4590 = FACE_BOUND('',#4591,.F.);
#4591 = EDGE_LOOP('',(#4592));
#4592 = ORIENTED_EDGE('',*,*,#4593,.T.);
#4593 = EDGE_CURVE('',#4594,#4594,#4596,.T.);
#4594 = VERTEX_POINT('',#4595);
#4595 = CARTESIAN_POINT('',(114.235261,-99.94,0.));
#4596 = CIRCLE('',#4597,0.45);
#4597 = AXIS2_PLACEMENT_3D('',#4598,#4599,#4600);
#4598 = CARTESIAN_POINT('',(114.235261,-99.49,0.));
#4599 = DIRECTION('',(-0.,0.,-1.));
#4600 = DIRECTION('',(-3.157967714489E-14,-1.,0.));
#4601 = FACE_BOUND('',#4602,.F.);
#4602 = EDGE_LOOP('',(#4603));
#4603 = ORIENTED_EDGE('',*,*,#4604,.T.);
#4604 = EDGE_CURVE('',#4605,#4605,#4607,.T.);
#4605 = VERTEX_POINT('',#4606);
#4606 = CARTESIAN_POINT('',(49.44,-74.51,0.));
#4607 = CIRCLE('',#4608,0.45);
#4608 = AXIS2_PLACEMENT_3D('',#4609,#4610,#4611);
#4609 = CARTESIAN_POINT('',(49.44,-74.06,0.));
#4610 = DIRECTION('',(-0.,0.,-1.));
#4611 = DIRECTION('',(-0.,-1.,0.));
#4612 = FACE_BOUND('',#4613,.F.);
#4613 = EDGE_LOOP('',(#4614));
#4614 = ORIENTED_EDGE('',*,*,#4615,.T.);
#4615 = EDGE_CURVE('',#4616,#4616,#4618,.T.);
#4616 = VERTEX_POINT('',#4617);
#4617 = CARTESIAN_POINT('',(51.218,-72.986,0.));
#4618 = CIRCLE('',#4619,0.45);
#4619 = AXIS2_PLACEMENT_3D('',#4620,#4621,#4622);
#4620 = CARTESIAN_POINT('',(51.218,-72.536,0.));
#4621 = DIRECTION('',(-0.,0.,-1.));
#4622 = DIRECTION('',(-0.,-1.,0.));
#4623 = FACE_BOUND('',#4624,.F.);
#4624 = EDGE_LOOP('',(#4625));
#4625 = ORIENTED_EDGE('',*,*,#4626,.T.);
#4626 = EDGE_CURVE('',#4627,#4627,#4629,.T.);
#4627 = VERTEX_POINT('',#4628);
#4628 = CARTESIAN_POINT('',(52.742,-74.51,0.));
#4629 = CIRCLE('',#4630,0.45);
#4630 = AXIS2_PLACEMENT_3D('',#4631,#4632,#4633);
#4631 = CARTESIAN_POINT('',(52.742,-74.06,0.));
#4632 = DIRECTION('',(-0.,0.,-1.));
#4633 = DIRECTION('',(-1.578983857245E-14,-1.,0.));
#4634 = FACE_BOUND('',#4635,.F.);
#4635 = EDGE_LOOP('',(#4636));
#4636 = ORIENTED_EDGE('',*,*,#4637,.T.);
#4637 = EDGE_CURVE('',#4638,#4638,#4640,.T.);
#4638 = VERTEX_POINT('',#4639);
#4639 = CARTESIAN_POINT('',(54.266,-72.986,0.));
#4640 = CIRCLE('',#4641,0.45);
#4641 = AXIS2_PLACEMENT_3D('',#4642,#4643,#4644);
#4642 = CARTESIAN_POINT('',(54.266,-72.536,0.));
#4643 = DIRECTION('',(-0.,0.,-1.));
#4644 = DIRECTION('',(-1.578983857245E-14,-1.,0.));
#4645 = FACE_BOUND('',#4646,.F.);
#4646 = EDGE_LOOP('',(#4647));
#4647 = ORIENTED_EDGE('',*,*,#4648,.T.);
#4648 = EDGE_CURVE('',#4649,#4649,#4651,.T.);
#4649 = VERTEX_POINT('',#4650);
#4650 = CARTESIAN_POINT('',(66.885511,-69.563462,0.));
#4651 = CIRCLE('',#4652,0.6);
#4652 = AXIS2_PLACEMENT_3D('',#4653,#4654,#4655);
#4653 = CARTESIAN_POINT('',(66.885511,-68.963462,0.));
#4654 = DIRECTION('',(-0.,0.,-1.));
#4655 = DIRECTION('',(-2.368475785867E-14,-1.,0.));
#4656 = FACE_BOUND('',#4657,.F.);
#4657 = EDGE_LOOP('',(#4658));
#4658 = ORIENTED_EDGE('',*,*,#4659,.T.);
#4659 = EDGE_CURVE('',#4660,#4660,#4662,.T.);
#4660 = VERTEX_POINT('',#4661);
#4661 = CARTESIAN_POINT('',(69.425511,-69.563462,0.));
#4662 = CIRCLE('',#4663,0.6);
#4663 = AXIS2_PLACEMENT_3D('',#4664,#4665,#4666);
#4664 = CARTESIAN_POINT('',(69.425511,-68.963462,0.));
#4665 = DIRECTION('',(-0.,0.,-1.));
#4666 = DIRECTION('',(-0.,-1.,0.));
#4667 = FACE_BOUND('',#4668,.F.);
#4668 = EDGE_LOOP('',(#4669));
#4669 = ORIENTED_EDGE('',*,*,#4670,.T.);
#4670 = EDGE_CURVE('',#4671,#4671,#4673,.T.);
#4671 = VERTEX_POINT('',#4672);
#4672 = CARTESIAN_POINT('',(71.965511,-69.563462,0.));
#4673 = CIRCLE('',#4674,0.6);
#4674 = AXIS2_PLACEMENT_3D('',#4675,#4676,#4677);
#4675 = CARTESIAN_POINT('',(71.965511,-68.963462,0.));
#4676 = DIRECTION('',(-0.,0.,-1.));
#4677 = DIRECTION('',(2.368475785867E-14,-1.,-0.));
#4678 = FACE_BOUND('',#4679,.F.);
#4679 = EDGE_LOOP('',(#4680));
#4680 = ORIENTED_EDGE('',*,*,#4681,.F.);
#4681 = EDGE_CURVE('',#4682,#4682,#4684,.T.);
#4682 = VERTEX_POINT('',#4683);
#4683 = CARTESIAN_POINT('',(44.940452,-53.833194,0.));
#4684 = CIRCLE('',#4685,1.E-02);
#4685 = AXIS2_PLACEMENT_3D('',#4686,#4687,#4688);
#4686 = CARTESIAN_POINT('',(44.930452,-53.833194,0.));
#4687 = DIRECTION('',(0.,0.,1.));
#4688 = DIRECTION('',(1.,0.,-0.));
#4689 = FACE_BOUND('',#4690,.F.);
#4690 = EDGE_LOOP('',(#4691));
#4691 = ORIENTED_EDGE('',*,*,#4692,.T.);
#4692 = EDGE_CURVE('',#4693,#4693,#4695,.T.);
#4693 = VERTEX_POINT('',#4694);
#4694 = CARTESIAN_POINT('',(90.,-71.6,0.));
#4695 = CIRCLE('',#4696,1.6);
#4696 = AXIS2_PLACEMENT_3D('',#4697,#4698,#4699);
#4697 = CARTESIAN_POINT('',(90.,-70.,0.));
#4698 = DIRECTION('',(-0.,0.,-1.));
#4699 = DIRECTION('',(-0.,-1.,0.));
#4700 = FACE_BOUND('',#4701,.F.);
#4701 = EDGE_LOOP('',(#4702));
#4702 = ORIENTED_EDGE('',*,*,#4703,.T.);
#4703 = EDGE_CURVE('',#4704,#4704,#4706,.T.);
#4704 = VERTEX_POINT('',#4705);
#4705 = CARTESIAN_POINT('',(105.99,-65.87,0.));
#4706 = CIRCLE('',#4707,0.5);
#4707 = AXIS2_PLACEMENT_3D('',#4708,#4709,#4710);
#4708 = CARTESIAN_POINT('',(105.99,-65.37,0.));
#4709 = DIRECTION('',(-0.,0.,-1.));
#4710 = DIRECTION('',(-0.,-1.,0.));
#4711 = FACE_BOUND('',#4712,.F.);
#4712 = EDGE_LOOP('',(#4713));
#4713 = ORIENTED_EDGE('',*,*,#4714,.T.);
#4714 = EDGE_CURVE('',#4715,#4715,#4717,.T.);
#4715 = VERTEX_POINT('',#4716);
#4716 = CARTESIAN_POINT('',(105.99,-63.33,0.));
#4717 = CIRCLE('',#4718,0.5);
#4718 = AXIS2_PLACEMENT_3D('',#4719,#4720,#4721);
#4719 = CARTESIAN_POINT('',(105.99,-62.83,0.));
#4720 = DIRECTION('',(-0.,0.,-1.));
#4721 = DIRECTION('',(-0.,-1.,0.));
#4722 = FACE_BOUND('',#4723,.F.);
#4723 = EDGE_LOOP('',(#4724));
#4724 = ORIENTED_EDGE('',*,*,#4725,.T.);
#4725 = EDGE_CURVE('',#4726,#4726,#4728,.T.);
#4726 = VERTEX_POINT('',#4727);
#4727 = CARTESIAN_POINT('',(105.99,-60.79,0.));
#4728 = CIRCLE('',#4729,0.5);
#4729 = AXIS2_PLACEMENT_3D('',#4730,#4731,#4732);
#4730 = CARTESIAN_POINT('',(105.99,-60.29,0.));
#4731 = DIRECTION('',(-0.,0.,-1.));
#4732 = DIRECTION('',(-0.,-1.,0.));
#4733 = FACE_BOUND('',#4734,.F.);
#4734 = EDGE_LOOP('',(#4735));
#4735 = ORIENTED_EDGE('',*,*,#4736,.T.);
#4736 = EDGE_CURVE('',#4737,#4737,#4739,.T.);
#4737 = VERTEX_POINT('',#4738);
#4738 = CARTESIAN_POINT('',(135.375133,-72.924867,0.));
#4739 = CIRCLE('',#4740,0.45);
#4740 = AXIS2_PLACEMENT_3D('',#4741,#4742,#4743);
#4741 = CARTESIAN_POINT('',(135.375133,-72.474867,0.));
#4742 = DIRECTION('',(-0.,0.,-1.));
#4743 = DIRECTION('',(-0.,-1.,0.));
#4744 = FACE_BOUND('',#4745,.F.);
#4745 = EDGE_LOOP('',(#4746));
#4746 = ORIENTED_EDGE('',*,*,#4747,.T.);
#4747 = EDGE_CURVE('',#4748,#4748,#4750,.T.);
#4748 = VERTEX_POINT('',#4749);
#4749 = CARTESIAN_POINT('',(137.71,-72.745262,0.));
#4750 = CIRCLE('',#4751,0.45);
#4751 = AXIS2_PLACEMENT_3D('',#4752,#4753,#4754);
#4752 = CARTESIAN_POINT('',(137.71,-72.295262,0.));
#4753 = DIRECTION('',(-0.,0.,-1.));
#4754 = DIRECTION('',(6.315935428978E-14,-1.,-0.));
#4755 = FACE_BOUND('',#4756,.F.);
#4756 = EDGE_LOOP('',(#4757));
#4757 = ORIENTED_EDGE('',*,*,#4758,.T.);
#4758 = EDGE_CURVE('',#4759,#4759,#4761,.T.);
#4759 = VERTEX_POINT('',#4760);
#4760 = CARTESIAN_POINT('',(137.71,-70.59,0.));
#4761 = CIRCLE('',#4762,0.45);
#4762 = AXIS2_PLACEMENT_3D('',#4763,#4764,#4765);
#4763 = CARTESIAN_POINT('',(137.71,-70.14,0.));
#4764 = DIRECTION('',(-0.,0.,-1.));
#4765 = DIRECTION('',(6.315935428978E-14,-1.,-0.));
#4766 = FACE_BOUND('',#4767,.F.);
#4767 = EDGE_LOOP('',(#4768));
#4768 = ORIENTED_EDGE('',*,*,#4769,.T.);
#4769 = EDGE_CURVE('',#4770,#4770,#4772,.T.);
#4770 = VERTEX_POINT('',#4771);
#4771 = CARTESIAN_POINT('',(139.865261,-70.59,0.));
#4772 = CIRCLE('',#4773,0.45);
#4773 = AXIS2_PLACEMENT_3D('',#4774,#4775,#4776);
#4774 = CARTESIAN_POINT('',(139.865261,-70.14,0.));
#4775 = DIRECTION('',(-0.,0.,-1.));
#4776 = DIRECTION('',(6.315935428978E-14,-1.,-0.));
#4777 = FACE_BOUND('',#4778,.F.);
#4778 = EDGE_LOOP('',(#4779));
#4779 = ORIENTED_EDGE('',*,*,#4780,.T.);
#4780 = EDGE_CURVE('',#4781,#4781,#4783,.T.);
#4781 = VERTEX_POINT('',#4782);
#4782 = CARTESIAN_POINT('',(-61.925133,-44.494867,0.));
#4783 = CIRCLE('',#4784,0.45);
#4784 = AXIS2_PLACEMENT_3D('',#4785,#4786,#4787);
#4785 = CARTESIAN_POINT('',(-61.925133,-44.044867,0.));
#4786 = DIRECTION('',(-0.,0.,-1.));
#4787 = DIRECTION('',(-0.,-1.,0.));
#4788 = FACE_BOUND('',#4789,.F.);
#4789 = EDGE_LOOP('',(#4790));
#4790 = ORIENTED_EDGE('',*,*,#4791,.T.);
#4791 = EDGE_CURVE('',#4792,#4792,#4794,.T.);
#4792 = VERTEX_POINT('',#4793);
#4793 = CARTESIAN_POINT('',(-64.26,-42.16,0.));
#4794 = CIRCLE('',#4795,0.45);
#4795 = AXIS2_PLACEMENT_3D('',#4796,#4797,#4798);
#4796 = CARTESIAN_POINT('',(-64.26,-41.71,0.));
#4797 = DIRECTION('',(-0.,0.,-1.));
#4798 = DIRECTION('',(-3.157967714489E-14,-1.,0.));
#4799 = FACE_BOUND('',#4800,.F.);
#4800 = EDGE_LOOP('',(#4801));
#4801 = ORIENTED_EDGE('',*,*,#4802,.T.);
#4802 = EDGE_CURVE('',#4803,#4803,#4805,.T.);
#4803 = VERTEX_POINT('',#4804);
#4804 = CARTESIAN_POINT('',(-62.104738,-42.16,0.));
#4805 = CIRCLE('',#4806,0.45);
#4806 = AXIS2_PLACEMENT_3D('',#4807,#4808,#4809);
#4807 = CARTESIAN_POINT('',(-62.104738,-41.71,0.));
#4808 = DIRECTION('',(-0.,0.,-1.));
#4809 = DIRECTION('',(-0.,-1.,0.));
#4810 = FACE_BOUND('',#4811,.F.);
#4811 = EDGE_LOOP('',(#4812));
#4812 = ORIENTED_EDGE('',*,*,#4813,.T.);
#4813 = EDGE_CURVE('',#4814,#4814,#4816,.T.);
#4814 = VERTEX_POINT('',#4815);
#4815 = CARTESIAN_POINT('',(-64.26,-40.004739,0.));
#4816 = CIRCLE('',#4817,0.45);
#4817 = AXIS2_PLACEMENT_3D('',#4818,#4819,#4820);
#4818 = CARTESIAN_POINT('',(-64.26,-39.554739,0.));
#4819 = DIRECTION('',(-0.,0.,-1.));
#4820 = DIRECTION('',(-3.157967714489E-14,-1.,0.));
#4821 = FACE_BOUND('',#4822,.F.);
#4822 = EDGE_LOOP('',(#4823));
#4823 = ORIENTED_EDGE('',*,*,#4824,.T.);
#4824 = EDGE_CURVE('',#4825,#4825,#4827,.T.);
#4825 = VERTEX_POINT('',#4826);
#4826 = CARTESIAN_POINT('',(-13.385489,-41.639462,0.));
#4827 = CIRCLE('',#4828,0.45);
#4828 = AXIS2_PLACEMENT_3D('',#4829,#4830,#4831);
#4829 = CARTESIAN_POINT('',(-13.385489,-41.189462,0.));
#4830 = DIRECTION('',(-0.,0.,-1.));
#4831 = DIRECTION('',(-0.,-1.,0.));
#4832 = FACE_BOUND('',#4833,.F.);
#4833 = EDGE_LOOP('',(#4834));
#4834 = ORIENTED_EDGE('',*,*,#4835,.T.);
#4835 = EDGE_CURVE('',#4836,#4836,#4838,.T.);
#4836 = VERTEX_POINT('',#4837);
#4837 = CARTESIAN_POINT('',(-14.909489,-40.115462,0.));
#4838 = CIRCLE('',#4839,0.45);
#4839 = AXIS2_PLACEMENT_3D('',#4840,#4841,#4842);
#4840 = CARTESIAN_POINT('',(-14.909489,-39.665462,0.));
#4841 = DIRECTION('',(-0.,0.,-1.));
#4842 = DIRECTION('',(-0.,-1.,0.));
#4843 = FACE_BOUND('',#4844,.F.);
#4844 = EDGE_LOOP('',(#4845));
#4845 = ORIENTED_EDGE('',*,*,#4846,.T.);
#4846 = EDGE_CURVE('',#4847,#4847,#4849,.T.);
#4847 = VERTEX_POINT('',#4848);
#4848 = CARTESIAN_POINT('',(-13.385489,-38.591462,0.));
#4849 = CIRCLE('',#4850,0.45);
#4850 = AXIS2_PLACEMENT_3D('',#4851,#4852,#4853);
#4851 = CARTESIAN_POINT('',(-13.385489,-38.141462,0.));
#4852 = DIRECTION('',(-0.,0.,-1.));
#4853 = DIRECTION('',(-0.,-1.,0.));
#4854 = FACE_BOUND('',#4855,.F.);
#4855 = EDGE_LOOP('',(#4856));
#4856 = ORIENTED_EDGE('',*,*,#4857,.T.);
#4857 = EDGE_CURVE('',#4858,#4858,#4860,.T.);
#4858 = VERTEX_POINT('',#4859);
#4859 = CARTESIAN_POINT('',(-14.909489,-36.813462,0.));
#4860 = CIRCLE('',#4861,0.45);
#4861 = AXIS2_PLACEMENT_3D('',#4862,#4863,#4864);
#4862 = CARTESIAN_POINT('',(-14.909489,-36.363462,0.));
#4863 = DIRECTION('',(-0.,0.,-1.));
#4864 = DIRECTION('',(-0.,-1.,0.));
#4865 = FACE_BOUND('',#4866,.F.);
#4866 = EDGE_LOOP('',(#4867));
#4867 = ORIENTED_EDGE('',*,*,#4868,.T.);
#4868 = EDGE_CURVE('',#4869,#4869,#4871,.T.);
#4869 = VERTEX_POINT('',#4870);
#4870 = CARTESIAN_POINT('',(6.02,-44.888,0.));
#4871 = CIRCLE('',#4872,0.45);
#4872 = AXIS2_PLACEMENT_3D('',#4873,#4874,#4875);
#4873 = CARTESIAN_POINT('',(6.02,-44.438,0.));
#4874 = DIRECTION('',(-0.,0.,-1.));
#4875 = DIRECTION('',(-0.,-1.,0.));
#4876 = FACE_BOUND('',#4877,.F.);
#4877 = EDGE_LOOP('',(#4878));
#4878 = ORIENTED_EDGE('',*,*,#4879,.T.);
#4879 = EDGE_CURVE('',#4880,#4880,#4882,.T.);
#4880 = VERTEX_POINT('',#4881);
#4881 = CARTESIAN_POINT('',(8.56,-44.888,0.));
#4882 = CIRCLE('',#4883,0.45);
#4883 = AXIS2_PLACEMENT_3D('',#4884,#4885,#4886);
#4884 = CARTESIAN_POINT('',(8.56,-44.438,0.));
#4885 = DIRECTION('',(-0.,0.,-1.));
#4886 = DIRECTION('',(3.947459643112E-15,-1.,-0.));
#4887 = FACE_BOUND('',#4888,.F.);
#4888 = EDGE_LOOP('',(#4889));
#4889 = ORIENTED_EDGE('',*,*,#4890,.T.);
#4890 = EDGE_CURVE('',#4891,#4891,#4893,.T.);
#4891 = VERTEX_POINT('',#4892);
#4892 = CARTESIAN_POINT('',(11.1,-44.888,0.));
#4893 = CIRCLE('',#4894,0.45);
#4894 = AXIS2_PLACEMENT_3D('',#4895,#4896,#4897);
#4895 = CARTESIAN_POINT('',(11.1,-44.438,0.));
#4896 = DIRECTION('',(-0.,0.,-1.));
#4897 = DIRECTION('',(-3.947459643112E-15,-1.,0.));
#4898 = FACE_BOUND('',#4899,.F.);
#4899 = EDGE_LOOP('',(#4900));
#4900 = ORIENTED_EDGE('',*,*,#4901,.T.);
#4901 = EDGE_CURVE('',#4902,#4902,#4904,.T.);
#4902 = VERTEX_POINT('',#4903);
#4903 = CARTESIAN_POINT('',(13.64,-44.888,0.));
#4904 = CIRCLE('',#4905,0.45);
#4905 = AXIS2_PLACEMENT_3D('',#4906,#4907,#4908);
#4906 = CARTESIAN_POINT('',(13.64,-44.438,0.));
#4907 = DIRECTION('',(-0.,0.,-1.));
#4908 = DIRECTION('',(-0.,-1.,0.));
#4909 = FACE_BOUND('',#4910,.F.);
#4910 = EDGE_LOOP('',(#4911));
#4911 = ORIENTED_EDGE('',*,*,#4912,.T.);
#4912 = EDGE_CURVE('',#4913,#4913,#4915,.T.);
#4913 = VERTEX_POINT('',#4914);
#4914 = CARTESIAN_POINT('',(16.18,-44.888,0.));
#4915 = CIRCLE('',#4916,0.45);
#4916 = AXIS2_PLACEMENT_3D('',#4917,#4918,#4919);
#4917 = CARTESIAN_POINT('',(16.18,-44.438,0.));
#4918 = DIRECTION('',(-0.,0.,-1.));
#4919 = DIRECTION('',(-0.,-1.,0.));
#4920 = FACE_BOUND('',#4921,.F.);
#4921 = EDGE_LOOP('',(#4922,#4932,#4940,#4948));
#4922 = ORIENTED_EDGE('',*,*,#4923,.F.);
#4923 = EDGE_CURVE('',#4924,#4926,#4928,.T.);
#4924 = VERTEX_POINT('',#4925);
#4925 = CARTESIAN_POINT('',(15.867,-57.108,0.));
#4926 = VERTEX_POINT('',#4927);
#4927 = CARTESIAN_POINT('',(35.867,-57.108,0.));
#4928 = LINE('',#4929,#4930);
#4929 = CARTESIAN_POINT('',(15.867,-57.108,0.));
#4930 = VECTOR('',#4931,1.);
#4931 = DIRECTION('',(1.,0.,0.));
#4932 = ORIENTED_EDGE('',*,*,#4933,.F.);
#4933 = EDGE_CURVE('',#4934,#4924,#4936,.T.);
#4934 = VERTEX_POINT('',#4935);
#4935 = CARTESIAN_POINT('',(15.867,-47.108,0.));
#4936 = LINE('',#4937,#4938);
#4937 = CARTESIAN_POINT('',(15.867,-47.108,0.));
#4938 = VECTOR('',#4939,1.);
#4939 = DIRECTION('',(0.,-1.,0.));
#4940 = ORIENTED_EDGE('',*,*,#4941,.F.);
#4941 = EDGE_CURVE('',#4942,#4934,#4944,.T.);
#4942 = VERTEX_POINT('',#4943);
#4943 = CARTESIAN_POINT('',(35.867,-47.108,0.));
#4944 = LINE('',#4945,#4946);
#4945 = CARTESIAN_POINT('',(35.867,-47.108,0.));
#4946 = VECTOR('',#4947,1.);
#4947 = DIRECTION('',(-1.,0.,0.));
#4948 = ORIENTED_EDGE('',*,*,#4949,.F.);
#4949 = EDGE_CURVE('',#4926,#4942,#4950,.T.);
#4950 = LINE('',#4951,#4952);
#4951 = CARTESIAN_POINT('',(35.867,-57.108,0.));
#4952 = VECTOR('',#4953,1.);
#4953 = DIRECTION('',(0.,1.,0.));
#4954 = FACE_BOUND('',#4955,.F.);
#4955 = EDGE_LOOP('',(#4956));
#4956 = ORIENTED_EDGE('',*,*,#4957,.T.);
#4957 = EDGE_CURVE('',#4958,#4958,#4960,.T.);
#4958 = VERTEX_POINT('',#4959);
#4959 = CARTESIAN_POINT('',(18.72,-44.888,0.));
#4960 = CIRCLE('',#4961,0.45);
#4961 = AXIS2_PLACEMENT_3D('',#4962,#4963,#4964);
#4962 = CARTESIAN_POINT('',(18.72,-44.438,0.));
#4963 = DIRECTION('',(-0.,0.,-1.));
#4964 = DIRECTION('',(-0.,-1.,0.));
#4965 = FACE_BOUND('',#4966,.F.);
#4966 = EDGE_LOOP('',(#4967));
#4967 = ORIENTED_EDGE('',*,*,#4968,.T.);
#4968 = EDGE_CURVE('',#4969,#4969,#4971,.T.);
#4969 = VERTEX_POINT('',#4970);
#4970 = CARTESIAN_POINT('',(21.26,-44.888,0.));
#4971 = CIRCLE('',#4972,0.45);
#4972 = AXIS2_PLACEMENT_3D('',#4973,#4974,#4975);
#4973 = CARTESIAN_POINT('',(21.26,-44.438,0.));
#4974 = DIRECTION('',(-0.,0.,-1.));
#4975 = DIRECTION('',(7.894919286223E-15,-1.,-0.));
#4976 = FACE_BOUND('',#4977,.F.);
#4977 = EDGE_LOOP('',(#4978));
#4978 = ORIENTED_EDGE('',*,*,#4979,.T.);
#4979 = EDGE_CURVE('',#4980,#4980,#4982,.T.);
#4980 = VERTEX_POINT('',#4981);
#4981 = CARTESIAN_POINT('',(23.8,-44.888,0.));
#4982 = CIRCLE('',#4983,0.45);
#4983 = AXIS2_PLACEMENT_3D('',#4984,#4985,#4986);
#4984 = CARTESIAN_POINT('',(23.8,-44.438,0.));
#4985 = DIRECTION('',(-0.,0.,-1.));
#4986 = DIRECTION('',(-0.,-1.,0.));
#4987 = FACE_BOUND('',#4988,.F.);
#4988 = EDGE_LOOP('',(#4989));
#4989 = ORIENTED_EDGE('',*,*,#4990,.T.);
#4990 = EDGE_CURVE('',#4991,#4991,#4993,.T.);
#4991 = VERTEX_POINT('',#4992);
#4992 = CARTESIAN_POINT('',(5.117,-19.103,0.));
#4993 = CIRCLE('',#4994,0.595);
#4994 = AXIS2_PLACEMENT_3D('',#4995,#4996,#4997);
#4995 = CARTESIAN_POINT('',(5.117,-18.508,0.));
#4996 = DIRECTION('',(-0.,0.,-1.));
#4997 = DIRECTION('',(-0.,-1.,0.));
#4998 = FACE_BOUND('',#4999,.F.);
#4999 = EDGE_LOOP('',(#5000));
#5000 = ORIENTED_EDGE('',*,*,#5001,.T.);
#5001 = EDGE_CURVE('',#5002,#5002,#5004,.T.);
#5002 = VERTEX_POINT('',#5003);
#5003 = CARTESIAN_POINT('',(7.657,-19.103,0.));
#5004 = CIRCLE('',#5005,0.595);
#5005 = AXIS2_PLACEMENT_3D('',#5006,#5007,#5008);
#5006 = CARTESIAN_POINT('',(7.657,-18.508,0.));
#5007 = DIRECTION('',(-0.,0.,-1.));
#5008 = DIRECTION('',(-0.,-1.,0.));
#5009 = FACE_BOUND('',#5010,.F.);
#5010 = EDGE_LOOP('',(#5011));
#5011 = ORIENTED_EDGE('',*,*,#5012,.T.);
#5012 = EDGE_CURVE('',#5013,#5013,#5015,.T.);
#5013 = VERTEX_POINT('',#5014);
#5014 = CARTESIAN_POINT('',(35.559511,-12.967462,0.));
#5015 = CIRCLE('',#5016,0.45);
#5016 = AXIS2_PLACEMENT_3D('',#5017,#5018,#5019);
#5017 = CARTESIAN_POINT('',(35.559511,-12.517462,0.));
#5018 = DIRECTION('',(-0.,0.,-1.));
#5019 = DIRECTION('',(-0.,-1.,0.));
#5020 = FACE_BOUND('',#5021,.F.);
#5021 = EDGE_LOOP('',(#5022));
#5022 = ORIENTED_EDGE('',*,*,#5023,.T.);
#5023 = EDGE_CURVE('',#5024,#5024,#5026,.T.);
#5024 = VERTEX_POINT('',#5025);
#5025 = CARTESIAN_POINT('',(37.083511,-11.443462,0.));
#5026 = CIRCLE('',#5027,0.45);
#5027 = AXIS2_PLACEMENT_3D('',#5028,#5029,#5030);
#5028 = CARTESIAN_POINT('',(37.083511,-10.993462,0.));
#5029 = DIRECTION('',(-0.,0.,-1.));
#5030 = DIRECTION('',(-0.,-1.,0.));
#5031 = FACE_BOUND('',#5032,.F.);
#5032 = EDGE_LOOP('',(#5033));
#5033 = ORIENTED_EDGE('',*,*,#5034,.T.);
#5034 = EDGE_CURVE('',#5035,#5035,#5037,.T.);
#5035 = VERTEX_POINT('',#5036);
#5036 = CARTESIAN_POINT('',(38.607511,-12.967462,0.));
#5037 = CIRCLE('',#5038,0.45);
#5038 = AXIS2_PLACEMENT_3D('',#5039,#5040,#5041);
#5039 = CARTESIAN_POINT('',(38.607511,-12.517462,0.));
#5040 = DIRECTION('',(-0.,0.,-1.));
#5041 = DIRECTION('',(-0.,-1.,0.));
#5042 = FACE_BOUND('',#5043,.F.);
#5043 = EDGE_LOOP('',(#5044));
#5044 = ORIENTED_EDGE('',*,*,#5045,.T.);
#5045 = EDGE_CURVE('',#5046,#5046,#5048,.T.);
#5046 = VERTEX_POINT('',#5047);
#5047 = CARTESIAN_POINT('',(40.385511,-11.443462,0.));
#5048 = CIRCLE('',#5049,0.45);
#5049 = AXIS2_PLACEMENT_3D('',#5050,#5051,#5052);
#5050 = CARTESIAN_POINT('',(40.385511,-10.993462,0.));
#5051 = DIRECTION('',(-0.,0.,-1.));
#5052 = DIRECTION('',(1.578983857245E-14,-1.,-0.));
#5053 = FACE_BOUND('',#5054,.F.);
#5054 = EDGE_LOOP('',(#5055));
#5055 = ORIENTED_EDGE('',*,*,#5056,.T.);
#5056 = EDGE_CURVE('',#5057,#5057,#5059,.T.);
#5057 = VERTEX_POINT('',#5058);
#5058 = CARTESIAN_POINT('',(-25.144,31.286,0.));
#5059 = CIRCLE('',#5060,0.45);
#5060 = AXIS2_PLACEMENT_3D('',#5061,#5062,#5063);
#5061 = CARTESIAN_POINT('',(-25.144,31.736,0.));
#5062 = DIRECTION('',(-0.,0.,-1.));
#5063 = DIRECTION('',(-0.,-1.,0.));
#5064 = FACE_BOUND('',#5065,.F.);
#5065 = EDGE_LOOP('',(#5066));
#5066 = ORIENTED_EDGE('',*,*,#5067,.T.);
#5067 = EDGE_CURVE('',#5068,#5068,#5070,.T.);
#5068 = VERTEX_POINT('',#5069);
#5069 = CARTESIAN_POINT('',(-26.668,32.81,0.));
#5070 = CIRCLE('',#5071,0.45);
#5071 = AXIS2_PLACEMENT_3D('',#5072,#5073,#5074);
#5072 = CARTESIAN_POINT('',(-26.668,33.26,0.));
#5073 = DIRECTION('',(-0.,0.,-1.));
#5074 = DIRECTION('',(-0.,-1.,0.));
#5075 = FACE_BOUND('',#5076,.F.);
#5076 = EDGE_LOOP('',(#5077));
#5077 = ORIENTED_EDGE('',*,*,#5078,.T.);
#5078 = EDGE_CURVE('',#5079,#5079,#5081,.T.);
#5079 = VERTEX_POINT('',#5080);
#5080 = CARTESIAN_POINT('',(-21.842,31.286,0.));
#5081 = CIRCLE('',#5082,0.45);
#5082 = AXIS2_PLACEMENT_3D('',#5083,#5084,#5085);
#5083 = CARTESIAN_POINT('',(-21.842,31.736,0.));
#5084 = DIRECTION('',(-0.,0.,-1.));
#5085 = DIRECTION('',(-0.,-1.,0.));
#5086 = FACE_BOUND('',#5087,.F.);
#5087 = EDGE_LOOP('',(#5088));
#5088 = ORIENTED_EDGE('',*,*,#5089,.T.);
#5089 = EDGE_CURVE('',#5090,#5090,#5092,.T.);
#5090 = VERTEX_POINT('',#5091);
#5091 = CARTESIAN_POINT('',(-23.62,32.81,0.));
#5092 = CIRCLE('',#5093,0.45);
#5093 = AXIS2_PLACEMENT_3D('',#5094,#5095,#5096);
#5094 = CARTESIAN_POINT('',(-23.62,33.26,0.));
#5095 = DIRECTION('',(-0.,0.,-1.));
#5096 = DIRECTION('',(-0.,-1.,0.));
#5097 = FACE_BOUND('',#5098,.F.);
#5098 = EDGE_LOOP('',(#5099));
#5099 = ORIENTED_EDGE('',*,*,#5100,.T.);
#5100 = EDGE_CURVE('',#5101,#5101,#5103,.T.);
#5101 = VERTEX_POINT('',#5102);
#5102 = CARTESIAN_POINT('',(0.115511,-1.663462,0.));
#5103 = CIRCLE('',#5104,1.6);
#5104 = AXIS2_PLACEMENT_3D('',#5105,#5106,#5107);
#5105 = CARTESIAN_POINT('',(0.115511,-6.3462E-02,0.));
#5106 = DIRECTION('',(-0.,0.,-1.));
#5107 = DIRECTION('',(5.20417042793E-17,-1.,-0.));
#5108 = FACE_BOUND('',#5109,.F.);
#5109 = EDGE_LOOP('',(#5110));
#5110 = ORIENTED_EDGE('',*,*,#5111,.T.);
#5111 = EDGE_CURVE('',#5112,#5112,#5114,.T.);
#5112 = VERTEX_POINT('',#5113);
#5113 = CARTESIAN_POINT('',(35.565511,-4.913462,0.));
#5114 = CIRCLE('',#5115,0.45);
#5115 = AXIS2_PLACEMENT_3D('',#5116,#5117,#5118);
#5116 = CARTESIAN_POINT('',(35.565511,-4.463462,0.));
#5117 = DIRECTION('',(-0.,0.,-1.));
#5118 = DIRECTION('',(-0.,-1.,0.));
#5119 = FACE_BOUND('',#5120,.F.);
#5120 = EDGE_LOOP('',(#5121));
#5121 = ORIENTED_EDGE('',*,*,#5122,.T.);
#5122 = EDGE_CURVE('',#5123,#5123,#5125,.T.);
#5123 = VERTEX_POINT('',#5124);
#5124 = CARTESIAN_POINT('',(38.867511,-4.913462,0.));
#5125 = CIRCLE('',#5126,0.45);
#5126 = AXIS2_PLACEMENT_3D('',#5127,#5128,#5129);
#5127 = CARTESIAN_POINT('',(38.867511,-4.463462,0.));
#5128 = DIRECTION('',(-0.,0.,-1.));
#5129 = DIRECTION('',(-0.,-1.,0.));
#5130 = FACE_BOUND('',#5131,.F.);
#5131 = EDGE_LOOP('',(#5132));
#5132 = ORIENTED_EDGE('',*,*,#5133,.T.);
#5133 = EDGE_CURVE('',#5134,#5134,#5136,.T.);
#5134 = VERTEX_POINT('',#5135);
#5135 = CARTESIAN_POINT('',(37.343511,-3.389462,0.));
#5136 = CIRCLE('',#5137,0.45);
#5137 = AXIS2_PLACEMENT_3D('',#5138,#5139,#5140);
#5138 = CARTESIAN_POINT('',(37.343511,-2.939462,0.));
#5139 = DIRECTION('',(-0.,0.,-1.));
#5140 = DIRECTION('',(-0.,-1.,0.));
#5141 = FACE_BOUND('',#5142,.F.);
#5142 = EDGE_LOOP('',(#5143));
#5143 = ORIENTED_EDGE('',*,*,#5144,.T.);
#5144 = EDGE_CURVE('',#5145,#5145,#5147,.T.);
#5145 = VERTEX_POINT('',#5146);
#5146 = CARTESIAN_POINT('',(40.391511,-3.389462,0.));
#5147 = CIRCLE('',#5148,0.45);
#5148 = AXIS2_PLACEMENT_3D('',#5149,#5150,#5151);
#5149 = CARTESIAN_POINT('',(40.391511,-2.939462,0.));
#5150 = DIRECTION('',(-0.,0.,-1.));
#5151 = DIRECTION('',(1.578983857245E-14,-1.,-0.));
#5152 = FACE_BOUND('',#5153,.F.);
#5153 = EDGE_LOOP('',(#5154));
#5154 = ORIENTED_EDGE('',*,*,#5155,.T.);
#5155 = EDGE_CURVE('',#5156,#5156,#5158,.T.);
#5156 = VERTEX_POINT('',#5157);
#5157 = CARTESIAN_POINT('',(35.582,3.62,0.));
#5158 = CIRCLE('',#5159,0.45);
#5159 = AXIS2_PLACEMENT_3D('',#5160,#5161,#5162);
#5160 = CARTESIAN_POINT('',(35.582,4.07,0.));
#5161 = DIRECTION('',(-0.,0.,-1.));
#5162 = DIRECTION('',(1.578983857245E-14,-1.,-0.));
#5163 = FACE_BOUND('',#5164,.F.);
#5164 = EDGE_LOOP('',(#5165));
#5165 = ORIENTED_EDGE('',*,*,#5166,.T.);
#5166 = EDGE_CURVE('',#5167,#5167,#5169,.T.);
#5167 = VERTEX_POINT('',#5168);
#5168 = CARTESIAN_POINT('',(37.105999,5.144,0.));
#5169 = CIRCLE('',#5170,0.45);
#5170 = AXIS2_PLACEMENT_3D('',#5171,#5172,#5173);
#5171 = CARTESIAN_POINT('',(37.105999,5.594,0.));
#5172 = DIRECTION('',(-0.,0.,-1.));
#5173 = DIRECTION('',(-0.,-1.,0.));
#5174 = FACE_BOUND('',#5175,.F.);
#5175 = EDGE_LOOP('',(#5176));
#5176 = ORIENTED_EDGE('',*,*,#5177,.T.);
#5177 = EDGE_CURVE('',#5178,#5178,#5180,.T.);
#5178 = VERTEX_POINT('',#5179);
#5179 = CARTESIAN_POINT('',(38.63,3.62,0.));
#5180 = CIRCLE('',#5181,0.45);
#5181 = AXIS2_PLACEMENT_3D('',#5182,#5183,#5184);
#5182 = CARTESIAN_POINT('',(38.63,4.07,0.));
#5183 = DIRECTION('',(-0.,0.,-1.));
#5184 = DIRECTION('',(1.578983857245E-14,-1.,-0.));
#5185 = FACE_BOUND('',#5186,.F.);
#5186 = EDGE_LOOP('',(#5187));
#5187 = ORIENTED_EDGE('',*,*,#5188,.T.);
#5188 = EDGE_CURVE('',#5189,#5189,#5191,.T.);
#5189 = VERTEX_POINT('',#5190);
#5190 = CARTESIAN_POINT('',(40.408,5.144,0.));
#5191 = CIRCLE('',#5192,0.45);
#5192 = AXIS2_PLACEMENT_3D('',#5193,#5194,#5195);
#5193 = CARTESIAN_POINT('',(40.408,5.594,0.));
#5194 = DIRECTION('',(-0.,0.,-1.));
#5195 = DIRECTION('',(-0.,-1.,0.));
#5196 = FACE_BOUND('',#5197,.F.);
#5197 = EDGE_LOOP('',(#5198));
#5198 = ORIENTED_EDGE('',*,*,#5199,.T.);
#5199 = EDGE_CURVE('',#5200,#5200,#5202,.T.);
#5200 = VERTEX_POINT('',#5201);
#5201 = CARTESIAN_POINT('',(49.649511,-13.027462,0.));
#5202 = CIRCLE('',#5203,0.45);
#5203 = AXIS2_PLACEMENT_3D('',#5204,#5205,#5206);
#5204 = CARTESIAN_POINT('',(49.649511,-12.577462,0.));
#5205 = DIRECTION('',(-0.,0.,-1.));
#5206 = DIRECTION('',(-1.578983857245E-14,-1.,0.));
#5207 = FACE_BOUND('',#5208,.F.);
#5208 = EDGE_LOOP('',(#5209));
#5209 = ORIENTED_EDGE('',*,*,#5210,.T.);
#5210 = EDGE_CURVE('',#5211,#5211,#5213,.T.);
#5211 = VERTEX_POINT('',#5212);
#5212 = CARTESIAN_POINT('',(51.173511,-11.503462,0.));
#5213 = CIRCLE('',#5214,0.45);
#5214 = AXIS2_PLACEMENT_3D('',#5215,#5216,#5217);
#5215 = CARTESIAN_POINT('',(51.173511,-11.053462,0.));
#5216 = DIRECTION('',(-0.,0.,-1.));
#5217 = DIRECTION('',(-1.578983857245E-14,-1.,0.));
#5218 = FACE_BOUND('',#5219,.F.);
#5219 = EDGE_LOOP('',(#5220));
#5220 = ORIENTED_EDGE('',*,*,#5221,.T.);
#5221 = EDGE_CURVE('',#5222,#5222,#5224,.T.);
#5222 = VERTEX_POINT('',#5223);
#5223 = CARTESIAN_POINT('',(52.697511,-13.027462,0.));
#5224 = CIRCLE('',#5225,0.45);
#5225 = AXIS2_PLACEMENT_3D('',#5226,#5227,#5228);
#5226 = CARTESIAN_POINT('',(52.697511,-12.577462,0.));
#5227 = DIRECTION('',(-0.,0.,-1.));
#5228 = DIRECTION('',(-1.578983857245E-14,-1.,0.));
#5229 = FACE_BOUND('',#5230,.F.);
#5230 = EDGE_LOOP('',(#5231));
#5231 = ORIENTED_EDGE('',*,*,#5232,.T.);
#5232 = EDGE_CURVE('',#5233,#5233,#5235,.T.);
#5233 = VERTEX_POINT('',#5234);
#5234 = CARTESIAN_POINT('',(54.475511,-11.503462,0.));
#5235 = CIRCLE('',#5236,0.45);
#5236 = AXIS2_PLACEMENT_3D('',#5237,#5238,#5239);
#5237 = CARTESIAN_POINT('',(54.475511,-11.053462,0.));
#5238 = DIRECTION('',(-0.,0.,-1.));
#5239 = DIRECTION('',(-0.,-1.,0.));
#5240 = FACE_BOUND('',#5241,.F.);
#5241 = EDGE_LOOP('',(#5242));
#5242 = ORIENTED_EDGE('',*,*,#5243,.T.);
#5243 = EDGE_CURVE('',#5244,#5244,#5246,.T.);
#5244 = VERTEX_POINT('',#5245);
#5245 = CARTESIAN_POINT('',(103.426,-39.964,0.));
#5246 = CIRCLE('',#5247,0.45);
#5247 = AXIS2_PLACEMENT_3D('',#5248,#5249,#5250);
#5248 = CARTESIAN_POINT('',(103.426,-39.514,0.));
#5249 = DIRECTION('',(-0.,0.,-1.));
#5250 = DIRECTION('',(-0.,-1.,0.));
#5251 = FACE_BOUND('',#5252,.F.);
#5252 = EDGE_LOOP('',(#5253));
#5253 = ORIENTED_EDGE('',*,*,#5254,.T.);
#5254 = EDGE_CURVE('',#5255,#5255,#5257,.T.);
#5255 = VERTEX_POINT('',#5256);
#5256 = CARTESIAN_POINT('',(104.95,-38.44,0.));
#5257 = CIRCLE('',#5258,0.45);
#5258 = AXIS2_PLACEMENT_3D('',#5259,#5260,#5261);
#5259 = CARTESIAN_POINT('',(104.95,-37.99,0.));
#5260 = DIRECTION('',(-0.,0.,-1.));
#5261 = DIRECTION('',(-0.,-1.,0.));
#5262 = FACE_BOUND('',#5263,.F.);
#5263 = EDGE_LOOP('',(#5264));
#5264 = ORIENTED_EDGE('',*,*,#5265,.T.);
#5265 = EDGE_CURVE('',#5266,#5266,#5268,.T.);
#5266 = VERTEX_POINT('',#5267);
#5267 = CARTESIAN_POINT('',(106.474,-39.964,0.));
#5268 = CIRCLE('',#5269,0.45);
#5269 = AXIS2_PLACEMENT_3D('',#5270,#5271,#5272);
#5270 = CARTESIAN_POINT('',(106.474,-39.514,0.));
#5271 = DIRECTION('',(-0.,0.,-1.));
#5272 = DIRECTION('',(-0.,-1.,0.));
#5273 = FACE_BOUND('',#5274,.F.);
#5274 = EDGE_LOOP('',(#5275));
#5275 = ORIENTED_EDGE('',*,*,#5276,.T.);
#5276 = EDGE_CURVE('',#5277,#5277,#5279,.T.);
#5277 = VERTEX_POINT('',#5278);
#5278 = CARTESIAN_POINT('',(108.252,-38.44,0.));
#5279 = CIRCLE('',#5280,0.45);
#5280 = AXIS2_PLACEMENT_3D('',#5281,#5282,#5283);
#5281 = CARTESIAN_POINT('',(108.252,-37.99,0.));
#5282 = DIRECTION('',(-0.,0.,-1.));
#5283 = DIRECTION('',(-3.157967714489E-14,-1.,0.));
#5284 = FACE_BOUND('',#5285,.F.);
#5285 = EDGE_LOOP('',(#5286));
#5286 = ORIENTED_EDGE('',*,*,#5287,.T.);
#5287 = EDGE_CURVE('',#5288,#5288,#5290,.T.);
#5288 = VERTEX_POINT('',#5289);
#5289 = CARTESIAN_POINT('',(152.12,-44.602001,0.));
#5290 = CIRCLE('',#5291,0.45);
#5291 = AXIS2_PLACEMENT_3D('',#5292,#5293,#5294);
#5292 = CARTESIAN_POINT('',(152.12,-44.152001,0.));
#5293 = DIRECTION('',(-0.,0.,-1.));
#5294 = DIRECTION('',(-0.,-1.,0.));
#5295 = FACE_BOUND('',#5296,.F.);
#5296 = EDGE_LOOP('',(#5297));
#5297 = ORIENTED_EDGE('',*,*,#5298,.T.);
#5298 = EDGE_CURVE('',#5299,#5299,#5301,.T.);
#5299 = VERTEX_POINT('',#5300);
#5300 = CARTESIAN_POINT('',(153.644,-42.824001,0.));
#5301 = CIRCLE('',#5302,0.45);
#5302 = AXIS2_PLACEMENT_3D('',#5303,#5304,#5305);
#5303 = CARTESIAN_POINT('',(153.644,-42.374001,0.));
#5304 = DIRECTION('',(-0.,0.,-1.));
#5305 = DIRECTION('',(-0.,-1.,0.));
#5306 = FACE_BOUND('',#5307,.F.);
#5307 = EDGE_LOOP('',(#5308));
#5308 = ORIENTED_EDGE('',*,*,#5309,.T.);
#5309 = EDGE_CURVE('',#5310,#5310,#5312,.T.);
#5310 = VERTEX_POINT('',#5311);
#5311 = CARTESIAN_POINT('',(152.12,-41.3,0.));
#5312 = CIRCLE('',#5313,0.45);
#5313 = AXIS2_PLACEMENT_3D('',#5314,#5315,#5316);
#5314 = CARTESIAN_POINT('',(152.12,-40.85,0.));
#5315 = DIRECTION('',(-0.,0.,-1.));
#5316 = DIRECTION('',(-0.,-1.,0.));
#5317 = FACE_BOUND('',#5318,.F.);
#5318 = EDGE_LOOP('',(#5319));
#5319 = ORIENTED_EDGE('',*,*,#5320,.T.);
#5320 = EDGE_CURVE('',#5321,#5321,#5323,.T.);
#5321 = VERTEX_POINT('',#5322);
#5322 = CARTESIAN_POINT('',(153.644,-39.776001,0.));
#5323 = CIRCLE('',#5324,0.45);
#5324 = AXIS2_PLACEMENT_3D('',#5325,#5326,#5327);
#5325 = CARTESIAN_POINT('',(153.644,-39.326001,0.));
#5326 = DIRECTION('',(-0.,0.,-1.));
#5327 = DIRECTION('',(-0.,-1.,0.));
#5328 = FACE_BOUND('',#5329,.F.);
#5329 = EDGE_LOOP('',(#5330));
#5330 = ORIENTED_EDGE('',*,*,#5331,.T.);
#5331 = EDGE_CURVE('',#5332,#5332,#5334,.T.);
#5332 = VERTEX_POINT('',#5333);
#5333 = CARTESIAN_POINT('',(49.649511,-4.927462,0.));
#5334 = CIRCLE('',#5335,0.45);
#5335 = AXIS2_PLACEMENT_3D('',#5336,#5337,#5338);
#5336 = CARTESIAN_POINT('',(49.649511,-4.477462,0.));
#5337 = DIRECTION('',(-0.,0.,-1.));
#5338 = DIRECTION('',(-1.578983857245E-14,-1.,0.));
#5339 = FACE_BOUND('',#5340,.F.);
#5340 = EDGE_LOOP('',(#5341));
#5341 = ORIENTED_EDGE('',*,*,#5342,.T.);
#5342 = EDGE_CURVE('',#5343,#5343,#5345,.T.);
#5343 = VERTEX_POINT('',#5344);
#5344 = CARTESIAN_POINT('',(52.951511,-4.927462,0.));
#5345 = CIRCLE('',#5346,0.45);
#5346 = AXIS2_PLACEMENT_3D('',#5347,#5348,#5349);
#5347 = CARTESIAN_POINT('',(52.951511,-4.477462,0.));
#5348 = DIRECTION('',(-0.,0.,-1.));
#5349 = DIRECTION('',(1.578983857245E-14,-1.,-0.));
#5350 = FACE_BOUND('',#5351,.F.);
#5351 = EDGE_LOOP('',(#5352));
#5352 = ORIENTED_EDGE('',*,*,#5353,.T.);
#5353 = EDGE_CURVE('',#5354,#5354,#5356,.T.);
#5354 = VERTEX_POINT('',#5355);
#5355 = CARTESIAN_POINT('',(51.427511,-3.403462,0.));
#5356 = CIRCLE('',#5357,0.45);
#5357 = AXIS2_PLACEMENT_3D('',#5358,#5359,#5360);
#5358 = CARTESIAN_POINT('',(51.427511,-2.953462,0.));
#5359 = DIRECTION('',(-0.,0.,-1.));
#5360 = DIRECTION('',(1.578983857245E-14,-1.,-0.));
#5361 = FACE_BOUND('',#5362,.F.);
#5362 = EDGE_LOOP('',(#5363));
#5363 = ORIENTED_EDGE('',*,*,#5364,.T.);
#5364 = EDGE_CURVE('',#5365,#5365,#5367,.T.);
#5365 = VERTEX_POINT('',#5366);
#5366 = CARTESIAN_POINT('',(54.475511,-3.403462,0.));
#5367 = CIRCLE('',#5368,0.45);
#5368 = AXIS2_PLACEMENT_3D('',#5369,#5370,#5371);
#5369 = CARTESIAN_POINT('',(54.475511,-2.953462,0.));
#5370 = DIRECTION('',(-0.,0.,-1.));
#5371 = DIRECTION('',(-0.,-1.,0.));
#5372 = FACE_BOUND('',#5373,.F.);
#5373 = EDGE_LOOP('',(#5374));
#5374 = ORIENTED_EDGE('',*,*,#5375,.T.);
#5375 = EDGE_CURVE('',#5376,#5376,#5378,.T.);
#5376 = VERTEX_POINT('',#5377);
#5377 = CARTESIAN_POINT('',(49.599511,3.372538,0.));
#5378 = CIRCLE('',#5379,0.45);
#5379 = AXIS2_PLACEMENT_3D('',#5380,#5381,#5382);
#5380 = CARTESIAN_POINT('',(49.599511,3.822538,0.));
#5381 = DIRECTION('',(-0.,0.,-1.));
#5382 = DIRECTION('',(-0.,-1.,0.));
#5383 = FACE_BOUND('',#5384,.F.);
#5384 = EDGE_LOOP('',(#5385));
#5385 = ORIENTED_EDGE('',*,*,#5386,.T.);
#5386 = EDGE_CURVE('',#5387,#5387,#5389,.T.);
#5387 = VERTEX_POINT('',#5388);
#5388 = CARTESIAN_POINT('',(51.123511,4.896538,0.));
#5389 = CIRCLE('',#5390,0.45);
#5390 = AXIS2_PLACEMENT_3D('',#5391,#5392,#5393);
#5391 = CARTESIAN_POINT('',(51.123511,5.346538,0.));
#5392 = DIRECTION('',(-0.,0.,-1.));
#5393 = DIRECTION('',(-0.,-1.,0.));
#5394 = FACE_BOUND('',#5395,.F.);
#5395 = EDGE_LOOP('',(#5396));
#5396 = ORIENTED_EDGE('',*,*,#5397,.T.);
#5397 = EDGE_CURVE('',#5398,#5398,#5400,.T.);
#5398 = VERTEX_POINT('',#5399);
#5399 = CARTESIAN_POINT('',(52.647511,3.372538,0.));
#5400 = CIRCLE('',#5401,0.45);
#5401 = AXIS2_PLACEMENT_3D('',#5402,#5403,#5404);
#5402 = CARTESIAN_POINT('',(52.647511,3.822538,0.));
#5403 = DIRECTION('',(-0.,0.,-1.));
#5404 = DIRECTION('',(1.578983857245E-14,-1.,-0.));
#5405 = FACE_BOUND('',#5406,.F.);
#5406 = EDGE_LOOP('',(#5407));
#5407 = ORIENTED_EDGE('',*,*,#5408,.T.);
#5408 = EDGE_CURVE('',#5409,#5409,#5411,.T.);
#5409 = VERTEX_POINT('',#5410);
#5410 = CARTESIAN_POINT('',(54.425511,4.896538,0.));
#5411 = CIRCLE('',#5412,0.45);
#5412 = AXIS2_PLACEMENT_3D('',#5413,#5414,#5415);
#5413 = CARTESIAN_POINT('',(54.425511,5.346538,0.));
#5414 = DIRECTION('',(-0.,0.,-1.));
#5415 = DIRECTION('',(-0.,-1.,0.));
#5416 = FACE_BOUND('',#5417,.F.);
#5417 = EDGE_LOOP('',(#5418));
#5418 = ORIENTED_EDGE('',*,*,#5419,.T.);
#5419 = EDGE_CURVE('',#5420,#5420,#5422,.T.);
#5420 = VERTEX_POINT('',#5421);
#5421 = CARTESIAN_POINT('',(90.,-1.6,0.));
#5422 = CIRCLE('',#5423,1.6);
#5423 = AXIS2_PLACEMENT_3D('',#5424,#5425,#5426);
#5424 = CARTESIAN_POINT('',(90.,-5.773159728051E-15,0.));
#5425 = DIRECTION('',(-0.,0.,-1.));
#5426 = DIRECTION('',(-0.,-1.,0.));
#5427 = FACE_BOUND('',#5428,.F.);
#5428 = EDGE_LOOP('',(#5429));
#5429 = ORIENTED_EDGE('',*,*,#5430,.T.);
#5430 = EDGE_CURVE('',#5431,#5431,#5433,.T.);
#5431 = VERTEX_POINT('',#5432);
#5432 = CARTESIAN_POINT('',(111.75,32.82,0.));
#5433 = CIRCLE('',#5434,0.45);
#5434 = AXIS2_PLACEMENT_3D('',#5435,#5436,#5437);
#5435 = CARTESIAN_POINT('',(111.75,33.27,0.));
#5436 = DIRECTION('',(-0.,0.,-1.));
#5437 = DIRECTION('',(-0.,-1.,0.));
#5438 = FACE_BOUND('',#5439,.F.);
#5439 = EDGE_LOOP('',(#5440));
#5440 = ORIENTED_EDGE('',*,*,#5441,.T.);
#5441 = EDGE_CURVE('',#5442,#5442,#5444,.T.);
#5442 = VERTEX_POINT('',#5443);
#5443 = CARTESIAN_POINT('',(113.274,31.296,0.));
#5444 = CIRCLE('',#5445,0.45);
#5445 = AXIS2_PLACEMENT_3D('',#5446,#5447,#5448);
#5446 = CARTESIAN_POINT('',(113.274,31.746,0.));
#5447 = DIRECTION('',(-0.,0.,-1.));
#5448 = DIRECTION('',(-0.,-1.,0.));
#5449 = FACE_BOUND('',#5450,.F.);
#5450 = EDGE_LOOP('',(#5451));
#5451 = ORIENTED_EDGE('',*,*,#5452,.T.);
#5452 = EDGE_CURVE('',#5453,#5453,#5455,.T.);
#5453 = VERTEX_POINT('',#5454);
#5454 = CARTESIAN_POINT('',(114.798,32.82,0.));
#5455 = CIRCLE('',#5456,0.45);
#5456 = AXIS2_PLACEMENT_3D('',#5457,#5458,#5459);
#5457 = CARTESIAN_POINT('',(114.798,33.27,0.));
#5458 = DIRECTION('',(-0.,0.,-1.));
#5459 = DIRECTION('',(-0.,-1.,0.));
#5460 = FACE_BOUND('',#5461,.F.);
#5461 = EDGE_LOOP('',(#5462));
#5462 = ORIENTED_EDGE('',*,*,#5463,.T.);
#5463 = EDGE_CURVE('',#5464,#5464,#5466,.T.);
#5464 = VERTEX_POINT('',#5465);
#5465 = CARTESIAN_POINT('',(116.576,31.296,0.));
#5466 = CIRCLE('',#5467,0.45);
#5467 = AXIS2_PLACEMENT_3D('',#5468,#5469,#5470);
#5468 = CARTESIAN_POINT('',(116.576,31.746,0.));
#5469 = DIRECTION('',(-0.,0.,-1.));
#5470 = DIRECTION('',(-0.,-1.,0.));
#5471 = PLANE('',#5472);
#5472 = AXIS2_PLACEMENT_3D('',#5473,#5474,#5475);
#5473 = CARTESIAN_POINT('',(0.,0.,0.));
#5474 = DIRECTION('',(0.,0.,1.));
#5475 = DIRECTION('',(1.,0.,-0.));
#5476 = ADVANCED_FACE('',(#5477,#9225,#9236,#9247,#9258,#9269,#9280,
    #9291,#9302,#9313,#9324,#9335,#9346,#9357,#9368,#9379,#9390,#9401,
    #9412,#9423,#9434,#9445,#9456,#9467,#9478,#9489,#9500,#9511,#9522,
    #9533,#9544,#9555,#9566,#9577,#9588,#9599,#9610,#9621,#9632,#9643,
    #9654,#9665,#9676,#9687,#9698,#9709,#9720,#9731,#9742,#9753,#9764,
    #9775,#9786,#9797,#9808,#9819,#9830,#9841,#9852,#9863,#9874,#9885,
    #9896,#9907,#9918,#9929,#9940,#9951,#9962,#9973,#9984,#9995,#10006,
    #10017,#10028,#10039,#10050,#10061,#10072,#10083,#10094,#10105,
    #10116,#10127,#10138,#10149,#10160,#10171,#10182,#10193,#10204,
    #10215,#10226,#10237,#10248,#10259,#10293,#10304,#10315,#10326,
    #10337,#10348,#10359,#10370,#10381,#10392,#10403,#10414,#10425,
    #10436,#10447,#10458,#10469,#10480,#10491,#10502,#10513,#10524,
    #10535,#10546,#10557,#10568,#10579,#10590,#10601,#10612,#10623,
    #10634,#10645,#10656,#10667,#10678,#10689,#10700,#10711,#10722,
    #10733,#10744,#10755,#10766,#10777,#10788,#10799),#10810,.T.);
#5477 = FACE_BOUND('',#5478,.T.);
#5478 = EDGE_LOOP('',(#5479,#5480,#5481,#5489,#5497,#5505,#5513,#5521,
    #5529,#5537,#5545,#5553,#5561,#5569,#5577,#5585,#5593,#5601,#5609,
    #5617,#5625,#5633,#5641,#5649,#5657,#5665,#5673,#5681,#5689,#5697,
    #5705,#5713,#5721,#5729,#5737,#5745,#5753,#5761,#5769,#5777,#5785,
    #5793,#5801,#5809,#5817,#5825,#5833,#5841,#5849,#5857,#5865,#5873,
    #5881,#5889,#5897,#5905,#5913,#5921,#5929,#5937,#5945,#5953,#5961,
    #5969,#5977,#5985,#5993,#6001,#6009,#6017,#6025,#6033,#6041,#6049,
    #6057,#6065,#6073,#6081,#6089,#6097,#6105,#6113,#6121,#6129,#6137,
    #6145,#6153,#6161,#6169,#6177,#6185,#6193,#6201,#6209,#6217,#6225,
    #6233,#6241,#6249,#6257,#6265,#6273,#6281,#6289,#6297,#6305,#6313,
    #6321,#6329,#6337,#6345,#6353,#6361,#6369,#6377,#6385,#6393,#6401,
    #6409,#6417,#6425,#6433,#6441,#6449,#6457,#6465,#6473,#6481,#6489,
    #6497,#6505,#6513,#6521,#6529,#6537,#6545,#6553,#6561,#6569,#6577,
    #6585,#6593,#6601,#6609,#6617,#6625,#6633,#6641,#6649,#6657,#6665,
    #6673,#6681,#6689,#6697,#6705,#6713,#6721,#6729,#6737,#6745,#6753,
    #6761,#6769,#6777,#6785,#6793,#6801,#6809,#6817,#6825,#6833,#6841,
    #6849,#6857,#6865,#6873,#6881,#6889,#6897,#6905,#6913,#6921,#6929,
    #6937,#6945,#6953,#6961,#6969,#6977,#6985,#6993,#7001,#7009,#7017,
    #7025,#7033,#7041,#7049,#7057,#7065,#7073,#7081,#7089,#7097,#7105,
    #7113,#7121,#7129,#7137,#7145,#7153,#7161,#7169,#7177,#7185,#7193,
    #7201,#7209,#7217,#7225,#7233,#7241,#7249,#7257,#7265,#7273,#7281,
    #7289,#7297,#7305,#7313,#7321,#7329,#7337,#7345,#7353,#7361,#7369,
    #7377,#7385,#7393,#7401,#7409,#7417,#7425,#7433,#7441,#7449,#7457,
    #7465,#7473,#7481,#7489,#7497,#7505,#7513,#7521,#7529,#7537,#7545,
    #7553,#7561,#7569,#7577,#7585,#7593,#7601,#7609,#7617,#7625,#7633,
    #7641,#7649,#7657,#7665,#7673,#7681,#7689,#7697,#7705,#7713,#7721,
    #7729,#7737,#7745,#7753,#7761,#7769,#7777,#7785,#7793,#7801,#7809,
    #7817,#7825,#7833,#7841,#7849,#7857,#7865,#7873,#7882,#7890,#7898,
    #7906,#7914,#7922,#7930,#7938,#7946,#7954,#7962,#7970,#7978,#7986,
    #7994,#8002,#8010,#8018,#8026,#8034,#8042,#8050,#8058,#8066,#8074,
    #8082,#8090,#8098,#8106,#8114,#8122,#8130,#8138,#8146,#8154,#8162,
    #8170,#8178,#8186,#8194,#8202,#8210,#8218,#8226,#8234,#8242,#8250,
    #8258,#8266,#8274,#8282,#8290,#8298,#8306,#8314,#8322,#8330,#8338,
    #8346,#8354,#8362,#8370,#8378,#8386,#8394,#8402,#8410,#8418,#8426,
    #8434,#8442,#8450,#8458,#8466,#8474,#8482,#8490,#8498,#8506,#8514,
    #8522,#8530,#8538,#8546,#8554,#8562,#8570,#8578,#8586,#8594,#8602,
    #8610,#8618,#8626,#8634,#8642,#8650,#8658,#8666,#8674,#8682,#8690,
    #8698,#8706,#8714,#8722,#8730,#8738,#8746,#8754,#8762,#8770,#8778,
    #8786,#8794,#8802,#8810,#8818,#8826,#8834,#8842,#8850,#8858,#8866,
    #8874,#8882,#8890,#8898,#8906,#8914,#8922,#8930,#8938,#8946,#8954,
    #8962,#8970,#8978,#8986,#8994,#9002,#9010,#9018,#9026,#9034,#9042,
    #9050,#9058,#9066,#9074,#9082,#9090,#9098,#9106,#9114,#9122,#9130,
    #9138,#9146,#9154,#9162,#9170,#9178,#9186,#9194,#9202,#9210,#9218,
    #9224));
#5479 = ORIENTED_EDGE('',*,*,#49,.F.);
#5480 = ORIENTED_EDGE('',*,*,#89,.F.);
#5481 = ORIENTED_EDGE('',*,*,#5482,.F.);
#5482 = EDGE_CURVE('',#5483,#82,#5485,.T.);
#5483 = VERTEX_POINT('',#5484);
#5484 = CARTESIAN_POINT('',(103.812479,37.328086,1.51));
#5485 = LINE('',#5486,#5487);
#5486 = CARTESIAN_POINT('',(103.812479,37.328086,1.51));
#5487 = VECTOR('',#5488,1.);
#5488 = DIRECTION('',(0.999988535621,4.788384642304E-03,0.));
#5489 = ORIENTED_EDGE('',*,*,#5490,.F.);
#5490 = EDGE_CURVE('',#5491,#5483,#5493,.T.);
#5491 = VERTEX_POINT('',#5492);
#5492 = CARTESIAN_POINT('',(103.023047,37.314141,1.51));
#5493 = LINE('',#5494,#5495);
#5494 = CARTESIAN_POINT('',(103.023047,37.314141,1.51));
#5495 = VECTOR('',#5496,1.);
#5496 = DIRECTION('',(0.999844017468,1.766184398858E-02,0.));
#5497 = ORIENTED_EDGE('',*,*,#5498,.F.);
#5498 = EDGE_CURVE('',#5499,#5491,#5501,.T.);
#5499 = VERTEX_POINT('',#5500);
#5500 = CARTESIAN_POINT('',(102.219872,37.289731,1.51));
#5501 = LINE('',#5502,#5503);
#5502 = CARTESIAN_POINT('',(102.219872,37.289731,1.51));
#5503 = VECTOR('',#5504,1.);
#5504 = DIRECTION('',(0.999538486437,3.037785595158E-02,0.));
#5505 = ORIENTED_EDGE('',*,*,#5506,.F.);
#5506 = EDGE_CURVE('',#5507,#5499,#5509,.T.);
#5507 = VERTEX_POINT('',#5508);
#5508 = CARTESIAN_POINT('',(101.413734,37.255077,1.51));
#5509 = LINE('',#5510,#5511);
#5510 = CARTESIAN_POINT('',(101.413734,37.255077,1.51));
#5511 = VECTOR('',#5512,1.);
#5512 = DIRECTION('',(0.999077308424,4.294801268035E-02,0.));
#5513 = ORIENTED_EDGE('',*,*,#5514,.F.);
#5514 = EDGE_CURVE('',#5515,#5507,#5517,.T.);
#5515 = VERTEX_POINT('',#5516);
#5516 = CARTESIAN_POINT('',(100.595233,37.209681,1.51));
#5517 = LINE('',#5518,#5519);
#5518 = CARTESIAN_POINT('',(100.595233,37.209681,1.51));
#5519 = VECTOR('',#5520,1.);
#5520 = DIRECTION('',(0.998465502381,5.5377256651E-02,0.));
#5521 = ORIENTED_EDGE('',*,*,#5522,.F.);
#5522 = EDGE_CURVE('',#5523,#5515,#5525,.T.);
#5523 = VERTEX_POINT('',#5524);
#5524 = CARTESIAN_POINT('',(99.774434,37.154007,1.51));
#5525 = LINE('',#5526,#5527);
#5526 = CARTESIAN_POINT('',(99.774434,37.154007,1.51));
#5527 = VECTOR('',#5528,1.);
#5528 = DIRECTION('',(0.997707518715,6.767353322428E-02,0.));
#5529 = ORIENTED_EDGE('',*,*,#5530,.F.);
#5530 = EDGE_CURVE('',#5531,#5523,#5533,.T.);
#5531 = VERTEX_POINT('',#5532);
#5532 = CARTESIAN_POINT('',(98.94285,37.0874,1.51));
#5533 = LINE('',#5534,#5535);
#5534 = CARTESIAN_POINT('',(98.94285,37.0874,1.51));
#5535 = VECTOR('',#5536,1.);
#5536 = DIRECTION('',(0.996807624469,7.984084042386E-02,0.));
#5537 = ORIENTED_EDGE('',*,*,#5538,.F.);
#5538 = EDGE_CURVE('',#5539,#5531,#5541,.T.);
#5539 = VERTEX_POINT('',#5540);
#5540 = CARTESIAN_POINT('',(98.109682,37.010515,1.51));
#5541 = LINE('',#5542,#5543);
#5542 = CARTESIAN_POINT('',(98.109682,37.010515,1.51));
#5543 = VECTOR('',#5544,1.);
#5544 = DIRECTION('',(0.995769174435,9.188988652519E-02,0.));
#5545 = ORIENTED_EDGE('',*,*,#5546,.F.);
#5546 = EDGE_CURVE('',#5547,#5539,#5549,.T.);
#5547 = VERTEX_POINT('',#5548);
#5548 = CARTESIAN_POINT('',(97.267492,36.9226,1.51));
#5549 = LINE('',#5550,#5551);
#5550 = CARTESIAN_POINT('',(97.267492,36.9226,1.51));
#5551 = VECTOR('',#5552,1.);
#5552 = DIRECTION('',(0.994595642889,0.103824405353,0.));
#5553 = ORIENTED_EDGE('',*,*,#5554,.F.);
#5554 = EDGE_CURVE('',#5555,#5547,#5557,.T.);
#5555 = VERTEX_POINT('',#5556);
#5556 = CARTESIAN_POINT('',(96.424473,36.824443,1.51));
#5557 = LINE('',#5558,#5559);
#5558 = CARTESIAN_POINT('',(96.424473,36.824443,1.51));
#5559 = VECTOR('',#5560,1.);
#5560 = DIRECTION('',(0.993289587852,0.115653770644,0.));
#5561 = ORIENTED_EDGE('',*,*,#5562,.F.);
#5562 = EDGE_CURVE('',#5563,#5555,#5565,.T.);
#5563 = VERTEX_POINT('',#5564);
#5564 = CARTESIAN_POINT('',(95.574368,36.715264,1.51));
#5565 = LINE('',#5566,#5567);
#5566 = CARTESIAN_POINT('',(95.574368,36.715264,1.51));
#5567 = VECTOR('',#5568,1.);
#5568 = DIRECTION('',(0.991853505769,0.127383763072,0.));
#5569 = ORIENTED_EDGE('',*,*,#5570,.F.);
#5570 = EDGE_CURVE('',#5571,#5563,#5573,.T.);
#5571 = VERTEX_POINT('',#5572);
#5572 = CARTESIAN_POINT('',(94.724225,36.595915,1.51));
#5573 = LINE('',#5574,#5575);
#5574 = CARTESIAN_POINT('',(94.724225,36.595915,1.51));
#5575 = VECTOR('',#5576,1.);
#5576 = DIRECTION('',(0.990289056948,0.139023680319,0.));
#5577 = ORIENTED_EDGE('',*,*,#5578,.F.);
#5578 = EDGE_CURVE('',#5579,#5571,#5581,.T.);
#5579 = VERTEX_POINT('',#5580);
#5580 = CARTESIAN_POINT('',(93.86908,36.465663,1.51));
#5581 = LINE('',#5582,#5583);
#5582 = CARTESIAN_POINT('',(93.86908,36.465663,1.51));
#5583 = VECTOR('',#5584,1.);
#5584 = DIRECTION('',(0.988597981944,0.150578982914,0.));
#5585 = ORIENTED_EDGE('',*,*,#5586,.F.);
#5586 = EDGE_CURVE('',#5587,#5579,#5589,.T.);
#5587 = VERTEX_POINT('',#5588);
#5588 = CARTESIAN_POINT('',(93.014717,36.325351,1.51));
#5589 = LINE('',#5590,#5591);
#5590 = CARTESIAN_POINT('',(93.014717,36.325351,1.51));
#5591 = VECTOR('',#5592,1.);
#5592 = DIRECTION('',(0.986781067941,0.162059013797,0.));
#5593 = ORIENTED_EDGE('',*,*,#5594,.F.);
#5594 = EDGE_CURVE('',#5595,#5587,#5597,.T.);
#5595 = VERTEX_POINT('',#5596);
#5596 = CARTESIAN_POINT('',(92.157557,36.174372,1.51));
#5597 = LINE('',#5598,#5599);
#5598 = CARTESIAN_POINT('',(92.157557,36.174372,1.51));
#5599 = VECTOR('',#5600,1.);
#5600 = DIRECTION('',(0.984839455792,0.173468286196,0.));
#5601 = ORIENTED_EDGE('',*,*,#5602,.F.);
#5602 = EDGE_CURVE('',#5603,#5595,#5605,.T.);
#5603 = VERTEX_POINT('',#5604);
#5604 = CARTESIAN_POINT('',(91.302019,36.01348,1.51));
#5605 = LINE('',#5606,#5607);
#5606 = CARTESIAN_POINT('',(91.302019,36.01348,1.51));
#5607 = VECTOR('',#5608,1.);
#5608 = DIRECTION('',(0.982772456021,0.184819640968,0.));
#5609 = ORIENTED_EDGE('',*,*,#5610,.F.);
#5610 = EDGE_CURVE('',#5611,#5603,#5613,.T.);
#5611 = VERTEX_POINT('',#5612);
#5612 = CARTESIAN_POINT('',(90.445972,35.842272,1.51));
#5613 = LINE('',#5614,#5615);
#5614 = CARTESIAN_POINT('',(90.445972,35.842272,1.51));
#5615 = VECTOR('',#5616,1.);
#5616 = DIRECTION('',(0.980580984087,0.196114593152,0.));
#5617 = ORIENTED_EDGE('',*,*,#5618,.F.);
#5618 = EDGE_CURVE('',#5619,#5611,#5621,.T.);
#5619 = VERTEX_POINT('',#5620);
#5620 = CARTESIAN_POINT('',(89.592398,35.661338,1.51));
#5621 = LINE('',#5622,#5623);
#5622 = CARTESIAN_POINT('',(89.592398,35.661338,1.51));
#5623 = VECTOR('',#5624,1.);
#5624 = DIRECTION('',(0.978263695697,0.207364755156,0.));
#5625 = ORIENTED_EDGE('',*,*,#5626,.F.);
#5626 = EDGE_CURVE('',#5627,#5619,#5629,.T.);
#5627 = VERTEX_POINT('',#5628);
#5628 = CARTESIAN_POINT('',(88.193698,35.343139,1.51));
#5629 = LINE('',#5630,#5631);
#5630 = CARTESIAN_POINT('',(88.193698,35.343139,1.51));
#5631 = VECTOR('',#5632,1.);
#5632 = DIRECTION('',(0.975085732498,0.221828344173,0.));
#5633 = ORIENTED_EDGE('',*,*,#5634,.F.);
#5634 = EDGE_CURVE('',#5635,#5627,#5637,.T.);
#5635 = VERTEX_POINT('',#5636);
#5636 = CARTESIAN_POINT('',(87.304414,35.127084,1.51));
#5637 = LINE('',#5638,#5639);
#5638 = CARTESIAN_POINT('',(87.304414,35.127084,1.51));
#5639 = VECTOR('',#5640,1.);
#5640 = DIRECTION('',(0.97173214171,0.236086096092,0.));
#5641 = ORIENTED_EDGE('',*,*,#5642,.F.);
#5642 = EDGE_CURVE('',#5643,#5635,#5645,.T.);
#5643 = VERTEX_POINT('',#5644);
#5644 = CARTESIAN_POINT('',(86.419819,34.901669,1.51));
#5645 = LINE('',#5646,#5647);
#5646 = CARTESIAN_POINT('',(86.419819,34.901669,1.51));
#5647 = VECTOR('',#5648,1.);
#5648 = DIRECTION('',(0.969032886445,0.246931701059,0.));
#5649 = ORIENTED_EDGE('',*,*,#5650,.F.);
#5650 = EDGE_CURVE('',#5651,#5643,#5653,.T.);
#5651 = VERTEX_POINT('',#5652);
#5652 = CARTESIAN_POINT('',(85.521034,34.661996,1.51));
#5653 = LINE('',#5654,#5655);
#5654 = CARTESIAN_POINT('',(85.521034,34.661996,1.51));
#5655 = VECTOR('',#5656,1.);
#5656 = DIRECTION('',(0.966235742536,0.257659639536,0.));
#5657 = ORIENTED_EDGE('',*,*,#5658,.F.);
#5658 = EDGE_CURVE('',#5659,#5651,#5661,.T.);
#5659 = VERTEX_POINT('',#5660);
#5660 = CARTESIAN_POINT('',(84.627642,34.413203,1.51));
#5661 = LINE('',#5662,#5663);
#5662 = CARTESIAN_POINT('',(84.627642,34.413203,1.51));
#5663 = VECTOR('',#5664,1.);
#5664 = DIRECTION('',(0.96334292101,0.268273026115,0.));
#5665 = ORIENTED_EDGE('',*,*,#5666,.F.);
#5666 = EDGE_CURVE('',#5667,#5659,#5669,.T.);
#5667 = VERTEX_POINT('',#5668);
#5668 = CARTESIAN_POINT('',(83.720327,34.149825,1.51));
#5669 = LINE('',#5670,#5671);
#5670 = CARTESIAN_POINT('',(83.720327,34.149825,1.51));
#5671 = VECTOR('',#5672,1.);
#5672 = DIRECTION('',(0.96035643791,0.278775020697,0.));
#5673 = ORIENTED_EDGE('',*,*,#5674,.F.);
#5674 = EDGE_CURVE('',#5675,#5667,#5677,.T.);
#5675 = VERTEX_POINT('',#5676);
#5676 = CARTESIAN_POINT('',(82.819176,33.877613,1.51));
#5677 = LINE('',#5678,#5679);
#5678 = CARTESIAN_POINT('',(82.819176,33.877613,1.51));
#5679 = VECTOR('',#5680,1.);
#5680 = DIRECTION('',(0.957278786932,0.289166602654,0.));
#5681 = ORIENTED_EDGE('',*,*,#5682,.F.);
#5682 = EDGE_CURVE('',#5683,#5675,#5685,.T.);
#5683 = VERTEX_POINT('',#5684);
#5684 = CARTESIAN_POINT('',(81.904507,33.590541,1.51));
#5685 = LINE('',#5686,#5687);
#5686 = CARTESIAN_POINT('',(81.904507,33.590541,1.51));
#5687 = VECTOR('',#5688,1.);
#5688 = DIRECTION('',(0.954111617392,0.299451200629,0.));
#5689 = ORIENTED_EDGE('',*,*,#5690,.F.);
#5690 = EDGE_CURVE('',#5691,#5683,#5693,.T.);
#5691 = VERTEX_POINT('',#5692);
#5692 = CARTESIAN_POINT('',(80.996848,33.294978,1.51));
#5693 = LINE('',#5694,#5695);
#5694 = CARTESIAN_POINT('',(80.996848,33.294978,1.51));
#5695 = VECTOR('',#5696,1.);
#5696 = DIRECTION('',(0.950857208832,0.30962972792,0.));
#5697 = ORIENTED_EDGE('',*,*,#5698,.F.);
#5698 = EDGE_CURVE('',#5699,#5691,#5701,.T.);
#5699 = VERTEX_POINT('',#5700);
#5700 = CARTESIAN_POINT('',(80.076235,32.984348,1.51));
#5701 = LINE('',#5702,#5703);
#5702 = CARTESIAN_POINT('',(80.076235,32.984348,1.51));
#5703 = VECTOR('',#5704,1.);
#5704 = DIRECTION('',(0.947516253081,0.319707601016,0.));
#5705 = ORIENTED_EDGE('',*,*,#5706,.F.);
#5706 = EDGE_CURVE('',#5707,#5699,#5709,.T.);
#5707 = VERTEX_POINT('',#5708);
#5708 = CARTESIAN_POINT('',(79.16356,32.665633,1.51));
#5709 = LINE('',#5710,#5711);
#5710 = CARTESIAN_POINT('',(79.16356,32.665633,1.51));
#5711 = VECTOR('',#5712,1.);
#5712 = DIRECTION('',(0.944090752016,0.329685686612,0.));
#5713 = ORIENTED_EDGE('',*,*,#5714,.F.);
#5714 = EDGE_CURVE('',#5715,#5707,#5717,.T.);
#5715 = VERTEX_POINT('',#5716);
#5716 = CARTESIAN_POINT('',(78.23869,32.331736,1.51));
#5717 = LINE('',#5718,#5719);
#5718 = CARTESIAN_POINT('',(78.23869,32.331736,1.51));
#5719 = VECTOR('',#5720,1.);
#5720 = DIRECTION('',(0.940581132493,0.339569040401,0.));
#5721 = ORIENTED_EDGE('',*,*,#5722,.F.);
#5722 = EDGE_CURVE('',#5723,#5715,#5725,.T.);
#5723 = VERTEX_POINT('',#5724);
#5724 = CARTESIAN_POINT('',(77.322771,31.99023,1.51));
#5725 = LINE('',#5726,#5727);
#5726 = CARTESIAN_POINT('',(77.322771,31.99023,1.51));
#5727 = VECTOR('',#5728,1.);
#5728 = DIRECTION('',(0.936987946871,0.349361685677,0.));
#5729 = ORIENTED_EDGE('',*,*,#5730,.F.);
#5730 = EDGE_CURVE('',#5731,#5723,#5733,.T.);
#5731 = VERTEX_POINT('',#5732);
#5732 = CARTESIAN_POINT('',(76.395647,31.633546,1.51));
#5733 = LINE('',#5734,#5735);
#5734 = CARTESIAN_POINT('',(76.395647,31.633546,1.51));
#5735 = VECTOR('',#5736,1.);
#5736 = DIRECTION('',(0.933312599922,0.359064883867,0.));
#5737 = ORIENTED_EDGE('',*,*,#5738,.F.);
#5738 = EDGE_CURVE('',#5739,#5731,#5741,.T.);
#5739 = VERTEX_POINT('',#5740);
#5740 = CARTESIAN_POINT('',(75.478577,31.269811,1.51));
#5741 = LINE('',#5742,#5743);
#5742 = CARTESIAN_POINT('',(75.478577,31.269811,1.51));
#5743 = VECTOR('',#5744,1.);
#5744 = DIRECTION('',(0.929553827713,0.368686426906,0.));
#5745 = ORIENTED_EDGE('',*,*,#5746,.F.);
#5746 = EDGE_CURVE('',#5747,#5739,#5749,.T.);
#5747 = VERTEX_POINT('',#5748);
#5748 = CARTESIAN_POINT('',(74.551563,30.89105,1.51));
#5749 = LINE('',#5750,#5751);
#5750 = CARTESIAN_POINT('',(74.551563,30.89105,1.51));
#5751 = VECTOR('',#5752,1.);
#5752 = DIRECTION('',(0.925712044675,0.378229044818,0.));
#5753 = ORIENTED_EDGE('',*,*,#5754,.F.);
#5754 = EDGE_CURVE('',#5755,#5747,#5757,.T.);
#5755 = VERTEX_POINT('',#5756);
#5756 = CARTESIAN_POINT('',(73.635805,30.505889,1.51));
#5757 = LINE('',#5758,#5759);
#5758 = CARTESIAN_POINT('',(73.635805,30.505889,1.51));
#5759 = VECTOR('',#5760,1.);
#5760 = DIRECTION('',(0.921786979124,0.387696743754,0.));
#5761 = ORIENTED_EDGE('',*,*,#5762,.F.);
#5762 = EDGE_CURVE('',#5763,#5755,#5765,.T.);
#5763 = VERTEX_POINT('',#5764);
#5764 = CARTESIAN_POINT('',(73.317601,30.369516,1.51));
#5765 = LINE('',#5766,#5767);
#5766 = CARTESIAN_POINT('',(73.317601,30.369516,1.51));
#5767 = VECTOR('',#5768,1.);
#5768 = DIRECTION('',(0.919145179425,0.393918949962,0.));
#5769 = ORIENTED_EDGE('',*,*,#5770,.F.);
#5770 = EDGE_CURVE('',#5771,#5763,#5773,.T.);
#5771 = VERTEX_POINT('',#5772);
#5772 = CARTESIAN_POINT('',(72.355499,29.949527,1.51));
#5773 = LINE('',#5774,#5775);
#5774 = CARTESIAN_POINT('',(72.355499,29.949527,1.51));
#5775 = VECTOR('',#5776,1.);
#5776 = DIRECTION('',(0.916482566469,0.400074624737,0.));
#5777 = ORIENTED_EDGE('',*,*,#5778,.F.);
#5778 = EDGE_CURVE('',#5779,#5771,#5781,.T.);
#5779 = VERTEX_POINT('',#5780);
#5780 = CARTESIAN_POINT('',(71.405802,29.523699,1.51));
#5781 = LINE('',#5782,#5783);
#5782 = CARTESIAN_POINT('',(71.405802,29.523699,1.51));
#5783 = VECTOR('',#5784,1.);
#5784 = DIRECTION('',(0.912472826497,0.409137313018,0.));
#5785 = ORIENTED_EDGE('',*,*,#5786,.F.);
#5786 = EDGE_CURVE('',#5787,#5779,#5789,.T.);
#5787 = VERTEX_POINT('',#5788);
#5788 = CARTESIAN_POINT('',(70.431026,29.075055,1.51));
#5789 = LINE('',#5790,#5791);
#5790 = CARTESIAN_POINT('',(70.431026,29.075055,1.51));
#5791 = VECTOR('',#5792,1.);
#5792 = DIRECTION('',(0.908403027141,0.418095611411,0.));
#5793 = ORIENTED_EDGE('',*,*,#5794,.F.);
#5794 = EDGE_CURVE('',#5795,#5787,#5797,.T.);
#5795 = VERTEX_POINT('',#5796);
#5796 = CARTESIAN_POINT('',(69.469389,28.621051,1.51));
#5797 = LINE('',#5798,#5799);
#5798 = CARTESIAN_POINT('',(69.469389,28.621051,1.51));
#5799 = VECTOR('',#5800,1.);
#5800 = DIRECTION('',(0.904285809824,0.426927598255,0.));
#5801 = ORIENTED_EDGE('',*,*,#5802,.F.);
#5802 = EDGE_CURVE('',#5803,#5795,#5805,.T.);
#5803 = VERTEX_POINT('',#5804);
#5804 = CARTESIAN_POINT('',(68.477096,28.140799,1.51));
#5805 = LINE('',#5806,#5807);
#5806 = CARTESIAN_POINT('',(68.477096,28.140799,1.51));
#5807 = VECTOR('',#5808,1.);
#5808 = DIRECTION('',(0.900120045424,0.435641944521,0.));
#5809 = ORIENTED_EDGE('',*,*,#5810,.F.);
#5810 = EDGE_CURVE('',#5811,#5803,#5813,.T.);
#5811 = VERTEX_POINT('',#5812);
#5812 = CARTESIAN_POINT('',(67.498869,27.655772,1.51));
#5813 = LINE('',#5814,#5815);
#5814 = CARTESIAN_POINT('',(67.498869,27.655772,1.51));
#5815 = VECTOR('',#5816,1.);
#5816 = DIRECTION('',(0.895919244699,0.444216959355,0.));
#5817 = ORIENTED_EDGE('',*,*,#5818,.F.);
#5818 = EDGE_CURVE('',#5819,#5811,#5821,.T.);
#5819 = VERTEX_POINT('',#5820);
#5820 = CARTESIAN_POINT('',(66.482116,27.139621,1.51));
#5821 = LINE('',#5822,#5823);
#5822 = CARTESIAN_POINT('',(66.482116,27.139621,1.51));
#5823 = VECTOR('',#5824,1.);
#5824 = DIRECTION('',(0.891683292206,0.452659813106,0.));
#5825 = ORIENTED_EDGE('',*,*,#5826,.F.);
#5826 = EDGE_CURVE('',#5827,#5819,#5829,.T.);
#5827 = VERTEX_POINT('',#5828);
#5828 = CARTESIAN_POINT('',(65.480636,26.619438,1.51));
#5829 = LINE('',#5830,#5831);
#5830 = CARTESIAN_POINT('',(65.480636,26.619438,1.51));
#5831 = VECTOR('',#5832,1.);
#5832 = DIRECTION('',(0.887429470073,0.46094352761,0.));
#5833 = ORIENTED_EDGE('',*,*,#5834,.F.);
#5834 = EDGE_CURVE('',#5835,#5827,#5837,.T.);
#5835 = VERTEX_POINT('',#5836);
#5836 = CARTESIAN_POINT('',(64.428754,26.060735,1.51));
#5837 = LINE('',#5838,#5839);
#5838 = CARTESIAN_POINT('',(64.428754,26.060735,1.51));
#5839 = VECTOR('',#5840,1.);
#5840 = DIRECTION('',(0.883153741913,0.46908364728,0.));
#5841 = ORIENTED_EDGE('',*,*,#5842,.F.);
#5842 = EDGE_CURVE('',#5843,#5835,#5845,.T.);
#5843 = VERTEX_POINT('',#5844);
#5844 = CARTESIAN_POINT('',(63.393804,25.498987,1.51));
#5845 = LINE('',#5846,#5847);
#5846 = CARTESIAN_POINT('',(63.393804,25.498987,1.51));
#5847 = VECTOR('',#5848,1.);
#5848 = DIRECTION('',(0.878882627396,0.47703807737,0.));
#5849 = ORIENTED_EDGE('',*,*,#5850,.F.);
#5850 = EDGE_CURVE('',#5851,#5843,#5853,.T.);
#5851 = VERTEX_POINT('',#5852);
#5852 = CARTESIAN_POINT('',(62.288664,24.886358,1.51));
#5853 = LINE('',#5854,#5855);
#5854 = CARTESIAN_POINT('',(62.288664,24.886358,1.51));
#5855 = VECTOR('',#5856,1.);
#5856 = DIRECTION('',(0.8746063192,0.484833771943,0.));
#5857 = ORIENTED_EDGE('',*,*,#5858,.F.);
#5858 = EDGE_CURVE('',#5859,#5851,#5861,.T.);
#5859 = VERTEX_POINT('',#5860);
#5860 = CARTESIAN_POINT('',(61.202922,24.272101,1.51));
#5861 = LINE('',#5862,#5863);
#5862 = CARTESIAN_POINT('',(61.202922,24.272101,1.51));
#5863 = VECTOR('',#5864,1.);
#5864 = DIRECTION('',(0.870364720496,0.492407608914,0.));
#5865 = ORIENTED_EDGE('',*,*,#5866,.F.);
#5866 = EDGE_CURVE('',#5867,#5859,#5869,.T.);
#5867 = VERTEX_POINT('',#5868);
#5868 = CARTESIAN_POINT('',(60.008168,23.582655,1.51));
#5869 = LINE('',#5870,#5871);
#5870 = CARTESIAN_POINT('',(60.008168,23.582655,1.51));
#5871 = VECTOR('',#5872,1.);
#5872 = DIRECTION('',(0.866133853471,0.499812112569,0.));
#5873 = ORIENTED_EDGE('',*,*,#5874,.F.);
#5874 = EDGE_CURVE('',#5875,#5867,#5877,.T.);
#5875 = VERTEX_POINT('',#5876);
#5876 = CARTESIAN_POINT('',(58.837006,22.893888,1.51));
#5877 = LINE('',#5878,#5879);
#5878 = CARTESIAN_POINT('',(58.837006,22.893888,1.51));
#5879 = VECTOR('',#5880,1.);
#5880 = DIRECTION('',(0.861983044919,0.506937106822,0.));
#5881 = ORIENTED_EDGE('',*,*,#5882,.F.);
#5882 = EDGE_CURVE('',#5883,#5875,#5885,.T.);
#5883 = VERTEX_POINT('',#5884);
#5884 = CARTESIAN_POINT('',(58.185425,22.505543,1.51));
#5885 = LINE('',#5886,#5887);
#5886 = CARTESIAN_POINT('',(58.185425,22.505543,1.51));
#5887 = VECTOR('',#5888,1.);
#5888 = DIRECTION('',(0.859003515748,0.511969686537,0.));
#5889 = ORIENTED_EDGE('',*,*,#5890,.F.);
#5890 = EDGE_CURVE('',#5891,#5883,#5893,.T.);
#5891 = VERTEX_POINT('',#5892);
#5892 = CARTESIAN_POINT('',(56.997496,21.788368,1.51));
#5893 = LINE('',#5894,#5895);
#5894 = CARTESIAN_POINT('',(56.997496,21.788368,1.51));
#5895 = VECTOR('',#5896,1.);
#5896 = DIRECTION('',(0.856085219259,0.51683469056,0.));
#5897 = ORIENTED_EDGE('',*,*,#5898,.F.);
#5898 = EDGE_CURVE('',#5899,#5891,#5901,.T.);
#5899 = VERTEX_POINT('',#5900);
#5900 = CARTESIAN_POINT('',(55.833763,21.074027,1.51));
#5901 = LINE('',#5902,#5903);
#5902 = CARTESIAN_POINT('',(55.833763,21.074027,1.51));
#5903 = VECTOR('',#5904,1.);
#5904 = DIRECTION('',(0.852246943649,0.523139701266,0.));
#5905 = ORIENTED_EDGE('',*,*,#5906,.F.);
#5906 = EDGE_CURVE('',#5907,#5899,#5909,.T.);
#5907 = VERTEX_POINT('',#5908);
#5908 = CARTESIAN_POINT('',(54.675277,20.35098,1.51));
#5909 = LINE('',#5910,#5911);
#5910 = CARTESIAN_POINT('',(54.675277,20.35098,1.51));
#5911 = VECTOR('',#5912,1.);
#5912 = DIRECTION('',(0.848329471827,0.529468702786,0.));
#5913 = ORIENTED_EDGE('',*,*,#5914,.F.);
#5914 = EDGE_CURVE('',#5915,#5907,#5917,.T.);
#5915 = VERTEX_POINT('',#5916);
#5916 = CARTESIAN_POINT('',(53.541485,19.63146,1.51));
#5917 = LINE('',#5918,#5919);
#5918 = CARTESIAN_POINT('',(53.541485,19.63146,1.51));
#5919 = VECTOR('',#5920,1.);
#5920 = DIRECTION('',(0.844330042169,0.535823459631,0.));
#5921 = ORIENTED_EDGE('',*,*,#5922,.F.);
#5922 = EDGE_CURVE('',#5923,#5915,#5925,.T.);
#5923 = VERTEX_POINT('',#5924);
#5924 = CARTESIAN_POINT('',(52.412946,18.903222,1.51));
#5925 = LINE('',#5926,#5927);
#5926 = CARTESIAN_POINT('',(52.412946,18.903222,1.51));
#5927 = VECTOR('',#5928,1.);
#5928 = DIRECTION('',(0.84024633732,0.542204843782,0.));
#5929 = ORIENTED_EDGE('',*,*,#5930,.F.);
#5930 = EDGE_CURVE('',#5931,#5923,#5933,.T.);
#5931 = VERTEX_POINT('',#5932);
#5932 = CARTESIAN_POINT('',(51.309644,18.179265,1.51));
#5933 = LINE('',#5934,#5935);
#5934 = CARTESIAN_POINT('',(51.309644,18.179265,1.51));
#5935 = VECTOR('',#5936,1.);
#5936 = DIRECTION('',(0.836077434172,0.548611450909,0.));
#5937 = ORIENTED_EDGE('',*,*,#5938,.F.);
#5938 = EDGE_CURVE('',#5939,#5931,#5941,.T.);
#5939 = VERTEX_POINT('',#5940);
#5940 = CARTESIAN_POINT('',(50.211623,17.44659,1.51));
#5941 = LINE('',#5942,#5943);
#5942 = CARTESIAN_POINT('',(50.211623,17.44659,1.51));
#5943 = VECTOR('',#5944,1.);
#5944 = DIRECTION('',(0.8318191074,0.555046820156,0.));
#5945 = ORIENTED_EDGE('',*,*,#5946,.F.);
#5946 = EDGE_CURVE('',#5947,#5939,#5949,.T.);
#5947 = VERTEX_POINT('',#5948);
#5948 = CARTESIAN_POINT('',(49.139434,16.719019,1.51));
#5949 = LINE('',#5950,#5951);
#5950 = CARTESIAN_POINT('',(49.139434,16.719019,1.51));
#5951 = VECTOR('',#5952,1.);
#5952 = DIRECTION('',(0.82747069019,0.561508910772,0.));
#5953 = ORIENTED_EDGE('',*,*,#5954,.F.);
#5954 = EDGE_CURVE('',#5955,#5947,#5957,.T.);
#5955 = VERTEX_POINT('',#5956);
#5956 = CARTESIAN_POINT('',(48.072583,15.982747,1.51));
#5957 = LINE('',#5958,#5959);
#5958 = CARTESIAN_POINT('',(48.072583,15.982747,1.51));
#5959 = VECTOR('',#5960,1.);
#5960 = DIRECTION('',(0.823027891388,0.568000959504,0.));
#5961 = ORIENTED_EDGE('',*,*,#5962,.F.);
#5962 = EDGE_CURVE('',#5963,#5955,#5965,.T.);
#5963 = VERTEX_POINT('',#5964);
#5964 = CARTESIAN_POINT('',(47.032217,15.252485,1.51));
#5965 = LINE('',#5966,#5967);
#5966 = CARTESIAN_POINT('',(47.032217,15.252485,1.51));
#5967 = VECTOR('',#5968,1.);
#5968 = DIRECTION('',(0.818489880363,0.574520944565,0.));
#5969 = ORIENTED_EDGE('',*,*,#5970,.F.);
#5970 = EDGE_CURVE('',#5971,#5963,#5973,.T.);
#5971 = VERTEX_POINT('',#5972);
#5972 = CARTESIAN_POINT('',(45.997279,14.513559,1.51));
#5973 = LINE('',#5974,#5975);
#5974 = CARTESIAN_POINT('',(45.997279,14.513559,1.51));
#5975 = VECTOR('',#5976,1.);
#5976 = DIRECTION('',(0.813850773482,0.581073935488,0.));
#5977 = ORIENTED_EDGE('',*,*,#5978,.F.);
#5978 = EDGE_CURVE('',#5979,#5971,#5981,.T.);
#5979 = VERTEX_POINT('',#5980);
#5980 = CARTESIAN_POINT('',(44.989547,13.781644,1.51));
#5981 = LINE('',#5982,#5983);
#5982 = CARTESIAN_POINT('',(44.989547,13.781644,1.51));
#5983 = VECTOR('',#5984,1.);
#5984 = DIRECTION('',(0.80911058493,0.587656414373,0.));
#5985 = ORIENTED_EDGE('',*,*,#5986,.F.);
#5986 = EDGE_CURVE('',#5987,#5979,#5989,.T.);
#5987 = VERTEX_POINT('',#5988);
#5988 = CARTESIAN_POINT('',(44.930452,13.738357,1.51));
#5989 = LINE('',#5990,#5991);
#5990 = CARTESIAN_POINT('',(44.930452,13.738357,1.51));
#5991 = VECTOR('',#5992,1.);
#5992 = DIRECTION('',(0.806726038557,0.590925628751,0.));
#5993 = ORIENTED_EDGE('',*,*,#5994,.F.);
#5994 = EDGE_CURVE('',#5995,#5987,#5997,.T.);
#5995 = VERTEX_POINT('',#5996);
#5996 = CARTESIAN_POINT('',(44.871357,13.781644,1.51));
#5997 = LINE('',#5998,#5999);
#5998 = CARTESIAN_POINT('',(44.871357,13.781644,1.51));
#5999 = VECTOR('',#6000,1.);
#6000 = DIRECTION('',(0.806726038557,-0.590925628751,0.));
#6001 = ORIENTED_EDGE('',*,*,#6002,.F.);
#6002 = EDGE_CURVE('',#6003,#5995,#6005,.T.);
#6003 = VERTEX_POINT('',#6004);
#6004 = CARTESIAN_POINT('',(43.863622,14.513561,1.51));
#6005 = LINE('',#6006,#6007);
#6006 = CARTESIAN_POINT('',(43.863622,14.513561,1.51));
#6007 = VECTOR('',#6008,1.);
#6008 = DIRECTION('',(0.809110653227,-0.58765632034,0.));
#6009 = ORIENTED_EDGE('',*,*,#6010,.F.);
#6010 = EDGE_CURVE('',#6011,#6003,#6013,.T.);
#6011 = VERTEX_POINT('',#6012);
#6012 = CARTESIAN_POINT('',(42.828681,15.252489,1.51));
#6013 = LINE('',#6014,#6015);
#6014 = CARTESIAN_POINT('',(42.828681,15.252489,1.51));
#6015 = VECTOR('',#6016,1.);
#6016 = DIRECTION('',(0.813850826268,-0.581073861556,0.));
#6017 = ORIENTED_EDGE('',*,*,#6018,.F.);
#6018 = EDGE_CURVE('',#6019,#6011,#6021,.T.);
#6019 = VERTEX_POINT('',#6020);
#6020 = CARTESIAN_POINT('',(41.788313,15.982752,1.51));
#6021 = LINE('',#6022,#6023);
#6022 = CARTESIAN_POINT('',(41.788313,15.982752,1.51));
#6023 = VECTOR('',#6024,1.);
#6024 = DIRECTION('',(0.81849002977,-0.574520731712,0.));
#6025 = ORIENTED_EDGE('',*,*,#6026,.F.);
#6026 = EDGE_CURVE('',#6027,#6019,#6029,.T.);
#6027 = VERTEX_POINT('',#6028);
#6028 = CARTESIAN_POINT('',(40.72146,16.719026,1.51));
#6029 = LINE('',#6030,#6031);
#6030 = CARTESIAN_POINT('',(40.72146,16.719026,1.51));
#6031 = VECTOR('',#6032,1.);
#6032 = DIRECTION('',(0.823027667889,-0.568001283352,0.));
#6033 = ORIENTED_EDGE('',*,*,#6034,.F.);
#6034 = EDGE_CURVE('',#6035,#6027,#6037,.T.);
#6035 = VERTEX_POINT('',#6036);
#6036 = CARTESIAN_POINT('',(39.64927,17.446597,1.51));
#6037 = LINE('',#6038,#6039);
#6038 = CARTESIAN_POINT('',(39.64927,17.446597,1.51));
#6039 = VECTOR('',#6040,1.);
#6040 = DIRECTION('',(0.827470933519,-0.561508552189,0.));
#6041 = ORIENTED_EDGE('',*,*,#6042,.F.);
#6042 = EDGE_CURVE('',#6043,#6035,#6045,.T.);
#6043 = VERTEX_POINT('',#6044);
#6044 = CARTESIAN_POINT('',(38.551248,18.179273,1.51));
#6045 = LINE('',#6046,#6047);
#6046 = CARTESIAN_POINT('',(38.551248,18.179273,1.51));
#6047 = VECTOR('',#6048,1.);
#6048 = DIRECTION('',(0.831818991022,-0.555046994565,0.));
#6049 = ORIENTED_EDGE('',*,*,#6050,.F.);
#6050 = EDGE_CURVE('',#6051,#6043,#6053,.T.);
#6051 = VERTEX_POINT('',#6052);
#6052 = CARTESIAN_POINT('',(37.447945,18.903231,1.51));
#6053 = LINE('',#6054,#6055);
#6054 = CARTESIAN_POINT('',(37.447945,18.903231,1.51));
#6055 = VECTOR('',#6056,1.);
#6056 = DIRECTION('',(0.836077314662,-0.54861163304,0.));
#6057 = ORIENTED_EDGE('',*,*,#6058,.F.);
#6058 = EDGE_CURVE('',#6059,#6051,#6061,.T.);
#6059 = VERTEX_POINT('',#6060);
#6060 = CARTESIAN_POINT('',(36.319405,19.631469,1.51));
#6061 = LINE('',#6062,#6063);
#6062 = CARTESIAN_POINT('',(36.319405,19.631469,1.51));
#6063 = VECTOR('',#6064,1.);
#6064 = DIRECTION('',(0.840246556205,-0.542204504579,0.));
#6065 = ORIENTED_EDGE('',*,*,#6066,.F.);
#6066 = EDGE_CURVE('',#6067,#6059,#6069,.T.);
#6067 = VERTEX_POINT('',#6068);
#6068 = CARTESIAN_POINT('',(35.185613,20.350989,1.51));
#6069 = LINE('',#6070,#6071);
#6070 = CARTESIAN_POINT('',(35.185613,20.350989,1.51));
#6071 = VECTOR('',#6072,1.);
#6072 = DIRECTION('',(0.844330042169,-0.535823459631,0.));
#6073 = ORIENTED_EDGE('',*,*,#6074,.F.);
#6074 = EDGE_CURVE('',#6075,#6067,#6077,.T.);
#6075 = VERTEX_POINT('',#6076);
#6076 = CARTESIAN_POINT('',(34.027127,21.074036,1.51));
#6077 = LINE('',#6078,#6079);
#6078 = CARTESIAN_POINT('',(34.027127,21.074036,1.51));
#6079 = VECTOR('',#6080,1.);
#6080 = DIRECTION('',(0.848329471827,-0.529468702786,0.));
#6081 = ORIENTED_EDGE('',*,*,#6082,.F.);
#6082 = EDGE_CURVE('',#6083,#6075,#6085,.T.);
#6083 = VERTEX_POINT('',#6084);
#6084 = CARTESIAN_POINT('',(32.863394,21.788376,1.51));
#6085 = LINE('',#6086,#6087);
#6086 = CARTESIAN_POINT('',(32.863394,21.788376,1.51));
#6087 = VECTOR('',#6088,1.);
#6088 = DIRECTION('',(0.852247270158,-0.52313916935,0.));
#6089 = ORIENTED_EDGE('',*,*,#6090,.F.);
#6090 = EDGE_CURVE('',#6091,#6083,#6093,.T.);
#6091 = VERTEX_POINT('',#6092);
#6092 = CARTESIAN_POINT('',(31.675465,22.505552,1.51));
#6093 = LINE('',#6094,#6095);
#6094 = CARTESIAN_POINT('',(31.675465,22.505552,1.51));
#6095 = VECTOR('',#6096,1.);
#6096 = DIRECTION('',(0.856084900403,-0.516835218714,0.));
#6097 = ORIENTED_EDGE('',*,*,#6098,.F.);
#6098 = EDGE_CURVE('',#6099,#6091,#6101,.T.);
#6099 = VERTEX_POINT('',#6100);
#6100 = CARTESIAN_POINT('',(31.023898,22.893888,1.51));
#6101 = LINE('',#6102,#6103);
#6102 = CARTESIAN_POINT('',(31.023898,22.893888,1.51));
#6103 = VECTOR('',#6104,1.);
#6104 = DIRECTION('',(0.85900389606,-0.511969048433,0.));
#6105 = ORIENTED_EDGE('',*,*,#6106,.F.);
#6106 = EDGE_CURVE('',#6107,#6099,#6109,.T.);
#6107 = VERTEX_POINT('',#6108);
#6108 = CARTESIAN_POINT('',(29.852733,23.582657,1.51));
#6109 = LINE('',#6110,#6111);
#6110 = CARTESIAN_POINT('',(29.852733,23.582657,1.51));
#6111 = VECTOR('',#6112,1.);
#6112 = DIRECTION('',(0.86198296912,-0.506937235708,0.));
#6113 = ORIENTED_EDGE('',*,*,#6114,.F.);
#6114 = EDGE_CURVE('',#6115,#6107,#6117,.T.);
#6115 = VERTEX_POINT('',#6116);
#6116 = CARTESIAN_POINT('',(28.657976,24.272105,1.51));
#6117 = LINE('',#6118,#6119);
#6118 = CARTESIAN_POINT('',(28.657976,24.272105,1.51));
#6119 = VECTOR('',#6120,1.);
#6120 = DIRECTION('',(0.866133769108,-0.499812258764,0.));
#6121 = ORIENTED_EDGE('',*,*,#6122,.F.);
#6122 = EDGE_CURVE('',#6123,#6115,#6125,.T.);
#6123 = VERTEX_POINT('',#6124);
#6124 = CARTESIAN_POINT('',(27.572233,24.886362,1.51));
#6125 = LINE('',#6126,#6127);
#6126 = CARTESIAN_POINT('',(27.572233,24.886362,1.51));
#6127 = VECTOR('',#6128,1.);
#6128 = DIRECTION('',(0.870364914863,-0.492407265356,0.));
#6129 = ORIENTED_EDGE('',*,*,#6130,.F.);
#6130 = EDGE_CURVE('',#6131,#6123,#6133,.T.);
#6131 = VERTEX_POINT('',#6132);
#6132 = CARTESIAN_POINT('',(26.467091,25.498992,1.51));
#6133 = LINE('',#6134,#6135);
#6134 = CARTESIAN_POINT('',(26.467091,25.498992,1.51));
#6135 = VECTOR('',#6136,1.);
#6136 = DIRECTION('',(0.874606355674,-0.484833706145,0.));
#6137 = ORIENTED_EDGE('',*,*,#6138,.F.);
#6138 = EDGE_CURVE('',#6139,#6131,#6141,.T.);
#6139 = VERTEX_POINT('',#6140);
#6140 = CARTESIAN_POINT('',(25.432141,26.060739,1.51));
#6141 = LINE('',#6142,#6143);
#6142 = CARTESIAN_POINT('',(25.432141,26.060739,1.51));
#6143 = VECTOR('',#6144,1.);
#6144 = DIRECTION('',(0.878882983433,-0.477037421416,0.));
#6145 = ORIENTED_EDGE('',*,*,#6146,.F.);
#6146 = EDGE_CURVE('',#6147,#6139,#6149,.T.);
#6147 = VERTEX_POINT('',#6148);
#6148 = CARTESIAN_POINT('',(24.380258,26.619443,1.51));
#6149 = LINE('',#6150,#6151);
#6150 = CARTESIAN_POINT('',(24.380258,26.619443,1.51));
#6151 = VECTOR('',#6152,1.);
#6152 = DIRECTION('',(0.883153578836,-0.469083954308,0.));
#6153 = ORIENTED_EDGE('',*,*,#6154,.F.);
#6154 = EDGE_CURVE('',#6155,#6147,#6157,.T.);
#6155 = VERTEX_POINT('',#6156);
#6156 = CARTESIAN_POINT('',(23.378779,27.139625,1.51));
#6157 = LINE('',#6158,#6159);
#6158 = CARTESIAN_POINT('',(23.378779,27.139625,1.51));
#6159 = VECTOR('',#6160,1.);
#6160 = DIRECTION('',(0.887429644272,-0.460943192235,0.));
#6161 = ORIENTED_EDGE('',*,*,#6162,.F.);
#6162 = EDGE_CURVE('',#6163,#6155,#6165,.T.);
#6163 = VERTEX_POINT('',#6164);
#6164 = CARTESIAN_POINT('',(22.362026,27.655777,1.51));
#6165 = LINE('',#6166,#6167);
#6166 = CARTESIAN_POINT('',(22.362026,27.655777,1.51));
#6167 = VECTOR('',#6168,1.);
#6168 = DIRECTION('',(0.891682938226,-0.452660510401,0.));
#6169 = ORIENTED_EDGE('',*,*,#6170,.F.);
#6170 = EDGE_CURVE('',#6171,#6163,#6173,.T.);
#6171 = VERTEX_POINT('',#6172);
#6172 = CARTESIAN_POINT('',(21.383799,28.140803,1.51));
#6173 = LINE('',#6174,#6175);
#6174 = CARTESIAN_POINT('',(21.383799,28.140803,1.51));
#6175 = VECTOR('',#6176,1.);
#6176 = DIRECTION('',(0.895919609195,-0.444216224219,0.));
#6177 = ORIENTED_EDGE('',*,*,#6178,.F.);
#6178 = EDGE_CURVE('',#6179,#6171,#6181,.T.);
#6179 = VERTEX_POINT('',#6180);
#6180 = CARTESIAN_POINT('',(20.391506,28.621055,1.51));
#6181 = LINE('',#6182,#6183);
#6182 = CARTESIAN_POINT('',(20.391506,28.621055,1.51));
#6183 = VECTOR('',#6184,1.);
#6184 = DIRECTION('',(0.900120045424,-0.435641944521,0.));
#6185 = ORIENTED_EDGE('',*,*,#6186,.F.);
#6186 = EDGE_CURVE('',#6187,#6179,#6189,.T.);
#6187 = VERTEX_POINT('',#6188);
#6188 = CARTESIAN_POINT('',(19.42987,29.075059,1.51));
#6189 = LINE('',#6190,#6191);
#6190 = CARTESIAN_POINT('',(19.42987,29.075059,1.51));
#6191 = VECTOR('',#6192,1.);
#6192 = DIRECTION('',(0.904285638426,-0.426927961295,0.));
#6193 = ORIENTED_EDGE('',*,*,#6194,.F.);
#6194 = EDGE_CURVE('',#6195,#6187,#6197,.T.);
#6195 = VERTEX_POINT('',#6196);
#6196 = CARTESIAN_POINT('',(18.455094,29.523702,1.51));
#6197 = LINE('',#6198,#6199);
#6198 = CARTESIAN_POINT('',(18.455094,29.523702,1.51));
#6199 = VECTOR('',#6200,1.);
#6200 = DIRECTION('',(0.908403381079,-0.418094842402,0.));
#6201 = ORIENTED_EDGE('',*,*,#6202,.F.);
#6202 = EDGE_CURVE('',#6203,#6195,#6205,.T.);
#6203 = VERTEX_POINT('',#6204);
#6204 = CARTESIAN_POINT('',(17.505398,29.94953,1.51));
#6205 = LINE('',#6206,#6207);
#6206 = CARTESIAN_POINT('',(17.505398,29.94953,1.51));
#6207 = VECTOR('',#6208,1.);
#6208 = DIRECTION('',(0.912472665665,-0.409137671713,0.));
#6209 = ORIENTED_EDGE('',*,*,#6210,.F.);
#6210 = EDGE_CURVE('',#6211,#6203,#6213,.T.);
#6211 = VERTEX_POINT('',#6212);
#6212 = CARTESIAN_POINT('',(16.543296,30.369518,1.51));
#6213 = LINE('',#6214,#6215);
#6214 = CARTESIAN_POINT('',(16.543296,30.369518,1.51));
#6215 = VECTOR('',#6216,1.);
#6216 = DIRECTION('',(0.916482915744,-0.400073824623,0.));
#6217 = ORIENTED_EDGE('',*,*,#6218,.F.);
#6218 = EDGE_CURVE('',#6219,#6211,#6221,.T.);
#6219 = VERTEX_POINT('',#6220);
#6220 = CARTESIAN_POINT('',(16.225098,30.505889,1.51));
#6221 = LINE('',#6222,#6223);
#6222 = CARTESIAN_POINT('',(16.225098,30.505889,1.51));
#6223 = VECTOR('',#6224,1.);
#6224 = DIRECTION('',(0.919144581787,-0.393920344449,0.));
#6225 = ORIENTED_EDGE('',*,*,#6226,.F.);
#6226 = EDGE_CURVE('',#6227,#6219,#6229,.T.);
#6227 = VERTEX_POINT('',#6228);
#6228 = CARTESIAN_POINT('',(15.30934,30.89105,1.51));
#6229 = LINE('',#6230,#6231);
#6230 = CARTESIAN_POINT('',(15.30934,30.89105,1.51));
#6231 = VECTOR('',#6232,1.);
#6232 = DIRECTION('',(0.921786979124,-0.387696743754,0.));
#6233 = ORIENTED_EDGE('',*,*,#6234,.F.);
#6234 = EDGE_CURVE('',#6235,#6227,#6237,.T.);
#6235 = VERTEX_POINT('',#6236);
#6236 = CARTESIAN_POINT('',(14.382326,31.269811,1.51));
#6237 = LINE('',#6238,#6239);
#6238 = CARTESIAN_POINT('',(14.382326,31.269811,1.51));
#6239 = VECTOR('',#6240,1.);
#6240 = DIRECTION('',(0.925712044675,-0.378229044818,0.));
#6241 = ORIENTED_EDGE('',*,*,#6242,.F.);
#6242 = EDGE_CURVE('',#6243,#6235,#6245,.T.);
#6243 = VERTEX_POINT('',#6244);
#6244 = CARTESIAN_POINT('',(13.465256,31.633546,1.51));
#6245 = LINE('',#6246,#6247);
#6246 = CARTESIAN_POINT('',(13.465256,31.633546,1.51));
#6247 = VECTOR('',#6248,1.);
#6248 = DIRECTION('',(0.929553827713,-0.368686426906,0.));
#6249 = ORIENTED_EDGE('',*,*,#6250,.F.);
#6250 = EDGE_CURVE('',#6251,#6243,#6253,.T.);
#6251 = VERTEX_POINT('',#6252);
#6252 = CARTESIAN_POINT('',(12.538132,31.99023,1.51));
#6253 = LINE('',#6254,#6255);
#6254 = CARTESIAN_POINT('',(12.538132,31.99023,1.51));
#6255 = VECTOR('',#6256,1.);
#6256 = DIRECTION('',(0.933312599922,-0.359064883867,0.));
#6257 = ORIENTED_EDGE('',*,*,#6258,.F.);
#6258 = EDGE_CURVE('',#6259,#6251,#6261,.T.);
#6259 = VERTEX_POINT('',#6260);
#6260 = CARTESIAN_POINT('',(11.622213,32.331736,1.51));
#6261 = LINE('',#6262,#6263);
#6262 = CARTESIAN_POINT('',(11.622213,32.331736,1.51));
#6263 = VECTOR('',#6264,1.);
#6264 = DIRECTION('',(0.936987946871,-0.349361685677,0.));
#6265 = ORIENTED_EDGE('',*,*,#6266,.F.);
#6266 = EDGE_CURVE('',#6267,#6259,#6269,.T.);
#6267 = VERTEX_POINT('',#6268);
#6268 = CARTESIAN_POINT('',(10.697343,32.665633,1.51));
#6269 = LINE('',#6270,#6271);
#6270 = CARTESIAN_POINT('',(10.697343,32.665633,1.51));
#6271 = VECTOR('',#6272,1.);
#6272 = DIRECTION('',(0.940581132493,-0.339569040401,0.));
#6273 = ORIENTED_EDGE('',*,*,#6274,.F.);
#6274 = EDGE_CURVE('',#6275,#6267,#6277,.T.);
#6275 = VERTEX_POINT('',#6276);
#6276 = CARTESIAN_POINT('',(9.784668,32.984348,1.51));
#6277 = LINE('',#6278,#6279);
#6278 = CARTESIAN_POINT('',(9.784668,32.984348,1.51));
#6279 = VECTOR('',#6280,1.);
#6280 = DIRECTION('',(0.944090752016,-0.329685686612,0.));
#6281 = ORIENTED_EDGE('',*,*,#6282,.F.);
#6282 = EDGE_CURVE('',#6283,#6275,#6285,.T.);
#6283 = VERTEX_POINT('',#6284);
#6284 = CARTESIAN_POINT('',(8.864055,33.294978,1.51));
#6285 = LINE('',#6286,#6287);
#6286 = CARTESIAN_POINT('',(8.864055,33.294978,1.51));
#6287 = VECTOR('',#6288,1.);
#6288 = DIRECTION('',(0.947516253081,-0.319707601016,0.));
#6289 = ORIENTED_EDGE('',*,*,#6290,.F.);
#6290 = EDGE_CURVE('',#6291,#6283,#6293,.T.);
#6291 = VERTEX_POINT('',#6292);
#6292 = CARTESIAN_POINT('',(7.956396,33.590541,1.51));
#6293 = LINE('',#6294,#6295);
#6294 = CARTESIAN_POINT('',(7.956396,33.590541,1.51));
#6295 = VECTOR('',#6296,1.);
#6296 = DIRECTION('',(0.950857208832,-0.30962972792,0.));
#6297 = ORIENTED_EDGE('',*,*,#6298,.F.);
#6298 = EDGE_CURVE('',#6299,#6291,#6301,.T.);
#6299 = VERTEX_POINT('',#6300);
#6300 = CARTESIAN_POINT('',(7.041726,33.877613,1.51));
#6301 = LINE('',#6302,#6303);
#6302 = CARTESIAN_POINT('',(7.041726,33.877613,1.51));
#6303 = VECTOR('',#6304,1.);
#6304 = DIRECTION('',(0.95411171093,-0.299450902599,0.));
#6305 = ORIENTED_EDGE('',*,*,#6306,.F.);
#6306 = EDGE_CURVE('',#6307,#6299,#6309,.T.);
#6307 = VERTEX_POINT('',#6308);
#6308 = CARTESIAN_POINT('',(6.140576,34.149825,1.51));
#6309 = LINE('',#6310,#6311);
#6310 = CARTESIAN_POINT('',(6.140576,34.149825,1.51));
#6311 = VECTOR('',#6312,1.);
#6312 = DIRECTION('',(0.957278698106,-0.289166896709,0.));
#6313 = ORIENTED_EDGE('',*,*,#6314,.F.);
#6314 = EDGE_CURVE('',#6315,#6307,#6317,.T.);
#6315 = VERTEX_POINT('',#6316);
#6316 = CARTESIAN_POINT('',(5.233261,34.413203,1.51));
#6317 = LINE('',#6318,#6319);
#6318 = CARTESIAN_POINT('',(5.233261,34.413203,1.51));
#6319 = VECTOR('',#6320,1.);
#6320 = DIRECTION('',(0.96035643791,-0.278775020697,0.));
#6321 = ORIENTED_EDGE('',*,*,#6322,.F.);
#6322 = EDGE_CURVE('',#6323,#6315,#6325,.T.);
#6323 = VERTEX_POINT('',#6324);
#6324 = CARTESIAN_POINT('',(4.339868,34.661997,1.51));
#6325 = LINE('',#6326,#6327);
#6326 = CARTESIAN_POINT('',(4.339868,34.661997,1.51));
#6327 = VECTOR('',#6328,1.);
#6328 = DIRECTION('',(0.963342719941,-0.268273748132,0.));
#6329 = ORIENTED_EDGE('',*,*,#6330,.F.);
#6330 = EDGE_CURVE('',#6331,#6323,#6333,.T.);
#6331 = VERTEX_POINT('',#6332);
#6332 = CARTESIAN_POINT('',(3.441083,34.90167,1.51));
#6333 = LINE('',#6334,#6335);
#6334 = CARTESIAN_POINT('',(3.441083,34.90167,1.51));
#6335 = VECTOR('',#6336,1.);
#6336 = DIRECTION('',(0.966235742536,-0.257659639536,0.));
#6337 = ORIENTED_EDGE('',*,*,#6338,.F.);
#6338 = EDGE_CURVE('',#6339,#6331,#6341,.T.);
#6339 = VERTEX_POINT('',#6340);
#6340 = CARTESIAN_POINT('',(2.556488,35.127084,1.51));
#6341 = LINE('',#6342,#6343);
#6342 = CARTESIAN_POINT('',(2.556488,35.127084,1.51));
#6343 = VECTOR('',#6344,1.);
#6344 = DIRECTION('',(0.96903314857,-0.2469306724,0.));
#6345 = ORIENTED_EDGE('',*,*,#6346,.F.);
#6346 = EDGE_CURVE('',#6347,#6339,#6349,.T.);
#6347 = VERTEX_POINT('',#6348);
#6348 = CARTESIAN_POINT('',(1.667204,35.34314,1.51));
#6349 = LINE('',#6350,#6351);
#6350 = CARTESIAN_POINT('',(1.667204,35.34314,1.51));
#6351 = VECTOR('',#6352,1.);
#6352 = DIRECTION('',(0.971731891027,-0.2360871279,0.));
#6353 = ORIENTED_EDGE('',*,*,#6354,.F.);
#6354 = EDGE_CURVE('',#6355,#6347,#6357,.T.);
#6355 = VERTEX_POINT('',#6356);
#6356 = CARTESIAN_POINT('',(0.268506,35.661338,1.51));
#6357 = LINE('',#6358,#6359);
#6358 = CARTESIAN_POINT('',(0.268506,35.661338,1.51));
#6359 = VECTOR('',#6360,1.);
#6360 = DIRECTION('',(0.975085814681,-0.221827982924,0.));
#6361 = ORIENTED_EDGE('',*,*,#6362,.F.);
#6362 = EDGE_CURVE('',#6363,#6355,#6365,.T.);
#6363 = VERTEX_POINT('',#6364);
#6364 = CARTESIAN_POINT('',(-0.585069,35.842272,1.51));
#6365 = LINE('',#6366,#6367);
#6366 = CARTESIAN_POINT('',(-0.585069,35.842272,1.51));
#6367 = VECTOR('',#6368,1.);
#6368 = DIRECTION('',(0.978263744979,-0.207364522665,0.));
#6369 = ORIENTED_EDGE('',*,*,#6370,.F.);
#6370 = EDGE_CURVE('',#6371,#6363,#6373,.T.);
#6371 = VERTEX_POINT('',#6372);
#6372 = CARTESIAN_POINT('',(-1.441115,36.01348,1.51));
#6373 = LINE('',#6374,#6375);
#6374 = CARTESIAN_POINT('',(-1.441115,36.01348,1.51));
#6375 = VECTOR('',#6376,1.);
#6376 = DIRECTION('',(0.980580940031,-0.196114813434,0.));
#6377 = ORIENTED_EDGE('',*,*,#6378,.F.);
#6378 = EDGE_CURVE('',#6379,#6371,#6381,.T.);
#6379 = VERTEX_POINT('',#6380);
#6380 = CARTESIAN_POINT('',(-2.296654,36.174372,1.51));
#6381 = LINE('',#6382,#6383);
#6382 = CARTESIAN_POINT('',(-2.296654,36.174372,1.51));
#6383 = VECTOR('',#6384,1.);
#6384 = DIRECTION('',(0.982772495259,-0.184819432319,0.));
#6385 = ORIENTED_EDGE('',*,*,#6386,.F.);
#6386 = EDGE_CURVE('',#6387,#6379,#6389,.T.);
#6387 = VERTEX_POINT('',#6388);
#6388 = CARTESIAN_POINT('',(-3.153815,36.325351,1.51));
#6389 = LINE('',#6390,#6391);
#6390 = CARTESIAN_POINT('',(-3.153815,36.325351,1.51));
#6391 = VECTOR('',#6392,1.);
#6392 = DIRECTION('',(0.984839490365,-0.173468089911,0.));
#6393 = ORIENTED_EDGE('',*,*,#6394,.F.);
#6394 = EDGE_CURVE('',#6395,#6387,#6397,.T.);
#6395 = VERTEX_POINT('',#6396);
#6396 = CARTESIAN_POINT('',(-4.008178,36.465664,1.51));
#6397 = LINE('',#6398,#6399);
#6398 = CARTESIAN_POINT('',(-4.008178,36.465664,1.51));
#6399 = VECTOR('',#6400,1.);
#6400 = DIRECTION('',(0.986780883238,-0.162060138454,0.));
#6401 = ORIENTED_EDGE('',*,*,#6402,.F.);
#6402 = EDGE_CURVE('',#6403,#6395,#6405,.T.);
#6403 = VERTEX_POINT('',#6404);
#6404 = CARTESIAN_POINT('',(-4.863322,36.595915,1.51));
#6405 = LINE('',#6406,#6407);
#6406 = CARTESIAN_POINT('',(-4.863322,36.595915,1.51));
#6407 = VECTOR('',#6408,1.);
#6408 = DIRECTION('',(0.988598127825,-0.15057802516,0.));
#6409 = ORIENTED_EDGE('',*,*,#6410,.F.);
#6410 = EDGE_CURVE('',#6411,#6403,#6413,.T.);
#6411 = VERTEX_POINT('',#6412);
#6412 = CARTESIAN_POINT('',(-5.713466,36.715265,1.51));
#6413 = LINE('',#6414,#6415);
#6414 = CARTESIAN_POINT('',(-5.713466,36.715265,1.51));
#6415 = VECTOR('',#6416,1.);
#6416 = DIRECTION('',(0.990288919092,-0.139024662285,0.));
#6417 = ORIENTED_EDGE('',*,*,#6418,.F.);
#6418 = EDGE_CURVE('',#6419,#6411,#6421,.T.);
#6419 = VERTEX_POINT('',#6420);
#6420 = CARTESIAN_POINT('',(-6.563571,36.824443,1.51));
#6421 = LINE('',#6422,#6423);
#6422 = CARTESIAN_POINT('',(-6.563571,36.824443,1.51));
#6423 = VECTOR('',#6424,1.);
#6424 = DIRECTION('',(0.991853653181,-0.127382615262,0.));
#6425 = ORIENTED_EDGE('',*,*,#6426,.F.);
#6426 = EDGE_CURVE('',#6427,#6419,#6429,.T.);
#6427 = VERTEX_POINT('',#6428);
#6428 = CARTESIAN_POINT('',(-7.40659,36.922601,1.51));
#6429 = LINE('',#6430,#6431);
#6430 = CARTESIAN_POINT('',(-7.40659,36.922601,1.51));
#6431 = VECTOR('',#6432,1.);
#6432 = DIRECTION('',(0.993289452497,-0.115654933137,0.));
#6433 = ORIENTED_EDGE('',*,*,#6434,.F.);
#6434 = EDGE_CURVE('',#6435,#6427,#6437,.T.);
#6435 = VERTEX_POINT('',#6436);
#6436 = CARTESIAN_POINT('',(-8.24878,37.010515,1.51));
#6437 = LINE('',#6438,#6439);
#6438 = CARTESIAN_POINT('',(-8.24878,37.010515,1.51));
#6439 = VECTOR('',#6440,1.);
#6440 = DIRECTION('',(0.994595764838,-0.10382323712,0.));
#6441 = ORIENTED_EDGE('',*,*,#6442,.F.);
#6442 = EDGE_CURVE('',#6443,#6435,#6445,.T.);
#6443 = VERTEX_POINT('',#6444);
#6444 = CARTESIAN_POINT('',(-9.081948,37.0874,1.51));
#6445 = LINE('',#6446,#6447);
#6446 = CARTESIAN_POINT('',(-9.081948,37.0874,1.51));
#6447 = VECTOR('',#6448,1.);
#6448 = DIRECTION('',(0.995769174435,-9.188988652519E-02,0.));
#6449 = ORIENTED_EDGE('',*,*,#6450,.F.);
#6450 = EDGE_CURVE('',#6451,#6443,#6453,.T.);
#6451 = VERTEX_POINT('',#6452);
#6452 = CARTESIAN_POINT('',(-9.913532,37.154007,1.51));
#6453 = LINE('',#6454,#6455);
#6454 = CARTESIAN_POINT('',(-9.913532,37.154007,1.51));
#6455 = VECTOR('',#6456,1.);
#6456 = DIRECTION('',(0.996807624469,-7.984084042386E-02,0.));
#6457 = ORIENTED_EDGE('',*,*,#6458,.F.);
#6458 = EDGE_CURVE('',#6459,#6451,#6461,.T.);
#6459 = VERTEX_POINT('',#6460);
#6460 = CARTESIAN_POINT('',(-10.734331,37.209681,1.51));
#6461 = LINE('',#6462,#6463);
#6462 = CARTESIAN_POINT('',(-10.734331,37.209681,1.51));
#6463 = VECTOR('',#6464,1.);
#6464 = DIRECTION('',(0.997707518715,-6.767353322428E-02,0.));
#6465 = ORIENTED_EDGE('',*,*,#6466,.F.);
#6466 = EDGE_CURVE('',#6467,#6459,#6469,.T.);
#6467 = VERTEX_POINT('',#6468);
#6468 = CARTESIAN_POINT('',(-11.552832,37.255077,1.51));
#6469 = LINE('',#6470,#6471);
#6470 = CARTESIAN_POINT('',(-11.552832,37.255077,1.51));
#6471 = VECTOR('',#6472,1.);
#6472 = DIRECTION('',(0.998465502381,-5.5377256651E-02,0.));
#6473 = ORIENTED_EDGE('',*,*,#6474,.F.);
#6474 = EDGE_CURVE('',#6475,#6467,#6477,.T.);
#6475 = VERTEX_POINT('',#6476);
#6476 = CARTESIAN_POINT('',(-12.35897,37.289731,1.51));
#6477 = LINE('',#6478,#6479);
#6478 = CARTESIAN_POINT('',(-12.35897,37.289731,1.51));
#6479 = VECTOR('',#6480,1.);
#6480 = DIRECTION('',(0.999077308424,-4.294801268035E-02,0.));
#6481 = ORIENTED_EDGE('',*,*,#6482,.F.);
#6482 = EDGE_CURVE('',#6483,#6475,#6485,.T.);
#6483 = VERTEX_POINT('',#6484);
#6484 = CARTESIAN_POINT('',(-13.162145,37.314141,1.51));
#6485 = LINE('',#6486,#6487);
#6486 = CARTESIAN_POINT('',(-13.162145,37.314141,1.51));
#6487 = VECTOR('',#6488,1.);
#6488 = DIRECTION('',(0.999538486437,-3.037785595158E-02,0.));
#6489 = ORIENTED_EDGE('',*,*,#6490,.F.);
#6490 = EDGE_CURVE('',#6491,#6483,#6493,.T.);
#6491 = VERTEX_POINT('',#6492);
#6492 = CARTESIAN_POINT('',(-13.951577,37.328086,1.51));
#6493 = LINE('',#6494,#6495);
#6494 = CARTESIAN_POINT('',(-13.951577,37.328086,1.51));
#6495 = VECTOR('',#6496,1.);
#6496 = DIRECTION('',(0.999844017468,-1.766184398858E-02,0.));
#6497 = ORIENTED_EDGE('',*,*,#6498,.F.);
#6498 = EDGE_CURVE('',#6499,#6491,#6501,.T.);
#6499 = VERTEX_POINT('',#6500);
#6500 = CARTESIAN_POINT('',(-14.737428,37.331849,1.51));
#6501 = LINE('',#6502,#6503);
#6502 = CARTESIAN_POINT('',(-14.737428,37.331849,1.51));
#6503 = VECTOR('',#6504,1.);
#6504 = DIRECTION('',(0.999988535621,-4.788384642304E-03,0.));
#6505 = ORIENTED_EDGE('',*,*,#6506,.F.);
#6506 = EDGE_CURVE('',#6507,#6499,#6509,.T.);
#6507 = VERTEX_POINT('',#6508);
#6508 = CARTESIAN_POINT('',(-15.508359,37.325495,1.51));
#6509 = LINE('',#6510,#6511);
#6510 = CARTESIAN_POINT('',(-15.508359,37.325495,1.51));
#6511 = VECTOR('',#6512,1.);
#6512 = DIRECTION('',(0.999966036591,8.241702819705E-03,0.));
#6513 = ORIENTED_EDGE('',*,*,#6514,.F.);
#6514 = EDGE_CURVE('',#6515,#6507,#6517,.T.);
#6515 = VERTEX_POINT('',#6516);
#6516 = CARTESIAN_POINT('',(-16.275145,37.309052,1.51));
#6517 = LINE('',#6518,#6519);
#6518 = CARTESIAN_POINT('',(-16.275145,37.309052,1.51));
#6519 = VECTOR('',#6520,1.);
#6520 = DIRECTION('',(0.999770155552,2.143912469416E-02,0.));
#6521 = ORIENTED_EDGE('',*,*,#6522,.F.);
#6522 = EDGE_CURVE('',#6523,#6515,#6525,.T.);
#6523 = VERTEX_POINT('',#6524);
#6524 = CARTESIAN_POINT('',(-16.301253,37.308311,1.51));
#6525 = LINE('',#6526,#6527);
#6526 = CARTESIAN_POINT('',(-16.301253,37.308311,1.51));
#6527 = VECTOR('',#6528,1.);
#6528 = DIRECTION('',(0.99959747123,2.837068048794E-02,0.));
#6529 = ORIENTED_EDGE('',*,*,#6530,.F.);
#6530 = EDGE_CURVE('',#6531,#6523,#6533,.T.);
#6531 = VERTEX_POINT('',#6532);
#6532 = CARTESIAN_POINT('',(-17.792076,37.246,1.51));
#6533 = LINE('',#6534,#6535);
#6534 = CARTESIAN_POINT('',(-17.792076,37.246,1.51));
#6535 = VECTOR('',#6536,1.);
#6536 = DIRECTION('',(0.999127674197,4.175991684248E-02,0.));
#6537 = ORIENTED_EDGE('',*,*,#6538,.F.);
#6538 = EDGE_CURVE('',#6539,#6531,#6541,.T.);
#6539 = VERTEX_POINT('',#6540);
#6540 = CARTESIAN_POINT('',(-19.294675,37.143815,1.51));
#6541 = LINE('',#6542,#6543);
#6542 = CARTESIAN_POINT('',(-19.294675,37.143815,1.51));
#6543 = VECTOR('',#6544,1.);
#6544 = DIRECTION('',(0.997695615642,6.784879164994E-02,0.));
#6545 = ORIENTED_EDGE('',*,*,#6546,.F.);
#6546 = EDGE_CURVE('',#6547,#6539,#6549,.T.);
#6547 = VERTEX_POINT('',#6548);
#6548 = CARTESIAN_POINT('',(-20.811639,37.001246,1.51));
#6549 = LINE('',#6550,#6551);
#6550 = CARTESIAN_POINT('',(-20.811639,37.001246,1.51));
#6551 = VECTOR('',#6552,1.);
#6552 = DIRECTION('',(0.995612630528,9.357077499645E-02,0.));
#6553 = ORIENTED_EDGE('',*,*,#6554,.F.);
#6554 = EDGE_CURVE('',#6555,#6547,#6557,.T.);
#6555 = VERTEX_POINT('',#6556);
#6556 = CARTESIAN_POINT('',(-22.345964,36.817598,1.51));
#6557 = LINE('',#6558,#6559);
#6558 = CARTESIAN_POINT('',(-22.345964,36.817598,1.51));
#6559 = VECTOR('',#6560,1.);
#6560 = DIRECTION('',(0.99291284978,0.118844742174,0.));
#6561 = ORIENTED_EDGE('',*,*,#6562,.F.);
#6562 = EDGE_CURVE('',#6563,#6555,#6565,.T.);
#6563 = VERTEX_POINT('',#6564);
#6564 = CARTESIAN_POINT('',(-23.901175,36.591944,1.51));
#6565 = LINE('',#6566,#6567);
#6566 = CARTESIAN_POINT('',(-23.901175,36.591944,1.51));
#6567 = VECTOR('',#6568,1.);
#6568 = DIRECTION('',(0.989637001519,0.143591800689,0.));
#6569 = ORIENTED_EDGE('',*,*,#6570,.F.);
#6570 = EDGE_CURVE('',#6571,#6563,#6573,.T.);
#6571 = VERTEX_POINT('',#6572);
#6572 = CARTESIAN_POINT('',(-25.481503,36.323069,1.51));
#6573 = LINE('',#6574,#6575);
#6574 = CARTESIAN_POINT('',(-25.481503,36.323069,1.51));
#6575 = VECTOR('',#6576,1.);
#6576 = DIRECTION('',(0.985833240657,0.167728416241,0.));
#6577 = ORIENTED_EDGE('',*,*,#6578,.F.);
#6578 = EDGE_CURVE('',#6579,#6571,#6581,.T.);
#6579 = VERTEX_POINT('',#6580);
#6580 = CARTESIAN_POINT('',(-27.092147,36.009381,1.51));
#6581 = LINE('',#6582,#6583);
#6582 = CARTESIAN_POINT('',(-27.092147,36.009381,1.51));
#6583 = VECTOR('',#6584,1.);
#6584 = DIRECTION('',(0.981557429264,0.191167500001,0.));
#6585 = ORIENTED_EDGE('',*,*,#6586,.F.);
#6586 = EDGE_CURVE('',#6587,#6579,#6589,.T.);
#6587 = VERTEX_POINT('',#6588);
#6588 = CARTESIAN_POINT('',(-28.74975,35.646452,1.51));
#6589 = LINE('',#6590,#6591);
#6590 = CARTESIAN_POINT('',(-28.74975,35.646452,1.51));
#6591 = VECTOR('',#6592,1.);
#6592 = DIRECTION('',(0.976859604844,0.213881538297,0.));
#6593 = ORIENTED_EDGE('',*,*,#6594,.F.);
#6594 = EDGE_CURVE('',#6595,#6587,#6597,.T.);
#6595 = VERTEX_POINT('',#6596);
#6596 = CARTESIAN_POINT('',(-29.749974,35.41035,1.51));
#6597 = LINE('',#6598,#6599);
#6598 = CARTESIAN_POINT('',(-29.749974,35.41035,1.51));
#6599 = VECTOR('',#6600,1.);
#6600 = DIRECTION('',(0.973253092108,0.229735540792,0.));
#6601 = ORIENTED_EDGE('',*,*,#6602,.F.);
#6602 = EDGE_CURVE('',#6603,#6595,#6605,.T.);
#6603 = VERTEX_POINT('',#6604);
#6604 = CARTESIAN_POINT('',(-30.742998,35.165126,1.51));
#6605 = LINE('',#6606,#6607);
#6606 = CARTESIAN_POINT('',(-30.742998,35.165126,1.51));
#6607 = VECTOR('',#6608,1.);
#6608 = DIRECTION('',(0.970835959989,0.239744736736,0.));
#6609 = ORIENTED_EDGE('',*,*,#6610,.F.);
#6610 = EDGE_CURVE('',#6611,#6603,#6613,.T.);
#6611 = VERTEX_POINT('',#6612);
#6612 = CARTESIAN_POINT('',(-31.678754,34.923497,1.51));
#6613 = LINE('',#6614,#6615);
#6614 = CARTESIAN_POINT('',(-31.678754,34.923497,1.51));
#6615 = VECTOR('',#6616,1.);
#6616 = DIRECTION('',(0.968241368174,0.250017305313,0.));
#6617 = ORIENTED_EDGE('',*,*,#6618,.F.);
#6618 = EDGE_CURVE('',#6619,#6611,#6621,.T.);
#6619 = VERTEX_POINT('',#6620);
#6620 = CARTESIAN_POINT('',(-32.608444,34.672645,1.51));
#6621 = LINE('',#6622,#6623);
#6622 = CARTESIAN_POINT('',(-32.608444,34.672645,1.51));
#6623 = VECTOR('',#6624,1.);
#6624 = DIRECTION('',(0.965472007638,0.260506818466,0.));
#6625 = ORIENTED_EDGE('',*,*,#6626,.F.);
#6626 = EDGE_CURVE('',#6627,#6619,#6629,.T.);
#6627 = VERTEX_POINT('',#6628);
#6628 = CARTESIAN_POINT('',(-33.492467,34.423546,1.51));
#6629 = LINE('',#6630,#6631);
#6630 = CARTESIAN_POINT('',(-33.492467,34.423546,1.51));
#6631 = VECTOR('',#6632,1.);
#6632 = DIRECTION('',(0.962518150452,0.271217274618,0.));
#6633 = ORIENTED_EDGE('',*,*,#6634,.F.);
#6634 = EDGE_CURVE('',#6635,#6627,#6637,.T.);
#6635 = VERTEX_POINT('',#6636);
#6636 = CARTESIAN_POINT('',(-34.371302,34.165123,1.51));
#6637 = LINE('',#6638,#6639);
#6638 = CARTESIAN_POINT('',(-34.371302,34.165123,1.51));
#6639 = VECTOR('',#6640,1.);
#6640 = DIRECTION('',(0.959382604685,0.282108166892,0.));
#6641 = ORIENTED_EDGE('',*,*,#6642,.F.);
#6642 = EDGE_CURVE('',#6643,#6635,#6645,.T.);
#6643 = VERTEX_POINT('',#6644);
#6644 = CARTESIAN_POINT('',(-35.212839,33.90706,1.51));
#6645 = LINE('',#6646,#6647);
#6646 = CARTESIAN_POINT('',(-35.212839,33.90706,1.51));
#6647 = VECTOR('',#6648,1.);
#6648 = DIRECTION('',(0.956056866158,0.293181289772,0.));
#6649 = ORIENTED_EDGE('',*,*,#6650,.F.);
#6650 = EDGE_CURVE('',#6651,#6643,#6653,.T.);
#6651 = VERTEX_POINT('',#6652);
#6652 = CARTESIAN_POINT('',(-36.049887,33.639566,1.51));
#6653 = LINE('',#6654,#6655);
#6654 = CARTESIAN_POINT('',(-36.049887,33.639566,1.51));
#6655 = VECTOR('',#6656,1.);
#6656 = DIRECTION('',(0.952543441426,0.304402680994,0.));
#6657 = ORIENTED_EDGE('',*,*,#6658,.F.);
#6658 = EDGE_CURVE('',#6659,#6651,#6661,.T.);
#6659 = VERTEX_POINT('',#6660);
#6660 = CARTESIAN_POINT('',(-36.855956,33.371311,1.51));
#6661 = LINE('',#6662,#6663);
#6662 = CARTESIAN_POINT('',(-36.855956,33.371311,1.51));
#6663 = VECTOR('',#6664,1.);
#6664 = DIRECTION('',(0.948836682212,0.315767241001,0.));
#6665 = ORIENTED_EDGE('',*,*,#6666,.F.);
#6666 = EDGE_CURVE('',#6667,#6659,#6669,.T.);
#6667 = VERTEX_POINT('',#6668);
#6668 = CARTESIAN_POINT('',(-37.658112,33.093511,1.51));
#6669 = LINE('',#6670,#6671);
#6670 = CARTESIAN_POINT('',(-37.658112,33.093511,1.51));
#6671 = VECTOR('',#6672,1.);
#6672 = DIRECTION('',(0.94493850157,0.327247961414,0.));
#6673 = ORIENTED_EDGE('',*,*,#6674,.F.);
#6674 = EDGE_CURVE('',#6675,#6667,#6677,.T.);
#6675 = VERTEX_POINT('',#6676);
#6676 = CARTESIAN_POINT('',(-38.434225,32.814,1.51));
#6677 = LINE('',#6678,#6679);
#6678 = CARTESIAN_POINT('',(-38.434225,32.814,1.51));
#6679 = VECTOR('',#6680,1.);
#6680 = DIRECTION('',(0.940844783277,0.338837857655,0.));
#6681 = ORIENTED_EDGE('',*,*,#6682,.F.);
#6682 = EDGE_CURVE('',#6683,#6675,#6685,.T.);
#6683 = VERTEX_POINT('',#6684);
#6684 = CARTESIAN_POINT('',(-39.206909,32.524821,1.51));
#6685 = LINE('',#6686,#6687);
#6686 = CARTESIAN_POINT('',(-39.206909,32.524821,1.51));
#6687 = VECTOR('',#6688,1.);
#6688 = DIRECTION('',(0.936559106677,0.350509685602,0.));
#6689 = ORIENTED_EDGE('',*,*,#6690,.F.);
#6690 = EDGE_CURVE('',#6691,#6683,#6693,.T.);
#6691 = VERTEX_POINT('',#6692);
#6692 = CARTESIAN_POINT('',(-40.009869,32.212337,1.51));
#6693 = LINE('',#6694,#6695);
#6694 = CARTESIAN_POINT('',(-40.009869,32.212337,1.51));
#6695 = VECTOR('',#6696,1.);
#6696 = DIRECTION('',(0.931917695964,0.362669833249,0.));
#6697 = ORIENTED_EDGE('',*,*,#6698,.F.);
#6698 = EDGE_CURVE('',#6699,#6691,#6701,.T.);
#6699 = VERTEX_POINT('',#6700);
#6700 = CARTESIAN_POINT('',(-40.701406,31.932352,1.51));
#6701 = LINE('',#6702,#6703);
#6702 = CARTESIAN_POINT('',(-40.701406,31.932352,1.51));
#6703 = VECTOR('',#6704,1.);
#6704 = DIRECTION('',(0.926910837215,0.375281627386,0.));
#6705 = ORIENTED_EDGE('',*,*,#6706,.F.);
#6706 = EDGE_CURVE('',#6707,#6699,#6709,.T.);
#6707 = VERTEX_POINT('',#6708);
#6708 = CARTESIAN_POINT('',(-41.390196,31.642122,1.51));
#6709 = LINE('',#6710,#6711);
#6710 = CARTESIAN_POINT('',(-41.390196,31.642122,1.51));
#6711 = VECTOR('',#6712,1.);
#6712 = DIRECTION('',(0.92153334797,0.388299225571,0.));
#6713 = ORIENTED_EDGE('',*,*,#6714,.F.);
#6714 = EDGE_CURVE('',#6715,#6707,#6717,.T.);
#6715 = VERTEX_POINT('',#6716);
#6716 = CARTESIAN_POINT('',(-42.043332,31.355788,1.51));
#6717 = LINE('',#6718,#6719);
#6718 = CARTESIAN_POINT('',(-42.043332,31.355788,1.51));
#6719 = VECTOR('',#6720,1.);
#6720 = DIRECTION('',(0.915854815367,0.401509597853,0.));
#6721 = ORIENTED_EDGE('',*,*,#6722,.F.);
#6722 = EDGE_CURVE('',#6723,#6715,#6725,.T.);
#6723 = VERTEX_POINT('',#6724);
#6724 = CARTESIAN_POINT('',(-42.693741,31.05924,1.51));
#6725 = LINE('',#6726,#6727);
#6726 = CARTESIAN_POINT('',(-42.693741,31.05924,1.51));
#6727 = VECTOR('',#6728,1.);
#6728 = DIRECTION('',(0.90988759247,0.414854877119,0.));
#6729 = ORIENTED_EDGE('',*,*,#6730,.F.);
#6730 = EDGE_CURVE('',#6731,#6723,#6733,.T.);
#6731 = VERTEX_POINT('',#6732);
#6732 = CARTESIAN_POINT('',(-43.314908,30.764792,1.51));
#6733 = LINE('',#6734,#6735);
#6734 = CARTESIAN_POINT('',(-43.314908,30.764792,1.51));
#6735 = VECTOR('',#6736,1.);
#6736 = DIRECTION('',(0.903619054209,0.42833702253,0.));
#6737 = ORIENTED_EDGE('',*,*,#6738,.F.);
#6738 = EDGE_CURVE('',#6739,#6731,#6741,.T.);
#6739 = VERTEX_POINT('',#6740);
#6740 = CARTESIAN_POINT('',(-43.933357,30.460134,1.51));
#6741 = LINE('',#6742,#6743);
#6742 = CARTESIAN_POINT('',(-43.933357,30.460134,1.51));
#6743 = VECTOR('',#6744,1.);
#6744 = DIRECTION('',(0.897060979555,0.441906776322,0.));
#6745 = ORIENTED_EDGE('',*,*,#6746,.F.);
#6746 = EDGE_CURVE('',#6747,#6739,#6749,.T.);
#6747 = VERTEX_POINT('',#6748);
#6748 = CARTESIAN_POINT('',(-44.527272,30.156196,1.51));
#6749 = LINE('',#6750,#6751);
#6750 = CARTESIAN_POINT('',(-44.527272,30.156196,1.51));
#6751 = VECTOR('',#6752,1.);
#6752 = DIRECTION('',(0.890202872454,0.45556431585,0.));
#6753 = ORIENTED_EDGE('',*,*,#6754,.F.);
#6754 = EDGE_CURVE('',#6755,#6747,#6757,.T.);
#6755 = VERTEX_POINT('',#6756);
#6756 = CARTESIAN_POINT('',(-45.118471,29.842029,1.51));
#6757 = LINE('',#6758,#6759);
#6758 = CARTESIAN_POINT('',(-45.118471,29.842029,1.51));
#6759 = VECTOR('',#6760,1.);
#6760 = DIRECTION('',(0.883058449317,0.469263012702,0.));
#6761 = ORIENTED_EDGE('',*,*,#6762,.F.);
#6762 = EDGE_CURVE('',#6763,#6755,#6765,.T.);
#6763 = VERTEX_POINT('',#6764);
#6764 = CARTESIAN_POINT('',(-45.688736,29.527464,1.51));
#6765 = LINE('',#6766,#6767);
#6766 = CARTESIAN_POINT('',(-45.688736,29.527464,1.51));
#6767 = VECTOR('',#6768,1.);
#6768 = DIRECTION('',(0.875619223596,0.483002044787,0.));
#6769 = ORIENTED_EDGE('',*,*,#6770,.F.);
#6770 = EDGE_CURVE('',#6771,#6763,#6773,.T.);
#6771 = VERTEX_POINT('',#6772);
#6772 = CARTESIAN_POINT('',(-46.256281,29.202628,1.51));
#6773 = LINE('',#6774,#6775);
#6774 = CARTESIAN_POINT('',(-46.256281,29.202628,1.51));
#6775 = VECTOR('',#6776,1.);
#6776 = DIRECTION('',(0.867897376375,0.496743539547,0.));
#6777 = ORIENTED_EDGE('',*,*,#6778,.F.);
#6778 = EDGE_CURVE('',#6779,#6771,#6781,.T.);
#6779 = VERTEX_POINT('',#6780);
#6780 = CARTESIAN_POINT('',(-46.805735,28.876443,1.51));
#6781 = LINE('',#6782,#6783);
#6782 = CARTESIAN_POINT('',(-46.805735,28.876443,1.51));
#6783 = VECTOR('',#6784,1.);
#6784 = DIRECTION('',(0.859891368101,0.51047706615,0.));
#6785 = ORIENTED_EDGE('',*,*,#6786,.F.);
#6786 = EDGE_CURVE('',#6787,#6779,#6789,.T.);
#6787 = VERTEX_POINT('',#6788);
#6788 = CARTESIAN_POINT('',(-47.352458,28.539929,1.51));
#6789 = LINE('',#6790,#6791);
#6790 = CARTESIAN_POINT('',(-47.352458,28.539929,1.51));
#6791 = VECTOR('',#6792,1.);
#6792 = DIRECTION('',(0.851610286295,0.524175467069,0.));
#6793 = ORIENTED_EDGE('',*,*,#6794,.F.);
#6794 = EDGE_CURVE('',#6795,#6787,#6797,.T.);
#6795 = VERTEX_POINT('',#6796);
#6796 = CARTESIAN_POINT('',(-47.883389,28.201223,1.51));
#6797 = LINE('',#6798,#6799);
#6798 = CARTESIAN_POINT('',(-47.883389,28.201223,1.51));
#6799 = VECTOR('',#6800,1.);
#6800 = DIRECTION('',(0.843056221365,0.537825443445,0.));
#6801 = ORIENTED_EDGE('',*,*,#6802,.F.);
#6802 = EDGE_CURVE('',#6803,#6795,#6805,.T.);
#6803 = VERTEX_POINT('',#6804);
#6804 = CARTESIAN_POINT('',(-48.411573,27.852112,1.51));
#6805 = LINE('',#6806,#6807);
#6806 = CARTESIAN_POINT('',(-48.411573,27.852112,1.51));
#6807 = VECTOR('',#6808,1.);
#6808 = DIRECTION('',(0.834239210225,0.551402702318,0.));
#6809 = ORIENTED_EDGE('',*,*,#6810,.F.);
#6810 = EDGE_CURVE('',#6811,#6803,#6813,.T.);
#6811 = VERTEX_POINT('',#6812);
#6812 = CARTESIAN_POINT('',(-48.925864,27.500036,1.51));
#6813 = LINE('',#6814,#6815);
#6814 = CARTESIAN_POINT('',(-48.925864,27.500036,1.51));
#6815 = VECTOR('',#6816,1.);
#6816 = DIRECTION('',(0.825163156238,0.564894472965,0.));
#6817 = ORIENTED_EDGE('',*,*,#6818,.F.);
#6818 = EDGE_CURVE('',#6819,#6811,#6821,.T.);
#6819 = VERTEX_POINT('',#6820);
#6820 = CARTESIAN_POINT('',(-49.437387,27.137463,1.51));
#6821 = LINE('',#6822,#6823);
#6822 = CARTESIAN_POINT('',(-49.437387,27.137463,1.51));
#6823 = VECTOR('',#6824,1.);
#6824 = DIRECTION('',(0.815840724828,0.578276674017,0.));
#6825 = ORIENTED_EDGE('',*,*,#6826,.F.);
#6826 = EDGE_CURVE('',#6827,#6819,#6829,.T.);
#6827 = VERTEX_POINT('',#6828);
#6828 = CARTESIAN_POINT('',(-49.936607,26.771201,1.51));
#6829 = LINE('',#6830,#6831);
#6830 = CARTESIAN_POINT('',(-49.936607,26.771201,1.51));
#6831 = VECTOR('',#6832,1.);
#6832 = DIRECTION('',(0.806276097717,0.591539393658,0.));
#6833 = ORIENTED_EDGE('',*,*,#6834,.F.);
#6834 = EDGE_CURVE('',#6835,#6827,#6837,.T.);
#6835 = VERTEX_POINT('',#6836);
#6836 = CARTESIAN_POINT('',(-50.433034,26.394329,1.51));
#6837 = LINE('',#6838,#6839);
#6838 = CARTESIAN_POINT('',(-50.433034,26.394329,1.51));
#6839 = VECTOR('',#6840,1.);
#6840 = DIRECTION('',(0.796480930114,0.604663648621,0.));
#6841 = ORIENTED_EDGE('',*,*,#6842,.F.);
#6842 = EDGE_CURVE('',#6843,#6835,#6845,.T.);
#6843 = VERTEX_POINT('',#6844);
#6844 = CARTESIAN_POINT('',(-51.20732,25.780092,1.51));
#6845 = LINE('',#6846,#6847);
#6846 = CARTESIAN_POINT('',(-51.20732,25.780092,1.51));
#6847 = VECTOR('',#6848,1.);
#6848 = DIRECTION('',(0.783424716802,0.621486695839,0.));
#6849 = ORIENTED_EDGE('',*,*,#6850,.F.);
#6850 = EDGE_CURVE('',#6851,#6843,#6853,.T.);
#6851 = VERTEX_POINT('',#6852);
#6852 = CARTESIAN_POINT('',(-52.146031,24.989392,1.51));
#6853 = LINE('',#6854,#6855);
#6854 = CARTESIAN_POINT('',(-52.146031,24.989392,1.51));
#6855 = VECTOR('',#6856,1.);
#6856 = DIRECTION('',(0.764828283893,0.644234193564,0.));
#6857 = ORIENTED_EDGE('',*,*,#6858,.F.);
#6858 = EDGE_CURVE('',#6859,#6851,#6861,.T.);
#6859 = VERTEX_POINT('',#6860);
#6860 = CARTESIAN_POINT('',(-53.077758,24.152042,1.51));
#6861 = LINE('',#6862,#6863);
#6862 = CARTESIAN_POINT('',(-53.077758,24.152042,1.51));
#6863 = VECTOR('',#6864,1.);
#6864 = DIRECTION('',(0.743771980536,0.66843342299,0.));
#6865 = ORIENTED_EDGE('',*,*,#6866,.F.);
#6866 = EDGE_CURVE('',#6867,#6859,#6869,.T.);
#6867 = VERTEX_POINT('',#6868);
#6868 = CARTESIAN_POINT('',(-54.000885,23.26839,1.51));
#6869 = LINE('',#6870,#6871);
#6870 = CARTESIAN_POINT('',(-54.000885,23.26839,1.51));
#6871 = VECTOR('',#6872,1.);
#6872 = DIRECTION('',(0.722383449632,0.691492698225,0.));
#6873 = ORIENTED_EDGE('',*,*,#6874,.F.);
#6874 = EDGE_CURVE('',#6875,#6867,#6877,.T.);
#6875 = VERTEX_POINT('',#6876);
#6876 = CARTESIAN_POINT('',(-54.913764,22.338904,1.51));
#6877 = LINE('',#6878,#6879);
#6878 = CARTESIAN_POINT('',(-54.913764,22.338904,1.51));
#6879 = VECTOR('',#6880,1.);
#6880 = DIRECTION('',(0.700704484597,0.713451627839,0.));
#6881 = ORIENTED_EDGE('',*,*,#6882,.F.);
#6882 = EDGE_CURVE('',#6883,#6875,#6885,.T.);
#6883 = VERTEX_POINT('',#6884);
#6884 = CARTESIAN_POINT('',(-55.814727,21.364172,1.51));
#6885 = LINE('',#6886,#6887);
#6886 = CARTESIAN_POINT('',(-55.814727,21.364172,1.51));
#6887 = VECTOR('',#6888,1.);
#6888 = DIRECTION('',(0.678772310649,0.734348793351,0.));
#6889 = ORIENTED_EDGE('',*,*,#6890,.F.);
#6890 = EDGE_CURVE('',#6891,#6883,#6893,.T.);
#6891 = VERTEX_POINT('',#6892);
#6892 = CARTESIAN_POINT('',(-56.702103,20.344896,1.51));
#6893 = LINE('',#6894,#6895);
#6894 = CARTESIAN_POINT('',(-56.702103,20.344896,1.51));
#6895 = VECTOR('',#6896,1.);
#6896 = DIRECTION('',(0.656620620688,0.754221028935,0.));
#6897 = ORIENTED_EDGE('',*,*,#6898,.F.);
#6898 = EDGE_CURVE('',#6899,#6891,#6901,.T.);
#6899 = VERTEX_POINT('',#6900);
#6900 = CARTESIAN_POINT('',(-57.57422,19.281891,1.51));
#6901 = LINE('',#6902,#6903);
#6902 = CARTESIAN_POINT('',(-57.57422,19.281891,1.51));
#6903 = VECTOR('',#6904,1.);
#6904 = DIRECTION('',(0.634276522202,0.773106262673,0.));
#6905 = ORIENTED_EDGE('',*,*,#6906,.F.);
#6906 = EDGE_CURVE('',#6907,#6899,#6909,.T.);
#6907 = VERTEX_POINT('',#6908);
#6908 = CARTESIAN_POINT('',(-58.429423,18.176077,1.51));
#6909 = LINE('',#6910,#6911);
#6910 = CARTESIAN_POINT('',(-58.429423,18.176077,1.51));
#6911 = VECTOR('',#6912,1.);
#6912 = DIRECTION('',(0.611765624002,0.791039076968,0.));
#6913 = ORIENTED_EDGE('',*,*,#6914,.F.);
#6914 = EDGE_CURVE('',#6915,#6907,#6917,.T.);
#6915 = VERTEX_POINT('',#6916);
#6916 = CARTESIAN_POINT('',(-58.850344,17.607194,1.51));
#6917 = LINE('',#6918,#6919);
#6918 = CARTESIAN_POINT('',(-58.850344,17.607194,1.51));
#6919 = VECTOR('',#6920,1.);
#6920 = DIRECTION('',(0.594795140783,0.803877316822,0.));
#6921 = ORIENTED_EDGE('',*,*,#6922,.F.);
#6922 = EDGE_CURVE('',#6923,#6915,#6925,.T.);
#6923 = VERTEX_POINT('',#6924);
#6924 = CARTESIAN_POINT('',(-59.266084,17.028468,1.51));
#6925 = LINE('',#6926,#6927);
#6926 = CARTESIAN_POINT('',(-59.266084,17.028468,1.51));
#6927 = VECTOR('',#6928,1.);
#6928 = DIRECTION('',(0.583433092974,0.812161206918,0.));
#6929 = ORIENTED_EDGE('',*,*,#6930,.F.);
#6930 = EDGE_CURVE('',#6931,#6923,#6933,.T.);
#6931 = VERTEX_POINT('',#6932);
#6932 = CARTESIAN_POINT('',(-59.677075,16.439167,1.51));
#6933 = LINE('',#6934,#6935);
#6934 = CARTESIAN_POINT('',(-59.677075,16.439167,1.51));
#6935 = VECTOR('',#6936,1.);
#6936 = DIRECTION('',(0.572041879724,0.820224413098,0.));
#6937 = ORIENTED_EDGE('',*,*,#6938,.F.);
#6938 = EDGE_CURVE('',#6939,#6931,#6941,.T.);
#6939 = VERTEX_POINT('',#6940);
#6940 = CARTESIAN_POINT('',(-60.082608,15.840168,1.51));
#6941 = LINE('',#6942,#6943);
#6942 = CARTESIAN_POINT('',(-60.082608,15.840168,1.51));
#6943 = VECTOR('',#6944,1.);
#6944 = DIRECTION('',(0.560620214575,0.82807304932,0.));
#6945 = ORIENTED_EDGE('',*,*,#6946,.F.);
#6946 = EDGE_CURVE('',#6947,#6939,#6949,.T.);
#6947 = VERTEX_POINT('',#6948);
#6948 = CARTESIAN_POINT('',(-60.482891,15.231035,1.51));
#6949 = LINE('',#6950,#6951);
#6950 = CARTESIAN_POINT('',(-60.482891,15.231035,1.51));
#6951 = VECTOR('',#6952,1.);
#6952 = DIRECTION('',(0.549173670643,0.835708250212,0.));
#6953 = ORIENTED_EDGE('',*,*,#6954,.F.);
#6954 = EDGE_CURVE('',#6955,#6947,#6957,.T.);
#6955 = VERTEX_POINT('',#6956);
#6956 = CARTESIAN_POINT('',(-60.877445,14.612358,1.51));
#6957 = LINE('',#6958,#6959);
#6958 = CARTESIAN_POINT('',(-60.877445,14.612358,1.51));
#6959 = VECTOR('',#6960,1.);
#6960 = DIRECTION('',(0.537700173485,0.843136123905,0.));
#6961 = ORIENTED_EDGE('',*,*,#6962,.F.);
#6962 = EDGE_CURVE('',#6963,#6955,#6965,.T.);
#6963 = VERTEX_POINT('',#6964);
#6964 = CARTESIAN_POINT('',(-60.928696,14.530615,1.51));
#6965 = LINE('',#6966,#6967);
#6966 = CARTESIAN_POINT('',(-60.928696,14.530615,1.51));
#6967 = VECTOR('',#6968,1.);
#6968 = DIRECTION('',(0.531203043668,0.847244549347,0.));
#6969 = ORIENTED_EDGE('',*,*,#6970,.F.);
#6970 = EDGE_CURVE('',#6971,#6963,#6973,.T.);
#6971 = VERTEX_POINT('',#6972);
#6972 = CARTESIAN_POINT('',(-61.700046,13.260323,1.51));
#6973 = LINE('',#6974,#6975);
#6974 = CARTESIAN_POINT('',(-61.700046,13.260323,1.51));
#6975 = VECTOR('',#6976,1.);
#6976 = DIRECTION('',(0.51902793043,0.854757279836,0.));
#6977 = ORIENTED_EDGE('',*,*,#6978,.F.);
#6978 = EDGE_CURVE('',#6979,#6971,#6981,.T.);
#6979 = VERTEX_POINT('',#6980);
#6980 = CARTESIAN_POINT('',(-62.452919,11.943334,1.51));
#6981 = LINE('',#6982,#6983);
#6982 = CARTESIAN_POINT('',(-62.452919,11.943334,1.51));
#6983 = VECTOR('',#6984,1.);
#6984 = DIRECTION('',(0.496291915157,0.868155708931,0.));
#6985 = ORIENTED_EDGE('',*,*,#6986,.F.);
#6986 = EDGE_CURVE('',#6987,#6979,#6989,.T.);
#6987 = VERTEX_POINT('',#6988);
#6988 = CARTESIAN_POINT('',(-63.184917,10.582192,1.51));
#6989 = LINE('',#6990,#6991);
#6990 = CARTESIAN_POINT('',(-63.184917,10.582192,1.51));
#6991 = VECTOR('',#6992,1.);
#6992 = DIRECTION('',(0.473635962218,0.88072071356,0.));
#6993 = ORIENTED_EDGE('',*,*,#6994,.F.);
#6994 = EDGE_CURVE('',#6995,#6987,#6997,.T.);
#6995 = VERTEX_POINT('',#6996);
#6996 = CARTESIAN_POINT('',(-63.893642,9.179789,1.51));
#6997 = LINE('',#6998,#6999);
#6998 = CARTESIAN_POINT('',(-63.893642,9.179789,1.51));
#6999 = VECTOR('',#7000,1.);
#7000 = DIRECTION('',(0.451039921064,0.892503775682,0.));
#7001 = ORIENTED_EDGE('',*,*,#7002,.F.);
#7002 = EDGE_CURVE('',#7003,#6995,#7005,.T.);
#7003 = VERTEX_POINT('',#7004);
#7004 = CARTESIAN_POINT('',(-64.576723,7.739343,1.51));
#7005 = LINE('',#7006,#7007);
#7006 = CARTESIAN_POINT('',(-64.576723,7.739343,1.51));
#7007 = VECTOR('',#7008,1.);
#7008 = DIRECTION('',(0.428477959611,0.903552233204,0.));
#7009 = ORIENTED_EDGE('',*,*,#7010,.F.);
#7010 = EDGE_CURVE('',#7011,#7003,#7013,.T.);
#7011 = VERTEX_POINT('',#7012);
#7012 = CARTESIAN_POINT('',(-65.231851,6.264371,1.51));
#7013 = LINE('',#7014,#7015);
#7014 = CARTESIAN_POINT('',(-65.231851,6.264371,1.51));
#7015 = VECTOR('',#7016,1.);
#7016 = DIRECTION('',(0.405923673834,0.913906981602,0.));
#7017 = ORIENTED_EDGE('',*,*,#7018,.F.);
#7018 = EDGE_CURVE('',#7019,#7011,#7021,.T.);
#7019 = VERTEX_POINT('',#7020);
#7020 = CARTESIAN_POINT('',(-65.856805,4.758654,1.51));
#7021 = LINE('',#7022,#7023);
#7022 = CARTESIAN_POINT('',(-65.856805,4.758654,1.51));
#7023 = VECTOR('',#7024,1.);
#7024 = DIRECTION('',(0.383345960958,0.923604825787,0.));
#7025 = ORIENTED_EDGE('',*,*,#7026,.F.);
#7026 = EDGE_CURVE('',#7027,#7019,#7029,.T.);
#7027 = VERTEX_POINT('',#7028);
#7028 = CARTESIAN_POINT('',(-66.449483,3.226189,1.51));
#7029 = LINE('',#7030,#7031);
#7030 = CARTESIAN_POINT('',(-66.449483,3.226189,1.51));
#7031 = VECTOR('',#7032,1.);
#7032 = DIRECTION('',(0.360711303063,0.932677519748,0.));
#7033 = ORIENTED_EDGE('',*,*,#7034,.F.);
#7034 = EDGE_CURVE('',#7035,#7027,#7037,.T.);
#7035 = VERTEX_POINT('',#7036);
#7036 = CARTESIAN_POINT('',(-66.733127,2.451154,1.51));
#7037 = LINE('',#7038,#7039);
#7038 = CARTESIAN_POINT('',(-66.733127,2.451154,1.51));
#7039 = VECTOR('',#7040,1.);
#7040 = DIRECTION('',(0.343682632431,0.939085857718,0.));
#7041 = ORIENTED_EDGE('',*,*,#7042,.F.);
#7042 = EDGE_CURVE('',#7043,#7035,#7045,.T.);
#7043 = VERTEX_POINT('',#7044);
#7044 = CARTESIAN_POINT('',(-67.007932,1.671148,1.51));
#7045 = LINE('',#7046,#7047);
#7046 = CARTESIAN_POINT('',(-67.007932,1.671148,1.51));
#7047 = VECTOR('',#7048,1.);
#7048 = DIRECTION('',(0.332291864641,0.943176609492,0.));
#7049 = ORIENTED_EDGE('',*,*,#7050,.F.);
#7050 = EDGE_CURVE('',#7051,#7043,#7053,.T.);
#7051 = VERTEX_POINT('',#7052);
#7052 = CARTESIAN_POINT('',(-67.273697,0.886674,1.51));
#7053 = LINE('',#7054,#7055);
#7054 = CARTESIAN_POINT('',(-67.273697,0.886674,1.51));
#7055 = VECTOR('',#7056,1.);
#7056 = DIRECTION('',(0.32086775542,0.947124006417,0.));
#7057 = ORIENTED_EDGE('',*,*,#7058,.F.);
#7058 = EDGE_CURVE('',#7059,#7051,#7061,.T.);
#7059 = VERTEX_POINT('',#7060);
#7060 = CARTESIAN_POINT('',(-67.530368,9.7818E-02,1.51));
#7061 = LINE('',#7062,#7063);
#7062 = CARTESIAN_POINT('',(-67.530368,9.7818E-02,1.51));
#7063 = VECTOR('',#7064,1.);
#7064 = DIRECTION('',(0.309405292613,0.950930262902,0.));
#7065 = ORIENTED_EDGE('',*,*,#7066,.F.);
#7066 = EDGE_CURVE('',#7067,#7059,#7069,.T.);
#7067 = VERTEX_POINT('',#7068);
#7068 = CARTESIAN_POINT('',(-67.777447,-0.693923,1.51));
#7069 = LINE('',#7070,#7071);
#7070 = CARTESIAN_POINT('',(-67.777447,-0.693923,1.51));
#7071 = VECTOR('',#7072,1.);
#7072 = DIRECTION('',(0.297901437144,0.954596634054,0.));
#7073 = ORIENTED_EDGE('',*,*,#7074,.F.);
#7074 = EDGE_CURVE('',#7075,#7067,#7077,.T.);
#7075 = VERTEX_POINT('',#7076);
#7076 = CARTESIAN_POINT('',(-68.015201,-1.48945,1.51));
#7077 = LINE('',#7078,#7079);
#7078 = CARTESIAN_POINT('',(-68.015201,-1.48945,1.51));
#7079 = VECTOR('',#7080,1.);
#7080 = DIRECTION('',(0.286348747823,0.958125458706,0.));
#7081 = ORIENTED_EDGE('',*,*,#7082,.F.);
#7082 = EDGE_CURVE('',#7083,#7075,#7085,.T.);
#7083 = VERTEX_POINT('',#7084);
#7084 = CARTESIAN_POINT('',(-68.242888,-2.28628,1.51));
#7085 = LINE('',#7086,#7087);
#7086 = CARTESIAN_POINT('',(-68.242888,-2.28628,1.51));
#7087 = VECTOR('',#7088,1.);
#7088 = DIRECTION('',(0.274744874324,0.96151716263,0.));
#7089 = ORIENTED_EDGE('',*,*,#7090,.F.);
#7090 = EDGE_CURVE('',#7091,#7083,#7093,.T.);
#7091 = VERTEX_POINT('',#7092);
#7092 = CARTESIAN_POINT('',(-68.461045,-3.086296,1.51));
#7093 = LINE('',#7094,#7095);
#7094 = CARTESIAN_POINT('',(-68.461045,-3.086296,1.51));
#7095 = VECTOR('',#7096,1.);
#7096 = DIRECTION('',(0.263084650405,0.964772753928,0.));
#7097 = ORIENTED_EDGE('',*,*,#7098,.F.);
#7098 = EDGE_CURVE('',#7099,#7091,#7101,.T.);
#7099 = VERTEX_POINT('',#7100);
#7100 = CARTESIAN_POINT('',(-68.668745,-3.886054,1.51));
#7101 = LINE('',#7102,#7103);
#7102 = CARTESIAN_POINT('',(-68.668745,-3.886054,1.51));
#7103 = VECTOR('',#7104,1.);
#7104 = DIRECTION('',(0.251365088138,0.967892345494,0.));
#7105 = ORIENTED_EDGE('',*,*,#7106,.F.);
#7106 = EDGE_CURVE('',#7107,#7099,#7109,.T.);
#7107 = VERTEX_POINT('',#7108);
#7108 = CARTESIAN_POINT('',(-68.866735,-4.688402,1.51));
#7109 = LINE('',#7110,#7111);
#7110 = CARTESIAN_POINT('',(-68.866735,-4.688402,1.51));
#7111 = VECTOR('',#7112,1.);
#7112 = DIRECTION('',(0.239576862579,0.970877400559,0.));
#7113 = ORIENTED_EDGE('',*,*,#7114,.F.);
#7114 = EDGE_CURVE('',#7115,#7107,#7117,.T.);
#7115 = VERTEX_POINT('',#7116);
#7116 = CARTESIAN_POINT('',(-69.053961,-5.488976,1.51));
#7117 = LINE('',#7118,#7119);
#7118 = CARTESIAN_POINT('',(-69.053961,-5.488976,1.51));
#7119 = VECTOR('',#7120,1.);
#7120 = DIRECTION('',(0.227720279161,0.973726591225,0.));
#7121 = ORIENTED_EDGE('',*,*,#7122,.F.);
#7122 = EDGE_CURVE('',#7123,#7115,#7125,.T.);
#7123 = VERTEX_POINT('',#7124);
#7124 = CARTESIAN_POINT('',(-69.231326,-6.291549,1.51));
#7125 = LINE('',#7126,#7127);
#7126 = CARTESIAN_POINT('',(-69.231326,-6.291549,1.51));
#7127 = VECTOR('',#7128,1.);
#7128 = DIRECTION('',(0.215788831997,0.976440054476,0.));
#7129 = ORIENTED_EDGE('',*,*,#7130,.F.);
#7130 = EDGE_CURVE('',#7131,#7123,#7133,.T.);
#7131 = VERTEX_POINT('',#7132);
#7132 = CARTESIAN_POINT('',(-69.350329,-6.858189,1.51));
#7133 = LINE('',#7134,#7135);
#7134 = CARTESIAN_POINT('',(-69.350329,-6.858189,1.51));
#7135 = VECTOR('',#7136,1.);
#7136 = DIRECTION('',(0.205531460066,0.97865050908,0.));
#7137 = ORIENTED_EDGE('',*,*,#7138,.F.);
#7138 = EDGE_CURVE('',#7139,#7131,#7141,.T.);
#7139 = VERTEX_POINT('',#7140);
#7140 = CARTESIAN_POINT('',(-69.659027,-8.4598,1.51));
#7141 = LINE('',#7142,#7143);
#7142 = CARTESIAN_POINT('',(-69.659027,-8.4598,1.51));
#7143 = VECTOR('',#7144,1.);
#7144 = DIRECTION('',(0.189258799709,0.981927241059,0.));
#7145 = ORIENTED_EDGE('',*,*,#7146,.F.);
#7146 = EDGE_CURVE('',#7147,#7139,#7149,.T.);
#7147 = VERTEX_POINT('',#7148);
#7148 = CARTESIAN_POINT('',(-69.928272,-10.067723,1.51));
#7149 = LINE('',#7150,#7151);
#7150 = CARTESIAN_POINT('',(-69.928272,-10.067723,1.51));
#7151 = VECTOR('',#7152,1.);
#7152 = DIRECTION('',(0.165149617895,0.986268525154,0.));
#7153 = ORIENTED_EDGE('',*,*,#7154,.F.);
#7154 = EDGE_CURVE('',#7155,#7147,#7157,.T.);
#7155 = VERTEX_POINT('',#7156);
#7156 = CARTESIAN_POINT('',(-70.157898,-11.680875,1.51));
#7157 = LINE('',#7158,#7159);
#7158 = CARTESIAN_POINT('',(-70.157898,-11.680875,1.51));
#7159 = VECTOR('',#7160,1.);
#7160 = DIRECTION('',(0.140925577216,0.990020192565,0.));
#7161 = ORIENTED_EDGE('',*,*,#7162,.F.);
#7162 = EDGE_CURVE('',#7163,#7155,#7165,.T.);
#7163 = VERTEX_POINT('',#7164);
#7164 = CARTESIAN_POINT('',(-70.347763,-13.298151,1.51));
#7165 = LINE('',#7166,#7167);
#7166 = CARTESIAN_POINT('',(-70.347763,-13.298151,1.51));
#7167 = VECTOR('',#7168,1.);
#7168 = DIRECTION('',(0.116597280385,0.993179275965,0.));
#7169 = ORIENTED_EDGE('',*,*,#7170,.F.);
#7170 = EDGE_CURVE('',#7171,#7163,#7173,.T.);
#7171 = VERTEX_POINT('',#7172);
#7172 = CARTESIAN_POINT('',(-70.497756,-14.918434,1.51));
#7173 = LINE('',#7174,#7175);
#7174 = CARTESIAN_POINT('',(-70.497756,-14.918434,1.51));
#7175 = VECTOR('',#7176,1.);
#7176 = DIRECTION('',(9.217797870952E-02,0.995742547168,0.));
#7177 = ORIENTED_EDGE('',*,*,#7178,.F.);
#7178 = EDGE_CURVE('',#7179,#7171,#7181,.T.);
#7179 = VERTEX_POINT('',#7180);
#7180 = CARTESIAN_POINT('',(-70.607794,-16.540592,1.51));
#7181 = LINE('',#7182,#7183);
#7182 = CARTESIAN_POINT('',(-70.607794,-16.540592,1.51));
#7183 = VECTOR('',#7184,1.);
#7184 = DIRECTION('',(6.767879618467E-02,0.99770716172,0.));
#7185 = ORIENTED_EDGE('',*,*,#7186,.F.);
#7186 = EDGE_CURVE('',#7187,#7179,#7189,.T.);
#7187 = VERTEX_POINT('',#7188);
#7188 = CARTESIAN_POINT('',(-70.647816,-17.352077,1.51));
#7189 = LINE('',#7190,#7191);
#7190 = CARTESIAN_POINT('',(-70.647816,-17.352077,1.51));
#7191 = VECTOR('',#7192,1.);
#7192 = DIRECTION('',(4.925958419942E-02,0.998786009796,0.));
#7193 = ORIENTED_EDGE('',*,*,#7194,.F.);
#7194 = EDGE_CURVE('',#7195,#7187,#7197,.T.);
#7195 = VERTEX_POINT('',#7196);
#7196 = CARTESIAN_POINT('',(-70.677827,-18.163484,1.51));
#7197 = LINE('',#7198,#7199);
#7198 = CARTESIAN_POINT('',(-70.677827,-18.163484,1.51));
#7199 = VECTOR('',#7200,1.);
#7200 = DIRECTION('',(3.696109799262E-02,0.999316705172,0.));
#7201 = ORIENTED_EDGE('',*,*,#7202,.F.);
#7202 = EDGE_CURVE('',#7203,#7195,#7205,.T.);
#7203 = VERTEX_POINT('',#7204);
#7204 = CARTESIAN_POINT('',(-70.697835,-18.974865,1.51));
#7205 = LINE('',#7206,#7207);
#7206 = CARTESIAN_POINT('',(-70.697835,-18.974865,1.51));
#7207 = VECTOR('',#7208,1.);
#7208 = DIRECTION('',(2.465169825642E-02,0.999696100709,0.));
#7209 = ORIENTED_EDGE('',*,*,#7210,.F.);
#7210 = EDGE_CURVE('',#7211,#7203,#7213,.T.);
#7211 = VERTEX_POINT('',#7212);
#7212 = CARTESIAN_POINT('',(-70.707836,-19.785962,1.51));
#7213 = LINE('',#7214,#7215);
#7214 = CARTESIAN_POINT('',(-70.707836,-19.785962,1.51));
#7215 = VECTOR('',#7216,1.);
#7216 = DIRECTION('',(1.232927731173E-02,0.999923991572,0.));
#7217 = ORIENTED_EDGE('',*,*,#7218,.F.);
#7218 = EDGE_CURVE('',#7219,#7211,#7221,.T.);
#7219 = VERTEX_POINT('',#7220);
#7220 = CARTESIAN_POINT('',(-70.707835,-20.596665,1.51));
#7221 = LINE('',#7222,#7223);
#7222 = CARTESIAN_POINT('',(-70.707835,-20.596665,1.51));
#7223 = VECTOR('',#7224,1.);
#7224 = DIRECTION('',(-1.233497344249E-06,0.999999999999,0.));
#7225 = ORIENTED_EDGE('',*,*,#7226,.F.);
#7226 = EDGE_CURVE('',#7227,#7219,#7229,.T.);
#7227 = VERTEX_POINT('',#7228);
#7228 = CARTESIAN_POINT('',(-70.697835,-21.406877,1.51));
#7229 = LINE('',#7230,#7231);
#7230 = CARTESIAN_POINT('',(-70.697835,-21.406877,1.51));
#7231 = VECTOR('',#7232,1.);
#7232 = DIRECTION('',(-1.234150865061E-02,0.999923840682,0.));
#7233 = ORIENTED_EDGE('',*,*,#7234,.F.);
#7234 = EDGE_CURVE('',#7235,#7227,#7237,.T.);
#7235 = VERTEX_POINT('',#7236);
#7236 = CARTESIAN_POINT('',(-70.677845,-22.216325,1.51));
#7237 = LINE('',#7238,#7239);
#7238 = CARTESIAN_POINT('',(-70.677845,-22.216325,1.51));
#7239 = VECTOR('',#7240,1.);
#7240 = DIRECTION('',(-2.468831474057E-02,0.999695197105,0.));
#7241 = ORIENTED_EDGE('',*,*,#7242,.F.);
#7242 = EDGE_CURVE('',#7243,#7235,#7245,.T.);
#7243 = VERTEX_POINT('',#7244);
#7244 = CARTESIAN_POINT('',(-70.647868,-23.025078,1.51));
#7245 = LINE('',#7246,#7247);
#7246 = CARTESIAN_POINT('',(-70.647868,-23.025078,1.51));
#7247 = VECTOR('',#7248,1.);
#7248 = DIRECTION('',(-3.704026939777E-02,0.999313773768,0.));
#7249 = ORIENTED_EDGE('',*,*,#7250,.F.);
#7250 = EDGE_CURVE('',#7251,#7243,#7253,.T.);
#7251 = VERTEX_POINT('',#7252);
#7252 = CARTESIAN_POINT('',(-70.607927,-23.832698,1.51));
#7253 = LINE('',#7254,#7255);
#7254 = CARTESIAN_POINT('',(-70.607927,-23.832698,1.51));
#7255 = VECTOR('',#7256,1.);
#7256 = DIRECTION('',(-4.93948208962E-02,0.998779330818,0.));
#7257 = ORIENTED_EDGE('',*,*,#7258,.F.);
#7258 = EDGE_CURVE('',#7259,#7251,#7261,.T.);
#7259 = VERTEX_POINT('',#7260);
#7260 = CARTESIAN_POINT('',(-70.558014,-24.639418,1.51));
#7261 = LINE('',#7262,#7263);
#7262 = CARTESIAN_POINT('',(-70.558014,-24.639418,1.51));
#7263 = VECTOR('',#7264,1.);
#7264 = DIRECTION('',(-6.175344330826E-02,0.998091434809,0.));
#7265 = ORIENTED_EDGE('',*,*,#7266,.F.);
#7266 = EDGE_CURVE('',#7267,#7259,#7269,.T.);
#7267 = VERTEX_POINT('',#7268);
#7268 = CARTESIAN_POINT('',(-70.498175,-25.444639,1.51));
#7269 = LINE('',#7270,#7271);
#7270 = CARTESIAN_POINT('',(-70.498175,-25.444639,1.51));
#7271 = VECTOR('',#7272,1.);
#7272 = DIRECTION('',(-7.410940568507E-02,0.997250117066,0.));
#7273 = ORIENTED_EDGE('',*,*,#7274,.F.);
#7274 = EDGE_CURVE('',#7275,#7267,#7277,.T.);
#7275 = VERTEX_POINT('',#7276);
#7276 = CARTESIAN_POINT('',(-70.428384,-26.248757,1.51));
#7277 = LINE('',#7278,#7279);
#7278 = CARTESIAN_POINT('',(-70.428384,-26.248757,1.51));
#7279 = VECTOR('',#7280,1.);
#7280 = DIRECTION('',(-8.646692808333E-02,0.996254721619,0.));
#7281 = ORIENTED_EDGE('',*,*,#7282,.F.);
#7282 = EDGE_CURVE('',#7283,#7275,#7285,.T.);
#7283 = VERTEX_POINT('',#7284);
#7284 = CARTESIAN_POINT('',(-70.367798,-26.867771,1.51));
#7285 = LINE('',#7286,#7287);
#7286 = CARTESIAN_POINT('',(-70.367798,-26.867771,1.51));
#7287 = VECTOR('',#7288,1.);
#7288 = DIRECTION('',(-9.740955149452E-02,0.995244381686,0.));
#7289 = ORIENTED_EDGE('',*,*,#7290,.F.);
#7290 = EDGE_CURVE('',#7291,#7283,#7293,.T.);
#7291 = VERTEX_POINT('',#7292);
#7292 = CARTESIAN_POINT('',(-70.182784,-28.474624,1.51));
#7293 = LINE('',#7294,#7295);
#7294 = CARTESIAN_POINT('',(-70.182784,-28.474624,1.51));
#7295 = VECTOR('',#7296,1.);
#7296 = DIRECTION('',(-0.114384864561,0.99343651169,0.));
#7297 = ORIENTED_EDGE('',*,*,#7298,.F.);
#7298 = EDGE_CURVE('',#7299,#7291,#7301,.T.);
#7299 = VERTEX_POINT('',#7300);
#7300 = CARTESIAN_POINT('',(-69.956295,-30.093652,1.51));
#7301 = LINE('',#7302,#7303);
#7302 = CARTESIAN_POINT('',(-69.956295,-30.093652,1.51));
#7303 = VECTOR('',#7304,1.);
#7304 = DIRECTION('',(-0.138542902367,0.990356432909,0.));
#7305 = ORIENTED_EDGE('',*,*,#7306,.F.);
#7306 = EDGE_CURVE('',#7307,#7299,#7309,.T.);
#7307 = VERTEX_POINT('',#7308);
#7308 = CARTESIAN_POINT('',(-69.687763,-31.725881,1.51));
#7309 = LINE('',#7310,#7311);
#7310 = CARTESIAN_POINT('',(-69.687763,-31.725881,1.51));
#7311 = VECTOR('',#7312,1.);
#7312 = DIRECTION('',(-0.162336322537,0.98673548552,0.));
#7313 = ORIENTED_EDGE('',*,*,#7314,.F.);
#7314 = EDGE_CURVE('',#7315,#7307,#7317,.T.);
#7315 = VERTEX_POINT('',#7316);
#7316 = CARTESIAN_POINT('',(-69.376542,-33.372375,1.51));
#7317 = LINE('',#7318,#7319);
#7318 = CARTESIAN_POINT('',(-69.376542,-33.372375,1.51));
#7319 = VECTOR('',#7320,1.);
#7320 = DIRECTION('',(-0.185731570666,0.982600520892,0.));
#7321 = ORIENTED_EDGE('',*,*,#7322,.F.);
#7322 = EDGE_CURVE('',#7323,#7315,#7325,.T.);
#7323 = VERTEX_POINT('',#7324);
#7324 = CARTESIAN_POINT('',(-69.021903,-35.034239,1.51));
#7325 = LINE('',#7326,#7327);
#7326 = CARTESIAN_POINT('',(-69.021903,-35.034239,1.51));
#7327 = VECTOR('',#7328,1.);
#7328 = DIRECTION('',(-0.208699268507,0.977979864478,0.));
#7329 = ORIENTED_EDGE('',*,*,#7330,.F.);
#7330 = EDGE_CURVE('',#7331,#7323,#7333,.T.);
#7331 = VERTEX_POINT('',#7332);
#7332 = CARTESIAN_POINT('',(-68.623038,-36.712628,1.51));
#7333 = LINE('',#7334,#7335);
#7334 = CARTESIAN_POINT('',(-68.623038,-36.712628,1.51));
#7335 = VECTOR('',#7336,1.);
#7336 = DIRECTION('',(-0.231208297139,0.972904272441,0.));
#7337 = ORIENTED_EDGE('',*,*,#7338,.F.);
#7338 = EDGE_CURVE('',#7339,#7331,#7341,.T.);
#7339 = VERTEX_POINT('',#7340);
#7340 = CARTESIAN_POINT('',(-68.179049,-38.408755,1.51));
#7341 = LINE('',#7342,#7343);
#7342 = CARTESIAN_POINT('',(-68.179049,-38.408755,1.51));
#7343 = VECTOR('',#7344,1.);
#7344 = DIRECTION('',(-0.253234098453,0.967405029644,0.));
#7345 = ORIENTED_EDGE('',*,*,#7346,.F.);
#7346 = EDGE_CURVE('',#7347,#7339,#7349,.T.);
#7347 = VERTEX_POINT('',#7348);
#7348 = CARTESIAN_POINT('',(-67.688947,-40.12389,1.51));
#7349 = LINE('',#7350,#7351);
#7350 = CARTESIAN_POINT('',(-67.688947,-40.12389,1.51));
#7351 = VECTOR('',#7352,1.);
#7352 = DIRECTION('',(-0.274754002505,0.961514554288,0.));
#7353 = ORIENTED_EDGE('',*,*,#7354,.F.);
#7354 = EDGE_CURVE('',#7355,#7347,#7357,.T.);
#7355 = VERTEX_POINT('',#7356);
#7356 = CARTESIAN_POINT('',(-67.151645,-41.859377,1.51));
#7357 = LINE('',#7358,#7359);
#7358 = CARTESIAN_POINT('',(-67.151645,-41.859377,1.51));
#7359 = VECTOR('',#7360,1.);
#7360 = DIRECTION('',(-0.295747747702,0.955266072741,0.));
#7361 = ORIENTED_EDGE('',*,*,#7362,.F.);
#7362 = EDGE_CURVE('',#7363,#7355,#7365,.T.);
#7363 = VERTEX_POINT('',#7364);
#7364 = CARTESIAN_POINT('',(-66.565952,-43.616642,1.51));
#7365 = LINE('',#7366,#7367);
#7366 = CARTESIAN_POINT('',(-66.565952,-43.616642,1.51));
#7367 = VECTOR('',#7368,1.);
#7368 = DIRECTION('',(-0.316197641153,0.94869333914,0.));
#7369 = ORIENTED_EDGE('',*,*,#7370,.F.);
#7370 = EDGE_CURVE('',#7371,#7363,#7373,.T.);
#7371 = VERTEX_POINT('',#7372);
#7372 = CARTESIAN_POINT('',(-65.930565,-45.397205,1.51));
#7373 = LINE('',#7374,#7375);
#7374 = CARTESIAN_POINT('',(-65.930565,-45.397205,1.51));
#7375 = VECTOR('',#7376,1.);
#7376 = DIRECTION('',(-0.33608852518,0.941830400466,0.));
#7377 = ORIENTED_EDGE('',*,*,#7378,.F.);
#7378 = EDGE_CURVE('',#7379,#7371,#7381,.T.);
#7379 = VERTEX_POINT('',#7380);
#7380 = CARTESIAN_POINT('',(-65.244058,-47.202692,1.51));
#7381 = LINE('',#7382,#7383);
#7382 = CARTESIAN_POINT('',(-65.244058,-47.202692,1.51));
#7383 = VECTOR('',#7384,1.);
#7384 = DIRECTION('',(-0.355408631207,0.934711027465,0.));
#7385 = ORIENTED_EDGE('',*,*,#7386,.F.);
#7386 = EDGE_CURVE('',#7387,#7379,#7389,.T.);
#7387 = VERTEX_POINT('',#7388);
#7388 = CARTESIAN_POINT('',(-64.50487,-49.034857,1.51));
#7389 = LINE('',#7390,#7391);
#7390 = CARTESIAN_POINT('',(-64.50487,-49.034857,1.51));
#7391 = VECTOR('',#7392,1.);
#7392 = DIRECTION('',(-0.374147610733,0.927369163485,0.));
#7393 = ORIENTED_EDGE('',*,*,#7394,.F.);
#7394 = EDGE_CURVE('',#7395,#7387,#7397,.T.);
#7395 = VERTEX_POINT('',#7396);
#7396 = CARTESIAN_POINT('',(-63.711291,-50.895603,1.51));
#7397 = LINE('',#7398,#7399);
#7398 = CARTESIAN_POINT('',(-63.711291,-50.895603,1.51));
#7399 = VECTOR('',#7400,1.);
#7400 = DIRECTION('',(-0.392296785701,0.919838698864,0.));
#7401 = ORIENTED_EDGE('',*,*,#7402,.F.);
#7402 = EDGE_CURVE('',#7403,#7395,#7405,.T.);
#7403 = VERTEX_POINT('',#7404);
#7404 = CARTESIAN_POINT('',(-62.861439,-52.787004,1.51));
#7405 = LINE('',#7406,#7407);
#7406 = CARTESIAN_POINT('',(-62.861439,-52.787004,1.51));
#7407 = VECTOR('',#7408,1.);
#7408 = DIRECTION('',(-0.409851890052,0.912152086124,0.));
#7409 = ORIENTED_EDGE('',*,*,#7410,.F.);
#7410 = EDGE_CURVE('',#7411,#7403,#7413,.T.);
#7411 = VERTEX_POINT('',#7412);
#7412 = CARTESIAN_POINT('',(-61.990976,-54.633172,1.51));
#7413 = LINE('',#7414,#7415);
#7414 = CARTESIAN_POINT('',(-61.990976,-54.633172,1.51));
#7415 = VECTOR('',#7416,1.);
#7416 = DIRECTION('',(-0.426470001314,0.904501707007,0.));
#7417 = ORIENTED_EDGE('',*,*,#7418,.F.);
#7418 = EDGE_CURVE('',#7419,#7411,#7421,.T.);
#7419 = VERTEX_POINT('',#7420);
#7420 = CARTESIAN_POINT('',(-61.007289,-56.627242,1.51));
#7421 = LINE('',#7422,#7423);
#7422 = CARTESIAN_POINT('',(-61.007289,-56.627242,1.51));
#7423 = VECTOR('',#7424,1.);
#7424 = DIRECTION('',(-0.442404631741,0.896815556184,0.));
#7425 = ORIENTED_EDGE('',*,*,#7426,.F.);
#7426 = EDGE_CURVE('',#7427,#7419,#7429,.T.);
#7427 = VERTEX_POINT('',#7428);
#7428 = CARTESIAN_POINT('',(-59.96772,-58.644579,1.51));
#7429 = LINE('',#7430,#7431);
#7430 = CARTESIAN_POINT('',(-59.96772,-58.644579,1.51));
#7431 = VECTOR('',#7432,1.);
#7432 = DIRECTION('',(-0.458073167312,0.888914491607,0.));
#7433 = ORIENTED_EDGE('',*,*,#7434,.F.);
#7434 = EDGE_CURVE('',#7435,#7427,#7437,.T.);
#7435 = VERTEX_POINT('',#7436);
#7436 = CARTESIAN_POINT('',(-58.872324,-60.683329,1.51));
#7437 = LINE('',#7438,#7439);
#7438 = CARTESIAN_POINT('',(-58.872324,-60.683329,1.51));
#7439 = VECTOR('',#7440,1.);
#7440 = DIRECTION('',(-0.473298245884,0.88090224795,0.));
#7441 = ORIENTED_EDGE('',*,*,#7442,.F.);
#7442 = EDGE_CURVE('',#7443,#7435,#7445,.T.);
#7443 = VERTEX_POINT('',#7444);
#7444 = CARTESIAN_POINT('',(-57.721357,-62.741399,1.51));
#7445 = LINE('',#7446,#7447);
#7446 = CARTESIAN_POINT('',(-57.721357,-62.741399,1.51));
#7447 = VECTOR('',#7448,1.);
#7448 = DIRECTION('',(-0.488102179103,0.872786493224,0.));
#7449 = ORIENTED_EDGE('',*,*,#7450,.F.);
#7450 = EDGE_CURVE('',#7451,#7443,#7453,.T.);
#7451 = VERTEX_POINT('',#7452);
#7452 = CARTESIAN_POINT('',(-56.515293,-64.816442,1.51));
#7453 = LINE('',#7454,#7455);
#7454 = CARTESIAN_POINT('',(-56.515293,-64.816442,1.51));
#7455 = VECTOR('',#7456,1.);
#7456 = DIRECTION('',(-0.502509488117,0.864571694165,0.));
#7457 = ORIENTED_EDGE('',*,*,#7458,.F.);
#7458 = EDGE_CURVE('',#7459,#7451,#7461,.T.);
#7459 = VERTEX_POINT('',#7460);
#7460 = CARTESIAN_POINT('',(-55.254851,-66.905849,1.51));
#7461 = LINE('',#7462,#7463);
#7462 = CARTESIAN_POINT('',(-55.254851,-66.905849,1.51));
#7463 = VECTOR('',#7464,1.);
#7464 = DIRECTION('',(-0.516542678267,0.856261444612,0.));
#7465 = ORIENTED_EDGE('',*,*,#7466,.F.);
#7466 = EDGE_CURVE('',#7467,#7459,#7469,.T.);
#7467 = VERTEX_POINT('',#7468);
#7468 = CARTESIAN_POINT('',(-53.941013,-69.006738,1.51));
#7469 = LINE('',#7470,#7471);
#7470 = CARTESIAN_POINT('',(-53.941013,-69.006738,1.51));
#7471 = VECTOR('',#7472,1.);
#7472 = DIRECTION('',(-0.530225972367,0.847856366508,0.));
#7473 = ORIENTED_EDGE('',*,*,#7474,.F.);
#7474 = EDGE_CURVE('',#7475,#7467,#7477,.T.);
#7475 = VERTEX_POINT('',#7476);
#7476 = CARTESIAN_POINT('',(-52.575048,-71.115948,1.51));
#7477 = LINE('',#7478,#7479);
#7478 = CARTESIAN_POINT('',(-52.575048,-71.115948,1.51));
#7479 = VECTOR('',#7480,1.);
#7480 = DIRECTION('',(-0.543582808836,0.839355544414,0.));
#7481 = ORIENTED_EDGE('',*,*,#7482,.F.);
#7482 = EDGE_CURVE('',#7483,#7475,#7485,.T.);
#7483 = VERTEX_POINT('',#7484);
#7484 = CARTESIAN_POINT('',(-51.158533,-73.230036,1.51));
#7485 = LINE('',#7486,#7487);
#7486 = CARTESIAN_POINT('',(-51.158533,-73.230036,1.51));
#7487 = VECTOR('',#7488,1.);
#7488 = DIRECTION('',(-0.556636508181,0.83075616023,0.));
#7489 = ORIENTED_EDGE('',*,*,#7490,.F.);
#7490 = EDGE_CURVE('',#7491,#7483,#7493,.T.);
#7491 = VERTEX_POINT('',#7492);
#7492 = CARTESIAN_POINT('',(-49.693372,-75.345274,1.51));
#7493 = LINE('',#7494,#7495);
#7494 = CARTESIAN_POINT('',(-49.693372,-75.345274,1.51));
#7495 = VECTOR('',#7496,1.);
#7496 = DIRECTION('',(-0.569411061132,0.822052944439,0.));
#7497 = ORIENTED_EDGE('',*,*,#7498,.F.);
#7498 = EDGE_CURVE('',#7499,#7491,#7501,.T.);
#7499 = VERTEX_POINT('',#7500);
#7500 = CARTESIAN_POINT('',(-48.181812,-77.457658,1.51));
#7501 = LINE('',#7502,#7503);
#7502 = CARTESIAN_POINT('',(-48.181812,-77.457658,1.51));
#7503 = VECTOR('',#7504,1.);
#7504 = DIRECTION('',(-0.581929918456,0.813238937832,0.));
#7505 = ORIENTED_EDGE('',*,*,#7506,.F.);
#7506 = EDGE_CURVE('',#7507,#7499,#7509,.T.);
#7507 = VERTEX_POINT('',#7508);
#7508 = CARTESIAN_POINT('',(-46.626458,-79.562914,1.51));
#7509 = LINE('',#7510,#7511);
#7510 = CARTESIAN_POINT('',(-46.626458,-79.562914,1.51));
#7511 = VECTOR('',#7512,1.);
#7512 = DIRECTION('',(-0.594216917266,0.80430482731,0.));
#7513 = ORIENTED_EDGE('',*,*,#7514,.F.);
#7514 = EDGE_CURVE('',#7515,#7507,#7517,.T.);
#7515 = VERTEX_POINT('',#7516);
#7516 = CARTESIAN_POINT('',(-45.030279,-81.656517,1.51));
#7517 = LINE('',#7518,#7519);
#7518 = CARTESIAN_POINT('',(-45.030279,-81.656517,1.51));
#7519 = VECTOR('',#7520,1.);
#7520 = DIRECTION('',(-0.606296229839,0.795238883408,0.));
#7521 = ORIENTED_EDGE('',*,*,#7522,.F.);
#7522 = EDGE_CURVE('',#7523,#7515,#7525,.T.);
#7523 = VERTEX_POINT('',#7524);
#7524 = CARTESIAN_POINT('',(-43.396617,-83.733714,1.51));
#7525 = LINE('',#7526,#7527);
#7526 = CARTESIAN_POINT('',(-43.396617,-83.733714,1.51));
#7527 = VECTOR('',#7528,1.);
#7528 = DIRECTION('',(-0.618190836283,0.786028046533,0.));
#7529 = ORIENTED_EDGE('',*,*,#7530,.F.);
#7530 = EDGE_CURVE('',#7531,#7523,#7533,.T.);
#7531 = VERTEX_POINT('',#7532);
#7532 = CARTESIAN_POINT('',(-43.023566,-84.199168,1.51));
#7533 = LINE('',#7534,#7535);
#7534 = CARTESIAN_POINT('',(-43.023566,-84.199168,1.51));
#7535 = VECTOR('',#7536,1.);
#7536 = DIRECTION('',(-0.625397877208,0.780306026623,0.));
#7537 = ORIENTED_EDGE('',*,*,#7538,.F.);
#7538 = EDGE_CURVE('',#7539,#7531,#7541,.T.);
#7539 = VERTEX_POINT('',#7540);
#7540 = CARTESIAN_POINT('',(-41.390602,-86.197858,1.51));
#7541 = LINE('',#7542,#7543);
#7542 = CARTESIAN_POINT('',(-41.390602,-86.197858,1.51));
#7543 = VECTOR('',#7544,1.);
#7544 = DIRECTION('',(-0.632697376394,0.774399141209,0.));
#7545 = ORIENTED_EDGE('',*,*,#7546,.F.);
#7546 = EDGE_CURVE('',#7547,#7539,#7549,.T.);
#7547 = VERTEX_POINT('',#7548);
#7548 = CARTESIAN_POINT('',(-39.727585,-88.170536,1.51));
#7549 = LINE('',#7550,#7551);
#7550 = CARTESIAN_POINT('',(-39.727585,-88.170536,1.51));
#7551 = VECTOR('',#7552,1.);
#7552 = DIRECTION('',(-0.644547115498,0.764564592368,0.));
#7553 = ORIENTED_EDGE('',*,*,#7554,.F.);
#7554 = EDGE_CURVE('',#7555,#7547,#7557,.T.);
#7555 = VERTEX_POINT('',#7556);
#7556 = CARTESIAN_POINT('',(-38.036536,-90.114827,1.51));
#7557 = LINE('',#7558,#7559);
#7558 = CARTESIAN_POINT('',(-38.036536,-90.114827,1.51));
#7559 = VECTOR('',#7560,1.);
#7560 = DIRECTION('',(-0.656258524523,0.7545361151,0.));
#7561 = ORIENTED_EDGE('',*,*,#7562,.F.);
#7562 = EDGE_CURVE('',#7563,#7555,#7565,.T.);
#7563 = VERTEX_POINT('',#7564);
#7564 = CARTESIAN_POINT('',(-36.319646,-92.028294,1.51));
#7565 = LINE('',#7566,#7567);
#7566 = CARTESIAN_POINT('',(-36.319646,-92.028294,1.51));
#7567 = VECTOR('',#7568,1.);
#7568 = DIRECTION('',(-0.66783993662,0.744304923439,0.));
#7569 = ORIENTED_EDGE('',*,*,#7570,.F.);
#7570 = EDGE_CURVE('',#7571,#7563,#7573,.T.);
#7571 = VERTEX_POINT('',#7572);
#7572 = CARTESIAN_POINT('',(-34.579271,-93.908453,1.51));
#7573 = LINE('',#7574,#7575);
#7574 = CARTESIAN_POINT('',(-34.579271,-93.908453,1.51));
#7575 = VECTOR('',#7576,1.);
#7576 = DIRECTION('',(-0.679300225399,0.733860479773,0.));
#7577 = ORIENTED_EDGE('',*,*,#7578,.F.);
#7578 = EDGE_CURVE('',#7579,#7571,#7581,.T.);
#7579 = VERTEX_POINT('',#7580);
#7580 = CARTESIAN_POINT('',(-32.817933,-95.752781,1.51));
#7581 = LINE('',#7582,#7583);
#7582 = CARTESIAN_POINT('',(-32.817933,-95.752781,1.51));
#7583 = VECTOR('',#7584,1.);
#7584 = DIRECTION('',(-0.690648705602,0.723190407466,0.));
#7585 = ORIENTED_EDGE('',*,*,#7586,.F.);
#7586 = EDGE_CURVE('',#7587,#7579,#7589,.T.);
#7587 = VERTEX_POINT('',#7588);
#7588 = CARTESIAN_POINT('',(-31.038316,-97.558736,1.51));
#7589 = LINE('',#7590,#7591);
#7590 = CARTESIAN_POINT('',(-31.038316,-97.558736,1.51));
#7591 = VECTOR('',#7592,1.);
#7592 = DIRECTION('',(-0.701893756831,0.712281653647,0.));
#7593 = ORIENTED_EDGE('',*,*,#7594,.F.);
#7594 = EDGE_CURVE('',#7595,#7587,#7597,.T.);
#7595 = VERTEX_POINT('',#7596);
#7596 = CARTESIAN_POINT('',(-29.243258,-99.323771,1.51));
#7597 = LINE('',#7598,#7599);
#7598 = CARTESIAN_POINT('',(-29.243258,-99.323771,1.51));
#7599 = VECTOR('',#7600,1.);
#7600 = DIRECTION('',(-0.713044603754,0.701118672592,0.));
#7601 = ORIENTED_EDGE('',*,*,#7602,.F.);
#7602 = EDGE_CURVE('',#7603,#7595,#7605,.T.);
#7603 = VERTEX_POINT('',#7604);
#7604 = CARTESIAN_POINT('',(-28.340327,-100.190663,1.51));
#7605 = LINE('',#7606,#7607);
#7606 = CARTESIAN_POINT('',(-28.340327,-100.190663,1.51));
#7607 = VECTOR('',#7608,1.);
#7608 = DIRECTION('',(-0.721356093156,0.692564355758,0.));
#7609 = ORIENTED_EDGE('',*,*,#7610,.F.);
#7610 = EDGE_CURVE('',#7611,#7603,#7613,.T.);
#7611 = VERTEX_POINT('',#7612);
#7612 = CARTESIAN_POINT('',(-27.435742,-101.04535,1.51));
#7613 = LINE('',#7614,#7615);
#7614 = CARTESIAN_POINT('',(-27.435742,-101.04535,1.51));
#7615 = VECTOR('',#7616,1.);
#7616 = DIRECTION('',(-0.726870050314,0.686775021355,0.));
#7617 = ORIENTED_EDGE('',*,*,#7618,.F.);
#7618 = EDGE_CURVE('',#7619,#7611,#7621,.T.);
#7619 = VERTEX_POINT('',#7620);
#7620 = CARTESIAN_POINT('',(-26.00414,-102.370195,1.51));
#7621 = LINE('',#7622,#7623);
#7622 = CARTESIAN_POINT('',(-26.00414,-102.370195,1.51));
#7623 = VECTOR('',#7624,1.);
#7624 = DIRECTION('',(-0.733942723964,0.679211364702,0.));
#7625 = ORIENTED_EDGE('',*,*,#7626,.F.);
#7626 = EDGE_CURVE('',#7627,#7619,#7629,.T.);
#7627 = VERTEX_POINT('',#7628);
#7628 = CARTESIAN_POINT('',(-24.157305,-104.030941,1.51));
#7629 = LINE('',#7630,#7631);
#7630 = CARTESIAN_POINT('',(-24.157305,-104.030941,1.51));
#7631 = VECTOR('',#7632,1.);
#7632 = DIRECTION('',(-0.743575459531,0.668652029073,0.));
#7633 = ORIENTED_EDGE('',*,*,#7634,.F.);
#7634 = EDGE_CURVE('',#7635,#7627,#7637,.T.);
#7635 = VERTEX_POINT('',#7636);
#7636 = CARTESIAN_POINT('',(-22.26846,-105.676559,1.51));
#7637 = LINE('',#7638,#7639);
#7638 = CARTESIAN_POINT('',(-22.26846,-105.676559,1.51));
#7639 = VECTOR('',#7640,1.);
#7640 = DIRECTION('',(-0.753983739281,0.656893081787,0.));
#7641 = ORIENTED_EDGE('',*,*,#7642,.F.);
#7642 = EDGE_CURVE('',#7643,#7635,#7645,.T.);
#7643 = VERTEX_POINT('',#7644);
#7644 = CARTESIAN_POINT('',(-20.334248,-107.309578,1.51));
#7645 = LINE('',#7646,#7647);
#7646 = CARTESIAN_POINT('',(-20.334248,-107.309578,1.51));
#7647 = VECTOR('',#7648,1.);
#7648 = DIRECTION('',(-0.764091364865,0.645108042221,0.));
#7649 = ORIENTED_EDGE('',*,*,#7650,.F.);
#7650 = EDGE_CURVE('',#7651,#7643,#7653,.T.);
#7651 = VERTEX_POINT('',#7652);
#7652 = CARTESIAN_POINT('',(-18.350642,-108.932924,1.51));
#7653 = LINE('',#7654,#7655);
#7654 = CARTESIAN_POINT('',(-18.350642,-108.932924,1.51));
#7655 = VECTOR('',#7656,1.);
#7656 = DIRECTION('',(-0.773881645383,0.633330244769,0.));
#7657 = ORIENTED_EDGE('',*,*,#7658,.F.);
#7658 = EDGE_CURVE('',#7659,#7651,#7661,.T.);
#7659 = VERTEX_POINT('',#7660);
#7660 = CARTESIAN_POINT('',(-16.312751,-110.550038,1.51));
#7661 = LINE('',#7662,#7663);
#7662 = CARTESIAN_POINT('',(-16.312751,-110.550038,1.51));
#7663 = VECTOR('',#7664,1.);
#7664 = DIRECTION('',(-0.783337529779,0.621596584965,0.));
#7665 = ORIENTED_EDGE('',*,*,#7666,.F.);
#7666 = EDGE_CURVE('',#7667,#7659,#7669,.T.);
#7667 = VERTEX_POINT('',#7668);
#7668 = CARTESIAN_POINT('',(-14.214531,-112.165061,1.51));
#7669 = LINE('',#7670,#7671);
#7670 = CARTESIAN_POINT('',(-14.214531,-112.165061,1.51));
#7671 = VECTOR('',#7672,1.);
#7672 = DIRECTION('',(-0.79244004478,0.609949813861,0.));
#7673 = ORIENTED_EDGE('',*,*,#7674,.F.);
#7674 = EDGE_CURVE('',#7675,#7667,#7677,.T.);
#7675 = VERTEX_POINT('',#7676);
#7676 = CARTESIAN_POINT('',(-12.048368,-113.783089,1.51));
#7677 = LINE('',#7678,#7679);
#7678 = CARTESIAN_POINT('',(-12.048368,-113.783089,1.51));
#7679 = VECTOR('',#7680,1.);
#7680 = DIRECTION('',(-0.801169161363,0.598437945723,0.));
#7681 = ORIENTED_EDGE('',*,*,#7682,.F.);
#7682 = EDGE_CURVE('',#7683,#7675,#7685,.T.);
#7683 = VERTEX_POINT('',#7684);
#7684 = CARTESIAN_POINT('',(-9.804435,-115.410575,1.51));
#7685 = LINE('',#7686,#7687);
#7686 = CARTESIAN_POINT('',(-9.804435,-115.410575,1.51));
#7687 = VECTOR('',#7688,1.);
#7688 = DIRECTION('',(-0.809501641483,0.587117613802,0.));
#7689 = ORIENTED_EDGE('',*,*,#7690,.F.);
#7690 = EDGE_CURVE('',#7691,#7683,#7693,.T.);
#7691 = VERTEX_POINT('',#7692);
#7692 = CARTESIAN_POINT('',(-7.469671,-117.055961,1.51));
#7693 = LINE('',#7694,#7695);
#7694 = CARTESIAN_POINT('',(-7.469671,-117.055961,1.51));
#7695 = VECTOR('',#7696,1.);
#7696 = DIRECTION('',(-0.817410121822,0.576056154157,0.));
#7697 = ORIENTED_EDGE('',*,*,#7698,.F.);
#7698 = EDGE_CURVE('',#7699,#7691,#7701,.T.);
#7699 = VERTEX_POINT('',#7700);
#7700 = CARTESIAN_POINT('',(-5.026046,-118.730753,1.51));
#7701 = LINE('',#7702,#7703);
#7702 = CARTESIAN_POINT('',(-5.026046,-118.730753,1.51));
#7703 = VECTOR('',#7704,1.);
#7704 = DIRECTION('',(-0.824860538211,0.56533626498,0.));
#7705 = ORIENTED_EDGE('',*,*,#7706,.F.);
#7706 = EDGE_CURVE('',#7707,#7699,#7709,.T.);
#7707 = VERTEX_POINT('',#7708);
#7708 = CARTESIAN_POINT('',(-2.447417,-120.451465,1.51));
#7709 = LINE('',#7710,#7711);
#7710 = CARTESIAN_POINT('',(-2.447417,-120.451465,1.51));
#7711 = VECTOR('',#7712,1.);
#7712 = DIRECTION('',(-0.831808132967,0.555063266602,0.));
#7713 = ORIENTED_EDGE('',*,*,#7714,.F.);
#7714 = EDGE_CURVE('',#7715,#7707,#7717,.T.);
#7715 = VERTEX_POINT('',#7716);
#7716 = CARTESIAN_POINT('',(0.306763,-122.243505,1.51));
#7717 = LINE('',#7718,#7719);
#7718 = CARTESIAN_POINT('',(0.306763,-122.243505,1.51));
#7719 = VECTOR('',#7720,1.);
#7720 = DIRECTION('',(-0.838190013944,0.545378309547,0.));
#7721 = ORIENTED_EDGE('',*,*,#7722,.F.);
#7722 = EDGE_CURVE('',#7723,#7715,#7725,.T.);
#7723 = VERTEX_POINT('',#7724);
#7724 = CARTESIAN_POINT('',(0.998961,-122.687345,1.51));
#7725 = LINE('',#7726,#7727);
#7726 = CARTESIAN_POINT('',(0.998961,-122.687345,1.51));
#7727 = VECTOR('',#7728,1.);
#7728 = DIRECTION('',(-0.84181098637,0.539772417994,0.));
#7729 = ORIENTED_EDGE('',*,*,#7730,.F.);
#7730 = EDGE_CURVE('',#7731,#7723,#7733,.T.);
#7731 = VERTEX_POINT('',#7732);
#7732 = CARTESIAN_POINT('',(4.176118,-124.695905,1.51));
#7733 = LINE('',#7734,#7735);
#7734 = CARTESIAN_POINT('',(4.176118,-124.695905,1.51));
#7735 = VECTOR('',#7736,1.);
#7736 = DIRECTION('',(-0.845256459472,0.534360849727,0.));
#7737 = ORIENTED_EDGE('',*,*,#7738,.F.);
#7738 = EDGE_CURVE('',#7739,#7731,#7741,.T.);
#7739 = VERTEX_POINT('',#7740);
#7740 = CARTESIAN_POINT('',(7.411484,-126.695221,1.51));
#7741 = LINE('',#7742,#7743);
#7742 = CARTESIAN_POINT('',(7.411484,-126.695221,1.51));
#7743 = VECTOR('',#7744,1.);
#7744 = DIRECTION('',(-0.85068022179,0.5256835172,0.));
#7745 = ORIENTED_EDGE('',*,*,#7746,.F.);
#7746 = EDGE_CURVE('',#7747,#7739,#7749,.T.);
#7747 = VERTEX_POINT('',#7748);
#7748 = CARTESIAN_POINT('',(10.704601,-128.6846,1.51));
#7749 = LINE('',#7750,#7751);
#7750 = CARTESIAN_POINT('',(10.704601,-128.6846,1.51));
#7751 = VECTOR('',#7752,1.);
#7752 = DIRECTION('',(-0.855939989716,0.517075172489,0.));
#7753 = ORIENTED_EDGE('',*,*,#7754,.F.);
#7754 = EDGE_CURVE('',#7755,#7747,#7757,.T.);
#7755 = VERTEX_POINT('',#7756);
#7756 = CARTESIAN_POINT('',(14.055075,-130.663431,1.51));
#7757 = LINE('',#7758,#7759);
#7758 = CARTESIAN_POINT('',(14.055075,-130.663431,1.51));
#7759 = VECTOR('',#7760,1.);
#7760 = DIRECTION('',(-0.861038449557,0.508539859189,0.));
#7761 = ORIENTED_EDGE('',*,*,#7762,.F.);
#7762 = EDGE_CURVE('',#7763,#7755,#7765,.T.);
#7763 = VERTEX_POINT('',#7764);
#7764 = CARTESIAN_POINT('',(17.46271,-132.631265,1.51));
#7765 = LINE('',#7766,#7767);
#7766 = CARTESIAN_POINT('',(17.46271,-132.631265,1.51));
#7767 = VECTOR('',#7768,1.);
#7768 = DIRECTION('',(-0.865977530318,0.500082910111,0.));
#7769 = ORIENTED_EDGE('',*,*,#7770,.F.);
#7770 = EDGE_CURVE('',#7771,#7763,#7773,.T.);
#7771 = VERTEX_POINT('',#7772);
#7772 = CARTESIAN_POINT('',(20.927763,-134.587975,1.51));
#7773 = LINE('',#7774,#7775);
#7774 = CARTESIAN_POINT('',(20.927763,-134.587975,1.51));
#7775 = VECTOR('',#7776,1.);
#7776 = DIRECTION('',(-0.870756344331,0.491714743329,0.));
#7777 = ORIENTED_EDGE('',*,*,#7778,.F.);
#7778 = EDGE_CURVE('',#7779,#7771,#7781,.T.);
#7779 = VERTEX_POINT('',#7780);
#7780 = CARTESIAN_POINT('',(23.782113,-136.167671,1.51));
#7781 = LINE('',#7782,#7783);
#7782 = CARTESIAN_POINT('',(23.782113,-136.167671,1.51));
#7783 = VECTOR('',#7784,1.);
#7784 = DIRECTION('',(-0.874943936977,0.484224232301,0.));
#7785 = ORIENTED_EDGE('',*,*,#7786,.F.);
#7786 = EDGE_CURVE('',#7787,#7779,#7789,.T.);
#7787 = VERTEX_POINT('',#7788);
#7788 = CARTESIAN_POINT('',(25.460546,-137.082578,1.51));
#7789 = LINE('',#7790,#7791);
#7790 = CARTESIAN_POINT('',(25.460546,-137.082578,1.51));
#7791 = VECTOR('',#7792,1.);
#7792 = DIRECTION('',(-0.878027906304,0.478609439681,0.));
#7793 = ORIENTED_EDGE('',*,*,#7794,.F.);
#7794 = EDGE_CURVE('',#7795,#7787,#7797,.T.);
#7795 = VERTEX_POINT('',#7796);
#7796 = CARTESIAN_POINT('',(27.106376,-137.968247,1.51));
#7797 = LINE('',#7798,#7799);
#7798 = CARTESIAN_POINT('',(27.106376,-137.968247,1.51));
#7799 = VECTOR('',#7800,1.);
#7800 = DIRECTION('',(-0.880593274483,0.473872857353,0.));
#7801 = ORIENTED_EDGE('',*,*,#7802,.F.);
#7802 = EDGE_CURVE('',#7803,#7795,#7805,.T.);
#7803 = VERTEX_POINT('',#7804);
#7804 = CARTESIAN_POINT('',(28.690314,-138.80928,1.51));
#7805 = LINE('',#7806,#7807);
#7806 = CARTESIAN_POINT('',(28.690314,-138.80928,1.51));
#7807 = VECTOR('',#7808,1.);
#7808 = DIRECTION('',(-0.883215979481,0.46896645252,0.));
#7809 = ORIENTED_EDGE('',*,*,#7810,.F.);
#7810 = EDGE_CURVE('',#7811,#7803,#7813,.T.);
#7811 = VERTEX_POINT('',#7812);
#7812 = CARTESIAN_POINT('',(30.242412,-139.621998,1.51));
#7813 = LINE('',#7814,#7815);
#7814 = CARTESIAN_POINT('',(30.242412,-139.621998,1.51));
#7815 = VECTOR('',#7816,1.);
#7816 = DIRECTION('',(-0.88589855654,0.463879022506,0.));
#7817 = ORIENTED_EDGE('',*,*,#7818,.F.);
#7818 = EDGE_CURVE('',#7819,#7811,#7821,.T.);
#7819 = VERTEX_POINT('',#7820);
#7820 = CARTESIAN_POINT('',(31.733209,-140.391352,1.51));
#7821 = LINE('',#7822,#7823);
#7822 = CARTESIAN_POINT('',(31.733209,-140.391352,1.51));
#7823 = VECTOR('',#7824,1.);
#7824 = DIRECTION('',(-0.888642426643,0.458600738737,0.));
#7825 = ORIENTED_EDGE('',*,*,#7826,.F.);
#7826 = EDGE_CURVE('',#7827,#7819,#7829,.T.);
#7827 = VERTEX_POINT('',#7828);
#7828 = CARTESIAN_POINT('',(33.193004,-141.133358,1.51));
#7829 = LINE('',#7830,#7831);
#7830 = CARTESIAN_POINT('',(33.193004,-141.133358,1.51));
#7831 = VECTOR('',#7832,1.);
#7832 = DIRECTION('',(-0.891449920751,0.453119232424,0.));
#7833 = ORIENTED_EDGE('',*,*,#7834,.F.);
#7834 = EDGE_CURVE('',#7835,#7827,#7837,.T.);
#7835 = VERTEX_POINT('',#7836);
#7836 = CARTESIAN_POINT('',(34.592344,-141.833438,1.51));
#7837 = LINE('',#7838,#7839);
#7838 = CARTESIAN_POINT('',(34.592344,-141.833438,1.51));
#7839 = VECTOR('',#7840,1.);
#7840 = DIRECTION('',(-0.894322353548,0.447423208993,0.));
#7841 = ORIENTED_EDGE('',*,*,#7842,.F.);
#7842 = EDGE_CURVE('',#7843,#7835,#7845,.T.);
#7843 = VERTEX_POINT('',#7844);
#7844 = CARTESIAN_POINT('',(35.961584,-142.507174,1.51));
#7845 = LINE('',#7846,#7847);
#7846 = CARTESIAN_POINT('',(35.961584,-142.507174,1.51));
#7847 = VECTOR('',#7848,1.);
#7848 = DIRECTION('',(-0.897261901913,0.441498674263,0.));
#7849 = ORIENTED_EDGE('',*,*,#7850,.F.);
#7850 = EDGE_CURVE('',#7851,#7843,#7853,.T.);
#7851 = VERTEX_POINT('',#7852);
#7852 = CARTESIAN_POINT('',(37.271456,-143.140569,1.51));
#7853 = LINE('',#7854,#7855);
#7854 = CARTESIAN_POINT('',(37.271456,-143.140569,1.51));
#7855 = VECTOR('',#7856,1.);
#7856 = DIRECTION('',(-0.900270791707,0.43533033618,0.));
#7857 = ORIENTED_EDGE('',*,*,#7858,.F.);
#7858 = EDGE_CURVE('',#7859,#7851,#7861,.T.);
#7859 = VERTEX_POINT('',#7860);
#7860 = CARTESIAN_POINT('',(38.552193,-143.748656,1.51));
#7861 = LINE('',#7862,#7863);
#7862 = CARTESIAN_POINT('',(38.552193,-143.748656,1.51));
#7863 = VECTOR('',#7864,1.);
#7864 = DIRECTION('',(-0.903349405325,0.428905411365,0.));
#7865 = ORIENTED_EDGE('',*,*,#7866,.F.);
#7866 = EDGE_CURVE('',#7867,#7859,#7869,.T.);
#7867 = VERTEX_POINT('',#7868);
#7868 = CARTESIAN_POINT('',(38.711421,-143.823444,1.51));
#7869 = LINE('',#7870,#7871);
#7870 = CARTESIAN_POINT('',(38.711421,-143.823444,1.51));
#7871 = VECTOR('',#7872,1.);
#7872 = DIRECTION('',(-0.905131250383,0.425132237757,0.));
#7873 = ORIENTED_EDGE('',*,*,#7874,.F.);
#7874 = EDGE_CURVE('',#7875,#7867,#7877,.T.);
#7875 = VERTEX_POINT('',#7876);
#7876 = CARTESIAN_POINT('',(51.149482,-143.823444,1.51));
#7877 = CIRCLE('',#7878,14.900009385038);
#7878 = AXIS2_PLACEMENT_3D('',#7879,#7880,#7881);
#7879 = CARTESIAN_POINT('',(44.9304515,-130.2833576149,1.51));
#7880 = DIRECTION('',(-0.,0.,-1.));
#7881 = DIRECTION('',(0.417384334418,-0.908730057488,-0.));
#7882 = ORIENTED_EDGE('',*,*,#7883,.F.);
#7883 = EDGE_CURVE('',#7884,#7875,#7886,.T.);
#7884 = VERTEX_POINT('',#7885);
#7885 = CARTESIAN_POINT('',(51.308712,-143.748655,1.51));
#7886 = LINE('',#7887,#7888);
#7887 = CARTESIAN_POINT('',(51.308712,-143.748655,1.51));
#7888 = VECTOR('',#7889,1.);
#7889 = DIRECTION('',(-0.90513111779,-0.425132520055,0.));
#7890 = ORIENTED_EDGE('',*,*,#7891,.F.);
#7891 = EDGE_CURVE('',#7892,#7884,#7894,.T.);
#7892 = VERTEX_POINT('',#7893);
#7893 = CARTESIAN_POINT('',(52.589447,-143.140569,1.51));
#7894 = LINE('',#7895,#7896);
#7895 = CARTESIAN_POINT('',(52.589447,-143.140569,1.51));
#7896 = VECTOR('',#7897,1.);
#7897 = DIRECTION('',(-0.903349419102,-0.42890538235,0.));
#7898 = ORIENTED_EDGE('',*,*,#7899,.F.);
#7899 = EDGE_CURVE('',#7900,#7892,#7902,.T.);
#7900 = VERTEX_POINT('',#7901);
#7901 = CARTESIAN_POINT('',(53.899317,-142.507175,1.51));
#7902 = LINE('',#7903,#7904);
#7903 = CARTESIAN_POINT('',(53.899317,-142.507175,1.51));
#7904 = VECTOR('',#7905,1.);
#7905 = DIRECTION('',(-0.900270800567,-0.435330317859,0.));
#7906 = ORIENTED_EDGE('',*,*,#7907,.F.);
#7907 = EDGE_CURVE('',#7908,#7900,#7910,.T.);
#7908 = VERTEX_POINT('',#7909);
#7909 = CARTESIAN_POINT('',(55.268556,-141.83344,1.51));
#7910 = LINE('',#7911,#7912);
#7911 = CARTESIAN_POINT('',(55.268556,-141.83344,1.51));
#7912 = VECTOR('',#7913,1.);
#7913 = DIRECTION('',(-0.897262033772,-0.441498406285,0.));
#7914 = ORIENTED_EDGE('',*,*,#7915,.F.);
#7915 = EDGE_CURVE('',#7916,#7908,#7918,.T.);
#7916 = VERTEX_POINT('',#7917);
#7917 = CARTESIAN_POINT('',(56.667894,-141.133361,1.51));
#7918 = LINE('',#7919,#7920);
#7919 = CARTESIAN_POINT('',(56.667894,-141.133361,1.51));
#7920 = VECTOR('',#7921,1.);
#7921 = DIRECTION('',(-0.894322353398,-0.447423209292,0.));
#7922 = ORIENTED_EDGE('',*,*,#7923,.F.);
#7923 = EDGE_CURVE('',#7924,#7916,#7926,.T.);
#7924 = VERTEX_POINT('',#7925);
#7925 = CARTESIAN_POINT('',(58.127688,-140.391355,1.51));
#7926 = LINE('',#7927,#7928);
#7927 = CARTESIAN_POINT('',(58.127688,-140.391355,1.51));
#7928 = VECTOR('',#7929,1.);
#7929 = DIRECTION('',(-0.891449795371,-0.453119479093,0.));
#7930 = ORIENTED_EDGE('',*,*,#7931,.F.);
#7931 = EDGE_CURVE('',#7932,#7924,#7934,.T.);
#7932 = VERTEX_POINT('',#7933);
#7933 = CARTESIAN_POINT('',(59.618485,-139.622001,1.51));
#7934 = LINE('',#7935,#7936);
#7935 = CARTESIAN_POINT('',(59.618485,-139.622001,1.51));
#7936 = VECTOR('',#7937,1.);
#7937 = DIRECTION('',(-0.888642426643,-0.458600738737,0.));
#7938 = ORIENTED_EDGE('',*,*,#7939,.F.);
#7939 = EDGE_CURVE('',#7940,#7932,#7942,.T.);
#7940 = VERTEX_POINT('',#7941);
#7941 = CARTESIAN_POINT('',(61.170584,-138.809283,1.51));
#7942 = LINE('',#7943,#7944);
#7943 = CARTESIAN_POINT('',(61.170584,-138.809283,1.51));
#7944 = VECTOR('',#7945,1.);
#7945 = DIRECTION('',(-0.885898679361,-0.463878787946,0.));
#7946 = ORIENTED_EDGE('',*,*,#7947,.F.);
#7947 = EDGE_CURVE('',#7948,#7940,#7950,.T.);
#7948 = VERTEX_POINT('',#7949);
#7949 = CARTESIAN_POINT('',(62.754522,-137.96825,1.51));
#7950 = LINE('',#7951,#7952);
#7951 = CARTESIAN_POINT('',(62.754522,-137.96825,1.51));
#7952 = VECTOR('',#7953,1.);
#7953 = DIRECTION('',(-0.883215979481,-0.46896645252,0.));
#7954 = ORIENTED_EDGE('',*,*,#7955,.F.);
#7955 = EDGE_CURVE('',#7956,#7948,#7958,.T.);
#7956 = VERTEX_POINT('',#7957);
#7957 = CARTESIAN_POINT('',(64.400355,-137.082579,1.51));
#7958 = LINE('',#7959,#7960);
#7959 = CARTESIAN_POINT('',(64.400355,-137.082579,1.51));
#7960 = VECTOR('',#7961,1.);
#7961 = DIRECTION('',(-0.880593188387,-0.473873017343,0.));
#7962 = ORIENTED_EDGE('',*,*,#7963,.F.);
#7963 = EDGE_CURVE('',#7964,#7956,#7966,.T.);
#7964 = VERTEX_POINT('',#7965);
#7965 = CARTESIAN_POINT('',(66.07879,-136.167671,1.51));
#7966 = LINE('',#7967,#7968);
#7967 = CARTESIAN_POINT('',(66.07879,-136.167671,1.51));
#7968 = VECTOR('',#7969,1.);
#7969 = DIRECTION('',(-0.878027926131,-0.478609403308,0.));
#7970 = ORIENTED_EDGE('',*,*,#7971,.F.);
#7971 = EDGE_CURVE('',#7972,#7964,#7974,.T.);
#7972 = VERTEX_POINT('',#7973);
#7973 = CARTESIAN_POINT('',(68.933155,-134.587966,1.51));
#7974 = LINE('',#7975,#7976);
#7975 = CARTESIAN_POINT('',(68.933155,-134.587966,1.51));
#7976 = VECTOR('',#7977,1.);
#7977 = DIRECTION('',(-0.874943846268,-0.484224396203,0.));
#7978 = ORIENTED_EDGE('',*,*,#7979,.F.);
#7979 = EDGE_CURVE('',#7980,#7972,#7982,.T.);
#7980 = VERTEX_POINT('',#7981);
#7981 = CARTESIAN_POINT('',(72.398208,-132.631257,1.51));
#7982 = LINE('',#7983,#7984);
#7983 = CARTESIAN_POINT('',(72.398208,-132.631257,1.51));
#7984 = VECTOR('',#7985,1.);
#7985 = DIRECTION('',(-0.870756451927,-0.491714552792,0.));
#7986 = ORIENTED_EDGE('',*,*,#7987,.F.);
#7987 = EDGE_CURVE('',#7988,#7980,#7990,.T.);
#7988 = VERTEX_POINT('',#7989);
#7989 = CARTESIAN_POINT('',(75.805842,-130.663423,1.51));
#7990 = LINE('',#7991,#7992);
#7991 = CARTESIAN_POINT('',(75.805842,-130.663423,1.51));
#7992 = VECTOR('',#7993,1.);
#7993 = DIRECTION('',(-0.865977466764,-0.500083020164,0.));
#7994 = ORIENTED_EDGE('',*,*,#7995,.F.);
#7995 = EDGE_CURVE('',#7996,#7988,#7998,.T.);
#7996 = VERTEX_POINT('',#7997);
#7997 = CARTESIAN_POINT('',(79.156314,-128.684594,1.51));
#7998 = LINE('',#7999,#8000);
#7999 = CARTESIAN_POINT('',(79.156314,-128.684594,1.51));
#8000 = VECTOR('',#8001,1.);
#8001 = DIRECTION('',(-0.861038541693,-0.508539703188,0.));
#8002 = ORIENTED_EDGE('',*,*,#8003,.F.);
#8003 = EDGE_CURVE('',#8004,#7996,#8006,.T.);
#8004 = VERTEX_POINT('',#8005);
#8005 = CARTESIAN_POINT('',(82.449428,-126.695216,1.51));
#8006 = LINE('',#8007,#8008);
#8007 = CARTESIAN_POINT('',(82.449428,-126.695216,1.51));
#8008 = VECTOR('',#8009,1.);
#8009 = DIRECTION('',(-0.855939896272,-0.517075327172,0.));
#8010 = ORIENTED_EDGE('',*,*,#8011,.F.);
#8011 = EDGE_CURVE('',#8012,#8004,#8014,.T.);
#8012 = VERTEX_POINT('',#8013);
#8013 = CARTESIAN_POINT('',(85.684789,-124.695902,1.51));
#8014 = LINE('',#8015,#8016);
#8015 = CARTESIAN_POINT('',(85.684789,-124.695902,1.51));
#8016 = VECTOR('',#8017,1.);
#8017 = DIRECTION('',(-0.850680093653,-0.525683724556,0.));
#8018 = ORIENTED_EDGE('',*,*,#8019,.F.);
#8019 = EDGE_CURVE('',#8020,#8012,#8022,.T.);
#8020 = VERTEX_POINT('',#8021);
#8021 = CARTESIAN_POINT('',(88.861942,-122.687345,1.51));
#8022 = LINE('',#8023,#8024);
#8023 = CARTESIAN_POINT('',(88.861942,-122.687345,1.51));
#8024 = VECTOR('',#8025,1.);
#8025 = DIRECTION('',(-0.845256516099,-0.534360760154,0.));
#8026 = ORIENTED_EDGE('',*,*,#8027,.F.);
#8027 = EDGE_CURVE('',#8028,#8020,#8030,.T.);
#8028 = VERTEX_POINT('',#8029);
#8029 = CARTESIAN_POINT('',(89.554141,-122.243504,1.51));
#8030 = LINE('',#8031,#8032);
#8031 = CARTESIAN_POINT('',(89.554141,-122.243504,1.51));
#8032 = VECTOR('',#8033,1.);
#8033 = DIRECTION('',(-0.8418107881,-0.539772727209,0.));
#8034 = ORIENTED_EDGE('',*,*,#8035,.F.);
#8035 = EDGE_CURVE('',#8036,#8028,#8038,.T.);
#8036 = VERTEX_POINT('',#8037);
#8037 = CARTESIAN_POINT('',(92.308322,-120.451464,1.51));
#8038 = LINE('',#8039,#8040);
#8039 = CARTESIAN_POINT('',(92.308322,-120.451464,1.51));
#8040 = VECTOR('',#8041,1.);
#8041 = DIRECTION('',(-0.838190104464,-0.545378170427,0.));
#8042 = ORIENTED_EDGE('',*,*,#8043,.F.);
#8043 = EDGE_CURVE('',#8044,#8036,#8046,.T.);
#8044 = VERTEX_POINT('',#8045);
#8045 = CARTESIAN_POINT('',(94.886952,-118.730752,1.51));
#8046 = LINE('',#8047,#8048);
#8047 = CARTESIAN_POINT('',(94.886952,-118.730752,1.51));
#8048 = VECTOR('',#8049,1.);
#8049 = DIRECTION('',(-0.831808232351,-0.555063117665,0.));
#8050 = ORIENTED_EDGE('',*,*,#8051,.F.);
#8051 = EDGE_CURVE('',#8052,#8044,#8054,.T.);
#8052 = VERTEX_POINT('',#8053);
#8053 = CARTESIAN_POINT('',(97.330577,-117.05596,1.51));
#8054 = LINE('',#8055,#8056);
#8055 = CARTESIAN_POINT('',(97.330577,-117.05596,1.51));
#8056 = VECTOR('',#8057,1.);
#8057 = DIRECTION('',(-0.824860538211,-0.56533626498,0.));
#8058 = ORIENTED_EDGE('',*,*,#8059,.F.);
#8059 = EDGE_CURVE('',#8060,#8052,#8062,.T.);
#8060 = VERTEX_POINT('',#8061);
#8061 = CARTESIAN_POINT('',(99.665341,-115.410573,1.51));
#8062 = LINE('',#8063,#8064);
#8063 = CARTESIAN_POINT('',(99.665341,-115.410573,1.51));
#8064 = VECTOR('',#8065,1.);
#8065 = DIRECTION('',(-0.817409956967,-0.576056388082,0.));
#8066 = ORIENTED_EDGE('',*,*,#8067,.F.);
#8067 = EDGE_CURVE('',#8068,#8060,#8070,.T.);
#8068 = VERTEX_POINT('',#8069);
#8069 = CARTESIAN_POINT('',(101.909273,-113.783087,1.51));
#8070 = LINE('',#8071,#8072);
#8071 = CARTESIAN_POINT('',(101.909273,-113.783087,1.51));
#8072 = VECTOR('',#8073,1.);
#8073 = DIRECTION('',(-0.80950151713,-0.587117785257,0.));
#8074 = ORIENTED_EDGE('',*,*,#8075,.F.);
#8075 = EDGE_CURVE('',#8076,#8068,#8078,.T.);
#8076 = VERTEX_POINT('',#8077);
#8077 = CARTESIAN_POINT('',(104.075436,-112.165059,1.51));
#8078 = LINE('',#8079,#8080);
#8079 = CARTESIAN_POINT('',(104.075436,-112.165059,1.51));
#8080 = VECTOR('',#8081,1.);
#8081 = DIRECTION('',(-0.801169161363,-0.598437945723,0.));
#8082 = ORIENTED_EDGE('',*,*,#8083,.F.);
#8083 = EDGE_CURVE('',#8084,#8076,#8086,.T.);
#8084 = VERTEX_POINT('',#8085);
#8085 = CARTESIAN_POINT('',(106.173656,-110.550037,1.51));
#8086 = LINE('',#8087,#8088);
#8087 = CARTESIAN_POINT('',(106.173656,-110.550037,1.51));
#8088 = VECTOR('',#8089,1.);
#8089 = DIRECTION('',(-0.792440227327,-0.609949576698,0.));
#8090 = ORIENTED_EDGE('',*,*,#8091,.F.);
#8091 = EDGE_CURVE('',#8092,#8084,#8094,.T.);
#8092 = VERTEX_POINT('',#8093);
#8093 = CARTESIAN_POINT('',(108.211547,-108.932923,1.51));
#8094 = LINE('',#8095,#8096);
#8095 = CARTESIAN_POINT('',(108.211547,-108.932923,1.51));
#8096 = VECTOR('',#8097,1.);
#8097 = DIRECTION('',(-0.783337529779,-0.621596584965,0.));
#8098 = ORIENTED_EDGE('',*,*,#8099,.F.);
#8099 = EDGE_CURVE('',#8100,#8092,#8102,.T.);
#8100 = VERTEX_POINT('',#8101);
#8101 = CARTESIAN_POINT('',(110.195153,-107.309577,1.51));
#8102 = LINE('',#8103,#8104);
#8103 = CARTESIAN_POINT('',(110.195153,-107.309577,1.51));
#8104 = VECTOR('',#8105,1.);
#8105 = DIRECTION('',(-0.773881645383,-0.633330244769,0.));
#8106 = ORIENTED_EDGE('',*,*,#8107,.F.);
#8107 = EDGE_CURVE('',#8108,#8100,#8110,.T.);
#8108 = VERTEX_POINT('',#8109);
#8109 = CARTESIAN_POINT('',(112.129365,-105.676558,1.51));
#8110 = LINE('',#8111,#8112);
#8111 = CARTESIAN_POINT('',(112.129365,-105.676558,1.51));
#8112 = VECTOR('',#8113,1.);
#8113 = DIRECTION('',(-0.764091364865,-0.645108042221,0.));
#8114 = ORIENTED_EDGE('',*,*,#8115,.F.);
#8115 = EDGE_CURVE('',#8116,#8108,#8118,.T.);
#8116 = VERTEX_POINT('',#8117);
#8117 = CARTESIAN_POINT('',(114.01821,-104.03094,1.51));
#8118 = LINE('',#8119,#8120);
#8119 = CARTESIAN_POINT('',(114.01821,-104.03094,1.51));
#8120 = VECTOR('',#8121,1.);
#8121 = DIRECTION('',(-0.753983739281,-0.656893081787,0.));
#8122 = ORIENTED_EDGE('',*,*,#8123,.F.);
#8123 = EDGE_CURVE('',#8124,#8116,#8126,.T.);
#8124 = VERTEX_POINT('',#8125);
#8125 = CARTESIAN_POINT('',(115.865044,-102.370195,1.51));
#8126 = LINE('',#8127,#8128);
#8127 = CARTESIAN_POINT('',(115.865044,-102.370195,1.51));
#8128 = VECTOR('',#8129,1.);
#8129 = DIRECTION('',(-0.743575479701,-0.668652006643,0.));
#8130 = ORIENTED_EDGE('',*,*,#8131,.F.);
#8131 = EDGE_CURVE('',#8132,#8124,#8134,.T.);
#8132 = VERTEX_POINT('',#8133);
#8133 = CARTESIAN_POINT('',(117.296642,-101.045353,1.51));
#8134 = LINE('',#8135,#8136);
#8135 = CARTESIAN_POINT('',(117.296642,-101.045353,1.51));
#8136 = VECTOR('',#8137,1.);
#8137 = DIRECTION('',(-0.733942544628,-0.679211558489,0.));
#8138 = ORIENTED_EDGE('',*,*,#8139,.F.);
#8139 = EDGE_CURVE('',#8140,#8132,#8142,.T.);
#8140 = VERTEX_POINT('',#8141);
#8141 = CARTESIAN_POINT('',(118.201227,-100.190666,1.51));
#8142 = LINE('',#8143,#8144);
#8143 = CARTESIAN_POINT('',(118.201227,-100.190666,1.51));
#8144 = VECTOR('',#8145,1.);
#8145 = DIRECTION('',(-0.726870050314,-0.686775021355,0.));
#8146 = ORIENTED_EDGE('',*,*,#8147,.F.);
#8147 = EDGE_CURVE('',#8148,#8140,#8150,.T.);
#8148 = VERTEX_POINT('',#8149);
#8149 = CARTESIAN_POINT('',(119.104159,-99.323774,1.51));
#8150 = LINE('',#8151,#8152);
#8151 = CARTESIAN_POINT('',(119.104159,-99.323774,1.51));
#8152 = VECTOR('',#8153,1.);
#8153 = DIRECTION('',(-0.721356476347,-0.692563956636,0.));
#8154 = ORIENTED_EDGE('',*,*,#8155,.F.);
#8155 = EDGE_CURVE('',#8156,#8148,#8158,.T.);
#8156 = VERTEX_POINT('',#8157);
#8157 = CARTESIAN_POINT('',(120.899218,-97.558739,1.51));
#8158 = LINE('',#8159,#8160);
#8159 = CARTESIAN_POINT('',(120.899218,-97.558739,1.51));
#8160 = VECTOR('',#8161,1.);
#8161 = DIRECTION('',(-0.713044799017,-0.701118474007,0.));
#8162 = ORIENTED_EDGE('',*,*,#8163,.F.);
#8163 = EDGE_CURVE('',#8164,#8156,#8166,.T.);
#8164 = VERTEX_POINT('',#8165);
#8165 = CARTESIAN_POINT('',(122.678835,-95.752783,1.51));
#8166 = LINE('',#8167,#8168);
#8167 = CARTESIAN_POINT('',(122.678835,-95.752783,1.51));
#8168 = VECTOR('',#8169,1.);
#8169 = DIRECTION('',(-0.701893559649,-0.712281847953,0.));
#8170 = ORIENTED_EDGE('',*,*,#8171,.F.);
#8171 = EDGE_CURVE('',#8172,#8164,#8174,.T.);
#8172 = VERTEX_POINT('',#8173);
#8173 = CARTESIAN_POINT('',(124.440173,-93.908454,1.51));
#8174 = LINE('',#8175,#8176);
#8175 = CARTESIAN_POINT('',(124.440173,-93.908454,1.51));
#8176 = VECTOR('',#8177,1.);
#8177 = DIRECTION('',(-0.690648509751,-0.723190594503,0.));
#8178 = ORIENTED_EDGE('',*,*,#8179,.F.);
#8179 = EDGE_CURVE('',#8180,#8172,#8182,.T.);
#8180 = VERTEX_POINT('',#8181);
#8181 = CARTESIAN_POINT('',(126.180549,-92.028294,1.51));
#8182 = LINE('',#8183,#8184);
#8183 = CARTESIAN_POINT('',(126.180549,-92.028294,1.51));
#8184 = VECTOR('',#8185,1.);
#8185 = DIRECTION('',(-0.679300241027,-0.733860465307,0.));
#8186 = ORIENTED_EDGE('',*,*,#8187,.F.);
#8187 = EDGE_CURVE('',#8188,#8180,#8190,.T.);
#8188 = VERTEX_POINT('',#8189);
#8189 = CARTESIAN_POINT('',(127.897439,-90.114827,1.51));
#8190 = LINE('',#8191,#8192);
#8191 = CARTESIAN_POINT('',(127.897439,-90.114827,1.51));
#8192 = VECTOR('',#8193,1.);
#8193 = DIRECTION('',(-0.66783993662,-0.744304923439,0.));
#8194 = ORIENTED_EDGE('',*,*,#8195,.F.);
#8195 = EDGE_CURVE('',#8196,#8188,#8198,.T.);
#8196 = VERTEX_POINT('',#8197);
#8197 = CARTESIAN_POINT('',(129.588488,-88.170536,1.51));
#8198 = LINE('',#8199,#8200);
#8199 = CARTESIAN_POINT('',(129.588488,-88.170536,1.51));
#8200 = VECTOR('',#8201,1.);
#8201 = DIRECTION('',(-0.656258524523,-0.7545361151,0.));
#8202 = ORIENTED_EDGE('',*,*,#8203,.F.);
#8203 = EDGE_CURVE('',#8204,#8196,#8206,.T.);
#8204 = VERTEX_POINT('',#8205);
#8205 = CARTESIAN_POINT('',(131.251505,-86.197858,1.51));
#8206 = LINE('',#8207,#8208);
#8207 = CARTESIAN_POINT('',(131.251505,-86.197858,1.51));
#8208 = VECTOR('',#8209,1.);
#8209 = DIRECTION('',(-0.644547115498,-0.764564592368,0.));
#8210 = ORIENTED_EDGE('',*,*,#8211,.F.);
#8211 = EDGE_CURVE('',#8212,#8204,#8214,.T.);
#8212 = VERTEX_POINT('',#8213);
#8213 = CARTESIAN_POINT('',(132.884469,-84.199168,1.51));
#8214 = LINE('',#8215,#8216);
#8215 = CARTESIAN_POINT('',(132.884469,-84.199168,1.51));
#8216 = VECTOR('',#8217,1.);
#8217 = DIRECTION('',(-0.632697376394,-0.774399141209,0.));
#8218 = ORIENTED_EDGE('',*,*,#8219,.F.);
#8219 = EDGE_CURVE('',#8220,#8212,#8222,.T.);
#8220 = VERTEX_POINT('',#8221);
#8221 = CARTESIAN_POINT('',(133.257527,-83.733705,1.51));
#8222 = LINE('',#8223,#8224);
#8223 = CARTESIAN_POINT('',(133.257527,-83.733705,1.51));
#8224 = VECTOR('',#8225,1.);
#8225 = DIRECTION('',(-0.625397659487,-0.780306201121,0.));
#8226 = ORIENTED_EDGE('',*,*,#8227,.F.);
#8227 = EDGE_CURVE('',#8228,#8220,#8230,.T.);
#8228 = VERTEX_POINT('',#8229);
#8229 = CARTESIAN_POINT('',(134.891189,-81.656509,1.51));
#8230 = LINE('',#8231,#8232);
#8231 = CARTESIAN_POINT('',(134.891189,-81.656509,1.51));
#8232 = VECTOR('',#8233,1.);
#8233 = DIRECTION('',(-0.618191020157,-0.78602790192,0.));
#8234 = ORIENTED_EDGE('',*,*,#8235,.F.);
#8235 = EDGE_CURVE('',#8236,#8228,#8238,.T.);
#8236 = VERTEX_POINT('',#8237);
#8237 = CARTESIAN_POINT('',(136.487367,-79.562906,1.51));
#8238 = LINE('',#8239,#8240);
#8239 = CARTESIAN_POINT('',(136.487367,-79.562906,1.51));
#8240 = VECTOR('',#8241,1.);
#8241 = DIRECTION('',(-0.606295989624,-0.795239066549,0.));
#8242 = ORIENTED_EDGE('',*,*,#8243,.F.);
#8243 = EDGE_CURVE('',#8244,#8236,#8246,.T.);
#8244 = VERTEX_POINT('',#8245);
#8245 = CARTESIAN_POINT('',(138.042721,-77.457651,1.51));
#8246 = LINE('',#8247,#8248);
#8247 = CARTESIAN_POINT('',(138.042721,-77.457651,1.51));
#8248 = VECTOR('',#8249,1.);
#8249 = DIRECTION('',(-0.594217099858,-0.804304692412,0.));
#8250 = ORIENTED_EDGE('',*,*,#8251,.F.);
#8251 = EDGE_CURVE('',#8252,#8244,#8254,.T.);
#8252 = VERTEX_POINT('',#8253);
#8253 = CARTESIAN_POINT('',(139.55428,-75.345268,1.51));
#8254 = LINE('',#8255,#8256);
#8255 = CARTESIAN_POINT('',(139.55428,-75.345268,1.51));
#8256 = VECTOR('',#8257,1.);
#8257 = DIRECTION('',(-0.581929846037,-0.813238989653,0.));
#8258 = ORIENTED_EDGE('',*,*,#8259,.F.);
#8259 = EDGE_CURVE('',#8260,#8252,#8262,.T.);
#8260 = VERTEX_POINT('',#8261);
#8261 = CARTESIAN_POINT('',(141.019441,-73.23003,1.51));
#8262 = LINE('',#8263,#8264);
#8263 = CARTESIAN_POINT('',(141.019441,-73.23003,1.51));
#8264 = VECTOR('',#8265,1.);
#8265 = DIRECTION('',(-0.569411061132,-0.822052944439,0.));
#8266 = ORIENTED_EDGE('',*,*,#8267,.F.);
#8267 = EDGE_CURVE('',#8268,#8260,#8270,.T.);
#8268 = VERTEX_POINT('',#8269);
#8269 = CARTESIAN_POINT('',(142.435955,-71.115943,1.51));
#8270 = LINE('',#8271,#8272);
#8271 = CARTESIAN_POINT('',(142.435955,-71.115943,1.51));
#8272 = VECTOR('',#8273,1.);
#8273 = DIRECTION('',(-0.556636418693,-0.83075622019,0.));
#8274 = ORIENTED_EDGE('',*,*,#8275,.F.);
#8275 = EDGE_CURVE('',#8276,#8268,#8278,.T.);
#8276 = VERTEX_POINT('',#8277);
#8277 = CARTESIAN_POINT('',(143.80192,-69.006733,1.51));
#8278 = LINE('',#8279,#8280);
#8279 = CARTESIAN_POINT('',(143.80192,-69.006733,1.51));
#8280 = VECTOR('',#8281,1.);
#8281 = DIRECTION('',(-0.543582808836,-0.839355544414,0.));
#8282 = ORIENTED_EDGE('',*,*,#8283,.F.);
#8283 = EDGE_CURVE('',#8284,#8276,#8286,.T.);
#8284 = VERTEX_POINT('',#8285);
#8285 = CARTESIAN_POINT('',(145.115757,-66.905845,1.51));
#8286 = LINE('',#8287,#8288);
#8287 = CARTESIAN_POINT('',(145.115757,-66.905845,1.51));
#8288 = VECTOR('',#8289,1.);
#8289 = DIRECTION('',(-0.530225863683,-0.847856434475,0.));
#8290 = ORIENTED_EDGE('',*,*,#8291,.F.);
#8291 = EDGE_CURVE('',#8292,#8284,#8294,.T.);
#8292 = VERTEX_POINT('',#8293);
#8293 = CARTESIAN_POINT('',(146.376199,-64.816439,1.51));
#8294 = LINE('',#8295,#8296);
#8295 = CARTESIAN_POINT('',(146.376199,-64.816439,1.51));
#8296 = VECTOR('',#8297,1.);
#8297 = DIRECTION('',(-0.516542859524,-0.856261335268,0.));
#8298 = ORIENTED_EDGE('',*,*,#8299,.F.);
#8299 = EDGE_CURVE('',#8300,#8292,#8302,.T.);
#8300 = VERTEX_POINT('',#8301);
#8301 = CARTESIAN_POINT('',(147.582262,-62.741397,1.51));
#8302 = LINE('',#8303,#8304);
#8303 = CARTESIAN_POINT('',(147.582262,-62.741397,1.51));
#8304 = VECTOR('',#8305,1.);
#8305 = DIRECTION('',(-0.502509357693,-0.864571769971,0.));
#8306 = ORIENTED_EDGE('',*,*,#8307,.F.);
#8307 = EDGE_CURVE('',#8308,#8300,#8310,.T.);
#8308 = VERTEX_POINT('',#8309);
#8309 = CARTESIAN_POINT('',(148.733229,-60.683328,1.51));
#8310 = LINE('',#8311,#8312);
#8311 = CARTESIAN_POINT('',(148.733229,-60.683328,1.51));
#8312 = VECTOR('',#8313,1.);
#8313 = DIRECTION('',(-0.488102359765,-0.87278639219,0.));
#8314 = ORIENTED_EDGE('',*,*,#8315,.F.);
#8315 = EDGE_CURVE('',#8316,#8308,#8318,.T.);
#8316 = VERTEX_POINT('',#8317);
#8317 = CARTESIAN_POINT('',(149.828624,-58.644578,1.51));
#8318 = LINE('',#8319,#8320);
#8319 = CARTESIAN_POINT('',(149.828624,-58.644578,1.51));
#8320 = VECTOR('',#8321,1.);
#8321 = DIRECTION('',(-0.473297910595,-0.880902428097,0.));
#8322 = ORIENTED_EDGE('',*,*,#8323,.F.);
#8323 = EDGE_CURVE('',#8324,#8316,#8326,.T.);
#8324 = VERTEX_POINT('',#8325);
#8325 = CARTESIAN_POINT('',(150.868193,-56.627241,1.51));
#8326 = LINE('',#8327,#8328);
#8327 = CARTESIAN_POINT('',(150.868193,-56.627241,1.51));
#8328 = VECTOR('',#8329,1.);
#8329 = DIRECTION('',(-0.458073167312,-0.888914491607,0.));
#8330 = ORIENTED_EDGE('',*,*,#8331,.F.);
#8331 = EDGE_CURVE('',#8332,#8324,#8334,.T.);
#8332 = VERTEX_POINT('',#8333);
#8333 = CARTESIAN_POINT('',(151.851879,-54.633172,1.51));
#8334 = LINE('',#8335,#8336);
#8335 = CARTESIAN_POINT('',(151.851879,-54.633172,1.51));
#8336 = VECTOR('',#8337,1.);
#8337 = DIRECTION('',(-0.442404448461,-0.896815646597,0.));
#8338 = ORIENTED_EDGE('',*,*,#8339,.F.);
#8339 = EDGE_CURVE('',#8340,#8332,#8342,.T.);
#8340 = VERTEX_POINT('',#8341);
#8341 = CARTESIAN_POINT('',(152.722342,-52.787005,1.51));
#8342 = LINE('',#8343,#8344);
#8343 = CARTESIAN_POINT('',(152.722342,-52.787005,1.51));
#8344 = VECTOR('',#8345,1.);
#8345 = DIRECTION('',(-0.426470190303,-0.904501617899,0.));
#8346 = ORIENTED_EDGE('',*,*,#8347,.F.);
#8347 = EDGE_CURVE('',#8348,#8340,#8350,.T.);
#8348 = VERTEX_POINT('',#8349);
#8349 = CARTESIAN_POINT('',(153.572193,-50.895606,1.51));
#8350 = LINE('',#8351,#8352);
#8351 = CARTESIAN_POINT('',(153.572193,-50.895606,1.51));
#8352 = VECTOR('',#8353,1.);
#8353 = DIRECTION('',(-0.409851849385,-0.912152104397,0.));
#8354 = ORIENTED_EDGE('',*,*,#8355,.F.);
#8355 = EDGE_CURVE('',#8356,#8348,#8358,.T.);
#8356 = VERTEX_POINT('',#8357);
#8357 = CARTESIAN_POINT('',(154.365772,-49.034861,1.51));
#8358 = LINE('',#8359,#8360);
#8359 = CARTESIAN_POINT('',(154.365772,-49.034861,1.51));
#8360 = VECTOR('',#8361,1.);
#8361 = DIRECTION('',(-0.392296964083,-0.919838622787,0.));
#8362 = ORIENTED_EDGE('',*,*,#8363,.F.);
#8363 = EDGE_CURVE('',#8364,#8356,#8366,.T.);
#8364 = VERTEX_POINT('',#8365);
#8365 = CARTESIAN_POINT('',(155.10496,-47.202695,1.51));
#8366 = LINE('',#8367,#8368);
#8367 = CARTESIAN_POINT('',(155.10496,-47.202695,1.51));
#8368 = VECTOR('',#8369,1.);
#8369 = DIRECTION('',(-0.374147435109,-0.927369234341,0.));
#8370 = ORIENTED_EDGE('',*,*,#8371,.F.);
#8371 = EDGE_CURVE('',#8372,#8364,#8374,.T.);
#8372 = VERTEX_POINT('',#8373);
#8373 = CARTESIAN_POINT('',(155.791467,-45.397209,1.51));
#8374 = LINE('',#8375,#8376);
#8375 = CARTESIAN_POINT('',(155.791467,-45.397209,1.51));
#8376 = VECTOR('',#8377,1.);
#8377 = DIRECTION('',(-0.355408803191,-0.93471096207,0.));
#8378 = ORIENTED_EDGE('',*,*,#8379,.F.);
#8379 = EDGE_CURVE('',#8380,#8372,#8382,.T.);
#8380 = VERTEX_POINT('',#8381);
#8381 = CARTESIAN_POINT('',(156.426854,-43.616646,1.51));
#8382 = LINE('',#8383,#8384);
#8383 = CARTESIAN_POINT('',(156.426854,-43.616646,1.51));
#8384 = VECTOR('',#8385,1.);
#8385 = DIRECTION('',(-0.33608852518,-0.941830400466,0.));
#8386 = ORIENTED_EDGE('',*,*,#8387,.F.);
#8387 = EDGE_CURVE('',#8388,#8380,#8390,.T.);
#8388 = VERTEX_POINT('',#8389);
#8389 = CARTESIAN_POINT('',(157.012547,-41.859381,1.51));
#8390 = LINE('',#8391,#8392);
#8391 = CARTESIAN_POINT('',(157.012547,-41.859381,1.51));
#8392 = VECTOR('',#8393,1.);
#8393 = DIRECTION('',(-0.316197641153,-0.94869333914,0.));
#8394 = ORIENTED_EDGE('',*,*,#8395,.F.);
#8395 = EDGE_CURVE('',#8396,#8388,#8398,.T.);
#8396 = VERTEX_POINT('',#8397);
#8397 = CARTESIAN_POINT('',(157.549849,-40.123894,1.51));
#8398 = LINE('',#8399,#8400);
#8399 = CARTESIAN_POINT('',(157.549849,-40.123894,1.51));
#8400 = VECTOR('',#8401,1.);
#8401 = DIRECTION('',(-0.295747747702,-0.955266072741,0.));
#8402 = ORIENTED_EDGE('',*,*,#8403,.F.);
#8403 = EDGE_CURVE('',#8404,#8396,#8406,.T.);
#8404 = VERTEX_POINT('',#8405);
#8405 = CARTESIAN_POINT('',(158.039952,-38.408759,1.51));
#8406 = LINE('',#8407,#8408);
#8407 = CARTESIAN_POINT('',(158.039952,-38.408759,1.51));
#8408 = VECTOR('',#8409,1.);
#8409 = DIRECTION('',(-0.27475452079,-0.961514406187,0.));
#8410 = ORIENTED_EDGE('',*,*,#8411,.F.);
#8411 = EDGE_CURVE('',#8412,#8404,#8414,.T.);
#8412 = VERTEX_POINT('',#8413);
#8413 = CARTESIAN_POINT('',(158.483941,-36.712632,1.51));
#8414 = LINE('',#8415,#8416);
#8415 = CARTESIAN_POINT('',(158.483941,-36.712632,1.51));
#8416 = VECTOR('',#8417,1.);
#8417 = DIRECTION('',(-0.253234098453,-0.967405029644,0.));
#8418 = ORIENTED_EDGE('',*,*,#8419,.F.);
#8419 = EDGE_CURVE('',#8420,#8412,#8422,.T.);
#8420 = VERTEX_POINT('',#8421);
#8421 = CARTESIAN_POINT('',(158.882806,-35.034242,1.51));
#8422 = LINE('',#8423,#8424);
#8423 = CARTESIAN_POINT('',(158.882806,-35.034242,1.51));
#8424 = VECTOR('',#8425,1.);
#8425 = DIRECTION('',(-0.231208166747,-0.972904303428,0.));
#8426 = ORIENTED_EDGE('',*,*,#8427,.F.);
#8427 = EDGE_CURVE('',#8428,#8420,#8430,.T.);
#8428 = VERTEX_POINT('',#8429);
#8429 = CARTESIAN_POINT('',(159.237445,-33.372377,1.51));
#8430 = LINE('',#8431,#8432);
#8431 = CARTESIAN_POINT('',(159.237445,-33.372377,1.51));
#8432 = VECTOR('',#8433,1.);
#8433 = DIRECTION('',(-0.208699148396,-0.97797989011,0.));
#8434 = ORIENTED_EDGE('',*,*,#8435,.F.);
#8435 = EDGE_CURVE('',#8436,#8428,#8438,.T.);
#8436 = VERTEX_POINT('',#8437);
#8437 = CARTESIAN_POINT('',(159.548666,-31.725884,1.51));
#8438 = LINE('',#8439,#8440);
#8439 = CARTESIAN_POINT('',(159.548666,-31.725884,1.51));
#8440 = VECTOR('',#8441,1.);
#8441 = DIRECTION('',(-0.185731679579,-0.982600500306,0.));
#8442 = ORIENTED_EDGE('',*,*,#8443,.F.);
#8443 = EDGE_CURVE('',#8444,#8436,#8446,.T.);
#8444 = VERTEX_POINT('',#8445);
#8445 = CARTESIAN_POINT('',(159.817199,-30.093654,1.51));
#8446 = LINE('',#8447,#8448);
#8447 = CARTESIAN_POINT('',(159.817199,-30.093654,1.51));
#8448 = VECTOR('',#8449,1.);
#8449 = DIRECTION('',(-0.162336814302,-0.986735404616,0.));
#8450 = ORIENTED_EDGE('',*,*,#8451,.F.);
#8451 = EDGE_CURVE('',#8452,#8444,#8454,.T.);
#8452 = VERTEX_POINT('',#8453);
#8453 = CARTESIAN_POINT('',(160.043687,-28.474625,1.51));
#8454 = LINE('',#8455,#8456);
#8455 = CARTESIAN_POINT('',(160.043687,-28.474625,1.51));
#8456 = VECTOR('',#8457,1.);
#8457 = DIRECTION('',(-0.138542218481,-0.990356528579,0.));
#8458 = ORIENTED_EDGE('',*,*,#8459,.F.);
#8459 = EDGE_CURVE('',#8460,#8452,#8462,.T.);
#8460 = VERTEX_POINT('',#8461);
#8461 = CARTESIAN_POINT('',(160.228702,-26.867771,1.51));
#8462 = LINE('',#8463,#8464);
#8463 = CARTESIAN_POINT('',(160.228702,-26.867771,1.51));
#8464 = VECTOR('',#8465,1.);
#8465 = DIRECTION('',(-0.114385404467,-0.993436449525,0.));
#8466 = ORIENTED_EDGE('',*,*,#8467,.F.);
#8467 = EDGE_CURVE('',#8468,#8460,#8470,.T.);
#8468 = VERTEX_POINT('',#8469);
#8469 = CARTESIAN_POINT('',(160.289288,-26.248758,1.51));
#8470 = LINE('',#8471,#8472);
#8471 = CARTESIAN_POINT('',(160.289288,-26.248758,1.51));
#8472 = VECTOR('',#8473,1.);
#8473 = DIRECTION('',(-9.740970736406E-02,-0.99524436643,0.));
#8474 = ORIENTED_EDGE('',*,*,#8475,.F.);
#8475 = EDGE_CURVE('',#8476,#8468,#8478,.T.);
#8476 = VERTEX_POINT('',#8477);
#8477 = CARTESIAN_POINT('',(160.359078,-25.44464,1.51));
#8478 = LINE('',#8479,#8480);
#8479 = CARTESIAN_POINT('',(160.359078,-25.44464,1.51));
#8480 = VECTOR('',#8481,1.);
#8481 = DIRECTION('',(-8.646569840516E-02,-0.996254828344,0.));
#8482 = ORIENTED_EDGE('',*,*,#8483,.F.);
#8483 = EDGE_CURVE('',#8484,#8476,#8486,.T.);
#8484 = VERTEX_POINT('',#8485);
#8485 = CARTESIAN_POINT('',(160.418918,-24.63942,1.51));
#8486 = LINE('',#8487,#8488);
#8487 = CARTESIAN_POINT('',(160.418918,-24.63942,1.51));
#8488 = VECTOR('',#8489,1.);
#8489 = DIRECTION('',(-7.411072889515E-02,-0.997250018733,0.));
#8490 = ORIENTED_EDGE('',*,*,#8491,.F.);
#8491 = EDGE_CURVE('',#8492,#8484,#8494,.T.);
#8492 = VERTEX_POINT('',#8493);
#8493 = CARTESIAN_POINT('',(160.46883,-23.8327,1.51));
#8494 = LINE('',#8495,#8496);
#8495 = CARTESIAN_POINT('',(160.46883,-23.8327,1.51));
#8496 = VECTOR('',#8497,1.);
#8497 = DIRECTION('',(-6.175221080462E-02,-0.998091511065,0.));
#8498 = ORIENTED_EDGE('',*,*,#8499,.F.);
#8499 = EDGE_CURVE('',#8500,#8492,#8502,.T.);
#8500 = VERTEX_POINT('',#8501);
#8501 = CARTESIAN_POINT('',(160.508772,-23.02508,1.51));
#8502 = LINE('',#8503,#8504);
#8503 = CARTESIAN_POINT('',(160.508772,-23.02508,1.51));
#8504 = VECTOR('',#8505,1.);
#8505 = DIRECTION('',(-4.939605457338E-02,-0.998779269805,0.));
#8506 = ORIENTED_EDGE('',*,*,#8507,.F.);
#8507 = EDGE_CURVE('',#8508,#8500,#8510,.T.);
#8508 = VERTEX_POINT('',#8509);
#8509 = CARTESIAN_POINT('',(160.538749,-22.216328,1.51));
#8510 = LINE('',#8511,#8512);
#8511 = CARTESIAN_POINT('',(160.538749,-22.216328,1.51));
#8512 = VECTOR('',#8513,1.);
#8513 = DIRECTION('',(-3.704031513422E-02,-0.999313772073,0.));
#8514 = ORIENTED_EDGE('',*,*,#8515,.F.);
#8515 = EDGE_CURVE('',#8516,#8508,#8518,.T.);
#8516 = VERTEX_POINT('',#8517);
#8517 = CARTESIAN_POINT('',(160.558738,-21.40688,1.51));
#8518 = LINE('',#8519,#8520);
#8519 = CARTESIAN_POINT('',(160.558738,-21.40688,1.51));
#8520 = VECTOR('',#8521,1.);
#8521 = DIRECTION('',(-2.468708046005E-02,-0.999695227586,0.));
#8522 = ORIENTED_EDGE('',*,*,#8523,.F.);
#8523 = EDGE_CURVE('',#8524,#8516,#8526,.T.);
#8524 = VERTEX_POINT('',#8525);
#8525 = CARTESIAN_POINT('',(160.568739,-20.596667,1.51));
#8526 = LINE('',#8527,#8528);
#8527 = CARTESIAN_POINT('',(160.568739,-20.596667,1.51));
#8528 = VECTOR('',#8529,1.);
#8529 = DIRECTION('',(-1.234272738182E-02,-0.999923825639,0.));
#8530 = ORIENTED_EDGE('',*,*,#8531,.F.);
#8531 = EDGE_CURVE('',#8532,#8524,#8534,.T.);
#8532 = VERTEX_POINT('',#8533);
#8533 = CARTESIAN_POINT('',(160.56874,-19.785965,1.51));
#8534 = LINE('',#8535,#8536);
#8535 = CARTESIAN_POINT('',(160.56874,-19.785965,1.51));
#8536 = VECTOR('',#8537,1.);
#8537 = DIRECTION('',(-1.233498865766E-06,-0.999999999999,0.));
#8538 = ORIENTED_EDGE('',*,*,#8539,.F.);
#8539 = EDGE_CURVE('',#8540,#8532,#8542,.T.);
#8540 = VERTEX_POINT('',#8541);
#8541 = CARTESIAN_POINT('',(160.558739,-18.974868,1.51));
#8542 = LINE('',#8543,#8544);
#8543 = CARTESIAN_POINT('',(160.558739,-18.974868,1.51));
#8544 = VECTOR('',#8545,1.);
#8545 = DIRECTION('',(1.232927731171E-02,-0.999923991572,0.));
#8546 = ORIENTED_EDGE('',*,*,#8547,.F.);
#8547 = EDGE_CURVE('',#8548,#8540,#8550,.T.);
#8548 = VERTEX_POINT('',#8549);
#8549 = CARTESIAN_POINT('',(160.538731,-18.163486,1.51));
#8550 = LINE('',#8551,#8552);
#8551 = CARTESIAN_POINT('',(160.538731,-18.163486,1.51));
#8552 = VECTOR('',#8553,1.);
#8553 = DIRECTION('',(2.465166789251E-02,-0.999696101458,0.));
#8554 = ORIENTED_EDGE('',*,*,#8555,.F.);
#8555 = EDGE_CURVE('',#8556,#8548,#8558,.T.);
#8556 = VERTEX_POINT('',#8557);
#8557 = CARTESIAN_POINT('',(160.508719,-17.35208,1.51));
#8558 = LINE('',#8559,#8560);
#8559 = CARTESIAN_POINT('',(160.508719,-17.35208,1.51));
#8560 = VECTOR('',#8561,1.);
#8561 = DIRECTION('',(3.696237338627E-02,-0.999316657999,0.));
#8562 = ORIENTED_EDGE('',*,*,#8563,.F.);
#8563 = EDGE_CURVE('',#8564,#8556,#8566,.T.);
#8564 = VERTEX_POINT('',#8565);
#8565 = CARTESIAN_POINT('',(160.468697,-16.540595,1.51));
#8566 = LINE('',#8567,#8568);
#8567 = CARTESIAN_POINT('',(160.468697,-16.540595,1.51));
#8568 = VECTOR('',#8569,1.);
#8569 = DIRECTION('',(4.925958419944E-02,-0.998786009796,0.));
#8570 = ORIENTED_EDGE('',*,*,#8571,.F.);
#8571 = EDGE_CURVE('',#8572,#8564,#8574,.T.);
#8572 = VERTEX_POINT('',#8573);
#8573 = CARTESIAN_POINT('',(160.358659,-14.918437,1.51));
#8574 = LINE('',#8575,#8576);
#8575 = CARTESIAN_POINT('',(160.358659,-14.918437,1.51));
#8576 = VECTOR('',#8577,1.);
#8577 = DIRECTION('',(6.767879618467E-02,-0.99770716172,0.));
#8578 = ORIENTED_EDGE('',*,*,#8579,.F.);
#8579 = EDGE_CURVE('',#8580,#8572,#8582,.T.);
#8580 = VERTEX_POINT('',#8581);
#8581 = CARTESIAN_POINT('',(160.208667,-13.298153,1.51));
#8582 = LINE('',#8583,#8584);
#8583 = CARTESIAN_POINT('',(160.208667,-13.298153,1.51));
#8584 = VECTOR('',#8585,1.);
#8585 = DIRECTION('',(9.217731297635E-02,-0.995742608796,0.));
#8586 = ORIENTED_EDGE('',*,*,#8587,.F.);
#8587 = EDGE_CURVE('',#8588,#8580,#8590,.T.);
#8588 = VERTEX_POINT('',#8589);
#8589 = CARTESIAN_POINT('',(160.018802,-11.680877,1.51));
#8590 = LINE('',#8591,#8592);
#8591 = CARTESIAN_POINT('',(160.018802,-11.680877,1.51));
#8592 = VECTOR('',#8593,1.);
#8593 = DIRECTION('',(0.116597280385,-0.993179275965,0.));
#8594 = ORIENTED_EDGE('',*,*,#8595,.F.);
#8595 = EDGE_CURVE('',#8596,#8588,#8598,.T.);
#8596 = VERTEX_POINT('',#8597);
#8597 = CARTESIAN_POINT('',(159.789176,-10.067725,1.51));
#8598 = LINE('',#8599,#8600);
#8599 = CARTESIAN_POINT('',(159.789176,-10.067725,1.51));
#8600 = VECTOR('',#8601,1.);
#8601 = DIRECTION('',(0.140925577216,-0.990020192565,0.));
#8602 = ORIENTED_EDGE('',*,*,#8603,.F.);
#8603 = EDGE_CURVE('',#8604,#8596,#8606,.T.);
#8604 = VERTEX_POINT('',#8605);
#8605 = CARTESIAN_POINT('',(159.51993,-8.4598,1.51));
#8606 = LINE('',#8607,#8608);
#8607 = CARTESIAN_POINT('',(159.51993,-8.4598,1.51));
#8608 = VECTOR('',#8609,1.);
#8609 = DIRECTION('',(0.165150014729,-0.986268458704,0.));
#8610 = ORIENTED_EDGE('',*,*,#8611,.F.);
#8611 = EDGE_CURVE('',#8612,#8604,#8614,.T.);
#8612 = VERTEX_POINT('',#8613);
#8613 = CARTESIAN_POINT('',(159.211232,-6.858189,1.51));
#8614 = LINE('',#8615,#8616);
#8615 = CARTESIAN_POINT('',(159.211232,-6.858189,1.51));
#8616 = VECTOR('',#8617,1.);
#8617 = DIRECTION('',(0.189258799709,-0.981927241059,0.));
#8618 = ORIENTED_EDGE('',*,*,#8619,.F.);
#8619 = EDGE_CURVE('',#8620,#8612,#8622,.T.);
#8620 = VERTEX_POINT('',#8621);
#8621 = CARTESIAN_POINT('',(159.09223,-6.291553,1.51));
#8622 = LINE('',#8623,#8624);
#8623 = CARTESIAN_POINT('',(159.09223,-6.291553,1.51));
#8624 = VECTOR('',#8625,1.);
#8625 = DIRECTION('',(0.205531195501,-0.978650564643,0.));
#8626 = ORIENTED_EDGE('',*,*,#8627,.F.);
#8627 = EDGE_CURVE('',#8628,#8620,#8630,.T.);
#8628 = VERTEX_POINT('',#8629);
#8629 = CARTESIAN_POINT('',(158.914865,-5.48898,1.51));
#8630 = LINE('',#8631,#8632);
#8631 = CARTESIAN_POINT('',(158.914865,-5.48898,1.51));
#8632 = VECTOR('',#8633,1.);
#8633 = DIRECTION('',(0.215788831997,-0.976440054476,0.));
#8634 = ORIENTED_EDGE('',*,*,#8635,.F.);
#8635 = EDGE_CURVE('',#8636,#8628,#8638,.T.);
#8636 = VERTEX_POINT('',#8637);
#8637 = CARTESIAN_POINT('',(158.727639,-4.688406,1.51));
#8638 = LINE('',#8639,#8640);
#8639 = CARTESIAN_POINT('',(158.727639,-4.688406,1.51));
#8640 = VECTOR('',#8641,1.);
#8641 = DIRECTION('',(0.227720279161,-0.973726591225,0.));
#8642 = ORIENTED_EDGE('',*,*,#8643,.F.);
#8643 = EDGE_CURVE('',#8644,#8636,#8646,.T.);
#8644 = VERTEX_POINT('',#8645);
#8645 = CARTESIAN_POINT('',(158.529649,-3.886058,1.51));
#8646 = LINE('',#8647,#8648);
#8647 = CARTESIAN_POINT('',(158.529649,-3.886058,1.51));
#8648 = VECTOR('',#8649,1.);
#8649 = DIRECTION('',(0.239576862579,-0.970877400559,0.));
#8650 = ORIENTED_EDGE('',*,*,#8651,.F.);
#8651 = EDGE_CURVE('',#8652,#8644,#8654,.T.);
#8652 = VERTEX_POINT('',#8653);
#8653 = CARTESIAN_POINT('',(158.321949,-3.0863,1.51));
#8654 = LINE('',#8655,#8656);
#8655 = CARTESIAN_POINT('',(158.321949,-3.0863,1.51));
#8656 = VECTOR('',#8657,1.);
#8657 = DIRECTION('',(0.251365088138,-0.967892345494,0.));
#8658 = ORIENTED_EDGE('',*,*,#8659,.F.);
#8659 = EDGE_CURVE('',#8660,#8652,#8662,.T.);
#8660 = VERTEX_POINT('',#8661);
#8661 = CARTESIAN_POINT('',(158.103793,-2.286284,1.51));
#8662 = LINE('',#8663,#8664);
#8663 = CARTESIAN_POINT('',(158.103793,-2.286284,1.51));
#8664 = VECTOR('',#8665,1.);
#8665 = DIRECTION('',(0.26308352793,-0.964773060016,0.));
#8666 = ORIENTED_EDGE('',*,*,#8667,.F.);
#8667 = EDGE_CURVE('',#8668,#8660,#8670,.T.);
#8668 = VERTEX_POINT('',#8669);
#8669 = CARTESIAN_POINT('',(157.876105,-1.489454,1.51));
#8670 = LINE('',#8671,#8672);
#8671 = CARTESIAN_POINT('',(157.876105,-1.489454,1.51));
#8672 = VECTOR('',#8673,1.);
#8673 = DIRECTION('',(0.274745989916,-0.961516843859,0.));
#8674 = ORIENTED_EDGE('',*,*,#8675,.F.);
#8675 = EDGE_CURVE('',#8676,#8668,#8678,.T.);
#8676 = VERTEX_POINT('',#8677);
#8677 = CARTESIAN_POINT('',(157.638352,-0.693927,1.51));
#8678 = LINE('',#8679,#8680);
#8679 = CARTESIAN_POINT('',(157.638352,-0.693927,1.51));
#8680 = VECTOR('',#8681,1.);
#8681 = DIRECTION('',(0.286347642186,-0.95812578914,0.));
#8682 = ORIENTED_EDGE('',*,*,#8683,.F.);
#8683 = EDGE_CURVE('',#8684,#8676,#8686,.T.);
#8684 = VERTEX_POINT('',#8685);
#8685 = CARTESIAN_POINT('',(157.391273,9.7814E-02,1.51));
#8686 = LINE('',#8687,#8688);
#8687 = CARTESIAN_POINT('',(157.391273,9.7814E-02,1.51));
#8688 = VECTOR('',#8689,1.);
#8689 = DIRECTION('',(0.297901437144,-0.954596634054,0.));
#8690 = ORIENTED_EDGE('',*,*,#8691,.F.);
#8691 = EDGE_CURVE('',#8692,#8684,#8694,.T.);
#8692 = VERTEX_POINT('',#8693);
#8693 = CARTESIAN_POINT('',(157.134601,0.886671,1.51));
#8694 = LINE('',#8695,#8696);
#8695 = CARTESIAN_POINT('',(157.134601,0.886671,1.51));
#8696 = VECTOR('',#8697,1.);
#8697 = DIRECTION('',(0.309406027994,-0.95093002363,0.));
#8698 = ORIENTED_EDGE('',*,*,#8699,.F.);
#8699 = EDGE_CURVE('',#8700,#8692,#8702,.T.);
#8700 = VERTEX_POINT('',#8701);
#8701 = CARTESIAN_POINT('',(156.868836,1.671145,1.51));
#8702 = LINE('',#8703,#8704);
#8703 = CARTESIAN_POINT('',(156.868836,1.671145,1.51));
#8704 = VECTOR('',#8705,1.);
#8705 = DIRECTION('',(0.32086775542,-0.947124006417,0.));
#8706 = ORIENTED_EDGE('',*,*,#8707,.F.);
#8707 = EDGE_CURVE('',#8708,#8700,#8710,.T.);
#8708 = VERTEX_POINT('',#8709);
#8709 = CARTESIAN_POINT('',(156.594031,2.451151,1.51));
#8710 = LINE('',#8711,#8712);
#8711 = CARTESIAN_POINT('',(156.594031,2.451151,1.51));
#8712 = VECTOR('',#8713,1.);
#8713 = DIRECTION('',(0.332291864641,-0.943176609492,0.));
#8714 = ORIENTED_EDGE('',*,*,#8715,.F.);
#8715 = EDGE_CURVE('',#8716,#8708,#8718,.T.);
#8716 = VERTEX_POINT('',#8717);
#8717 = CARTESIAN_POINT('',(156.310387,3.226186,1.51));
#8718 = LINE('',#8719,#8720);
#8719 = CARTESIAN_POINT('',(156.310387,3.226186,1.51));
#8720 = VECTOR('',#8721,1.);
#8721 = DIRECTION('',(0.343682632431,-0.939085857718,0.));
#8722 = ORIENTED_EDGE('',*,*,#8723,.F.);
#8723 = EDGE_CURVE('',#8724,#8716,#8726,.T.);
#8724 = VERTEX_POINT('',#8725);
#8725 = CARTESIAN_POINT('',(155.717709,4.758651,1.51));
#8726 = LINE('',#8727,#8728);
#8727 = CARTESIAN_POINT('',(155.717709,4.758651,1.51));
#8728 = VECTOR('',#8729,1.);
#8729 = DIRECTION('',(0.360711303063,-0.932677519748,0.));
#8730 = ORIENTED_EDGE('',*,*,#8731,.F.);
#8731 = EDGE_CURVE('',#8732,#8724,#8734,.T.);
#8732 = VERTEX_POINT('',#8733);
#8733 = CARTESIAN_POINT('',(155.092755,6.264368,1.51));
#8734 = LINE('',#8735,#8736);
#8735 = CARTESIAN_POINT('',(155.092755,6.264368,1.51));
#8736 = VECTOR('',#8737,1.);
#8737 = DIRECTION('',(0.383345960958,-0.923604825787,0.));
#8738 = ORIENTED_EDGE('',*,*,#8739,.F.);
#8739 = EDGE_CURVE('',#8740,#8732,#8742,.T.);
#8740 = VERTEX_POINT('',#8741);
#8741 = CARTESIAN_POINT('',(154.437628,7.73934,1.51));
#8742 = LINE('',#8743,#8744);
#8743 = CARTESIAN_POINT('',(154.437628,7.73934,1.51));
#8744 = VECTOR('',#8745,1.);
#8745 = DIRECTION('',(0.40592315632,-0.913907211462,0.));
#8746 = ORIENTED_EDGE('',*,*,#8747,.F.);
#8747 = EDGE_CURVE('',#8748,#8740,#8750,.T.);
#8748 = VERTEX_POINT('',#8749);
#8749 = CARTESIAN_POINT('',(153.754546,9.179787,1.51));
#8750 = LINE('',#8751,#8752);
#8751 = CARTESIAN_POINT('',(153.754546,9.179787,1.51));
#8752 = VECTOR('',#8753,1.);
#8753 = DIRECTION('',(0.42847822887,-0.903552105517,0.));
#8754 = ORIENTED_EDGE('',*,*,#8755,.F.);
#8755 = EDGE_CURVE('',#8756,#8748,#8758,.T.);
#8756 = VERTEX_POINT('',#8757);
#8757 = CARTESIAN_POINT('',(153.045821,10.582191,1.51));
#8758 = LINE('',#8759,#8760);
#8759 = CARTESIAN_POINT('',(153.045821,10.582191,1.51));
#8760 = VECTOR('',#8761,1.);
#8761 = DIRECTION('',(0.451039664874,-0.892503905151,0.));
#8762 = ORIENTED_EDGE('',*,*,#8763,.F.);
#8763 = EDGE_CURVE('',#8764,#8756,#8766,.T.);
#8764 = VERTEX_POINT('',#8765);
#8765 = CARTESIAN_POINT('',(152.313823,11.943333,1.51));
#8766 = LINE('',#8767,#8768);
#8767 = CARTESIAN_POINT('',(152.313823,11.943333,1.51));
#8768 = VECTOR('',#8769,1.);
#8769 = DIRECTION('',(0.473635962218,-0.88072071356,0.));
#8770 = ORIENTED_EDGE('',*,*,#8771,.F.);
#8771 = EDGE_CURVE('',#8772,#8764,#8774,.T.);
#8772 = VERTEX_POINT('',#8773);
#8773 = CARTESIAN_POINT('',(151.56095,13.260322,1.51));
#8774 = LINE('',#8775,#8776);
#8775 = CARTESIAN_POINT('',(151.56095,13.260322,1.51));
#8776 = VECTOR('',#8777,1.);
#8777 = DIRECTION('',(0.496291915157,-0.868155708931,0.));
#8778 = ORIENTED_EDGE('',*,*,#8779,.F.);
#8779 = EDGE_CURVE('',#8780,#8772,#8782,.T.);
#8780 = VERTEX_POINT('',#8781);
#8781 = CARTESIAN_POINT('',(150.7896,14.530615,1.51));
#8782 = LINE('',#8783,#8784);
#8783 = CARTESIAN_POINT('',(150.7896,14.530615,1.51));
#8784 = VECTOR('',#8785,1.);
#8785 = DIRECTION('',(0.519027631911,-0.854757461104,0.));
#8786 = ORIENTED_EDGE('',*,*,#8787,.F.);
#8787 = EDGE_CURVE('',#8788,#8780,#8790,.T.);
#8788 = VERTEX_POINT('',#8789);
#8789 = CARTESIAN_POINT('',(150.738353,14.612351,1.51));
#8790 = LINE('',#8791,#8792);
#8791 = CARTESIAN_POINT('',(150.738353,14.612351,1.51));
#8792 = VECTOR('',#8793,1.);
#8793 = DIRECTION('',(0.5312059369,-0.847242735349,0.));
#8794 = ORIENTED_EDGE('',*,*,#8795,.F.);
#8795 = EDGE_CURVE('',#8796,#8788,#8798,.T.);
#8796 = VERTEX_POINT('',#8797);
#8797 = CARTESIAN_POINT('',(150.343798,15.231029,1.51));
#8798 = LINE('',#8799,#8800);
#8799 = CARTESIAN_POINT('',(150.343798,15.231029,1.51));
#8800 = VECTOR('',#8801,1.);
#8801 = DIRECTION('',(0.53770052444,-0.843135900088,0.));
#8802 = ORIENTED_EDGE('',*,*,#8803,.F.);
#8803 = EDGE_CURVE('',#8804,#8796,#8806,.T.);
#8804 = VERTEX_POINT('',#8805);
#8805 = CARTESIAN_POINT('',(149.943515,15.840163,1.51));
#8806 = LINE('',#8807,#8808);
#8807 = CARTESIAN_POINT('',(149.943515,15.840163,1.51));
#8808 = VECTOR('',#8809,1.);
#8809 = DIRECTION('',(0.549173040982,-0.835708663984,0.));
#8810 = ORIENTED_EDGE('',*,*,#8811,.F.);
#8811 = EDGE_CURVE('',#8812,#8804,#8814,.T.);
#8812 = VERTEX_POINT('',#8813);
#8813 = CARTESIAN_POINT('',(149.537982,16.439162,1.51));
#8814 = LINE('',#8815,#8816);
#8815 = CARTESIAN_POINT('',(149.537982,16.439162,1.51));
#8816 = VECTOR('',#8817,1.);
#8817 = DIRECTION('',(0.560620214575,-0.82807304932,0.));
#8818 = ORIENTED_EDGE('',*,*,#8819,.F.);
#8819 = EDGE_CURVE('',#8820,#8812,#8822,.T.);
#8820 = VERTEX_POINT('',#8821);
#8821 = CARTESIAN_POINT('',(149.126991,17.028463,1.51));
#8822 = LINE('',#8823,#8824);
#8823 = CARTESIAN_POINT('',(149.126991,17.028463,1.51));
#8824 = VECTOR('',#8825,1.);
#8825 = DIRECTION('',(0.572041879724,-0.820224413098,0.));
#8826 = ORIENTED_EDGE('',*,*,#8827,.F.);
#8827 = EDGE_CURVE('',#8828,#8820,#8830,.T.);
#8828 = VERTEX_POINT('',#8829);
#8829 = CARTESIAN_POINT('',(148.711251,17.607189,1.51));
#8830 = LINE('',#8831,#8832);
#8831 = CARTESIAN_POINT('',(148.711251,17.607189,1.51));
#8832 = VECTOR('',#8833,1.);
#8833 = DIRECTION('',(0.583433092974,-0.812161206918,0.));
#8834 = ORIENTED_EDGE('',*,*,#8835,.F.);
#8835 = EDGE_CURVE('',#8836,#8828,#8838,.T.);
#8836 = VERTEX_POINT('',#8837);
#8837 = CARTESIAN_POINT('',(148.29033,18.176073,1.51));
#8838 = LINE('',#8839,#8840);
#8839 = CARTESIAN_POINT('',(148.29033,18.176073,1.51));
#8840 = VECTOR('',#8841,1.);
#8841 = DIRECTION('',(0.59479446513,-0.803877816742,0.));
#8842 = ORIENTED_EDGE('',*,*,#8843,.F.);
#8843 = EDGE_CURVE('',#8844,#8836,#8846,.T.);
#8844 = VERTEX_POINT('',#8845);
#8845 = CARTESIAN_POINT('',(147.435126,19.281888,1.51));
#8846 = LINE('',#8847,#8848);
#8847 = CARTESIAN_POINT('',(147.435126,19.281888,1.51));
#8848 = VECTOR('',#8849,1.);
#8849 = DIRECTION('',(0.611765725446,-0.791038998513,0.));
#8850 = ORIENTED_EDGE('',*,*,#8851,.F.);
#8851 = EDGE_CURVE('',#8852,#8844,#8854,.T.);
#8852 = VERTEX_POINT('',#8853);
#8853 = CARTESIAN_POINT('',(146.563008,20.344893,1.51));
#8854 = LINE('',#8855,#8856);
#8855 = CARTESIAN_POINT('',(146.563008,20.344893,1.51));
#8856 = VECTOR('',#8857,1.);
#8857 = DIRECTION('',(0.634276956894,-0.773105906039,0.));
#8858 = ORIENTED_EDGE('',*,*,#8859,.F.);
#8859 = EDGE_CURVE('',#8860,#8852,#8862,.T.);
#8860 = VERTEX_POINT('',#8861);
#8861 = CARTESIAN_POINT('',(145.675633,21.36417,1.51));
#8862 = LINE('',#8863,#8864);
#8863 = CARTESIAN_POINT('',(145.675633,21.36417,1.51));
#8864 = VECTOR('',#8865,1.);
#8865 = DIRECTION('',(0.656619833309,-0.754221714422,0.));
#8866 = ORIENTED_EDGE('',*,*,#8867,.F.);
#8867 = EDGE_CURVE('',#8868,#8860,#8870,.T.);
#8868 = VERTEX_POINT('',#8869);
#8869 = CARTESIAN_POINT('',(144.774668,22.338903,1.51));
#8870 = LINE('',#8871,#8872);
#8871 = CARTESIAN_POINT('',(144.774668,22.338903,1.51));
#8872 = VECTOR('',#8873,1.);
#8873 = DIRECTION('',(0.678772747673,-0.734348389402,0.));
#8874 = ORIENTED_EDGE('',*,*,#8875,.F.);
#8875 = EDGE_CURVE('',#8876,#8868,#8878,.T.);
#8876 = VERTEX_POINT('',#8877);
#8877 = CARTESIAN_POINT('',(143.861789,23.268389,1.51));
#8878 = LINE('',#8879,#8880);
#8879 = CARTESIAN_POINT('',(143.861789,23.268389,1.51));
#8880 = VECTOR('',#8881,1.);
#8881 = DIRECTION('',(0.700704484597,-0.713451627839,0.));
#8882 = ORIENTED_EDGE('',*,*,#8883,.F.);
#8883 = EDGE_CURVE('',#8884,#8876,#8886,.T.);
#8884 = VERTEX_POINT('',#8885);
#8885 = CARTESIAN_POINT('',(142.938663,24.152042,1.51));
#8886 = LINE('',#8887,#8888);
#8887 = CARTESIAN_POINT('',(142.938663,24.152042,1.51));
#8888 = VECTOR('',#8889,1.);
#8889 = DIRECTION('',(0.722382684554,-0.69149349748,0.));
#8890 = ORIENTED_EDGE('',*,*,#8891,.F.);
#8891 = EDGE_CURVE('',#8892,#8884,#8894,.T.);
#8892 = VERTEX_POINT('',#8893);
#8893 = CARTESIAN_POINT('',(142.006935,24.989392,1.51));
#8894 = LINE('',#8895,#8896);
#8895 = CARTESIAN_POINT('',(142.006935,24.989392,1.51));
#8896 = VECTOR('',#8897,1.);
#8897 = DIRECTION('',(0.743772337206,-0.668433026119,0.));
#8898 = ORIENTED_EDGE('',*,*,#8899,.F.);
#8899 = EDGE_CURVE('',#8900,#8892,#8902,.T.);
#8900 = VERTEX_POINT('',#8901);
#8901 = CARTESIAN_POINT('',(141.068224,25.780092,1.51));
#8902 = LINE('',#8903,#8904);
#8903 = CARTESIAN_POINT('',(141.068224,25.780092,1.51));
#8904 = VECTOR('',#8905,1.);
#8905 = DIRECTION('',(0.764828283893,-0.644234193564,0.));
#8906 = ORIENTED_EDGE('',*,*,#8907,.F.);
#8907 = EDGE_CURVE('',#8908,#8900,#8910,.T.);
#8908 = VERTEX_POINT('',#8909);
#8909 = CARTESIAN_POINT('',(140.293941,26.394328,1.51));
#8910 = LINE('',#8911,#8912);
#8911 = CARTESIAN_POINT('',(140.293941,26.394328,1.51));
#8912 = VECTOR('',#8913,1.);
#8913 = DIRECTION('',(0.78342403702,-0.621487552746,0.));
#8914 = ORIENTED_EDGE('',*,*,#8915,.F.);
#8915 = EDGE_CURVE('',#8916,#8908,#8918,.T.);
#8916 = VERTEX_POINT('',#8917);
#8917 = CARTESIAN_POINT('',(139.797513,26.771199,1.51));
#8918 = LINE('',#8919,#8920);
#8919 = CARTESIAN_POINT('',(139.797513,26.771199,1.51));
#8920 = VECTOR('',#8921,1.);
#8921 = DIRECTION('',(0.796482289417,-0.604661858104,0.));
#8922 = ORIENTED_EDGE('',*,*,#8923,.F.);
#8923 = EDGE_CURVE('',#8924,#8916,#8926,.T.);
#8924 = VERTEX_POINT('',#8925);
#8925 = CARTESIAN_POINT('',(139.298294,27.137462,1.51));
#8926 = LINE('',#8927,#8928);
#8927 = CARTESIAN_POINT('',(139.298294,27.137462,1.51));
#8928 = VECTOR('',#8929,1.);
#8929 = DIRECTION('',(0.806274762272,-0.591541213884,0.));
#8930 = ORIENTED_EDGE('',*,*,#8931,.F.);
#8931 = EDGE_CURVE('',#8932,#8924,#8934,.T.);
#8932 = VERTEX_POINT('',#8933);
#8933 = CARTESIAN_POINT('',(138.78677,27.500035,1.51));
#8934 = LINE('',#8935,#8936);
#8935 = CARTESIAN_POINT('',(138.78677,27.500035,1.51));
#8936 = VECTOR('',#8937,1.);
#8937 = DIRECTION('',(0.815841258176,-0.578275921561,0.));
#8938 = ORIENTED_EDGE('',*,*,#8939,.F.);
#8939 = EDGE_CURVE('',#8940,#8932,#8942,.T.);
#8940 = VERTEX_POINT('',#8941);
#8941 = CARTESIAN_POINT('',(138.27248,27.85211,1.51));
#8942 = LINE('',#8943,#8944);
#8943 = CARTESIAN_POINT('',(138.27248,27.85211,1.51));
#8944 = VECTOR('',#8945,1.);
#8945 = DIRECTION('',(0.825163392135,-0.564894128382,0.));
#8946 = ORIENTED_EDGE('',*,*,#8947,.F.);
#8947 = EDGE_CURVE('',#8948,#8940,#8950,.T.);
#8948 = VERTEX_POINT('',#8949);
#8949 = CARTESIAN_POINT('',(137.744295,28.201221,1.51));
#8950 = LINE('',#8951,#8952);
#8951 = CARTESIAN_POINT('',(137.744295,28.201221,1.51));
#8952 = VECTOR('',#8953,1.);
#8953 = DIRECTION('',(0.834239690447,-0.551401975769,0.));
#8954 = ORIENTED_EDGE('',*,*,#8955,.F.);
#8955 = EDGE_CURVE('',#8956,#8948,#8958,.T.);
#8956 = VERTEX_POINT('',#8957);
#8957 = CARTESIAN_POINT('',(137.213364,28.539928,1.51));
#8958 = LINE('',#8959,#8960);
#8959 = CARTESIAN_POINT('',(137.213364,28.539928,1.51));
#8960 = VECTOR('',#8961,1.);
#8961 = DIRECTION('',(0.843055501392,-0.537826572022,0.));
#8962 = ORIENTED_EDGE('',*,*,#8963,.F.);
#8963 = EDGE_CURVE('',#8964,#8956,#8966,.T.);
#8964 = VERTEX_POINT('',#8965);
#8965 = CARTESIAN_POINT('',(136.666641,28.876441,1.51));
#8966 = LINE('',#8967,#8968);
#8967 = CARTESIAN_POINT('',(136.666641,28.876441,1.51));
#8968 = VECTOR('',#8969,1.);
#8969 = DIRECTION('',(0.851610981625,-0.524174337388,0.));
#8970 = ORIENTED_EDGE('',*,*,#8971,.F.);
#8971 = EDGE_CURVE('',#8972,#8964,#8974,.T.);
#8972 = VERTEX_POINT('',#8973);
#8973 = CARTESIAN_POINT('',(136.117188,29.202627,1.51));
#8974 = LINE('',#8975,#8976);
#8975 = CARTESIAN_POINT('',(136.117188,29.202627,1.51));
#8976 = VECTOR('',#8977,1.);
#8977 = DIRECTION('',(0.859890273321,-0.510478910286,0.));
#8978 = ORIENTED_EDGE('',*,*,#8979,.F.);
#8979 = EDGE_CURVE('',#8980,#8972,#8982,.T.);
#8980 = VERTEX_POINT('',#8981);
#8981 = CARTESIAN_POINT('',(135.549643,29.527462,1.51));
#8982 = LINE('',#8983,#8984);
#8983 = CARTESIAN_POINT('',(135.549643,29.527462,1.51));
#8984 = VECTOR('',#8985,1.);
#8985 = DIRECTION('',(0.867898035653,-0.496742387672,0.));
#8986 = ORIENTED_EDGE('',*,*,#8987,.F.);
#8987 = EDGE_CURVE('',#8988,#8980,#8990,.T.);
#8988 = VERTEX_POINT('',#8989);
#8989 = CARTESIAN_POINT('',(134.979377,29.842028,1.51));
#8990 = LINE('',#8991,#8992);
#8991 = CARTESIAN_POINT('',(134.979377,29.842028,1.51));
#8992 = VECTOR('',#8993,1.);
#8993 = DIRECTION('',(0.87561893242,-0.483002572651,0.));
#8994 = ORIENTED_EDGE('',*,*,#8995,.F.);
#8995 = EDGE_CURVE('',#8996,#8988,#8998,.T.);
#8996 = VERTEX_POINT('',#8997);
#8997 = CARTESIAN_POINT('',(134.388178,30.156195,1.51));
#8998 = LINE('',#8999,#9000);
#8999 = CARTESIAN_POINT('',(134.388178,30.156195,1.51));
#9000 = VECTOR('',#9001,1.);
#9001 = DIRECTION('',(0.883058449317,-0.469263012702,0.));
#9002 = ORIENTED_EDGE('',*,*,#9003,.F.);
#9003 = EDGE_CURVE('',#9004,#8996,#9006,.T.);
#9004 = VERTEX_POINT('',#9005);
#9005 = CARTESIAN_POINT('',(133.794263,30.460133,1.51));
#9006 = LINE('',#9007,#9008);
#9007 = CARTESIAN_POINT('',(133.794263,30.460133,1.51));
#9008 = VECTOR('',#9009,1.);
#9009 = DIRECTION('',(0.890202872454,-0.45556431585,0.));
#9010 = ORIENTED_EDGE('',*,*,#9011,.F.);
#9011 = EDGE_CURVE('',#9012,#9004,#9014,.T.);
#9012 = VERTEX_POINT('',#9013);
#9013 = CARTESIAN_POINT('',(133.175814,30.764791,1.51));
#9014 = LINE('',#9015,#9016);
#9015 = CARTESIAN_POINT('',(133.175814,30.764791,1.51));
#9016 = VECTOR('',#9017,1.);
#9017 = DIRECTION('',(0.897060979555,-0.441906776322,0.));
#9018 = ORIENTED_EDGE('',*,*,#9019,.F.);
#9019 = EDGE_CURVE('',#9020,#9012,#9022,.T.);
#9020 = VERTEX_POINT('',#9021);
#9021 = CARTESIAN_POINT('',(132.554647,31.059239,1.51));
#9022 = LINE('',#9023,#9024);
#9023 = CARTESIAN_POINT('',(132.554647,31.059239,1.51));
#9024 = VECTOR('',#9025,1.);
#9025 = DIRECTION('',(0.903619054209,-0.42833702253,0.));
#9026 = ORIENTED_EDGE('',*,*,#9027,.F.);
#9027 = EDGE_CURVE('',#9028,#9020,#9030,.T.);
#9028 = VERTEX_POINT('',#9029);
#9029 = CARTESIAN_POINT('',(131.904237,31.355788,1.51));
#9030 = LINE('',#9031,#9032);
#9031 = CARTESIAN_POINT('',(131.904237,31.355788,1.51));
#9032 = VECTOR('',#9033,1.);
#9033 = DIRECTION('',(0.909887305173,-0.414855507237,0.));
#9034 = ORIENTED_EDGE('',*,*,#9035,.F.);
#9035 = EDGE_CURVE('',#9036,#9028,#9038,.T.);
#9036 = VERTEX_POINT('',#9037);
#9037 = CARTESIAN_POINT('',(131.251101,31.642122,1.51));
#9038 = LINE('',#9039,#9040);
#9039 = CARTESIAN_POINT('',(131.251101,31.642122,1.51));
#9040 = VECTOR('',#9041,1.);
#9041 = DIRECTION('',(0.915854815367,-0.401509597853,0.));
#9042 = ORIENTED_EDGE('',*,*,#9043,.F.);
#9043 = EDGE_CURVE('',#9044,#9036,#9046,.T.);
#9044 = VERTEX_POINT('',#9045);
#9045 = CARTESIAN_POINT('',(130.56231,31.932352,1.51));
#9046 = LINE('',#9047,#9048);
#9047 = CARTESIAN_POINT('',(130.56231,31.932352,1.51));
#9048 = VECTOR('',#9049,1.);
#9049 = DIRECTION('',(0.921533549693,-0.38829874683,0.));
#9050 = ORIENTED_EDGE('',*,*,#9051,.F.);
#9051 = EDGE_CURVE('',#9052,#9044,#9054,.T.);
#9052 = VERTEX_POINT('',#9053);
#9053 = CARTESIAN_POINT('',(129.870773,32.212337,1.51));
#9054 = LINE('',#9055,#9056);
#9055 = CARTESIAN_POINT('',(129.870773,32.212337,1.51));
#9056 = VECTOR('',#9057,1.);
#9057 = DIRECTION('',(0.926910837215,-0.375281627386,0.));
#9058 = ORIENTED_EDGE('',*,*,#9059,.F.);
#9059 = EDGE_CURVE('',#9060,#9052,#9062,.T.);
#9060 = VERTEX_POINT('',#9061);
#9061 = CARTESIAN_POINT('',(129.067817,32.524819,1.51));
#9062 = LINE('',#9063,#9064);
#9063 = CARTESIAN_POINT('',(129.067817,32.524819,1.51));
#9064 = VECTOR('',#9065,1.);
#9065 = DIRECTION('',(0.931917869869,-0.362669386383,0.));
#9066 = ORIENTED_EDGE('',*,*,#9067,.F.);
#9067 = EDGE_CURVE('',#9068,#9060,#9070,.T.);
#9068 = VERTEX_POINT('',#9069);
#9069 = CARTESIAN_POINT('',(128.295133,32.813998,1.51));
#9070 = LINE('',#9071,#9072);
#9071 = CARTESIAN_POINT('',(128.295133,32.813998,1.51));
#9072 = VECTOR('',#9073,1.);
#9073 = DIRECTION('',(0.936559106677,-0.350509685602,0.));
#9074 = ORIENTED_EDGE('',*,*,#9075,.F.);
#9075 = EDGE_CURVE('',#9076,#9068,#9078,.T.);
#9076 = VERTEX_POINT('',#9077);
#9077 = CARTESIAN_POINT('',(127.519019,33.09351,1.51));
#9078 = LINE('',#9079,#9080);
#9079 = CARTESIAN_POINT('',(127.519019,33.09351,1.51));
#9080 = VECTOR('',#9081,1.);
#9081 = DIRECTION('',(0.940844535999,-0.338838544268,0.));
#9082 = ORIENTED_EDGE('',*,*,#9083,.F.);
#9083 = EDGE_CURVE('',#9084,#9076,#9086,.T.);
#9084 = VERTEX_POINT('',#9085);
#9085 = CARTESIAN_POINT('',(126.716863,33.371309,1.51));
#9086 = LINE('',#9087,#9088);
#9087 = CARTESIAN_POINT('',(126.716863,33.371309,1.51));
#9088 = VECTOR('',#9089,1.);
#9089 = DIRECTION('',(0.944938865841,-0.327246909569,0.));
#9090 = ORIENTED_EDGE('',*,*,#9091,.F.);
#9091 = EDGE_CURVE('',#9092,#9084,#9094,.T.);
#9092 = VERTEX_POINT('',#9093);
#9093 = CARTESIAN_POINT('',(125.910794,33.639565,1.51));
#9094 = LINE('',#9095,#9096);
#9095 = CARTESIAN_POINT('',(125.910794,33.639565,1.51));
#9096 = VECTOR('',#9097,1.);
#9097 = DIRECTION('',(0.948836329534,-0.315768300748,0.));
#9098 = ORIENTED_EDGE('',*,*,#9099,.F.);
#9099 = EDGE_CURVE('',#9100,#9092,#9102,.T.);
#9100 = VERTEX_POINT('',#9101);
#9101 = CARTESIAN_POINT('',(125.073745,33.907059,1.51));
#9102 = LINE('',#9103,#9104);
#9103 = CARTESIAN_POINT('',(125.073745,33.907059,1.51));
#9104 = VECTOR('',#9105,1.);
#9105 = DIRECTION('',(0.952543546872,-0.30440235103,0.));
#9106 = ORIENTED_EDGE('',*,*,#9107,.F.);
#9107 = EDGE_CURVE('',#9108,#9100,#9110,.T.);
#9108 = VERTEX_POINT('',#9109);
#9109 = CARTESIAN_POINT('',(124.232207,34.165123,1.51));
#9110 = LINE('',#9111,#9112);
#9111 = CARTESIAN_POINT('',(124.232207,34.165123,1.51));
#9112 = VECTOR('',#9113,1.);
#9113 = DIRECTION('',(0.956056645368,-0.293182009761,0.));
#9114 = ORIENTED_EDGE('',*,*,#9115,.F.);
#9115 = EDGE_CURVE('',#9116,#9108,#9118,.T.);
#9116 = VERTEX_POINT('',#9117);
#9117 = CARTESIAN_POINT('',(123.353373,34.423545,1.51));
#9118 = LINE('',#9119,#9120);
#9119 = CARTESIAN_POINT('',(123.353373,34.423545,1.51));
#9120 = VECTOR('',#9121,1.);
#9121 = DIRECTION('',(0.959382813262,-0.282107457573,0.));
#9122 = ORIENTED_EDGE('',*,*,#9123,.F.);
#9123 = EDGE_CURVE('',#9124,#9116,#9126,.T.);
#9124 = VERTEX_POINT('',#9125);
#9125 = CARTESIAN_POINT('',(122.469349,34.672644,1.51));
#9126 = LINE('',#9127,#9128);
#9127 = CARTESIAN_POINT('',(122.469349,34.672644,1.51));
#9128 = VECTOR('',#9129,1.);
#9129 = DIRECTION('',(0.962518230542,-0.271216990387,0.));
#9130 = ORIENTED_EDGE('',*,*,#9131,.F.);
#9131 = EDGE_CURVE('',#9132,#9124,#9134,.T.);
#9132 = VERTEX_POINT('',#9133);
#9133 = CARTESIAN_POINT('',(121.539658,34.923496,1.51));
#9134 = LINE('',#9135,#9136);
#9135 = CARTESIAN_POINT('',(121.539658,34.923496,1.51));
#9136 = VECTOR('',#9137,1.);
#9137 = DIRECTION('',(0.965472078114,-0.260506557274,0.));
#9138 = ORIENTED_EDGE('',*,*,#9139,.F.);
#9139 = EDGE_CURVE('',#9140,#9132,#9142,.T.);
#9140 = VERTEX_POINT('',#9141);
#9141 = CARTESIAN_POINT('',(120.603903,35.165126,1.51));
#9142 = LINE('',#9143,#9144);
#9143 = CARTESIAN_POINT('',(120.603903,35.165126,1.51));
#9144 = VECTOR('',#9145,1.);
#9145 = DIRECTION('',(0.968241053014,-0.250018525832,0.));
#9146 = ORIENTED_EDGE('',*,*,#9147,.F.);
#9147 = EDGE_CURVE('',#9148,#9140,#9150,.T.);
#9148 = VERTEX_POINT('',#9149);
#9149 = CARTESIAN_POINT('',(119.610878,35.41035,1.51));
#9150 = LINE('',#9151,#9152);
#9151 = CARTESIAN_POINT('',(119.610878,35.41035,1.51));
#9152 = VECTOR('',#9153,1.);
#9153 = DIRECTION('',(0.970836016182,-0.239744509184,0.));
#9154 = ORIENTED_EDGE('',*,*,#9155,.F.);
#9155 = EDGE_CURVE('',#9156,#9148,#9158,.T.);
#9156 = VERTEX_POINT('',#9157);
#9157 = CARTESIAN_POINT('',(118.610654,35.646452,1.51));
#9158 = LINE('',#9159,#9160);
#9159 = CARTESIAN_POINT('',(118.610654,35.646452,1.51));
#9160 = VECTOR('',#9161,1.);
#9161 = DIRECTION('',(0.973253092108,-0.229735540792,0.));
#9162 = ORIENTED_EDGE('',*,*,#9163,.F.);
#9163 = EDGE_CURVE('',#9164,#9156,#9166,.T.);
#9164 = VERTEX_POINT('',#9165);
#9165 = CARTESIAN_POINT('',(116.953051,36.009381,1.51));
#9166 = LINE('',#9167,#9168);
#9167 = CARTESIAN_POINT('',(116.953051,36.009381,1.51));
#9168 = VECTOR('',#9169,1.);
#9169 = DIRECTION('',(0.976859604844,-0.213881538297,0.));
#9170 = ORIENTED_EDGE('',*,*,#9171,.F.);
#9171 = EDGE_CURVE('',#9172,#9164,#9174,.T.);
#9172 = VERTEX_POINT('',#9173);
#9173 = CARTESIAN_POINT('',(115.342406,36.323069,1.51));
#9174 = LINE('',#9175,#9176);
#9175 = CARTESIAN_POINT('',(115.342406,36.323069,1.51));
#9176 = VECTOR('',#9177,1.);
#9177 = DIRECTION('',(0.981557451535,-0.191167385648,0.));
#9178 = ORIENTED_EDGE('',*,*,#9179,.F.);
#9179 = EDGE_CURVE('',#9180,#9172,#9182,.T.);
#9180 = VERTEX_POINT('',#9181);
#9181 = CARTESIAN_POINT('',(113.762078,36.591944,1.51));
#9182 = LINE('',#9183,#9184);
#9183 = CARTESIAN_POINT('',(113.762078,36.591944,1.51));
#9184 = VECTOR('',#9185,1.);
#9185 = DIRECTION('',(0.985833240657,-0.167728416241,0.));
#9186 = ORIENTED_EDGE('',*,*,#9187,.F.);
#9187 = EDGE_CURVE('',#9188,#9180,#9190,.T.);
#9188 = VERTEX_POINT('',#9189);
#9189 = CARTESIAN_POINT('',(112.206867,36.817598,1.51));
#9190 = LINE('',#9191,#9192);
#9191 = CARTESIAN_POINT('',(112.206867,36.817598,1.51));
#9192 = VECTOR('',#9193,1.);
#9193 = DIRECTION('',(0.989637001519,-0.143591800689,0.));
#9194 = ORIENTED_EDGE('',*,*,#9195,.F.);
#9195 = EDGE_CURVE('',#9196,#9188,#9198,.T.);
#9196 = VERTEX_POINT('',#9197);
#9197 = CARTESIAN_POINT('',(110.672543,37.001246,1.51));
#9198 = LINE('',#9199,#9200);
#9199 = CARTESIAN_POINT('',(110.672543,37.001246,1.51));
#9200 = VECTOR('',#9201,1.);
#9201 = DIRECTION('',(0.992912840639,-0.118844818538,0.));
#9202 = ORIENTED_EDGE('',*,*,#9203,.F.);
#9203 = EDGE_CURVE('',#9204,#9196,#9206,.T.);
#9204 = VERTEX_POINT('',#9205);
#9205 = CARTESIAN_POINT('',(109.155578,37.143815,1.51));
#9206 = LINE('',#9207,#9208);
#9207 = CARTESIAN_POINT('',(109.155578,37.143815,1.51));
#9208 = VECTOR('',#9209,1.);
#9209 = DIRECTION('',(0.995612636274,-9.357071385363E-02,0.));
#9210 = ORIENTED_EDGE('',*,*,#9211,.F.);
#9211 = EDGE_CURVE('',#9212,#9204,#9214,.T.);
#9212 = VERTEX_POINT('',#9213);
#9213 = CARTESIAN_POINT('',(107.652979,37.246,1.51));
#9214 = LINE('',#9215,#9216);
#9215 = CARTESIAN_POINT('',(107.652979,37.246,1.51));
#9216 = VECTOR('',#9217,1.);
#9217 = DIRECTION('',(0.997695615642,-6.784879164994E-02,0.));
#9218 = ORIENTED_EDGE('',*,*,#9219,.F.);
#9219 = EDGE_CURVE('',#112,#9212,#9220,.T.);
#9220 = LINE('',#9221,#9222);
#9221 = CARTESIAN_POINT('',(106.162156,37.308311,1.51));
#9222 = VECTOR('',#9223,1.);
#9223 = DIRECTION('',(0.999127674197,-4.175991684248E-02,0.));
#9224 = ORIENTED_EDGE('',*,*,#111,.F.);
#9225 = FACE_BOUND('',#9226,.T.);
#9226 = EDGE_LOOP('',(#9227));
#9227 = ORIENTED_EDGE('',*,*,#9228,.T.);
#9228 = EDGE_CURVE('',#9229,#9229,#9231,.T.);
#9229 = VERTEX_POINT('',#9230);
#9230 = CARTESIAN_POINT('',(-21.345133,-103.004867,1.51));
#9231 = CIRCLE('',#9232,0.45);
#9232 = AXIS2_PLACEMENT_3D('',#9233,#9234,#9235);
#9233 = CARTESIAN_POINT('',(-21.345133,-102.554867,1.51));
#9234 = DIRECTION('',(-0.,0.,-1.));
#9235 = DIRECTION('',(-0.,-1.,0.));
#9236 = FACE_BOUND('',#9237,.T.);
#9237 = EDGE_LOOP('',(#9238));
#9238 = ORIENTED_EDGE('',*,*,#9239,.T.);
#9239 = EDGE_CURVE('',#9240,#9240,#9242,.T.);
#9240 = VERTEX_POINT('',#9241);
#9241 = CARTESIAN_POINT('',(-23.68,-100.67,1.51));
#9242 = CIRCLE('',#9243,0.45);
#9243 = AXIS2_PLACEMENT_3D('',#9244,#9245,#9246);
#9244 = CARTESIAN_POINT('',(-23.68,-100.22,1.51));
#9245 = DIRECTION('',(-0.,0.,-1.));
#9246 = DIRECTION('',(-0.,-1.,0.));
#9247 = FACE_BOUND('',#9248,.T.);
#9248 = EDGE_LOOP('',(#9249));
#9249 = ORIENTED_EDGE('',*,*,#9250,.T.);
#9250 = EDGE_CURVE('',#9251,#9251,#9253,.T.);
#9251 = VERTEX_POINT('',#9252);
#9252 = CARTESIAN_POINT('',(-21.524738,-100.67,1.51));
#9253 = CIRCLE('',#9254,0.45);
#9254 = AXIS2_PLACEMENT_3D('',#9255,#9256,#9257);
#9255 = CARTESIAN_POINT('',(-21.524738,-100.22,1.51));
#9256 = DIRECTION('',(-0.,0.,-1.));
#9257 = DIRECTION('',(-0.,-1.,0.));
#9258 = FACE_BOUND('',#9259,.T.);
#9259 = EDGE_LOOP('',(#9260));
#9260 = ORIENTED_EDGE('',*,*,#9261,.T.);
#9261 = EDGE_CURVE('',#9262,#9262,#9264,.T.);
#9262 = VERTEX_POINT('',#9263);
#9263 = CARTESIAN_POINT('',(-23.68,-98.514739,1.51));
#9264 = CIRCLE('',#9265,0.45);
#9265 = AXIS2_PLACEMENT_3D('',#9266,#9267,#9268);
#9266 = CARTESIAN_POINT('',(-23.68,-98.064739,1.51));
#9267 = DIRECTION('',(-0.,0.,-1.));
#9268 = DIRECTION('',(-0.,-1.,0.));
#9269 = FACE_BOUND('',#9270,.T.);
#9270 = EDGE_LOOP('',(#9271));
#9271 = ORIENTED_EDGE('',*,*,#9272,.T.);
#9272 = EDGE_CURVE('',#9273,#9273,#9275,.T.);
#9273 = VERTEX_POINT('',#9274);
#9274 = CARTESIAN_POINT('',(6.228,-122.984,1.51));
#9275 = CIRCLE('',#9276,0.45);
#9276 = AXIS2_PLACEMENT_3D('',#9277,#9278,#9279);
#9277 = CARTESIAN_POINT('',(6.228,-122.534,1.51));
#9278 = DIRECTION('',(-0.,0.,-1.));
#9279 = DIRECTION('',(-0.,-1.,0.));
#9280 = FACE_BOUND('',#9281,.T.);
#9281 = EDGE_LOOP('',(#9282));
#9282 = ORIENTED_EDGE('',*,*,#9283,.T.);
#9283 = EDGE_CURVE('',#9284,#9284,#9286,.T.);
#9284 = VERTEX_POINT('',#9285);
#9285 = CARTESIAN_POINT('',(9.276,-122.984,1.51));
#9286 = CIRCLE('',#9287,0.45);
#9287 = AXIS2_PLACEMENT_3D('',#9288,#9289,#9290);
#9288 = CARTESIAN_POINT('',(9.276,-122.534,1.51));
#9289 = DIRECTION('',(-0.,0.,-1.));
#9290 = DIRECTION('',(-0.,-1.,0.));
#9291 = FACE_BOUND('',#9292,.T.);
#9292 = EDGE_LOOP('',(#9293));
#9293 = ORIENTED_EDGE('',*,*,#9294,.T.);
#9294 = EDGE_CURVE('',#9295,#9295,#9297,.T.);
#9295 = VERTEX_POINT('',#9296);
#9296 = CARTESIAN_POINT('',(4.45,-121.46,1.51));
#9297 = CIRCLE('',#9298,0.45);
#9298 = AXIS2_PLACEMENT_3D('',#9299,#9300,#9301);
#9299 = CARTESIAN_POINT('',(4.45,-121.01,1.51));
#9300 = DIRECTION('',(-0.,0.,-1.));
#9301 = DIRECTION('',(-0.,-1.,0.));
#9302 = FACE_BOUND('',#9303,.T.);
#9303 = EDGE_LOOP('',(#9304));
#9304 = ORIENTED_EDGE('',*,*,#9305,.T.);
#9305 = EDGE_CURVE('',#9306,#9306,#9308,.T.);
#9306 = VERTEX_POINT('',#9307);
#9307 = CARTESIAN_POINT('',(7.752001,-121.46,1.51));
#9308 = CIRCLE('',#9309,0.45);
#9309 = AXIS2_PLACEMENT_3D('',#9310,#9311,#9312);
#9310 = CARTESIAN_POINT('',(7.752001,-121.01,1.51));
#9311 = DIRECTION('',(-0.,0.,-1.));
#9312 = DIRECTION('',(-0.,-1.,0.));
#9313 = FACE_BOUND('',#9314,.T.);
#9314 = EDGE_LOOP('',(#9315));
#9315 = ORIENTED_EDGE('',*,*,#9316,.T.);
#9316 = EDGE_CURVE('',#9317,#9317,#9319,.T.);
#9317 = VERTEX_POINT('',#9318);
#9318 = CARTESIAN_POINT('',(35.532,-140.384,1.51));
#9319 = CIRCLE('',#9320,0.45);
#9320 = AXIS2_PLACEMENT_3D('',#9321,#9322,#9323);
#9321 = CARTESIAN_POINT('',(35.532,-139.934,1.51));
#9322 = DIRECTION('',(-0.,0.,-1.));
#9323 = DIRECTION('',(-0.,-1.,0.));
#9324 = FACE_BOUND('',#9325,.T.);
#9325 = EDGE_LOOP('',(#9326));
#9326 = ORIENTED_EDGE('',*,*,#9327,.T.);
#9327 = EDGE_CURVE('',#9328,#9328,#9330,.T.);
#9328 = VERTEX_POINT('',#9329);
#9329 = CARTESIAN_POINT('',(37.31,-138.86,1.51));
#9330 = CIRCLE('',#9331,0.45);
#9331 = AXIS2_PLACEMENT_3D('',#9332,#9333,#9334);
#9332 = CARTESIAN_POINT('',(37.31,-138.41,1.51));
#9333 = DIRECTION('',(-0.,0.,-1.));
#9334 = DIRECTION('',(-0.,-1.,0.));
#9335 = FACE_BOUND('',#9336,.T.);
#9336 = EDGE_LOOP('',(#9337));
#9337 = ORIENTED_EDGE('',*,*,#9338,.T.);
#9338 = EDGE_CURVE('',#9339,#9339,#9341,.T.);
#9339 = VERTEX_POINT('',#9340);
#9340 = CARTESIAN_POINT('',(38.834,-140.384,1.51));
#9341 = CIRCLE('',#9342,0.45);
#9342 = AXIS2_PLACEMENT_3D('',#9343,#9344,#9345);
#9343 = CARTESIAN_POINT('',(38.834,-139.934,1.51));
#9344 = DIRECTION('',(-0.,0.,-1.));
#9345 = DIRECTION('',(-0.,-1.,0.));
#9346 = FACE_BOUND('',#9347,.T.);
#9347 = EDGE_LOOP('',(#9348));
#9348 = ORIENTED_EDGE('',*,*,#9349,.T.);
#9349 = EDGE_CURVE('',#9350,#9350,#9352,.T.);
#9350 = VERTEX_POINT('',#9351);
#9351 = CARTESIAN_POINT('',(40.358,-138.86,1.51));
#9352 = CIRCLE('',#9353,0.45);
#9353 = AXIS2_PLACEMENT_3D('',#9354,#9355,#9356);
#9354 = CARTESIAN_POINT('',(40.358,-138.41,1.51));
#9355 = DIRECTION('',(-0.,0.,-1.));
#9356 = DIRECTION('',(-1.578983857245E-14,-1.,0.));
#9357 = FACE_BOUND('',#9358,.T.);
#9358 = EDGE_LOOP('',(#9359));
#9359 = ORIENTED_EDGE('',*,*,#9360,.T.);
#9360 = EDGE_CURVE('',#9361,#9361,#9363,.T.);
#9361 = VERTEX_POINT('',#9362);
#9362 = CARTESIAN_POINT('',(35.526,-133.344,1.51));
#9363 = CIRCLE('',#9364,0.45);
#9364 = AXIS2_PLACEMENT_3D('',#9365,#9366,#9367);
#9365 = CARTESIAN_POINT('',(35.526,-132.894,1.51));
#9366 = DIRECTION('',(-0.,0.,-1.));
#9367 = DIRECTION('',(1.578983857245E-14,-1.,-0.));
#9368 = FACE_BOUND('',#9369,.T.);
#9369 = EDGE_LOOP('',(#9370));
#9370 = ORIENTED_EDGE('',*,*,#9371,.T.);
#9371 = EDGE_CURVE('',#9372,#9372,#9374,.T.);
#9372 = VERTEX_POINT('',#9373);
#9373 = CARTESIAN_POINT('',(37.05,-131.82,1.51));
#9374 = CIRCLE('',#9375,0.45);
#9375 = AXIS2_PLACEMENT_3D('',#9376,#9377,#9378);
#9376 = CARTESIAN_POINT('',(37.05,-131.37,1.51));
#9377 = DIRECTION('',(-0.,0.,-1.));
#9378 = DIRECTION('',(-0.,-1.,0.));
#9379 = FACE_BOUND('',#9380,.T.);
#9380 = EDGE_LOOP('',(#9381));
#9381 = ORIENTED_EDGE('',*,*,#9382,.T.);
#9382 = EDGE_CURVE('',#9383,#9383,#9385,.T.);
#9383 = VERTEX_POINT('',#9384);
#9384 = CARTESIAN_POINT('',(38.574,-133.344,1.51));
#9385 = CIRCLE('',#9386,0.45);
#9386 = AXIS2_PLACEMENT_3D('',#9387,#9388,#9389);
#9387 = CARTESIAN_POINT('',(38.574,-132.894,1.51));
#9388 = DIRECTION('',(-0.,0.,-1.));
#9389 = DIRECTION('',(-0.,-1.,0.));
#9390 = FACE_BOUND('',#9391,.T.);
#9391 = EDGE_LOOP('',(#9392));
#9392 = ORIENTED_EDGE('',*,*,#9393,.T.);
#9393 = EDGE_CURVE('',#9394,#9394,#9396,.T.);
#9394 = VERTEX_POINT('',#9395);
#9395 = CARTESIAN_POINT('',(40.352,-131.82,1.51));
#9396 = CIRCLE('',#9397,0.45);
#9397 = AXIS2_PLACEMENT_3D('',#9398,#9399,#9400);
#9398 = CARTESIAN_POINT('',(40.352,-131.37,1.51));
#9399 = DIRECTION('',(-0.,0.,-1.));
#9400 = DIRECTION('',(-1.578983857245E-14,-1.,0.));
#9401 = FACE_BOUND('',#9402,.T.);
#9402 = EDGE_LOOP('',(#9403));
#9403 = ORIENTED_EDGE('',*,*,#9404,.T.);
#9404 = EDGE_CURVE('',#9405,#9405,#9407,.T.);
#9405 = VERTEX_POINT('',#9406);
#9406 = CARTESIAN_POINT('',(35.494,-123.374,1.51));
#9407 = CIRCLE('',#9408,0.45);
#9408 = AXIS2_PLACEMENT_3D('',#9409,#9410,#9411);
#9409 = CARTESIAN_POINT('',(35.494,-122.924,1.51));
#9410 = DIRECTION('',(-0.,0.,-1.));
#9411 = DIRECTION('',(-0.,-1.,0.));
#9412 = FACE_BOUND('',#9413,.T.);
#9413 = EDGE_LOOP('',(#9414));
#9414 = ORIENTED_EDGE('',*,*,#9415,.T.);
#9415 = EDGE_CURVE('',#9416,#9416,#9418,.T.);
#9416 = VERTEX_POINT('',#9417);
#9417 = CARTESIAN_POINT('',(37.272,-121.85,1.51));
#9418 = CIRCLE('',#9419,0.45);
#9419 = AXIS2_PLACEMENT_3D('',#9420,#9421,#9422);
#9420 = CARTESIAN_POINT('',(37.272,-121.4,1.51));
#9421 = DIRECTION('',(-0.,0.,-1.));
#9422 = DIRECTION('',(-1.578983857245E-14,-1.,0.));
#9423 = FACE_BOUND('',#9424,.T.);
#9424 = EDGE_LOOP('',(#9425));
#9425 = ORIENTED_EDGE('',*,*,#9426,.T.);
#9426 = EDGE_CURVE('',#9427,#9427,#9429,.T.);
#9427 = VERTEX_POINT('',#9428);
#9428 = CARTESIAN_POINT('',(38.796,-123.374,1.51));
#9429 = CIRCLE('',#9430,0.45);
#9430 = AXIS2_PLACEMENT_3D('',#9431,#9432,#9433);
#9431 = CARTESIAN_POINT('',(38.796,-122.924,1.51));
#9432 = DIRECTION('',(-0.,0.,-1.));
#9433 = DIRECTION('',(-0.,-1.,0.));
#9434 = FACE_BOUND('',#9435,.T.);
#9435 = EDGE_LOOP('',(#9436));
#9436 = ORIENTED_EDGE('',*,*,#9437,.T.);
#9437 = EDGE_CURVE('',#9438,#9438,#9440,.T.);
#9438 = VERTEX_POINT('',#9439);
#9439 = CARTESIAN_POINT('',(40.32,-121.85,1.51));
#9440 = CIRCLE('',#9441,0.45);
#9441 = AXIS2_PLACEMENT_3D('',#9442,#9443,#9444);
#9442 = CARTESIAN_POINT('',(40.32,-121.4,1.51));
#9443 = DIRECTION('',(-0.,0.,-1.));
#9444 = DIRECTION('',(-0.,-1.,0.));
#9445 = FACE_BOUND('',#9446,.T.);
#9446 = EDGE_LOOP('',(#9447));
#9447 = ORIENTED_EDGE('',*,*,#9448,.T.);
#9448 = EDGE_CURVE('',#9449,#9449,#9451,.T.);
#9449 = VERTEX_POINT('',#9450);
#9450 = CARTESIAN_POINT('',(35.516,-111.324,1.51));
#9451 = CIRCLE('',#9452,0.45);
#9452 = AXIS2_PLACEMENT_3D('',#9453,#9454,#9455);
#9453 = CARTESIAN_POINT('',(35.516,-110.874,1.51));
#9454 = DIRECTION('',(-0.,0.,-1.));
#9455 = DIRECTION('',(-1.578983857245E-14,-1.,0.));
#9456 = FACE_BOUND('',#9457,.T.);
#9457 = EDGE_LOOP('',(#9458));
#9458 = ORIENTED_EDGE('',*,*,#9459,.T.);
#9459 = EDGE_CURVE('',#9460,#9460,#9462,.T.);
#9460 = VERTEX_POINT('',#9461);
#9461 = CARTESIAN_POINT('',(37.04,-109.8,1.51));
#9462 = CIRCLE('',#9463,0.45);
#9463 = AXIS2_PLACEMENT_3D('',#9464,#9465,#9466);
#9464 = CARTESIAN_POINT('',(37.04,-109.35,1.51));
#9465 = DIRECTION('',(-0.,0.,-1.));
#9466 = DIRECTION('',(-1.578983857245E-14,-1.,0.));
#9467 = FACE_BOUND('',#9468,.T.);
#9468 = EDGE_LOOP('',(#9469));
#9469 = ORIENTED_EDGE('',*,*,#9470,.T.);
#9470 = EDGE_CURVE('',#9471,#9471,#9473,.T.);
#9471 = VERTEX_POINT('',#9472);
#9472 = CARTESIAN_POINT('',(38.564,-111.324,1.51));
#9473 = CIRCLE('',#9474,0.45);
#9474 = AXIS2_PLACEMENT_3D('',#9475,#9476,#9477);
#9475 = CARTESIAN_POINT('',(38.564,-110.874,1.51));
#9476 = DIRECTION('',(-0.,0.,-1.));
#9477 = DIRECTION('',(-0.,-1.,0.));
#9478 = FACE_BOUND('',#9479,.T.);
#9479 = EDGE_LOOP('',(#9480));
#9480 = ORIENTED_EDGE('',*,*,#9481,.T.);
#9481 = EDGE_CURVE('',#9482,#9482,#9484,.T.);
#9482 = VERTEX_POINT('',#9483);
#9483 = CARTESIAN_POINT('',(40.342,-109.8,1.51));
#9484 = CIRCLE('',#9485,0.45);
#9485 = AXIS2_PLACEMENT_3D('',#9486,#9487,#9488);
#9486 = CARTESIAN_POINT('',(40.342,-109.35,1.51));
#9487 = DIRECTION('',(-0.,0.,-1.));
#9488 = DIRECTION('',(-0.,-1.,0.));
#9489 = FACE_BOUND('',#9490,.T.);
#9490 = EDGE_LOOP('',(#9491));
#9491 = ORIENTED_EDGE('',*,*,#9492,.T.);
#9492 = EDGE_CURVE('',#9493,#9493,#9495,.T.);
#9493 = VERTEX_POINT('',#9494);
#9494 = CARTESIAN_POINT('',(-46.365133,-74.264867,1.51));
#9495 = CIRCLE('',#9496,0.45);
#9496 = AXIS2_PLACEMENT_3D('',#9497,#9498,#9499);
#9497 = CARTESIAN_POINT('',(-46.365133,-73.814867,1.51));
#9498 = DIRECTION('',(-0.,0.,-1.));
#9499 = DIRECTION('',(-0.,-1.,0.));
#9500 = FACE_BOUND('',#9501,.T.);
#9501 = EDGE_LOOP('',(#9502));
#9502 = ORIENTED_EDGE('',*,*,#9503,.T.);
#9503 = EDGE_CURVE('',#9504,#9504,#9506,.T.);
#9504 = VERTEX_POINT('',#9505);
#9505 = CARTESIAN_POINT('',(-48.7,-71.93,1.51));
#9506 = CIRCLE('',#9507,0.45);
#9507 = AXIS2_PLACEMENT_3D('',#9508,#9509,#9510);
#9508 = CARTESIAN_POINT('',(-48.7,-71.48,1.51));
#9509 = DIRECTION('',(-0.,0.,-1.));
#9510 = DIRECTION('',(-0.,-1.,0.));
#9511 = FACE_BOUND('',#9512,.T.);
#9512 = EDGE_LOOP('',(#9513));
#9513 = ORIENTED_EDGE('',*,*,#9514,.T.);
#9514 = EDGE_CURVE('',#9515,#9515,#9517,.T.);
#9515 = VERTEX_POINT('',#9516);
#9516 = CARTESIAN_POINT('',(-46.544738,-71.93,1.51));
#9517 = CIRCLE('',#9518,0.45);
#9518 = AXIS2_PLACEMENT_3D('',#9519,#9520,#9521);
#9519 = CARTESIAN_POINT('',(-46.544738,-71.48,1.51));
#9520 = DIRECTION('',(-0.,0.,-1.));
#9521 = DIRECTION('',(-1.578983857245E-14,-1.,0.));
#9522 = FACE_BOUND('',#9523,.T.);
#9523 = EDGE_LOOP('',(#9524));
#9524 = ORIENTED_EDGE('',*,*,#9525,.T.);
#9525 = EDGE_CURVE('',#9526,#9526,#9528,.T.);
#9526 = VERTEX_POINT('',#9527);
#9527 = CARTESIAN_POINT('',(-48.7,-69.774739,1.51));
#9528 = CIRCLE('',#9529,0.45);
#9529 = AXIS2_PLACEMENT_3D('',#9530,#9531,#9532);
#9530 = CARTESIAN_POINT('',(-48.7,-69.324739,1.51));
#9531 = DIRECTION('',(-0.,0.,-1.));
#9532 = DIRECTION('',(-0.,-1.,0.));
#9533 = FACE_BOUND('',#9534,.T.);
#9534 = EDGE_LOOP('',(#9535));
#9535 = ORIENTED_EDGE('',*,*,#9536,.T.);
#9536 = EDGE_CURVE('',#9537,#9537,#9539,.T.);
#9537 = VERTEX_POINT('',#9538);
#9538 = CARTESIAN_POINT('',(-1.355854680849E-31,-71.6,1.51));
#9539 = CIRCLE('',#9540,1.6);
#9540 = AXIS2_PLACEMENT_3D('',#9541,#9542,#9543);
#9541 = CARTESIAN_POINT('',(5.551115123126E-17,-70.,1.51));
#9542 = DIRECTION('',(-0.,0.,-1.));
#9543 = DIRECTION('',(-3.469446951954E-17,-1.,0.));
#9544 = FACE_BOUND('',#9545,.T.);
#9545 = EDGE_LOOP('',(#9546));
#9546 = ORIENTED_EDGE('',*,*,#9547,.T.);
#9547 = EDGE_CURVE('',#9548,#9548,#9550,.T.);
#9548 = VERTEX_POINT('',#9549);
#9549 = CARTESIAN_POINT('',(6.02,-60.128,1.51));
#9550 = CIRCLE('',#9551,0.45);
#9551 = AXIS2_PLACEMENT_3D('',#9552,#9553,#9554);
#9552 = CARTESIAN_POINT('',(6.02,-59.678,1.51));
#9553 = DIRECTION('',(-0.,0.,-1.));
#9554 = DIRECTION('',(-0.,-1.,0.));
#9555 = FACE_BOUND('',#9556,.T.);
#9556 = EDGE_LOOP('',(#9557));
#9557 = ORIENTED_EDGE('',*,*,#9558,.T.);
#9558 = EDGE_CURVE('',#9559,#9559,#9561,.T.);
#9559 = VERTEX_POINT('',#9560);
#9560 = CARTESIAN_POINT('',(8.56,-60.128,1.51));
#9561 = CIRCLE('',#9562,0.45);
#9562 = AXIS2_PLACEMENT_3D('',#9563,#9564,#9565);
#9563 = CARTESIAN_POINT('',(8.56,-59.678,1.51));
#9564 = DIRECTION('',(-0.,0.,-1.));
#9565 = DIRECTION('',(3.947459643112E-15,-1.,-0.));
#9566 = FACE_BOUND('',#9567,.T.);
#9567 = EDGE_LOOP('',(#9568));
#9568 = ORIENTED_EDGE('',*,*,#9569,.T.);
#9569 = EDGE_CURVE('',#9570,#9570,#9572,.T.);
#9570 = VERTEX_POINT('',#9571);
#9571 = CARTESIAN_POINT('',(11.1,-60.128,1.51));
#9572 = CIRCLE('',#9573,0.45);
#9573 = AXIS2_PLACEMENT_3D('',#9574,#9575,#9576);
#9574 = CARTESIAN_POINT('',(11.1,-59.678,1.51));
#9575 = DIRECTION('',(-0.,0.,-1.));
#9576 = DIRECTION('',(-3.947459643112E-15,-1.,0.));
#9577 = FACE_BOUND('',#9578,.T.);
#9578 = EDGE_LOOP('',(#9579));
#9579 = ORIENTED_EDGE('',*,*,#9580,.T.);
#9580 = EDGE_CURVE('',#9581,#9581,#9583,.T.);
#9581 = VERTEX_POINT('',#9582);
#9582 = CARTESIAN_POINT('',(13.64,-60.128,1.51));
#9583 = CIRCLE('',#9584,0.45);
#9584 = AXIS2_PLACEMENT_3D('',#9585,#9586,#9587);
#9585 = CARTESIAN_POINT('',(13.64,-59.678,1.51));
#9586 = DIRECTION('',(-0.,0.,-1.));
#9587 = DIRECTION('',(-0.,-1.,0.));
#9588 = FACE_BOUND('',#9589,.T.);
#9589 = EDGE_LOOP('',(#9590));
#9590 = ORIENTED_EDGE('',*,*,#9591,.T.);
#9591 = EDGE_CURVE('',#9592,#9592,#9594,.T.);
#9592 = VERTEX_POINT('',#9593);
#9593 = CARTESIAN_POINT('',(16.18,-60.128,1.51));
#9594 = CIRCLE('',#9595,0.45);
#9595 = AXIS2_PLACEMENT_3D('',#9596,#9597,#9598);
#9596 = CARTESIAN_POINT('',(16.18,-59.678,1.51));
#9597 = DIRECTION('',(-0.,0.,-1.));
#9598 = DIRECTION('',(-0.,-1.,0.));
#9599 = FACE_BOUND('',#9600,.T.);
#9600 = EDGE_LOOP('',(#9601));
#9601 = ORIENTED_EDGE('',*,*,#9602,.T.);
#9602 = EDGE_CURVE('',#9603,#9603,#9605,.T.);
#9603 = VERTEX_POINT('',#9604);
#9604 = CARTESIAN_POINT('',(35.39,-74.51,1.51));
#9605 = CIRCLE('',#9606,0.45);
#9606 = AXIS2_PLACEMENT_3D('',#9607,#9608,#9609);
#9607 = CARTESIAN_POINT('',(35.39,-74.06,1.51));
#9608 = DIRECTION('',(-0.,0.,-1.));
#9609 = DIRECTION('',(-0.,-1.,0.));
#9610 = FACE_BOUND('',#9611,.T.);
#9611 = EDGE_LOOP('',(#9612));
#9612 = ORIENTED_EDGE('',*,*,#9613,.T.);
#9613 = EDGE_CURVE('',#9614,#9614,#9616,.T.);
#9614 = VERTEX_POINT('',#9615);
#9615 = CARTESIAN_POINT('',(37.168,-72.986,1.51));
#9616 = CIRCLE('',#9617,0.45);
#9617 = AXIS2_PLACEMENT_3D('',#9618,#9619,#9620);
#9618 = CARTESIAN_POINT('',(37.168,-72.536,1.51));
#9619 = DIRECTION('',(-0.,0.,-1.));
#9620 = DIRECTION('',(-1.578983857245E-14,-1.,0.));
#9621 = FACE_BOUND('',#9622,.T.);
#9622 = EDGE_LOOP('',(#9623));
#9623 = ORIENTED_EDGE('',*,*,#9624,.T.);
#9624 = EDGE_CURVE('',#9625,#9625,#9627,.T.);
#9625 = VERTEX_POINT('',#9626);
#9626 = CARTESIAN_POINT('',(38.692,-74.51,1.51));
#9627 = CIRCLE('',#9628,0.45);
#9628 = AXIS2_PLACEMENT_3D('',#9629,#9630,#9631);
#9629 = CARTESIAN_POINT('',(38.692,-74.06,1.51));
#9630 = DIRECTION('',(-0.,0.,-1.));
#9631 = DIRECTION('',(-0.,-1.,0.));
#9632 = FACE_BOUND('',#9633,.T.);
#9633 = EDGE_LOOP('',(#9634));
#9634 = ORIENTED_EDGE('',*,*,#9635,.T.);
#9635 = EDGE_CURVE('',#9636,#9636,#9638,.T.);
#9636 = VERTEX_POINT('',#9637);
#9637 = CARTESIAN_POINT('',(40.216,-72.986,1.51));
#9638 = CIRCLE('',#9639,0.45);
#9639 = AXIS2_PLACEMENT_3D('',#9640,#9641,#9642);
#9640 = CARTESIAN_POINT('',(40.216,-72.536,1.51));
#9641 = DIRECTION('',(-0.,0.,-1.));
#9642 = DIRECTION('',(1.578983857245E-14,-1.,-0.));
#9643 = FACE_BOUND('',#9644,.T.);
#9644 = EDGE_LOOP('',(#9645));
#9645 = ORIENTED_EDGE('',*,*,#9646,.T.);
#9646 = EDGE_CURVE('',#9647,#9647,#9649,.T.);
#9647 = VERTEX_POINT('',#9648);
#9648 = CARTESIAN_POINT('',(18.72,-60.128,1.51));
#9649 = CIRCLE('',#9650,0.45);
#9650 = AXIS2_PLACEMENT_3D('',#9651,#9652,#9653);
#9651 = CARTESIAN_POINT('',(18.72,-59.678,1.51));
#9652 = DIRECTION('',(-0.,0.,-1.));
#9653 = DIRECTION('',(-0.,-1.,0.));
#9654 = FACE_BOUND('',#9655,.T.);
#9655 = EDGE_LOOP('',(#9656));
#9656 = ORIENTED_EDGE('',*,*,#9657,.T.);
#9657 = EDGE_CURVE('',#9658,#9658,#9660,.T.);
#9658 = VERTEX_POINT('',#9659);
#9659 = CARTESIAN_POINT('',(21.26,-60.128,1.51));
#9660 = CIRCLE('',#9661,0.45);
#9661 = AXIS2_PLACEMENT_3D('',#9662,#9663,#9664);
#9662 = CARTESIAN_POINT('',(21.26,-59.678,1.51));
#9663 = DIRECTION('',(-0.,0.,-1.));
#9664 = DIRECTION('',(7.894919286223E-15,-1.,-0.));
#9665 = FACE_BOUND('',#9666,.T.);
#9666 = EDGE_LOOP('',(#9667));
#9667 = ORIENTED_EDGE('',*,*,#9668,.T.);
#9668 = EDGE_CURVE('',#9669,#9669,#9671,.T.);
#9669 = VERTEX_POINT('',#9670);
#9670 = CARTESIAN_POINT('',(23.8,-60.128,1.51));
#9671 = CIRCLE('',#9672,0.45);
#9672 = AXIS2_PLACEMENT_3D('',#9673,#9674,#9675);
#9673 = CARTESIAN_POINT('',(23.8,-59.678,1.51));
#9674 = DIRECTION('',(-0.,0.,-1.));
#9675 = DIRECTION('',(-0.,-1.,0.));
#9676 = FACE_BOUND('',#9677,.T.);
#9677 = EDGE_LOOP('',(#9678));
#9678 = ORIENTED_EDGE('',*,*,#9679,.T.);
#9679 = EDGE_CURVE('',#9680,#9680,#9682,.T.);
#9680 = VERTEX_POINT('',#9681);
#9681 = CARTESIAN_POINT('',(49.51,-140.364,1.51));
#9682 = CIRCLE('',#9683,0.45);
#9683 = AXIS2_PLACEMENT_3D('',#9684,#9685,#9686);
#9684 = CARTESIAN_POINT('',(49.51,-139.914,1.51));
#9685 = DIRECTION('',(-0.,0.,-1.));
#9686 = DIRECTION('',(-1.578983857245E-14,-1.,0.));
#9687 = FACE_BOUND('',#9688,.T.);
#9688 = EDGE_LOOP('',(#9689));
#9689 = ORIENTED_EDGE('',*,*,#9690,.T.);
#9690 = EDGE_CURVE('',#9691,#9691,#9693,.T.);
#9691 = VERTEX_POINT('',#9692);
#9692 = CARTESIAN_POINT('',(51.288,-138.84,1.51));
#9693 = CIRCLE('',#9694,0.45);
#9694 = AXIS2_PLACEMENT_3D('',#9695,#9696,#9697);
#9695 = CARTESIAN_POINT('',(51.288,-138.39,1.51));
#9696 = DIRECTION('',(-0.,0.,-1.));
#9697 = DIRECTION('',(-0.,-1.,0.));
#9698 = FACE_BOUND('',#9699,.T.);
#9699 = EDGE_LOOP('',(#9700));
#9700 = ORIENTED_EDGE('',*,*,#9701,.T.);
#9701 = EDGE_CURVE('',#9702,#9702,#9704,.T.);
#9702 = VERTEX_POINT('',#9703);
#9703 = CARTESIAN_POINT('',(52.812,-140.364,1.51));
#9704 = CIRCLE('',#9705,0.45);
#9705 = AXIS2_PLACEMENT_3D('',#9706,#9707,#9708);
#9706 = CARTESIAN_POINT('',(52.812,-139.914,1.51));
#9707 = DIRECTION('',(-0.,0.,-1.));
#9708 = DIRECTION('',(-0.,-1.,0.));
#9709 = FACE_BOUND('',#9710,.T.);
#9710 = EDGE_LOOP('',(#9711));
#9711 = ORIENTED_EDGE('',*,*,#9712,.T.);
#9712 = EDGE_CURVE('',#9713,#9713,#9715,.T.);
#9713 = VERTEX_POINT('',#9714);
#9714 = CARTESIAN_POINT('',(54.336,-138.84,1.51));
#9715 = CIRCLE('',#9716,0.45);
#9716 = AXIS2_PLACEMENT_3D('',#9717,#9718,#9719);
#9717 = CARTESIAN_POINT('',(54.336,-138.39,1.51));
#9718 = DIRECTION('',(-0.,0.,-1.));
#9719 = DIRECTION('',(-0.,-1.,0.));
#9720 = FACE_BOUND('',#9721,.T.);
#9721 = EDGE_LOOP('',(#9722));
#9722 = ORIENTED_EDGE('',*,*,#9723,.T.);
#9723 = EDGE_CURVE('',#9724,#9724,#9726,.T.);
#9724 = VERTEX_POINT('',#9725);
#9725 = CARTESIAN_POINT('',(49.486,-133.354,1.51));
#9726 = CIRCLE('',#9727,0.45);
#9727 = AXIS2_PLACEMENT_3D('',#9728,#9729,#9730);
#9728 = CARTESIAN_POINT('',(49.486,-132.904,1.51));
#9729 = DIRECTION('',(-0.,0.,-1.));
#9730 = DIRECTION('',(-1.578983857245E-14,-1.,0.));
#9731 = FACE_BOUND('',#9732,.T.);
#9732 = EDGE_LOOP('',(#9733));
#9733 = ORIENTED_EDGE('',*,*,#9734,.T.);
#9734 = EDGE_CURVE('',#9735,#9735,#9737,.T.);
#9735 = VERTEX_POINT('',#9736);
#9736 = CARTESIAN_POINT('',(51.01,-131.83,1.51));
#9737 = CIRCLE('',#9738,0.45);
#9738 = AXIS2_PLACEMENT_3D('',#9739,#9740,#9741);
#9739 = CARTESIAN_POINT('',(51.01,-131.38,1.51));
#9740 = DIRECTION('',(-0.,0.,-1.));
#9741 = DIRECTION('',(-1.578983857245E-14,-1.,0.));
#9742 = FACE_BOUND('',#9743,.T.);
#9743 = EDGE_LOOP('',(#9744));
#9744 = ORIENTED_EDGE('',*,*,#9745,.T.);
#9745 = EDGE_CURVE('',#9746,#9746,#9748,.T.);
#9746 = VERTEX_POINT('',#9747);
#9747 = CARTESIAN_POINT('',(52.534,-133.354,1.51));
#9748 = CIRCLE('',#9749,0.45);
#9749 = AXIS2_PLACEMENT_3D('',#9750,#9751,#9752);
#9750 = CARTESIAN_POINT('',(52.534,-132.904,1.51));
#9751 = DIRECTION('',(-0.,0.,-1.));
#9752 = DIRECTION('',(-1.578983857245E-14,-1.,0.));
#9753 = FACE_BOUND('',#9754,.T.);
#9754 = EDGE_LOOP('',(#9755));
#9755 = ORIENTED_EDGE('',*,*,#9756,.T.);
#9756 = EDGE_CURVE('',#9757,#9757,#9759,.T.);
#9757 = VERTEX_POINT('',#9758);
#9758 = CARTESIAN_POINT('',(54.312,-131.83,1.51));
#9759 = CIRCLE('',#9760,0.45);
#9760 = AXIS2_PLACEMENT_3D('',#9761,#9762,#9763);
#9761 = CARTESIAN_POINT('',(54.312,-131.38,1.51));
#9762 = DIRECTION('',(-0.,0.,-1.));
#9763 = DIRECTION('',(-0.,-1.,0.));
#9764 = FACE_BOUND('',#9765,.T.);
#9765 = EDGE_LOOP('',(#9766));
#9766 = ORIENTED_EDGE('',*,*,#9767,.T.);
#9767 = EDGE_CURVE('',#9768,#9768,#9770,.T.);
#9768 = VERTEX_POINT('',#9769);
#9769 = CARTESIAN_POINT('',(49.532,-123.414,1.51));
#9770 = CIRCLE('',#9771,0.45);
#9771 = AXIS2_PLACEMENT_3D('',#9772,#9773,#9774);
#9772 = CARTESIAN_POINT('',(49.532,-122.964,1.51));
#9773 = DIRECTION('',(-0.,0.,-1.));
#9774 = DIRECTION('',(-0.,-1.,0.));
#9775 = FACE_BOUND('',#9776,.T.);
#9776 = EDGE_LOOP('',(#9777));
#9777 = ORIENTED_EDGE('',*,*,#9778,.T.);
#9778 = EDGE_CURVE('',#9779,#9779,#9781,.T.);
#9779 = VERTEX_POINT('',#9780);
#9780 = CARTESIAN_POINT('',(51.31,-121.89,1.51));
#9781 = CIRCLE('',#9782,0.45);
#9782 = AXIS2_PLACEMENT_3D('',#9783,#9784,#9785);
#9783 = CARTESIAN_POINT('',(51.31,-121.44,1.51));
#9784 = DIRECTION('',(-0.,0.,-1.));
#9785 = DIRECTION('',(-0.,-1.,0.));
#9786 = FACE_BOUND('',#9787,.T.);
#9787 = EDGE_LOOP('',(#9788));
#9788 = ORIENTED_EDGE('',*,*,#9789,.T.);
#9789 = EDGE_CURVE('',#9790,#9790,#9792,.T.);
#9790 = VERTEX_POINT('',#9791);
#9791 = CARTESIAN_POINT('',(52.834,-123.414,1.51));
#9792 = CIRCLE('',#9793,0.45);
#9793 = AXIS2_PLACEMENT_3D('',#9794,#9795,#9796);
#9794 = CARTESIAN_POINT('',(52.834,-122.964,1.51));
#9795 = DIRECTION('',(-0.,0.,-1.));
#9796 = DIRECTION('',(-0.,-1.,0.));
#9797 = FACE_BOUND('',#9798,.T.);
#9798 = EDGE_LOOP('',(#9799));
#9799 = ORIENTED_EDGE('',*,*,#9800,.T.);
#9800 = EDGE_CURVE('',#9801,#9801,#9803,.T.);
#9801 = VERTEX_POINT('',#9802);
#9802 = CARTESIAN_POINT('',(54.358,-121.89,1.51));
#9803 = CIRCLE('',#9804,0.45);
#9804 = AXIS2_PLACEMENT_3D('',#9805,#9806,#9807);
#9805 = CARTESIAN_POINT('',(54.358,-121.44,1.51));
#9806 = DIRECTION('',(-0.,0.,-1.));
#9807 = DIRECTION('',(-1.578983857245E-14,-1.,0.));
#9808 = FACE_BOUND('',#9809,.T.);
#9809 = EDGE_LOOP('',(#9810));
#9810 = ORIENTED_EDGE('',*,*,#9811,.T.);
#9811 = EDGE_CURVE('',#9812,#9812,#9814,.T.);
#9812 = VERTEX_POINT('',#9813);
#9813 = CARTESIAN_POINT('',(80.548472,-123.626726,1.51));
#9814 = CIRCLE('',#9815,0.45);
#9815 = AXIS2_PLACEMENT_3D('',#9816,#9817,#9818);
#9816 = CARTESIAN_POINT('',(80.548472,-123.176726,1.51));
#9817 = DIRECTION('',(-0.,0.,-1.));
#9818 = DIRECTION('',(-0.,-1.,0.));
#9819 = FACE_BOUND('',#9820,.T.);
#9820 = EDGE_LOOP('',(#9821));
#9821 = ORIENTED_EDGE('',*,*,#9822,.T.);
#9822 = EDGE_CURVE('',#9823,#9823,#9825,.T.);
#9823 = VERTEX_POINT('',#9824);
#9824 = CARTESIAN_POINT('',(82.883339,-123.447121,1.51));
#9825 = CIRCLE('',#9826,0.45);
#9826 = AXIS2_PLACEMENT_3D('',#9827,#9828,#9829);
#9827 = CARTESIAN_POINT('',(82.883339,-122.997121,1.51));
#9828 = DIRECTION('',(-0.,0.,-1.));
#9829 = DIRECTION('',(-0.,-1.,0.));
#9830 = FACE_BOUND('',#9831,.T.);
#9831 = EDGE_LOOP('',(#9832));
#9832 = ORIENTED_EDGE('',*,*,#9833,.T.);
#9833 = EDGE_CURVE('',#9834,#9834,#9836,.T.);
#9834 = VERTEX_POINT('',#9835);
#9835 = CARTESIAN_POINT('',(82.883339,-121.291859,1.51));
#9836 = CIRCLE('',#9837,0.45);
#9837 = AXIS2_PLACEMENT_3D('',#9838,#9839,#9840);
#9838 = CARTESIAN_POINT('',(82.883339,-120.841859,1.51));
#9839 = DIRECTION('',(-0.,0.,-1.));
#9840 = DIRECTION('',(-0.,-1.,0.));
#9841 = FACE_BOUND('',#9842,.T.);
#9842 = EDGE_LOOP('',(#9843));
#9843 = ORIENTED_EDGE('',*,*,#9844,.T.);
#9844 = EDGE_CURVE('',#9845,#9845,#9847,.T.);
#9845 = VERTEX_POINT('',#9846);
#9846 = CARTESIAN_POINT('',(85.0386,-121.291859,1.51));
#9847 = CIRCLE('',#9848,0.45);
#9848 = AXIS2_PLACEMENT_3D('',#9849,#9850,#9851);
#9849 = CARTESIAN_POINT('',(85.0386,-120.841859,1.51));
#9850 = DIRECTION('',(-0.,0.,-1.));
#9851 = DIRECTION('',(-0.,-1.,0.));
#9852 = FACE_BOUND('',#9853,.T.);
#9853 = EDGE_LOOP('',(#9854));
#9854 = ORIENTED_EDGE('',*,*,#9855,.T.);
#9855 = EDGE_CURVE('',#9856,#9856,#9858,.T.);
#9856 = VERTEX_POINT('',#9857);
#9857 = CARTESIAN_POINT('',(49.536,-111.364,1.51));
#9858 = CIRCLE('',#9859,0.45);
#9859 = AXIS2_PLACEMENT_3D('',#9860,#9861,#9862);
#9860 = CARTESIAN_POINT('',(49.536,-110.914,1.51));
#9861 = DIRECTION('',(-0.,0.,-1.));
#9862 = DIRECTION('',(-0.,-1.,0.));
#9863 = FACE_BOUND('',#9864,.T.);
#9864 = EDGE_LOOP('',(#9865));
#9865 = ORIENTED_EDGE('',*,*,#9866,.T.);
#9866 = EDGE_CURVE('',#9867,#9867,#9869,.T.);
#9867 = VERTEX_POINT('',#9868);
#9868 = CARTESIAN_POINT('',(51.06,-109.84,1.51));
#9869 = CIRCLE('',#9870,0.45);
#9870 = AXIS2_PLACEMENT_3D('',#9871,#9872,#9873);
#9871 = CARTESIAN_POINT('',(51.06,-109.39,1.51));
#9872 = DIRECTION('',(-0.,0.,-1.));
#9873 = DIRECTION('',(-0.,-1.,0.));
#9874 = FACE_BOUND('',#9875,.T.);
#9875 = EDGE_LOOP('',(#9876));
#9876 = ORIENTED_EDGE('',*,*,#9877,.T.);
#9877 = EDGE_CURVE('',#9878,#9878,#9880,.T.);
#9878 = VERTEX_POINT('',#9879);
#9879 = CARTESIAN_POINT('',(52.584,-111.364,1.51));
#9880 = CIRCLE('',#9881,0.45);
#9881 = AXIS2_PLACEMENT_3D('',#9882,#9883,#9884);
#9882 = CARTESIAN_POINT('',(52.584,-110.914,1.51));
#9883 = DIRECTION('',(-0.,0.,-1.));
#9884 = DIRECTION('',(-0.,-1.,0.));
#9885 = FACE_BOUND('',#9886,.T.);
#9886 = EDGE_LOOP('',(#9887));
#9887 = ORIENTED_EDGE('',*,*,#9888,.T.);
#9888 = EDGE_CURVE('',#9889,#9889,#9891,.T.);
#9889 = VERTEX_POINT('',#9890);
#9890 = CARTESIAN_POINT('',(54.362,-109.84,1.51));
#9891 = CIRCLE('',#9892,0.45);
#9892 = AXIS2_PLACEMENT_3D('',#9893,#9894,#9895);
#9893 = CARTESIAN_POINT('',(54.362,-109.39,1.51));
#9894 = DIRECTION('',(-0.,0.,-1.));
#9895 = DIRECTION('',(1.578983857245E-14,-1.,-0.));
#9896 = FACE_BOUND('',#9897,.T.);
#9897 = EDGE_LOOP('',(#9898));
#9898 = ORIENTED_EDGE('',*,*,#9899,.T.);
#9899 = EDGE_CURVE('',#9900,#9900,#9902,.T.);
#9900 = VERTEX_POINT('',#9901);
#9901 = CARTESIAN_POINT('',(109.745133,-102.274867,1.51));
#9902 = CIRCLE('',#9903,0.45);
#9903 = AXIS2_PLACEMENT_3D('',#9904,#9905,#9906);
#9904 = CARTESIAN_POINT('',(109.745133,-101.824867,1.51));
#9905 = DIRECTION('',(-0.,0.,-1.));
#9906 = DIRECTION('',(-3.157967714489E-14,-1.,0.));
#9907 = FACE_BOUND('',#9908,.T.);
#9908 = EDGE_LOOP('',(#9909));
#9909 = ORIENTED_EDGE('',*,*,#9910,.T.);
#9910 = EDGE_CURVE('',#9911,#9911,#9913,.T.);
#9911 = VERTEX_POINT('',#9912);
#9912 = CARTESIAN_POINT('',(112.08,-102.095262,1.51));
#9913 = CIRCLE('',#9914,0.45);
#9914 = AXIS2_PLACEMENT_3D('',#9915,#9916,#9917);
#9915 = CARTESIAN_POINT('',(112.08,-101.645262,1.51));
#9916 = DIRECTION('',(-0.,0.,-1.));
#9917 = DIRECTION('',(-0.,-1.,0.));
#9918 = FACE_BOUND('',#9919,.T.);
#9919 = EDGE_LOOP('',(#9920));
#9920 = ORIENTED_EDGE('',*,*,#9921,.T.);
#9921 = EDGE_CURVE('',#9922,#9922,#9924,.T.);
#9922 = VERTEX_POINT('',#9923);
#9923 = CARTESIAN_POINT('',(112.08,-99.94,1.51));
#9924 = CIRCLE('',#9925,0.45);
#9925 = AXIS2_PLACEMENT_3D('',#9926,#9927,#9928);
#9926 = CARTESIAN_POINT('',(112.08,-99.49,1.51));
#9927 = DIRECTION('',(-0.,0.,-1.));
#9928 = DIRECTION('',(-0.,-1.,0.));
#9929 = FACE_BOUND('',#9930,.T.);
#9930 = EDGE_LOOP('',(#9931));
#9931 = ORIENTED_EDGE('',*,*,#9932,.T.);
#9932 = EDGE_CURVE('',#9933,#9933,#9935,.T.);
#9933 = VERTEX_POINT('',#9934);
#9934 = CARTESIAN_POINT('',(114.235261,-99.94,1.51));
#9935 = CIRCLE('',#9936,0.45);
#9936 = AXIS2_PLACEMENT_3D('',#9937,#9938,#9939);
#9937 = CARTESIAN_POINT('',(114.235261,-99.49,1.51));
#9938 = DIRECTION('',(-0.,0.,-1.));
#9939 = DIRECTION('',(-3.157967714489E-14,-1.,0.));
#9940 = FACE_BOUND('',#9941,.T.);
#9941 = EDGE_LOOP('',(#9942));
#9942 = ORIENTED_EDGE('',*,*,#9943,.T.);
#9943 = EDGE_CURVE('',#9944,#9944,#9946,.T.);
#9944 = VERTEX_POINT('',#9945);
#9945 = CARTESIAN_POINT('',(49.44,-74.51,1.51));
#9946 = CIRCLE('',#9947,0.45);
#9947 = AXIS2_PLACEMENT_3D('',#9948,#9949,#9950);
#9948 = CARTESIAN_POINT('',(49.44,-74.06,1.51));
#9949 = DIRECTION('',(-0.,0.,-1.));
#9950 = DIRECTION('',(-0.,-1.,0.));
#9951 = FACE_BOUND('',#9952,.T.);
#9952 = EDGE_LOOP('',(#9953));
#9953 = ORIENTED_EDGE('',*,*,#9954,.T.);
#9954 = EDGE_CURVE('',#9955,#9955,#9957,.T.);
#9955 = VERTEX_POINT('',#9956);
#9956 = CARTESIAN_POINT('',(51.218,-72.986,1.51));
#9957 = CIRCLE('',#9958,0.45);
#9958 = AXIS2_PLACEMENT_3D('',#9959,#9960,#9961);
#9959 = CARTESIAN_POINT('',(51.218,-72.536,1.51));
#9960 = DIRECTION('',(-0.,0.,-1.));
#9961 = DIRECTION('',(-0.,-1.,0.));
#9962 = FACE_BOUND('',#9963,.T.);
#9963 = EDGE_LOOP('',(#9964));
#9964 = ORIENTED_EDGE('',*,*,#9965,.T.);
#9965 = EDGE_CURVE('',#9966,#9966,#9968,.T.);
#9966 = VERTEX_POINT('',#9967);
#9967 = CARTESIAN_POINT('',(52.742,-74.51,1.51));
#9968 = CIRCLE('',#9969,0.45);
#9969 = AXIS2_PLACEMENT_3D('',#9970,#9971,#9972);
#9970 = CARTESIAN_POINT('',(52.742,-74.06,1.51));
#9971 = DIRECTION('',(-0.,0.,-1.));
#9972 = DIRECTION('',(-1.578983857245E-14,-1.,0.));
#9973 = FACE_BOUND('',#9974,.T.);
#9974 = EDGE_LOOP('',(#9975));
#9975 = ORIENTED_EDGE('',*,*,#9976,.T.);
#9976 = EDGE_CURVE('',#9977,#9977,#9979,.T.);
#9977 = VERTEX_POINT('',#9978);
#9978 = CARTESIAN_POINT('',(54.266,-72.986,1.51));
#9979 = CIRCLE('',#9980,0.45);
#9980 = AXIS2_PLACEMENT_3D('',#9981,#9982,#9983);
#9981 = CARTESIAN_POINT('',(54.266,-72.536,1.51));
#9982 = DIRECTION('',(-0.,0.,-1.));
#9983 = DIRECTION('',(-1.578983857245E-14,-1.,0.));
#9984 = FACE_BOUND('',#9985,.T.);
#9985 = EDGE_LOOP('',(#9986));
#9986 = ORIENTED_EDGE('',*,*,#9987,.T.);
#9987 = EDGE_CURVE('',#9988,#9988,#9990,.T.);
#9988 = VERTEX_POINT('',#9989);
#9989 = CARTESIAN_POINT('',(66.885511,-69.563462,1.51));
#9990 = CIRCLE('',#9991,0.6);
#9991 = AXIS2_PLACEMENT_3D('',#9992,#9993,#9994);
#9992 = CARTESIAN_POINT('',(66.885511,-68.963462,1.51));
#9993 = DIRECTION('',(-0.,0.,-1.));
#9994 = DIRECTION('',(-2.368475785867E-14,-1.,0.));
#9995 = FACE_BOUND('',#9996,.T.);
#9996 = EDGE_LOOP('',(#9997));
#9997 = ORIENTED_EDGE('',*,*,#9998,.T.);
#9998 = EDGE_CURVE('',#9999,#9999,#10001,.T.);
#9999 = VERTEX_POINT('',#10000);
#10000 = CARTESIAN_POINT('',(69.425511,-69.563462,1.51));
#10001 = CIRCLE('',#10002,0.6);
#10002 = AXIS2_PLACEMENT_3D('',#10003,#10004,#10005);
#10003 = CARTESIAN_POINT('',(69.425511,-68.963462,1.51));
#10004 = DIRECTION('',(-0.,0.,-1.));
#10005 = DIRECTION('',(-0.,-1.,0.));
#10006 = FACE_BOUND('',#10007,.T.);
#10007 = EDGE_LOOP('',(#10008));
#10008 = ORIENTED_EDGE('',*,*,#10009,.T.);
#10009 = EDGE_CURVE('',#10010,#10010,#10012,.T.);
#10010 = VERTEX_POINT('',#10011);
#10011 = CARTESIAN_POINT('',(71.965511,-69.563462,1.51));
#10012 = CIRCLE('',#10013,0.6);
#10013 = AXIS2_PLACEMENT_3D('',#10014,#10015,#10016);
#10014 = CARTESIAN_POINT('',(71.965511,-68.963462,1.51));
#10015 = DIRECTION('',(-0.,0.,-1.));
#10016 = DIRECTION('',(2.368475785867E-14,-1.,-0.));
#10017 = FACE_BOUND('',#10018,.T.);
#10018 = EDGE_LOOP('',(#10019));
#10019 = ORIENTED_EDGE('',*,*,#10020,.F.);
#10020 = EDGE_CURVE('',#10021,#10021,#10023,.T.);
#10021 = VERTEX_POINT('',#10022);
#10022 = CARTESIAN_POINT('',(44.940452,-53.833194,1.51));
#10023 = CIRCLE('',#10024,1.E-02);
#10024 = AXIS2_PLACEMENT_3D('',#10025,#10026,#10027);
#10025 = CARTESIAN_POINT('',(44.930452,-53.833194,1.51));
#10026 = DIRECTION('',(0.,0.,1.));
#10027 = DIRECTION('',(1.,0.,-0.));
#10028 = FACE_BOUND('',#10029,.T.);
#10029 = EDGE_LOOP('',(#10030));
#10030 = ORIENTED_EDGE('',*,*,#10031,.T.);
#10031 = EDGE_CURVE('',#10032,#10032,#10034,.T.);
#10032 = VERTEX_POINT('',#10033);
#10033 = CARTESIAN_POINT('',(90.,-71.6,1.51));
#10034 = CIRCLE('',#10035,1.6);
#10035 = AXIS2_PLACEMENT_3D('',#10036,#10037,#10038);
#10036 = CARTESIAN_POINT('',(90.,-70.,1.51));
#10037 = DIRECTION('',(-0.,0.,-1.));
#10038 = DIRECTION('',(-0.,-1.,0.));
#10039 = FACE_BOUND('',#10040,.T.);
#10040 = EDGE_LOOP('',(#10041));
#10041 = ORIENTED_EDGE('',*,*,#10042,.T.);
#10042 = EDGE_CURVE('',#10043,#10043,#10045,.T.);
#10043 = VERTEX_POINT('',#10044);
#10044 = CARTESIAN_POINT('',(105.99,-65.87,1.51));
#10045 = CIRCLE('',#10046,0.5);
#10046 = AXIS2_PLACEMENT_3D('',#10047,#10048,#10049);
#10047 = CARTESIAN_POINT('',(105.99,-65.37,1.51));
#10048 = DIRECTION('',(-0.,0.,-1.));
#10049 = DIRECTION('',(-0.,-1.,0.));
#10050 = FACE_BOUND('',#10051,.T.);
#10051 = EDGE_LOOP('',(#10052));
#10052 = ORIENTED_EDGE('',*,*,#10053,.T.);
#10053 = EDGE_CURVE('',#10054,#10054,#10056,.T.);
#10054 = VERTEX_POINT('',#10055);
#10055 = CARTESIAN_POINT('',(105.99,-63.33,1.51));
#10056 = CIRCLE('',#10057,0.5);
#10057 = AXIS2_PLACEMENT_3D('',#10058,#10059,#10060);
#10058 = CARTESIAN_POINT('',(105.99,-62.83,1.51));
#10059 = DIRECTION('',(-0.,0.,-1.));
#10060 = DIRECTION('',(-0.,-1.,0.));
#10061 = FACE_BOUND('',#10062,.T.);
#10062 = EDGE_LOOP('',(#10063));
#10063 = ORIENTED_EDGE('',*,*,#10064,.T.);
#10064 = EDGE_CURVE('',#10065,#10065,#10067,.T.);
#10065 = VERTEX_POINT('',#10066);
#10066 = CARTESIAN_POINT('',(105.99,-60.79,1.51));
#10067 = CIRCLE('',#10068,0.5);
#10068 = AXIS2_PLACEMENT_3D('',#10069,#10070,#10071);
#10069 = CARTESIAN_POINT('',(105.99,-60.29,1.51));
#10070 = DIRECTION('',(-0.,0.,-1.));
#10071 = DIRECTION('',(-0.,-1.,0.));
#10072 = FACE_BOUND('',#10073,.T.);
#10073 = EDGE_LOOP('',(#10074));
#10074 = ORIENTED_EDGE('',*,*,#10075,.T.);
#10075 = EDGE_CURVE('',#10076,#10076,#10078,.T.);
#10076 = VERTEX_POINT('',#10077);
#10077 = CARTESIAN_POINT('',(135.375133,-72.924867,1.51));
#10078 = CIRCLE('',#10079,0.45);
#10079 = AXIS2_PLACEMENT_3D('',#10080,#10081,#10082);
#10080 = CARTESIAN_POINT('',(135.375133,-72.474867,1.51));
#10081 = DIRECTION('',(-0.,0.,-1.));
#10082 = DIRECTION('',(-0.,-1.,0.));
#10083 = FACE_BOUND('',#10084,.T.);
#10084 = EDGE_LOOP('',(#10085));
#10085 = ORIENTED_EDGE('',*,*,#10086,.T.);
#10086 = EDGE_CURVE('',#10087,#10087,#10089,.T.);
#10087 = VERTEX_POINT('',#10088);
#10088 = CARTESIAN_POINT('',(137.71,-72.745262,1.51));
#10089 = CIRCLE('',#10090,0.45);
#10090 = AXIS2_PLACEMENT_3D('',#10091,#10092,#10093);
#10091 = CARTESIAN_POINT('',(137.71,-72.295262,1.51));
#10092 = DIRECTION('',(-0.,0.,-1.));
#10093 = DIRECTION('',(6.315935428978E-14,-1.,-0.));
#10094 = FACE_BOUND('',#10095,.T.);
#10095 = EDGE_LOOP('',(#10096));
#10096 = ORIENTED_EDGE('',*,*,#10097,.T.);
#10097 = EDGE_CURVE('',#10098,#10098,#10100,.T.);
#10098 = VERTEX_POINT('',#10099);
#10099 = CARTESIAN_POINT('',(137.71,-70.59,1.51));
#10100 = CIRCLE('',#10101,0.45);
#10101 = AXIS2_PLACEMENT_3D('',#10102,#10103,#10104);
#10102 = CARTESIAN_POINT('',(137.71,-70.14,1.51));
#10103 = DIRECTION('',(-0.,0.,-1.));
#10104 = DIRECTION('',(6.315935428978E-14,-1.,-0.));
#10105 = FACE_BOUND('',#10106,.T.);
#10106 = EDGE_LOOP('',(#10107));
#10107 = ORIENTED_EDGE('',*,*,#10108,.T.);
#10108 = EDGE_CURVE('',#10109,#10109,#10111,.T.);
#10109 = VERTEX_POINT('',#10110);
#10110 = CARTESIAN_POINT('',(139.865261,-70.59,1.51));
#10111 = CIRCLE('',#10112,0.45);
#10112 = AXIS2_PLACEMENT_3D('',#10113,#10114,#10115);
#10113 = CARTESIAN_POINT('',(139.865261,-70.14,1.51));
#10114 = DIRECTION('',(-0.,0.,-1.));
#10115 = DIRECTION('',(6.315935428978E-14,-1.,-0.));
#10116 = FACE_BOUND('',#10117,.T.);
#10117 = EDGE_LOOP('',(#10118));
#10118 = ORIENTED_EDGE('',*,*,#10119,.T.);
#10119 = EDGE_CURVE('',#10120,#10120,#10122,.T.);
#10120 = VERTEX_POINT('',#10121);
#10121 = CARTESIAN_POINT('',(-61.925133,-44.494867,1.51));
#10122 = CIRCLE('',#10123,0.45);
#10123 = AXIS2_PLACEMENT_3D('',#10124,#10125,#10126);
#10124 = CARTESIAN_POINT('',(-61.925133,-44.044867,1.51));
#10125 = DIRECTION('',(-0.,0.,-1.));
#10126 = DIRECTION('',(-0.,-1.,0.));
#10127 = FACE_BOUND('',#10128,.T.);
#10128 = EDGE_LOOP('',(#10129));
#10129 = ORIENTED_EDGE('',*,*,#10130,.T.);
#10130 = EDGE_CURVE('',#10131,#10131,#10133,.T.);
#10131 = VERTEX_POINT('',#10132);
#10132 = CARTESIAN_POINT('',(-64.26,-42.16,1.51));
#10133 = CIRCLE('',#10134,0.45);
#10134 = AXIS2_PLACEMENT_3D('',#10135,#10136,#10137);
#10135 = CARTESIAN_POINT('',(-64.26,-41.71,1.51));
#10136 = DIRECTION('',(-0.,0.,-1.));
#10137 = DIRECTION('',(-3.157967714489E-14,-1.,0.));
#10138 = FACE_BOUND('',#10139,.T.);
#10139 = EDGE_LOOP('',(#10140));
#10140 = ORIENTED_EDGE('',*,*,#10141,.T.);
#10141 = EDGE_CURVE('',#10142,#10142,#10144,.T.);
#10142 = VERTEX_POINT('',#10143);
#10143 = CARTESIAN_POINT('',(-62.104738,-42.16,1.51));
#10144 = CIRCLE('',#10145,0.45);
#10145 = AXIS2_PLACEMENT_3D('',#10146,#10147,#10148);
#10146 = CARTESIAN_POINT('',(-62.104738,-41.71,1.51));
#10147 = DIRECTION('',(-0.,0.,-1.));
#10148 = DIRECTION('',(-0.,-1.,0.));
#10149 = FACE_BOUND('',#10150,.T.);
#10150 = EDGE_LOOP('',(#10151));
#10151 = ORIENTED_EDGE('',*,*,#10152,.T.);
#10152 = EDGE_CURVE('',#10153,#10153,#10155,.T.);
#10153 = VERTEX_POINT('',#10154);
#10154 = CARTESIAN_POINT('',(-64.26,-40.004739,1.51));
#10155 = CIRCLE('',#10156,0.45);
#10156 = AXIS2_PLACEMENT_3D('',#10157,#10158,#10159);
#10157 = CARTESIAN_POINT('',(-64.26,-39.554739,1.51));
#10158 = DIRECTION('',(-0.,0.,-1.));
#10159 = DIRECTION('',(-3.157967714489E-14,-1.,0.));
#10160 = FACE_BOUND('',#10161,.T.);
#10161 = EDGE_LOOP('',(#10162));
#10162 = ORIENTED_EDGE('',*,*,#10163,.T.);
#10163 = EDGE_CURVE('',#10164,#10164,#10166,.T.);
#10164 = VERTEX_POINT('',#10165);
#10165 = CARTESIAN_POINT('',(-13.385489,-41.639462,1.51));
#10166 = CIRCLE('',#10167,0.45);
#10167 = AXIS2_PLACEMENT_3D('',#10168,#10169,#10170);
#10168 = CARTESIAN_POINT('',(-13.385489,-41.189462,1.51));
#10169 = DIRECTION('',(-0.,0.,-1.));
#10170 = DIRECTION('',(-0.,-1.,0.));
#10171 = FACE_BOUND('',#10172,.T.);
#10172 = EDGE_LOOP('',(#10173));
#10173 = ORIENTED_EDGE('',*,*,#10174,.T.);
#10174 = EDGE_CURVE('',#10175,#10175,#10177,.T.);
#10175 = VERTEX_POINT('',#10176);
#10176 = CARTESIAN_POINT('',(-14.909489,-40.115462,1.51));
#10177 = CIRCLE('',#10178,0.45);
#10178 = AXIS2_PLACEMENT_3D('',#10179,#10180,#10181);
#10179 = CARTESIAN_POINT('',(-14.909489,-39.665462,1.51));
#10180 = DIRECTION('',(-0.,0.,-1.));
#10181 = DIRECTION('',(-0.,-1.,0.));
#10182 = FACE_BOUND('',#10183,.T.);
#10183 = EDGE_LOOP('',(#10184));
#10184 = ORIENTED_EDGE('',*,*,#10185,.T.);
#10185 = EDGE_CURVE('',#10186,#10186,#10188,.T.);
#10186 = VERTEX_POINT('',#10187);
#10187 = CARTESIAN_POINT('',(-13.385489,-38.591462,1.51));
#10188 = CIRCLE('',#10189,0.45);
#10189 = AXIS2_PLACEMENT_3D('',#10190,#10191,#10192);
#10190 = CARTESIAN_POINT('',(-13.385489,-38.141462,1.51));
#10191 = DIRECTION('',(-0.,0.,-1.));
#10192 = DIRECTION('',(-0.,-1.,0.));
#10193 = FACE_BOUND('',#10194,.T.);
#10194 = EDGE_LOOP('',(#10195));
#10195 = ORIENTED_EDGE('',*,*,#10196,.T.);
#10196 = EDGE_CURVE('',#10197,#10197,#10199,.T.);
#10197 = VERTEX_POINT('',#10198);
#10198 = CARTESIAN_POINT('',(-14.909489,-36.813462,1.51));
#10199 = CIRCLE('',#10200,0.45);
#10200 = AXIS2_PLACEMENT_3D('',#10201,#10202,#10203);
#10201 = CARTESIAN_POINT('',(-14.909489,-36.363462,1.51));
#10202 = DIRECTION('',(-0.,0.,-1.));
#10203 = DIRECTION('',(-0.,-1.,0.));
#10204 = FACE_BOUND('',#10205,.T.);
#10205 = EDGE_LOOP('',(#10206));
#10206 = ORIENTED_EDGE('',*,*,#10207,.T.);
#10207 = EDGE_CURVE('',#10208,#10208,#10210,.T.);
#10208 = VERTEX_POINT('',#10209);
#10209 = CARTESIAN_POINT('',(6.02,-44.888,1.51));
#10210 = CIRCLE('',#10211,0.45);
#10211 = AXIS2_PLACEMENT_3D('',#10212,#10213,#10214);
#10212 = CARTESIAN_POINT('',(6.02,-44.438,1.51));
#10213 = DIRECTION('',(-0.,0.,-1.));
#10214 = DIRECTION('',(-0.,-1.,0.));
#10215 = FACE_BOUND('',#10216,.T.);
#10216 = EDGE_LOOP('',(#10217));
#10217 = ORIENTED_EDGE('',*,*,#10218,.T.);
#10218 = EDGE_CURVE('',#10219,#10219,#10221,.T.);
#10219 = VERTEX_POINT('',#10220);
#10220 = CARTESIAN_POINT('',(8.56,-44.888,1.51));
#10221 = CIRCLE('',#10222,0.45);
#10222 = AXIS2_PLACEMENT_3D('',#10223,#10224,#10225);
#10223 = CARTESIAN_POINT('',(8.56,-44.438,1.51));
#10224 = DIRECTION('',(-0.,0.,-1.));
#10225 = DIRECTION('',(3.947459643112E-15,-1.,-0.));
#10226 = FACE_BOUND('',#10227,.T.);
#10227 = EDGE_LOOP('',(#10228));
#10228 = ORIENTED_EDGE('',*,*,#10229,.T.);
#10229 = EDGE_CURVE('',#10230,#10230,#10232,.T.);
#10230 = VERTEX_POINT('',#10231);
#10231 = CARTESIAN_POINT('',(11.1,-44.888,1.51));
#10232 = CIRCLE('',#10233,0.45);
#10233 = AXIS2_PLACEMENT_3D('',#10234,#10235,#10236);
#10234 = CARTESIAN_POINT('',(11.1,-44.438,1.51));
#10235 = DIRECTION('',(-0.,0.,-1.));
#10236 = DIRECTION('',(-3.947459643112E-15,-1.,0.));
#10237 = FACE_BOUND('',#10238,.T.);
#10238 = EDGE_LOOP('',(#10239));
#10239 = ORIENTED_EDGE('',*,*,#10240,.T.);
#10240 = EDGE_CURVE('',#10241,#10241,#10243,.T.);
#10241 = VERTEX_POINT('',#10242);
#10242 = CARTESIAN_POINT('',(13.64,-44.888,1.51));
#10243 = CIRCLE('',#10244,0.45);
#10244 = AXIS2_PLACEMENT_3D('',#10245,#10246,#10247);
#10245 = CARTESIAN_POINT('',(13.64,-44.438,1.51));
#10246 = DIRECTION('',(-0.,0.,-1.));
#10247 = DIRECTION('',(-0.,-1.,0.));
#10248 = FACE_BOUND('',#10249,.T.);
#10249 = EDGE_LOOP('',(#10250));
#10250 = ORIENTED_EDGE('',*,*,#10251,.T.);
#10251 = EDGE_CURVE('',#10252,#10252,#10254,.T.);
#10252 = VERTEX_POINT('',#10253);
#10253 = CARTESIAN_POINT('',(16.18,-44.888,1.51));
#10254 = CIRCLE('',#10255,0.45);
#10255 = AXIS2_PLACEMENT_3D('',#10256,#10257,#10258);
#10256 = CARTESIAN_POINT('',(16.18,-44.438,1.51));
#10257 = DIRECTION('',(-0.,0.,-1.));
#10258 = DIRECTION('',(-0.,-1.,0.));
#10259 = FACE_BOUND('',#10260,.T.);
#10260 = EDGE_LOOP('',(#10261,#10271,#10279,#10287));
#10261 = ORIENTED_EDGE('',*,*,#10262,.F.);
#10262 = EDGE_CURVE('',#10263,#10265,#10267,.T.);
#10263 = VERTEX_POINT('',#10264);
#10264 = CARTESIAN_POINT('',(15.867,-57.108,1.51));
#10265 = VERTEX_POINT('',#10266);
#10266 = CARTESIAN_POINT('',(35.867,-57.108,1.51));
#10267 = LINE('',#10268,#10269);
#10268 = CARTESIAN_POINT('',(15.867,-57.108,1.51));
#10269 = VECTOR('',#10270,1.);
#10270 = DIRECTION('',(1.,0.,0.));
#10271 = ORIENTED_EDGE('',*,*,#10272,.F.);
#10272 = EDGE_CURVE('',#10273,#10263,#10275,.T.);
#10273 = VERTEX_POINT('',#10274);
#10274 = CARTESIAN_POINT('',(15.867,-47.108,1.51));
#10275 = LINE('',#10276,#10277);
#10276 = CARTESIAN_POINT('',(15.867,-47.108,1.51));
#10277 = VECTOR('',#10278,1.);
#10278 = DIRECTION('',(0.,-1.,0.));
#10279 = ORIENTED_EDGE('',*,*,#10280,.F.);
#10280 = EDGE_CURVE('',#10281,#10273,#10283,.T.);
#10281 = VERTEX_POINT('',#10282);
#10282 = CARTESIAN_POINT('',(35.867,-47.108,1.51));
#10283 = LINE('',#10284,#10285);
#10284 = CARTESIAN_POINT('',(35.867,-47.108,1.51));
#10285 = VECTOR('',#10286,1.);
#10286 = DIRECTION('',(-1.,0.,0.));
#10287 = ORIENTED_EDGE('',*,*,#10288,.F.);
#10288 = EDGE_CURVE('',#10265,#10281,#10289,.T.);
#10289 = LINE('',#10290,#10291);
#10290 = CARTESIAN_POINT('',(35.867,-57.108,1.51));
#10291 = VECTOR('',#10292,1.);
#10292 = DIRECTION('',(0.,1.,0.));
#10293 = FACE_BOUND('',#10294,.T.);
#10294 = EDGE_LOOP('',(#10295));
#10295 = ORIENTED_EDGE('',*,*,#10296,.T.);
#10296 = EDGE_CURVE('',#10297,#10297,#10299,.T.);
#10297 = VERTEX_POINT('',#10298);
#10298 = CARTESIAN_POINT('',(18.72,-44.888,1.51));
#10299 = CIRCLE('',#10300,0.45);
#10300 = AXIS2_PLACEMENT_3D('',#10301,#10302,#10303);
#10301 = CARTESIAN_POINT('',(18.72,-44.438,1.51));
#10302 = DIRECTION('',(-0.,0.,-1.));
#10303 = DIRECTION('',(-0.,-1.,0.));
#10304 = FACE_BOUND('',#10305,.T.);
#10305 = EDGE_LOOP('',(#10306));
#10306 = ORIENTED_EDGE('',*,*,#10307,.T.);
#10307 = EDGE_CURVE('',#10308,#10308,#10310,.T.);
#10308 = VERTEX_POINT('',#10309);
#10309 = CARTESIAN_POINT('',(21.26,-44.888,1.51));
#10310 = CIRCLE('',#10311,0.45);
#10311 = AXIS2_PLACEMENT_3D('',#10312,#10313,#10314);
#10312 = CARTESIAN_POINT('',(21.26,-44.438,1.51));
#10313 = DIRECTION('',(-0.,0.,-1.));
#10314 = DIRECTION('',(7.894919286223E-15,-1.,-0.));
#10315 = FACE_BOUND('',#10316,.T.);
#10316 = EDGE_LOOP('',(#10317));
#10317 = ORIENTED_EDGE('',*,*,#10318,.T.);
#10318 = EDGE_CURVE('',#10319,#10319,#10321,.T.);
#10319 = VERTEX_POINT('',#10320);
#10320 = CARTESIAN_POINT('',(23.8,-44.888,1.51));
#10321 = CIRCLE('',#10322,0.45);
#10322 = AXIS2_PLACEMENT_3D('',#10323,#10324,#10325);
#10323 = CARTESIAN_POINT('',(23.8,-44.438,1.51));
#10324 = DIRECTION('',(-0.,0.,-1.));
#10325 = DIRECTION('',(-0.,-1.,0.));
#10326 = FACE_BOUND('',#10327,.T.);
#10327 = EDGE_LOOP('',(#10328));
#10328 = ORIENTED_EDGE('',*,*,#10329,.T.);
#10329 = EDGE_CURVE('',#10330,#10330,#10332,.T.);
#10330 = VERTEX_POINT('',#10331);
#10331 = CARTESIAN_POINT('',(5.117,-19.103,1.51));
#10332 = CIRCLE('',#10333,0.595);
#10333 = AXIS2_PLACEMENT_3D('',#10334,#10335,#10336);
#10334 = CARTESIAN_POINT('',(5.117,-18.508,1.51));
#10335 = DIRECTION('',(-0.,0.,-1.));
#10336 = DIRECTION('',(-0.,-1.,0.));
#10337 = FACE_BOUND('',#10338,.T.);
#10338 = EDGE_LOOP('',(#10339));
#10339 = ORIENTED_EDGE('',*,*,#10340,.T.);
#10340 = EDGE_CURVE('',#10341,#10341,#10343,.T.);
#10341 = VERTEX_POINT('',#10342);
#10342 = CARTESIAN_POINT('',(7.657,-19.103,1.51));
#10343 = CIRCLE('',#10344,0.595);
#10344 = AXIS2_PLACEMENT_3D('',#10345,#10346,#10347);
#10345 = CARTESIAN_POINT('',(7.657,-18.508,1.51));
#10346 = DIRECTION('',(-0.,0.,-1.));
#10347 = DIRECTION('',(-0.,-1.,0.));
#10348 = FACE_BOUND('',#10349,.T.);
#10349 = EDGE_LOOP('',(#10350));
#10350 = ORIENTED_EDGE('',*,*,#10351,.T.);
#10351 = EDGE_CURVE('',#10352,#10352,#10354,.T.);
#10352 = VERTEX_POINT('',#10353);
#10353 = CARTESIAN_POINT('',(35.559511,-12.967462,1.51));
#10354 = CIRCLE('',#10355,0.45);
#10355 = AXIS2_PLACEMENT_3D('',#10356,#10357,#10358);
#10356 = CARTESIAN_POINT('',(35.559511,-12.517462,1.51));
#10357 = DIRECTION('',(-0.,0.,-1.));
#10358 = DIRECTION('',(-0.,-1.,0.));
#10359 = FACE_BOUND('',#10360,.T.);
#10360 = EDGE_LOOP('',(#10361));
#10361 = ORIENTED_EDGE('',*,*,#10362,.T.);
#10362 = EDGE_CURVE('',#10363,#10363,#10365,.T.);
#10363 = VERTEX_POINT('',#10364);
#10364 = CARTESIAN_POINT('',(37.083511,-11.443462,1.51));
#10365 = CIRCLE('',#10366,0.45);
#10366 = AXIS2_PLACEMENT_3D('',#10367,#10368,#10369);
#10367 = CARTESIAN_POINT('',(37.083511,-10.993462,1.51));
#10368 = DIRECTION('',(-0.,0.,-1.));
#10369 = DIRECTION('',(-0.,-1.,0.));
#10370 = FACE_BOUND('',#10371,.T.);
#10371 = EDGE_LOOP('',(#10372));
#10372 = ORIENTED_EDGE('',*,*,#10373,.T.);
#10373 = EDGE_CURVE('',#10374,#10374,#10376,.T.);
#10374 = VERTEX_POINT('',#10375);
#10375 = CARTESIAN_POINT('',(38.607511,-12.967462,1.51));
#10376 = CIRCLE('',#10377,0.45);
#10377 = AXIS2_PLACEMENT_3D('',#10378,#10379,#10380);
#10378 = CARTESIAN_POINT('',(38.607511,-12.517462,1.51));
#10379 = DIRECTION('',(-0.,0.,-1.));
#10380 = DIRECTION('',(-0.,-1.,0.));
#10381 = FACE_BOUND('',#10382,.T.);
#10382 = EDGE_LOOP('',(#10383));
#10383 = ORIENTED_EDGE('',*,*,#10384,.T.);
#10384 = EDGE_CURVE('',#10385,#10385,#10387,.T.);
#10385 = VERTEX_POINT('',#10386);
#10386 = CARTESIAN_POINT('',(40.385511,-11.443462,1.51));
#10387 = CIRCLE('',#10388,0.45);
#10388 = AXIS2_PLACEMENT_3D('',#10389,#10390,#10391);
#10389 = CARTESIAN_POINT('',(40.385511,-10.993462,1.51));
#10390 = DIRECTION('',(-0.,0.,-1.));
#10391 = DIRECTION('',(1.578983857245E-14,-1.,-0.));
#10392 = FACE_BOUND('',#10393,.T.);
#10393 = EDGE_LOOP('',(#10394));
#10394 = ORIENTED_EDGE('',*,*,#10395,.T.);
#10395 = EDGE_CURVE('',#10396,#10396,#10398,.T.);
#10396 = VERTEX_POINT('',#10397);
#10397 = CARTESIAN_POINT('',(-25.144,31.286,1.51));
#10398 = CIRCLE('',#10399,0.45);
#10399 = AXIS2_PLACEMENT_3D('',#10400,#10401,#10402);
#10400 = CARTESIAN_POINT('',(-25.144,31.736,1.51));
#10401 = DIRECTION('',(-0.,0.,-1.));
#10402 = DIRECTION('',(-0.,-1.,0.));
#10403 = FACE_BOUND('',#10404,.T.);
#10404 = EDGE_LOOP('',(#10405));
#10405 = ORIENTED_EDGE('',*,*,#10406,.T.);
#10406 = EDGE_CURVE('',#10407,#10407,#10409,.T.);
#10407 = VERTEX_POINT('',#10408);
#10408 = CARTESIAN_POINT('',(-26.668,32.81,1.51));
#10409 = CIRCLE('',#10410,0.45);
#10410 = AXIS2_PLACEMENT_3D('',#10411,#10412,#10413);
#10411 = CARTESIAN_POINT('',(-26.668,33.26,1.51));
#10412 = DIRECTION('',(-0.,0.,-1.));
#10413 = DIRECTION('',(-0.,-1.,0.));
#10414 = FACE_BOUND('',#10415,.T.);
#10415 = EDGE_LOOP('',(#10416));
#10416 = ORIENTED_EDGE('',*,*,#10417,.T.);
#10417 = EDGE_CURVE('',#10418,#10418,#10420,.T.);
#10418 = VERTEX_POINT('',#10419);
#10419 = CARTESIAN_POINT('',(-21.842,31.286,1.51));
#10420 = CIRCLE('',#10421,0.45);
#10421 = AXIS2_PLACEMENT_3D('',#10422,#10423,#10424);
#10422 = CARTESIAN_POINT('',(-21.842,31.736,1.51));
#10423 = DIRECTION('',(-0.,0.,-1.));
#10424 = DIRECTION('',(-0.,-1.,0.));
#10425 = FACE_BOUND('',#10426,.T.);
#10426 = EDGE_LOOP('',(#10427));
#10427 = ORIENTED_EDGE('',*,*,#10428,.T.);
#10428 = EDGE_CURVE('',#10429,#10429,#10431,.T.);
#10429 = VERTEX_POINT('',#10430);
#10430 = CARTESIAN_POINT('',(-23.62,32.81,1.51));
#10431 = CIRCLE('',#10432,0.45);
#10432 = AXIS2_PLACEMENT_3D('',#10433,#10434,#10435);
#10433 = CARTESIAN_POINT('',(-23.62,33.26,1.51));
#10434 = DIRECTION('',(-0.,0.,-1.));
#10435 = DIRECTION('',(-0.,-1.,0.));
#10436 = FACE_BOUND('',#10437,.T.);
#10437 = EDGE_LOOP('',(#10438));
#10438 = ORIENTED_EDGE('',*,*,#10439,.T.);
#10439 = EDGE_CURVE('',#10440,#10440,#10442,.T.);
#10440 = VERTEX_POINT('',#10441);
#10441 = CARTESIAN_POINT('',(0.115511,-1.663462,1.51));
#10442 = CIRCLE('',#10443,1.6);
#10443 = AXIS2_PLACEMENT_3D('',#10444,#10445,#10446);
#10444 = CARTESIAN_POINT('',(0.115511,-6.3462E-02,1.51));
#10445 = DIRECTION('',(-0.,0.,-1.));
#10446 = DIRECTION('',(5.20417042793E-17,-1.,-0.));
#10447 = FACE_BOUND('',#10448,.T.);
#10448 = EDGE_LOOP('',(#10449));
#10449 = ORIENTED_EDGE('',*,*,#10450,.T.);
#10450 = EDGE_CURVE('',#10451,#10451,#10453,.T.);
#10451 = VERTEX_POINT('',#10452);
#10452 = CARTESIAN_POINT('',(35.565511,-4.913462,1.51));
#10453 = CIRCLE('',#10454,0.45);
#10454 = AXIS2_PLACEMENT_3D('',#10455,#10456,#10457);
#10455 = CARTESIAN_POINT('',(35.565511,-4.463462,1.51));
#10456 = DIRECTION('',(-0.,0.,-1.));
#10457 = DIRECTION('',(-0.,-1.,0.));
#10458 = FACE_BOUND('',#10459,.T.);
#10459 = EDGE_LOOP('',(#10460));
#10460 = ORIENTED_EDGE('',*,*,#10461,.T.);
#10461 = EDGE_CURVE('',#10462,#10462,#10464,.T.);
#10462 = VERTEX_POINT('',#10463);
#10463 = CARTESIAN_POINT('',(38.867511,-4.913462,1.51));
#10464 = CIRCLE('',#10465,0.45);
#10465 = AXIS2_PLACEMENT_3D('',#10466,#10467,#10468);
#10466 = CARTESIAN_POINT('',(38.867511,-4.463462,1.51));
#10467 = DIRECTION('',(-0.,0.,-1.));
#10468 = DIRECTION('',(-0.,-1.,0.));
#10469 = FACE_BOUND('',#10470,.T.);
#10470 = EDGE_LOOP('',(#10471));
#10471 = ORIENTED_EDGE('',*,*,#10472,.T.);
#10472 = EDGE_CURVE('',#10473,#10473,#10475,.T.);
#10473 = VERTEX_POINT('',#10474);
#10474 = CARTESIAN_POINT('',(37.343511,-3.389462,1.51));
#10475 = CIRCLE('',#10476,0.45);
#10476 = AXIS2_PLACEMENT_3D('',#10477,#10478,#10479);
#10477 = CARTESIAN_POINT('',(37.343511,-2.939462,1.51));
#10478 = DIRECTION('',(-0.,0.,-1.));
#10479 = DIRECTION('',(-0.,-1.,0.));
#10480 = FACE_BOUND('',#10481,.T.);
#10481 = EDGE_LOOP('',(#10482));
#10482 = ORIENTED_EDGE('',*,*,#10483,.T.);
#10483 = EDGE_CURVE('',#10484,#10484,#10486,.T.);
#10484 = VERTEX_POINT('',#10485);
#10485 = CARTESIAN_POINT('',(40.391511,-3.389462,1.51));
#10486 = CIRCLE('',#10487,0.45);
#10487 = AXIS2_PLACEMENT_3D('',#10488,#10489,#10490);
#10488 = CARTESIAN_POINT('',(40.391511,-2.939462,1.51));
#10489 = DIRECTION('',(-0.,0.,-1.));
#10490 = DIRECTION('',(1.578983857245E-14,-1.,-0.));
#10491 = FACE_BOUND('',#10492,.T.);
#10492 = EDGE_LOOP('',(#10493));
#10493 = ORIENTED_EDGE('',*,*,#10494,.T.);
#10494 = EDGE_CURVE('',#10495,#10495,#10497,.T.);
#10495 = VERTEX_POINT('',#10496);
#10496 = CARTESIAN_POINT('',(35.582,3.62,1.51));
#10497 = CIRCLE('',#10498,0.45);
#10498 = AXIS2_PLACEMENT_3D('',#10499,#10500,#10501);
#10499 = CARTESIAN_POINT('',(35.582,4.07,1.51));
#10500 = DIRECTION('',(-0.,0.,-1.));
#10501 = DIRECTION('',(1.578983857245E-14,-1.,-0.));
#10502 = FACE_BOUND('',#10503,.T.);
#10503 = EDGE_LOOP('',(#10504));
#10504 = ORIENTED_EDGE('',*,*,#10505,.T.);
#10505 = EDGE_CURVE('',#10506,#10506,#10508,.T.);
#10506 = VERTEX_POINT('',#10507);
#10507 = CARTESIAN_POINT('',(37.105999,5.144,1.51));
#10508 = CIRCLE('',#10509,0.45);
#10509 = AXIS2_PLACEMENT_3D('',#10510,#10511,#10512);
#10510 = CARTESIAN_POINT('',(37.105999,5.594,1.51));
#10511 = DIRECTION('',(-0.,0.,-1.));
#10512 = DIRECTION('',(-0.,-1.,0.));
#10513 = FACE_BOUND('',#10514,.T.);
#10514 = EDGE_LOOP('',(#10515));
#10515 = ORIENTED_EDGE('',*,*,#10516,.T.);
#10516 = EDGE_CURVE('',#10517,#10517,#10519,.T.);
#10517 = VERTEX_POINT('',#10518);
#10518 = CARTESIAN_POINT('',(38.63,3.62,1.51));
#10519 = CIRCLE('',#10520,0.45);
#10520 = AXIS2_PLACEMENT_3D('',#10521,#10522,#10523);
#10521 = CARTESIAN_POINT('',(38.63,4.07,1.51));
#10522 = DIRECTION('',(-0.,0.,-1.));
#10523 = DIRECTION('',(1.578983857245E-14,-1.,-0.));
#10524 = FACE_BOUND('',#10525,.T.);
#10525 = EDGE_LOOP('',(#10526));
#10526 = ORIENTED_EDGE('',*,*,#10527,.T.);
#10527 = EDGE_CURVE('',#10528,#10528,#10530,.T.);
#10528 = VERTEX_POINT('',#10529);
#10529 = CARTESIAN_POINT('',(40.408,5.144,1.51));
#10530 = CIRCLE('',#10531,0.45);
#10531 = AXIS2_PLACEMENT_3D('',#10532,#10533,#10534);
#10532 = CARTESIAN_POINT('',(40.408,5.594,1.51));
#10533 = DIRECTION('',(-0.,0.,-1.));
#10534 = DIRECTION('',(-0.,-1.,0.));
#10535 = FACE_BOUND('',#10536,.T.);
#10536 = EDGE_LOOP('',(#10537));
#10537 = ORIENTED_EDGE('',*,*,#10538,.T.);
#10538 = EDGE_CURVE('',#10539,#10539,#10541,.T.);
#10539 = VERTEX_POINT('',#10540);
#10540 = CARTESIAN_POINT('',(49.649511,-13.027462,1.51));
#10541 = CIRCLE('',#10542,0.45);
#10542 = AXIS2_PLACEMENT_3D('',#10543,#10544,#10545);
#10543 = CARTESIAN_POINT('',(49.649511,-12.577462,1.51));
#10544 = DIRECTION('',(-0.,0.,-1.));
#10545 = DIRECTION('',(-1.578983857245E-14,-1.,0.));
#10546 = FACE_BOUND('',#10547,.T.);
#10547 = EDGE_LOOP('',(#10548));
#10548 = ORIENTED_EDGE('',*,*,#10549,.T.);
#10549 = EDGE_CURVE('',#10550,#10550,#10552,.T.);
#10550 = VERTEX_POINT('',#10551);
#10551 = CARTESIAN_POINT('',(51.173511,-11.503462,1.51));
#10552 = CIRCLE('',#10553,0.45);
#10553 = AXIS2_PLACEMENT_3D('',#10554,#10555,#10556);
#10554 = CARTESIAN_POINT('',(51.173511,-11.053462,1.51));
#10555 = DIRECTION('',(-0.,0.,-1.));
#10556 = DIRECTION('',(-1.578983857245E-14,-1.,0.));
#10557 = FACE_BOUND('',#10558,.T.);
#10558 = EDGE_LOOP('',(#10559));
#10559 = ORIENTED_EDGE('',*,*,#10560,.T.);
#10560 = EDGE_CURVE('',#10561,#10561,#10563,.T.);
#10561 = VERTEX_POINT('',#10562);
#10562 = CARTESIAN_POINT('',(52.697511,-13.027462,1.51));
#10563 = CIRCLE('',#10564,0.45);
#10564 = AXIS2_PLACEMENT_3D('',#10565,#10566,#10567);
#10565 = CARTESIAN_POINT('',(52.697511,-12.577462,1.51));
#10566 = DIRECTION('',(-0.,0.,-1.));
#10567 = DIRECTION('',(-1.578983857245E-14,-1.,0.));
#10568 = FACE_BOUND('',#10569,.T.);
#10569 = EDGE_LOOP('',(#10570));
#10570 = ORIENTED_EDGE('',*,*,#10571,.T.);
#10571 = EDGE_CURVE('',#10572,#10572,#10574,.T.);
#10572 = VERTEX_POINT('',#10573);
#10573 = CARTESIAN_POINT('',(54.475511,-11.503462,1.51));
#10574 = CIRCLE('',#10575,0.45);
#10575 = AXIS2_PLACEMENT_3D('',#10576,#10577,#10578);
#10576 = CARTESIAN_POINT('',(54.475511,-11.053462,1.51));
#10577 = DIRECTION('',(-0.,0.,-1.));
#10578 = DIRECTION('',(-0.,-1.,0.));
#10579 = FACE_BOUND('',#10580,.T.);
#10580 = EDGE_LOOP('',(#10581));
#10581 = ORIENTED_EDGE('',*,*,#10582,.T.);
#10582 = EDGE_CURVE('',#10583,#10583,#10585,.T.);
#10583 = VERTEX_POINT('',#10584);
#10584 = CARTESIAN_POINT('',(103.426,-39.964,1.51));
#10585 = CIRCLE('',#10586,0.45);
#10586 = AXIS2_PLACEMENT_3D('',#10587,#10588,#10589);
#10587 = CARTESIAN_POINT('',(103.426,-39.514,1.51));
#10588 = DIRECTION('',(-0.,0.,-1.));
#10589 = DIRECTION('',(-0.,-1.,0.));
#10590 = FACE_BOUND('',#10591,.T.);
#10591 = EDGE_LOOP('',(#10592));
#10592 = ORIENTED_EDGE('',*,*,#10593,.T.);
#10593 = EDGE_CURVE('',#10594,#10594,#10596,.T.);
#10594 = VERTEX_POINT('',#10595);
#10595 = CARTESIAN_POINT('',(104.95,-38.44,1.51));
#10596 = CIRCLE('',#10597,0.45);
#10597 = AXIS2_PLACEMENT_3D('',#10598,#10599,#10600);
#10598 = CARTESIAN_POINT('',(104.95,-37.99,1.51));
#10599 = DIRECTION('',(-0.,0.,-1.));
#10600 = DIRECTION('',(-0.,-1.,0.));
#10601 = FACE_BOUND('',#10602,.T.);
#10602 = EDGE_LOOP('',(#10603));
#10603 = ORIENTED_EDGE('',*,*,#10604,.T.);
#10604 = EDGE_CURVE('',#10605,#10605,#10607,.T.);
#10605 = VERTEX_POINT('',#10606);
#10606 = CARTESIAN_POINT('',(106.474,-39.964,1.51));
#10607 = CIRCLE('',#10608,0.45);
#10608 = AXIS2_PLACEMENT_3D('',#10609,#10610,#10611);
#10609 = CARTESIAN_POINT('',(106.474,-39.514,1.51));
#10610 = DIRECTION('',(-0.,0.,-1.));
#10611 = DIRECTION('',(-0.,-1.,0.));
#10612 = FACE_BOUND('',#10613,.T.);
#10613 = EDGE_LOOP('',(#10614));
#10614 = ORIENTED_EDGE('',*,*,#10615,.T.);
#10615 = EDGE_CURVE('',#10616,#10616,#10618,.T.);
#10616 = VERTEX_POINT('',#10617);
#10617 = CARTESIAN_POINT('',(108.252,-38.44,1.51));
#10618 = CIRCLE('',#10619,0.45);
#10619 = AXIS2_PLACEMENT_3D('',#10620,#10621,#10622);
#10620 = CARTESIAN_POINT('',(108.252,-37.99,1.51));
#10621 = DIRECTION('',(-0.,0.,-1.));
#10622 = DIRECTION('',(-3.157967714489E-14,-1.,0.));
#10623 = FACE_BOUND('',#10624,.T.);
#10624 = EDGE_LOOP('',(#10625));
#10625 = ORIENTED_EDGE('',*,*,#10626,.T.);
#10626 = EDGE_CURVE('',#10627,#10627,#10629,.T.);
#10627 = VERTEX_POINT('',#10628);
#10628 = CARTESIAN_POINT('',(152.12,-44.602001,1.51));
#10629 = CIRCLE('',#10630,0.45);
#10630 = AXIS2_PLACEMENT_3D('',#10631,#10632,#10633);
#10631 = CARTESIAN_POINT('',(152.12,-44.152001,1.51));
#10632 = DIRECTION('',(-0.,0.,-1.));
#10633 = DIRECTION('',(-0.,-1.,0.));
#10634 = FACE_BOUND('',#10635,.T.);
#10635 = EDGE_LOOP('',(#10636));
#10636 = ORIENTED_EDGE('',*,*,#10637,.T.);
#10637 = EDGE_CURVE('',#10638,#10638,#10640,.T.);
#10638 = VERTEX_POINT('',#10639);
#10639 = CARTESIAN_POINT('',(153.644,-42.824001,1.51));
#10640 = CIRCLE('',#10641,0.45);
#10641 = AXIS2_PLACEMENT_3D('',#10642,#10643,#10644);
#10642 = CARTESIAN_POINT('',(153.644,-42.374001,1.51));
#10643 = DIRECTION('',(-0.,0.,-1.));
#10644 = DIRECTION('',(-0.,-1.,0.));
#10645 = FACE_BOUND('',#10646,.T.);
#10646 = EDGE_LOOP('',(#10647));
#10647 = ORIENTED_EDGE('',*,*,#10648,.T.);
#10648 = EDGE_CURVE('',#10649,#10649,#10651,.T.);
#10649 = VERTEX_POINT('',#10650);
#10650 = CARTESIAN_POINT('',(152.12,-41.3,1.51));
#10651 = CIRCLE('',#10652,0.45);
#10652 = AXIS2_PLACEMENT_3D('',#10653,#10654,#10655);
#10653 = CARTESIAN_POINT('',(152.12,-40.85,1.51));
#10654 = DIRECTION('',(-0.,0.,-1.));
#10655 = DIRECTION('',(-0.,-1.,0.));
#10656 = FACE_BOUND('',#10657,.T.);
#10657 = EDGE_LOOP('',(#10658));
#10658 = ORIENTED_EDGE('',*,*,#10659,.T.);
#10659 = EDGE_CURVE('',#10660,#10660,#10662,.T.);
#10660 = VERTEX_POINT('',#10661);
#10661 = CARTESIAN_POINT('',(153.644,-39.776001,1.51));
#10662 = CIRCLE('',#10663,0.45);
#10663 = AXIS2_PLACEMENT_3D('',#10664,#10665,#10666);
#10664 = CARTESIAN_POINT('',(153.644,-39.326001,1.51));
#10665 = DIRECTION('',(-0.,0.,-1.));
#10666 = DIRECTION('',(-0.,-1.,0.));
#10667 = FACE_BOUND('',#10668,.T.);
#10668 = EDGE_LOOP('',(#10669));
#10669 = ORIENTED_EDGE('',*,*,#10670,.T.);
#10670 = EDGE_CURVE('',#10671,#10671,#10673,.T.);
#10671 = VERTEX_POINT('',#10672);
#10672 = CARTESIAN_POINT('',(49.649511,-4.927462,1.51));
#10673 = CIRCLE('',#10674,0.45);
#10674 = AXIS2_PLACEMENT_3D('',#10675,#10676,#10677);
#10675 = CARTESIAN_POINT('',(49.649511,-4.477462,1.51));
#10676 = DIRECTION('',(-0.,0.,-1.));
#10677 = DIRECTION('',(-1.578983857245E-14,-1.,0.));
#10678 = FACE_BOUND('',#10679,.T.);
#10679 = EDGE_LOOP('',(#10680));
#10680 = ORIENTED_EDGE('',*,*,#10681,.T.);
#10681 = EDGE_CURVE('',#10682,#10682,#10684,.T.);
#10682 = VERTEX_POINT('',#10683);
#10683 = CARTESIAN_POINT('',(52.951511,-4.927462,1.51));
#10684 = CIRCLE('',#10685,0.45);
#10685 = AXIS2_PLACEMENT_3D('',#10686,#10687,#10688);
#10686 = CARTESIAN_POINT('',(52.951511,-4.477462,1.51));
#10687 = DIRECTION('',(-0.,0.,-1.));
#10688 = DIRECTION('',(1.578983857245E-14,-1.,-0.));
#10689 = FACE_BOUND('',#10690,.T.);
#10690 = EDGE_LOOP('',(#10691));
#10691 = ORIENTED_EDGE('',*,*,#10692,.T.);
#10692 = EDGE_CURVE('',#10693,#10693,#10695,.T.);
#10693 = VERTEX_POINT('',#10694);
#10694 = CARTESIAN_POINT('',(51.427511,-3.403462,1.51));
#10695 = CIRCLE('',#10696,0.45);
#10696 = AXIS2_PLACEMENT_3D('',#10697,#10698,#10699);
#10697 = CARTESIAN_POINT('',(51.427511,-2.953462,1.51));
#10698 = DIRECTION('',(-0.,0.,-1.));
#10699 = DIRECTION('',(1.578983857245E-14,-1.,-0.));
#10700 = FACE_BOUND('',#10701,.T.);
#10701 = EDGE_LOOP('',(#10702));
#10702 = ORIENTED_EDGE('',*,*,#10703,.T.);
#10703 = EDGE_CURVE('',#10704,#10704,#10706,.T.);
#10704 = VERTEX_POINT('',#10705);
#10705 = CARTESIAN_POINT('',(54.475511,-3.403462,1.51));
#10706 = CIRCLE('',#10707,0.45);
#10707 = AXIS2_PLACEMENT_3D('',#10708,#10709,#10710);
#10708 = CARTESIAN_POINT('',(54.475511,-2.953462,1.51));
#10709 = DIRECTION('',(-0.,0.,-1.));
#10710 = DIRECTION('',(-0.,-1.,0.));
#10711 = FACE_BOUND('',#10712,.T.);
#10712 = EDGE_LOOP('',(#10713));
#10713 = ORIENTED_EDGE('',*,*,#10714,.T.);
#10714 = EDGE_CURVE('',#10715,#10715,#10717,.T.);
#10715 = VERTEX_POINT('',#10716);
#10716 = CARTESIAN_POINT('',(49.599511,3.372538,1.51));
#10717 = CIRCLE('',#10718,0.45);
#10718 = AXIS2_PLACEMENT_3D('',#10719,#10720,#10721);
#10719 = CARTESIAN_POINT('',(49.599511,3.822538,1.51));
#10720 = DIRECTION('',(-0.,0.,-1.));
#10721 = DIRECTION('',(-0.,-1.,0.));
#10722 = FACE_BOUND('',#10723,.T.);
#10723 = EDGE_LOOP('',(#10724));
#10724 = ORIENTED_EDGE('',*,*,#10725,.T.);
#10725 = EDGE_CURVE('',#10726,#10726,#10728,.T.);
#10726 = VERTEX_POINT('',#10727);
#10727 = CARTESIAN_POINT('',(51.123511,4.896538,1.51));
#10728 = CIRCLE('',#10729,0.45);
#10729 = AXIS2_PLACEMENT_3D('',#10730,#10731,#10732);
#10730 = CARTESIAN_POINT('',(51.123511,5.346538,1.51));
#10731 = DIRECTION('',(-0.,0.,-1.));
#10732 = DIRECTION('',(-0.,-1.,0.));
#10733 = FACE_BOUND('',#10734,.T.);
#10734 = EDGE_LOOP('',(#10735));
#10735 = ORIENTED_EDGE('',*,*,#10736,.T.);
#10736 = EDGE_CURVE('',#10737,#10737,#10739,.T.);
#10737 = VERTEX_POINT('',#10738);
#10738 = CARTESIAN_POINT('',(52.647511,3.372538,1.51));
#10739 = CIRCLE('',#10740,0.45);
#10740 = AXIS2_PLACEMENT_3D('',#10741,#10742,#10743);
#10741 = CARTESIAN_POINT('',(52.647511,3.822538,1.51));
#10742 = DIRECTION('',(-0.,0.,-1.));
#10743 = DIRECTION('',(1.578983857245E-14,-1.,-0.));
#10744 = FACE_BOUND('',#10745,.T.);
#10745 = EDGE_LOOP('',(#10746));
#10746 = ORIENTED_EDGE('',*,*,#10747,.T.);
#10747 = EDGE_CURVE('',#10748,#10748,#10750,.T.);
#10748 = VERTEX_POINT('',#10749);
#10749 = CARTESIAN_POINT('',(54.425511,4.896538,1.51));
#10750 = CIRCLE('',#10751,0.45);
#10751 = AXIS2_PLACEMENT_3D('',#10752,#10753,#10754);
#10752 = CARTESIAN_POINT('',(54.425511,5.346538,1.51));
#10753 = DIRECTION('',(-0.,0.,-1.));
#10754 = DIRECTION('',(-0.,-1.,0.));
#10755 = FACE_BOUND('',#10756,.T.);
#10756 = EDGE_LOOP('',(#10757));
#10757 = ORIENTED_EDGE('',*,*,#10758,.T.);
#10758 = EDGE_CURVE('',#10759,#10759,#10761,.T.);
#10759 = VERTEX_POINT('',#10760);
#10760 = CARTESIAN_POINT('',(90.,-1.6,1.51));
#10761 = CIRCLE('',#10762,1.6);
#10762 = AXIS2_PLACEMENT_3D('',#10763,#10764,#10765);
#10763 = CARTESIAN_POINT('',(90.,-5.773159728051E-15,1.51));
#10764 = DIRECTION('',(-0.,0.,-1.));
#10765 = DIRECTION('',(-0.,-1.,0.));
#10766 = FACE_BOUND('',#10767,.T.);
#10767 = EDGE_LOOP('',(#10768));
#10768 = ORIENTED_EDGE('',*,*,#10769,.T.);
#10769 = EDGE_CURVE('',#10770,#10770,#10772,.T.);
#10770 = VERTEX_POINT('',#10771);
#10771 = CARTESIAN_POINT('',(111.75,32.82,1.51));
#10772 = CIRCLE('',#10773,0.45);
#10773 = AXIS2_PLACEMENT_3D('',#10774,#10775,#10776);
#10774 = CARTESIAN_POINT('',(111.75,33.27,1.51));
#10775 = DIRECTION('',(-0.,0.,-1.));
#10776 = DIRECTION('',(-0.,-1.,0.));
#10777 = FACE_BOUND('',#10778,.T.);
#10778 = EDGE_LOOP('',(#10779));
#10779 = ORIENTED_EDGE('',*,*,#10780,.T.);
#10780 = EDGE_CURVE('',#10781,#10781,#10783,.T.);
#10781 = VERTEX_POINT('',#10782);
#10782 = CARTESIAN_POINT('',(113.274,31.296,1.51));
#10783 = CIRCLE('',#10784,0.45);
#10784 = AXIS2_PLACEMENT_3D('',#10785,#10786,#10787);
#10785 = CARTESIAN_POINT('',(113.274,31.746,1.51));
#10786 = DIRECTION('',(-0.,0.,-1.));
#10787 = DIRECTION('',(-0.,-1.,0.));
#10788 = FACE_BOUND('',#10789,.T.);
#10789 = EDGE_LOOP('',(#10790));
#10790 = ORIENTED_EDGE('',*,*,#10791,.T.);
#10791 = EDGE_CURVE('',#10792,#10792,#10794,.T.);
#10792 = VERTEX_POINT('',#10793);
#10793 = CARTESIAN_POINT('',(114.798,32.82,1.51));
#10794 = CIRCLE('',#10795,0.45);
#10795 = AXIS2_PLACEMENT_3D('',#10796,#10797,#10798);
#10796 = CARTESIAN_POINT('',(114.798,33.27,1.51));
#10797 = DIRECTION('',(-0.,0.,-1.));
#10798 = DIRECTION('',(-0.,-1.,0.));
#10799 = FACE_BOUND('',#10800,.T.);
#10800 = EDGE_LOOP('',(#10801));
#10801 = ORIENTED_EDGE('',*,*,#10802,.T.);
#10802 = EDGE_CURVE('',#10803,#10803,#10805,.T.);
#10803 = VERTEX_POINT('',#10804);
#10804 = CARTESIAN_POINT('',(116.576,31.296,1.51));
#10805 = CIRCLE('',#10806,0.45);
#10806 = AXIS2_PLACEMENT_3D('',#10807,#10808,#10809);
#10807 = CARTESIAN_POINT('',(116.576,31.746,1.51));
#10808 = DIRECTION('',(-0.,0.,-1.));
#10809 = DIRECTION('',(-0.,-1.,0.));
#10810 = PLANE('',#10811);
#10811 = AXIS2_PLACEMENT_3D('',#10812,#10813,#10814);
#10812 = CARTESIAN_POINT('',(0.,0.,1.51));
#10813 = DIRECTION('',(0.,0.,1.));
#10814 = DIRECTION('',(1.,0.,-0.));
#10815 = ADVANCED_FACE('',(#10816),#10827,.T.);
#10816 = FACE_BOUND('',#10817,.T.);
#10817 = EDGE_LOOP('',(#10818,#10824,#10825,#10826));
#10818 = ORIENTED_EDGE('',*,*,#10819,.T.);
#10819 = EDGE_CURVE('',#144,#5483,#10820,.T.);
#10820 = LINE('',#10821,#10822);
#10821 = CARTESIAN_POINT('',(103.812479,37.328086,0.));
#10822 = VECTOR('',#10823,1.);
#10823 = DIRECTION('',(0.,0.,1.));
#10824 = ORIENTED_EDGE('',*,*,#5482,.T.);
#10825 = ORIENTED_EDGE('',*,*,#79,.F.);
#10826 = ORIENTED_EDGE('',*,*,#143,.F.);
#10827 = PLANE('',#10828);
#10828 = AXIS2_PLACEMENT_3D('',#10829,#10830,#10831);
#10829 = CARTESIAN_POINT('',(103.812479,37.328086,0.));
#10830 = DIRECTION('',(-4.788384642304E-03,0.999988535621,0.));
#10831 = DIRECTION('',(0.999988535621,4.788384642304E-03,0.));
#10832 = ADVANCED_FACE('',(#10833),#10844,.T.);
#10833 = FACE_BOUND('',#10834,.T.);
#10834 = EDGE_LOOP('',(#10835,#10836,#10837,#10843));
#10835 = ORIENTED_EDGE('',*,*,#119,.T.);
#10836 = ORIENTED_EDGE('',*,*,#9219,.T.);
#10837 = ORIENTED_EDGE('',*,*,#10838,.F.);
#10838 = EDGE_CURVE('',#3873,#9212,#10839,.T.);
#10839 = LINE('',#10840,#10841);
#10840 = CARTESIAN_POINT('',(107.652979,37.246,0.));
#10841 = VECTOR('',#10842,1.);
#10842 = DIRECTION('',(0.,0.,1.));
#10843 = ORIENTED_EDGE('',*,*,#3880,.F.);
#10844 = PLANE('',#10845);
#10845 = AXIS2_PLACEMENT_3D('',#10846,#10847,#10848);
#10846 = CARTESIAN_POINT('',(106.162156,37.308311,0.));
#10847 = DIRECTION('',(4.175991684248E-02,0.999127674197,-0.));
#10848 = DIRECTION('',(0.999127674197,-4.175991684248E-02,0.));
#10849 = ADVANCED_FACE('',(#10850),#10861,.T.);
#10850 = FACE_BOUND('',#10851,.T.);
#10851 = EDGE_LOOP('',(#10852,#10858,#10859,#10860));
#10852 = ORIENTED_EDGE('',*,*,#10853,.T.);
#10853 = EDGE_CURVE('',#152,#5491,#10854,.T.);
#10854 = LINE('',#10855,#10856);
#10855 = CARTESIAN_POINT('',(103.023047,37.314141,0.));
#10856 = VECTOR('',#10857,1.);
#10857 = DIRECTION('',(0.,0.,1.));
#10858 = ORIENTED_EDGE('',*,*,#5490,.T.);
#10859 = ORIENTED_EDGE('',*,*,#10819,.F.);
#10860 = ORIENTED_EDGE('',*,*,#151,.F.);
#10861 = PLANE('',#10862);
#10862 = AXIS2_PLACEMENT_3D('',#10863,#10864,#10865);
#10863 = CARTESIAN_POINT('',(103.023047,37.314141,0.));
#10864 = DIRECTION('',(-1.766184398858E-02,0.999844017468,0.));
#10865 = DIRECTION('',(0.999844017468,1.766184398858E-02,0.));
#10866 = ADVANCED_FACE('',(#10867),#10878,.T.);
#10867 = FACE_BOUND('',#10868,.T.);
#10868 = EDGE_LOOP('',(#10869,#10870,#10871,#10877));
#10869 = ORIENTED_EDGE('',*,*,#10838,.T.);
#10870 = ORIENTED_EDGE('',*,*,#9211,.T.);
#10871 = ORIENTED_EDGE('',*,*,#10872,.F.);
#10872 = EDGE_CURVE('',#3865,#9204,#10873,.T.);
#10873 = LINE('',#10874,#10875);
#10874 = CARTESIAN_POINT('',(109.155578,37.143815,0.));
#10875 = VECTOR('',#10876,1.);
#10876 = DIRECTION('',(0.,0.,1.));
#10877 = ORIENTED_EDGE('',*,*,#3872,.F.);
#10878 = PLANE('',#10879);
#10879 = AXIS2_PLACEMENT_3D('',#10880,#10881,#10882);
#10880 = CARTESIAN_POINT('',(107.652979,37.246,0.));
#10881 = DIRECTION('',(6.784879164994E-02,0.997695615642,-0.));
#10882 = DIRECTION('',(0.997695615642,-6.784879164994E-02,0.));
#10883 = ADVANCED_FACE('',(#10884),#10895,.T.);
#10884 = FACE_BOUND('',#10885,.T.);
#10885 = EDGE_LOOP('',(#10886,#10892,#10893,#10894));
#10886 = ORIENTED_EDGE('',*,*,#10887,.T.);
#10887 = EDGE_CURVE('',#160,#5499,#10888,.T.);
#10888 = LINE('',#10889,#10890);
#10889 = CARTESIAN_POINT('',(102.219872,37.289731,0.));
#10890 = VECTOR('',#10891,1.);
#10891 = DIRECTION('',(0.,0.,1.));
#10892 = ORIENTED_EDGE('',*,*,#5498,.T.);
#10893 = ORIENTED_EDGE('',*,*,#10853,.F.);
#10894 = ORIENTED_EDGE('',*,*,#159,.F.);
#10895 = PLANE('',#10896);
#10896 = AXIS2_PLACEMENT_3D('',#10897,#10898,#10899);
#10897 = CARTESIAN_POINT('',(102.219872,37.289731,0.));
#10898 = DIRECTION('',(-3.037785595158E-02,0.999538486437,0.));
#10899 = DIRECTION('',(0.999538486437,3.037785595158E-02,0.));
#10900 = ADVANCED_FACE('',(#10901),#10912,.T.);
#10901 = FACE_BOUND('',#10902,.T.);
#10902 = EDGE_LOOP('',(#10903,#10904,#10905,#10911));
#10903 = ORIENTED_EDGE('',*,*,#10872,.T.);
#10904 = ORIENTED_EDGE('',*,*,#9203,.T.);
#10905 = ORIENTED_EDGE('',*,*,#10906,.F.);
#10906 = EDGE_CURVE('',#3857,#9196,#10907,.T.);
#10907 = LINE('',#10908,#10909);
#10908 = CARTESIAN_POINT('',(110.672543,37.001246,0.));
#10909 = VECTOR('',#10910,1.);
#10910 = DIRECTION('',(0.,0.,1.));
#10911 = ORIENTED_EDGE('',*,*,#3864,.F.);
#10912 = PLANE('',#10913);
#10913 = AXIS2_PLACEMENT_3D('',#10914,#10915,#10916);
#10914 = CARTESIAN_POINT('',(109.155578,37.143815,0.));
#10915 = DIRECTION('',(9.357071385363E-02,0.995612636274,-0.));
#10916 = DIRECTION('',(0.995612636274,-9.357071385363E-02,0.));
#10917 = ADVANCED_FACE('',(#10918),#10929,.T.);
#10918 = FACE_BOUND('',#10919,.T.);
#10919 = EDGE_LOOP('',(#10920,#10926,#10927,#10928));
#10920 = ORIENTED_EDGE('',*,*,#10921,.T.);
#10921 = EDGE_CURVE('',#168,#5507,#10922,.T.);
#10922 = LINE('',#10923,#10924);
#10923 = CARTESIAN_POINT('',(101.413734,37.255077,0.));
#10924 = VECTOR('',#10925,1.);
#10925 = DIRECTION('',(0.,0.,1.));
#10926 = ORIENTED_EDGE('',*,*,#5506,.T.);
#10927 = ORIENTED_EDGE('',*,*,#10887,.F.);
#10928 = ORIENTED_EDGE('',*,*,#167,.F.);
#10929 = PLANE('',#10930);
#10930 = AXIS2_PLACEMENT_3D('',#10931,#10932,#10933);
#10931 = CARTESIAN_POINT('',(101.413734,37.255077,0.));
#10932 = DIRECTION('',(-4.294801268035E-02,0.999077308424,0.));
#10933 = DIRECTION('',(0.999077308424,4.294801268035E-02,0.));
#10934 = ADVANCED_FACE('',(#10935),#10946,.T.);
#10935 = FACE_BOUND('',#10936,.T.);
#10936 = EDGE_LOOP('',(#10937,#10938,#10939,#10945));
#10937 = ORIENTED_EDGE('',*,*,#10906,.T.);
#10938 = ORIENTED_EDGE('',*,*,#9195,.T.);
#10939 = ORIENTED_EDGE('',*,*,#10940,.F.);
#10940 = EDGE_CURVE('',#3849,#9188,#10941,.T.);
#10941 = LINE('',#10942,#10943);
#10942 = CARTESIAN_POINT('',(112.206867,36.817598,0.));
#10943 = VECTOR('',#10944,1.);
#10944 = DIRECTION('',(0.,0.,1.));
#10945 = ORIENTED_EDGE('',*,*,#3856,.F.);
#10946 = PLANE('',#10947);
#10947 = AXIS2_PLACEMENT_3D('',#10948,#10949,#10950);
#10948 = CARTESIAN_POINT('',(110.672543,37.001246,0.));
#10949 = DIRECTION('',(0.118844818538,0.992912840639,-0.));
#10950 = DIRECTION('',(0.992912840639,-0.118844818538,0.));
#10951 = ADVANCED_FACE('',(#10952),#10963,.T.);
#10952 = FACE_BOUND('',#10953,.T.);
#10953 = EDGE_LOOP('',(#10954,#10960,#10961,#10962));
#10954 = ORIENTED_EDGE('',*,*,#10955,.T.);
#10955 = EDGE_CURVE('',#176,#5515,#10956,.T.);
#10956 = LINE('',#10957,#10958);
#10957 = CARTESIAN_POINT('',(100.595233,37.209681,0.));
#10958 = VECTOR('',#10959,1.);
#10959 = DIRECTION('',(0.,0.,1.));
#10960 = ORIENTED_EDGE('',*,*,#5514,.T.);
#10961 = ORIENTED_EDGE('',*,*,#10921,.F.);
#10962 = ORIENTED_EDGE('',*,*,#175,.F.);
#10963 = PLANE('',#10964);
#10964 = AXIS2_PLACEMENT_3D('',#10965,#10966,#10967);
#10965 = CARTESIAN_POINT('',(100.595233,37.209681,0.));
#10966 = DIRECTION('',(-5.5377256651E-02,0.998465502381,0.));
#10967 = DIRECTION('',(0.998465502381,5.5377256651E-02,0.));
#10968 = ADVANCED_FACE('',(#10969),#10980,.T.);
#10969 = FACE_BOUND('',#10970,.T.);
#10970 = EDGE_LOOP('',(#10971,#10972,#10973,#10979));
#10971 = ORIENTED_EDGE('',*,*,#10940,.T.);
#10972 = ORIENTED_EDGE('',*,*,#9187,.T.);
#10973 = ORIENTED_EDGE('',*,*,#10974,.F.);
#10974 = EDGE_CURVE('',#3841,#9180,#10975,.T.);
#10975 = LINE('',#10976,#10977);
#10976 = CARTESIAN_POINT('',(113.762078,36.591944,0.));
#10977 = VECTOR('',#10978,1.);
#10978 = DIRECTION('',(0.,0.,1.));
#10979 = ORIENTED_EDGE('',*,*,#3848,.F.);
#10980 = PLANE('',#10981);
#10981 = AXIS2_PLACEMENT_3D('',#10982,#10983,#10984);
#10982 = CARTESIAN_POINT('',(112.206867,36.817598,0.));
#10983 = DIRECTION('',(0.143591800689,0.989637001519,-0.));
#10984 = DIRECTION('',(0.989637001519,-0.143591800689,0.));
#10985 = ADVANCED_FACE('',(#10986),#10997,.T.);
#10986 = FACE_BOUND('',#10987,.T.);
#10987 = EDGE_LOOP('',(#10988,#10994,#10995,#10996));
#10988 = ORIENTED_EDGE('',*,*,#10989,.T.);
#10989 = EDGE_CURVE('',#184,#5523,#10990,.T.);
#10990 = LINE('',#10991,#10992);
#10991 = CARTESIAN_POINT('',(99.774434,37.154007,0.));
#10992 = VECTOR('',#10993,1.);
#10993 = DIRECTION('',(0.,0.,1.));
#10994 = ORIENTED_EDGE('',*,*,#5522,.T.);
#10995 = ORIENTED_EDGE('',*,*,#10955,.F.);
#10996 = ORIENTED_EDGE('',*,*,#183,.F.);
#10997 = PLANE('',#10998);
#10998 = AXIS2_PLACEMENT_3D('',#10999,#11000,#11001);
#10999 = CARTESIAN_POINT('',(99.774434,37.154007,0.));
#11000 = DIRECTION('',(-6.767353322428E-02,0.997707518715,0.));
#11001 = DIRECTION('',(0.997707518715,6.767353322428E-02,0.));
#11002 = ADVANCED_FACE('',(#11003),#11014,.T.);
#11003 = FACE_BOUND('',#11004,.T.);
#11004 = EDGE_LOOP('',(#11005,#11006,#11007,#11013));
#11005 = ORIENTED_EDGE('',*,*,#10974,.T.);
#11006 = ORIENTED_EDGE('',*,*,#9179,.T.);
#11007 = ORIENTED_EDGE('',*,*,#11008,.F.);
#11008 = EDGE_CURVE('',#3833,#9172,#11009,.T.);
#11009 = LINE('',#11010,#11011);
#11010 = CARTESIAN_POINT('',(115.342406,36.323069,0.));
#11011 = VECTOR('',#11012,1.);
#11012 = DIRECTION('',(0.,0.,1.));
#11013 = ORIENTED_EDGE('',*,*,#3840,.F.);
#11014 = PLANE('',#11015);
#11015 = AXIS2_PLACEMENT_3D('',#11016,#11017,#11018);
#11016 = CARTESIAN_POINT('',(113.762078,36.591944,0.));
#11017 = DIRECTION('',(0.167728416241,0.985833240657,-0.));
#11018 = DIRECTION('',(0.985833240657,-0.167728416241,0.));
#11019 = ADVANCED_FACE('',(#11020),#11031,.T.);
#11020 = FACE_BOUND('',#11021,.T.);
#11021 = EDGE_LOOP('',(#11022,#11028,#11029,#11030));
#11022 = ORIENTED_EDGE('',*,*,#11023,.T.);
#11023 = EDGE_CURVE('',#192,#5531,#11024,.T.);
#11024 = LINE('',#11025,#11026);
#11025 = CARTESIAN_POINT('',(98.94285,37.0874,0.));
#11026 = VECTOR('',#11027,1.);
#11027 = DIRECTION('',(0.,0.,1.));
#11028 = ORIENTED_EDGE('',*,*,#5530,.T.);
#11029 = ORIENTED_EDGE('',*,*,#10989,.F.);
#11030 = ORIENTED_EDGE('',*,*,#191,.F.);
#11031 = PLANE('',#11032);
#11032 = AXIS2_PLACEMENT_3D('',#11033,#11034,#11035);
#11033 = CARTESIAN_POINT('',(98.94285,37.0874,0.));
#11034 = DIRECTION('',(-7.984084042386E-02,0.996807624469,0.));
#11035 = DIRECTION('',(0.996807624469,7.984084042386E-02,0.));
#11036 = ADVANCED_FACE('',(#11037),#11048,.T.);
#11037 = FACE_BOUND('',#11038,.T.);
#11038 = EDGE_LOOP('',(#11039,#11040,#11041,#11047));
#11039 = ORIENTED_EDGE('',*,*,#11008,.T.);
#11040 = ORIENTED_EDGE('',*,*,#9171,.T.);
#11041 = ORIENTED_EDGE('',*,*,#11042,.F.);
#11042 = EDGE_CURVE('',#3825,#9164,#11043,.T.);
#11043 = LINE('',#11044,#11045);
#11044 = CARTESIAN_POINT('',(116.953051,36.009381,0.));
#11045 = VECTOR('',#11046,1.);
#11046 = DIRECTION('',(0.,0.,1.));
#11047 = ORIENTED_EDGE('',*,*,#3832,.F.);
#11048 = PLANE('',#11049);
#11049 = AXIS2_PLACEMENT_3D('',#11050,#11051,#11052);
#11050 = CARTESIAN_POINT('',(115.342406,36.323069,0.));
#11051 = DIRECTION('',(0.191167385648,0.981557451535,-0.));
#11052 = DIRECTION('',(0.981557451535,-0.191167385648,0.));
#11053 = ADVANCED_FACE('',(#11054),#11065,.T.);
#11054 = FACE_BOUND('',#11055,.T.);
#11055 = EDGE_LOOP('',(#11056,#11062,#11063,#11064));
#11056 = ORIENTED_EDGE('',*,*,#11057,.T.);
#11057 = EDGE_CURVE('',#200,#5539,#11058,.T.);
#11058 = LINE('',#11059,#11060);
#11059 = CARTESIAN_POINT('',(98.109682,37.010515,0.));
#11060 = VECTOR('',#11061,1.);
#11061 = DIRECTION('',(0.,0.,1.));
#11062 = ORIENTED_EDGE('',*,*,#5538,.T.);
#11063 = ORIENTED_EDGE('',*,*,#11023,.F.);
#11064 = ORIENTED_EDGE('',*,*,#199,.F.);
#11065 = PLANE('',#11066);
#11066 = AXIS2_PLACEMENT_3D('',#11067,#11068,#11069);
#11067 = CARTESIAN_POINT('',(98.109682,37.010515,0.));
#11068 = DIRECTION('',(-9.188988652519E-02,0.995769174435,0.));
#11069 = DIRECTION('',(0.995769174435,9.188988652519E-02,0.));
#11070 = ADVANCED_FACE('',(#11071),#11082,.T.);
#11071 = FACE_BOUND('',#11072,.T.);
#11072 = EDGE_LOOP('',(#11073,#11074,#11075,#11081));
#11073 = ORIENTED_EDGE('',*,*,#11042,.T.);
#11074 = ORIENTED_EDGE('',*,*,#9163,.T.);
#11075 = ORIENTED_EDGE('',*,*,#11076,.F.);
#11076 = EDGE_CURVE('',#3817,#9156,#11077,.T.);
#11077 = LINE('',#11078,#11079);
#11078 = CARTESIAN_POINT('',(118.610654,35.646452,0.));
#11079 = VECTOR('',#11080,1.);
#11080 = DIRECTION('',(0.,0.,1.));
#11081 = ORIENTED_EDGE('',*,*,#3824,.F.);
#11082 = PLANE('',#11083);
#11083 = AXIS2_PLACEMENT_3D('',#11084,#11085,#11086);
#11084 = CARTESIAN_POINT('',(116.953051,36.009381,0.));
#11085 = DIRECTION('',(0.213881538297,0.976859604844,-0.));
#11086 = DIRECTION('',(0.976859604844,-0.213881538297,0.));
#11087 = ADVANCED_FACE('',(#11088),#11099,.T.);
#11088 = FACE_BOUND('',#11089,.T.);
#11089 = EDGE_LOOP('',(#11090,#11096,#11097,#11098));
#11090 = ORIENTED_EDGE('',*,*,#11091,.T.);
#11091 = EDGE_CURVE('',#208,#5547,#11092,.T.);
#11092 = LINE('',#11093,#11094);
#11093 = CARTESIAN_POINT('',(97.267492,36.9226,0.));
#11094 = VECTOR('',#11095,1.);
#11095 = DIRECTION('',(0.,0.,1.));
#11096 = ORIENTED_EDGE('',*,*,#5546,.T.);
#11097 = ORIENTED_EDGE('',*,*,#11057,.F.);
#11098 = ORIENTED_EDGE('',*,*,#207,.F.);
#11099 = PLANE('',#11100);
#11100 = AXIS2_PLACEMENT_3D('',#11101,#11102,#11103);
#11101 = CARTESIAN_POINT('',(97.267492,36.9226,0.));
#11102 = DIRECTION('',(-0.103824405353,0.994595642889,0.));
#11103 = DIRECTION('',(0.994595642889,0.103824405353,0.));
#11104 = ADVANCED_FACE('',(#11105),#11116,.T.);
#11105 = FACE_BOUND('',#11106,.T.);
#11106 = EDGE_LOOP('',(#11107,#11108,#11109,#11115));
#11107 = ORIENTED_EDGE('',*,*,#11076,.T.);
#11108 = ORIENTED_EDGE('',*,*,#9155,.T.);
#11109 = ORIENTED_EDGE('',*,*,#11110,.F.);
#11110 = EDGE_CURVE('',#3809,#9148,#11111,.T.);
#11111 = LINE('',#11112,#11113);
#11112 = CARTESIAN_POINT('',(119.610878,35.41035,0.));
#11113 = VECTOR('',#11114,1.);
#11114 = DIRECTION('',(0.,0.,1.));
#11115 = ORIENTED_EDGE('',*,*,#3816,.F.);
#11116 = PLANE('',#11117);
#11117 = AXIS2_PLACEMENT_3D('',#11118,#11119,#11120);
#11118 = CARTESIAN_POINT('',(118.610654,35.646452,0.));
#11119 = DIRECTION('',(0.229735540792,0.973253092108,-0.));
#11120 = DIRECTION('',(0.973253092108,-0.229735540792,0.));
#11121 = ADVANCED_FACE('',(#11122),#11133,.T.);
#11122 = FACE_BOUND('',#11123,.T.);
#11123 = EDGE_LOOP('',(#11124,#11130,#11131,#11132));
#11124 = ORIENTED_EDGE('',*,*,#11125,.T.);
#11125 = EDGE_CURVE('',#216,#5555,#11126,.T.);
#11126 = LINE('',#11127,#11128);
#11127 = CARTESIAN_POINT('',(96.424473,36.824443,0.));
#11128 = VECTOR('',#11129,1.);
#11129 = DIRECTION('',(0.,0.,1.));
#11130 = ORIENTED_EDGE('',*,*,#5554,.T.);
#11131 = ORIENTED_EDGE('',*,*,#11091,.F.);
#11132 = ORIENTED_EDGE('',*,*,#215,.F.);
#11133 = PLANE('',#11134);
#11134 = AXIS2_PLACEMENT_3D('',#11135,#11136,#11137);
#11135 = CARTESIAN_POINT('',(96.424473,36.824443,0.));
#11136 = DIRECTION('',(-0.115653770644,0.993289587852,0.));
#11137 = DIRECTION('',(0.993289587852,0.115653770644,0.));
#11138 = ADVANCED_FACE('',(#11139),#11150,.T.);
#11139 = FACE_BOUND('',#11140,.T.);
#11140 = EDGE_LOOP('',(#11141,#11142,#11143,#11149));
#11141 = ORIENTED_EDGE('',*,*,#11110,.T.);
#11142 = ORIENTED_EDGE('',*,*,#9147,.T.);
#11143 = ORIENTED_EDGE('',*,*,#11144,.F.);
#11144 = EDGE_CURVE('',#3801,#9140,#11145,.T.);
#11145 = LINE('',#11146,#11147);
#11146 = CARTESIAN_POINT('',(120.603903,35.165126,0.));
#11147 = VECTOR('',#11148,1.);
#11148 = DIRECTION('',(0.,0.,1.));
#11149 = ORIENTED_EDGE('',*,*,#3808,.F.);
#11150 = PLANE('',#11151);
#11151 = AXIS2_PLACEMENT_3D('',#11152,#11153,#11154);
#11152 = CARTESIAN_POINT('',(119.610878,35.41035,0.));
#11153 = DIRECTION('',(0.239744509184,0.970836016182,-0.));
#11154 = DIRECTION('',(0.970836016182,-0.239744509184,0.));
#11155 = ADVANCED_FACE('',(#11156),#11167,.T.);
#11156 = FACE_BOUND('',#11157,.T.);
#11157 = EDGE_LOOP('',(#11158,#11164,#11165,#11166));
#11158 = ORIENTED_EDGE('',*,*,#11159,.T.);
#11159 = EDGE_CURVE('',#224,#5563,#11160,.T.);
#11160 = LINE('',#11161,#11162);
#11161 = CARTESIAN_POINT('',(95.574368,36.715264,0.));
#11162 = VECTOR('',#11163,1.);
#11163 = DIRECTION('',(0.,0.,1.));
#11164 = ORIENTED_EDGE('',*,*,#5562,.T.);
#11165 = ORIENTED_EDGE('',*,*,#11125,.F.);
#11166 = ORIENTED_EDGE('',*,*,#223,.F.);
#11167 = PLANE('',#11168);
#11168 = AXIS2_PLACEMENT_3D('',#11169,#11170,#11171);
#11169 = CARTESIAN_POINT('',(95.574368,36.715264,0.));
#11170 = DIRECTION('',(-0.127383763072,0.991853505769,0.));
#11171 = DIRECTION('',(0.991853505769,0.127383763072,0.));
#11172 = ADVANCED_FACE('',(#11173),#11184,.T.);
#11173 = FACE_BOUND('',#11174,.T.);
#11174 = EDGE_LOOP('',(#11175,#11176,#11177,#11183));
#11175 = ORIENTED_EDGE('',*,*,#11144,.T.);
#11176 = ORIENTED_EDGE('',*,*,#9139,.T.);
#11177 = ORIENTED_EDGE('',*,*,#11178,.F.);
#11178 = EDGE_CURVE('',#3793,#9132,#11179,.T.);
#11179 = LINE('',#11180,#11181);
#11180 = CARTESIAN_POINT('',(121.539658,34.923496,0.));
#11181 = VECTOR('',#11182,1.);
#11182 = DIRECTION('',(0.,0.,1.));
#11183 = ORIENTED_EDGE('',*,*,#3800,.F.);
#11184 = PLANE('',#11185);
#11185 = AXIS2_PLACEMENT_3D('',#11186,#11187,#11188);
#11186 = CARTESIAN_POINT('',(120.603903,35.165126,0.));
#11187 = DIRECTION('',(0.250018525832,0.968241053014,-0.));
#11188 = DIRECTION('',(0.968241053014,-0.250018525832,0.));
#11189 = ADVANCED_FACE('',(#11190),#11201,.T.);
#11190 = FACE_BOUND('',#11191,.T.);
#11191 = EDGE_LOOP('',(#11192,#11198,#11199,#11200));
#11192 = ORIENTED_EDGE('',*,*,#11193,.T.);
#11193 = EDGE_CURVE('',#232,#5571,#11194,.T.);
#11194 = LINE('',#11195,#11196);
#11195 = CARTESIAN_POINT('',(94.724225,36.595915,0.));
#11196 = VECTOR('',#11197,1.);
#11197 = DIRECTION('',(0.,0.,1.));
#11198 = ORIENTED_EDGE('',*,*,#5570,.T.);
#11199 = ORIENTED_EDGE('',*,*,#11159,.F.);
#11200 = ORIENTED_EDGE('',*,*,#231,.F.);
#11201 = PLANE('',#11202);
#11202 = AXIS2_PLACEMENT_3D('',#11203,#11204,#11205);
#11203 = CARTESIAN_POINT('',(94.724225,36.595915,0.));
#11204 = DIRECTION('',(-0.139023680319,0.990289056948,0.));
#11205 = DIRECTION('',(0.990289056948,0.139023680319,0.));
#11206 = ADVANCED_FACE('',(#11207),#11218,.T.);
#11207 = FACE_BOUND('',#11208,.T.);
#11208 = EDGE_LOOP('',(#11209,#11210,#11211,#11217));
#11209 = ORIENTED_EDGE('',*,*,#11178,.T.);
#11210 = ORIENTED_EDGE('',*,*,#9131,.T.);
#11211 = ORIENTED_EDGE('',*,*,#11212,.F.);
#11212 = EDGE_CURVE('',#3785,#9124,#11213,.T.);
#11213 = LINE('',#11214,#11215);
#11214 = CARTESIAN_POINT('',(122.469349,34.672644,0.));
#11215 = VECTOR('',#11216,1.);
#11216 = DIRECTION('',(0.,0.,1.));
#11217 = ORIENTED_EDGE('',*,*,#3792,.F.);
#11218 = PLANE('',#11219);
#11219 = AXIS2_PLACEMENT_3D('',#11220,#11221,#11222);
#11220 = CARTESIAN_POINT('',(121.539658,34.923496,0.));
#11221 = DIRECTION('',(0.260506557274,0.965472078114,-0.));
#11222 = DIRECTION('',(0.965472078114,-0.260506557274,0.));
#11223 = ADVANCED_FACE('',(#11224),#11235,.T.);
#11224 = FACE_BOUND('',#11225,.T.);
#11225 = EDGE_LOOP('',(#11226,#11232,#11233,#11234));
#11226 = ORIENTED_EDGE('',*,*,#11227,.T.);
#11227 = EDGE_CURVE('',#240,#5579,#11228,.T.);
#11228 = LINE('',#11229,#11230);
#11229 = CARTESIAN_POINT('',(93.86908,36.465663,0.));
#11230 = VECTOR('',#11231,1.);
#11231 = DIRECTION('',(0.,0.,1.));
#11232 = ORIENTED_EDGE('',*,*,#5578,.T.);
#11233 = ORIENTED_EDGE('',*,*,#11193,.F.);
#11234 = ORIENTED_EDGE('',*,*,#239,.F.);
#11235 = PLANE('',#11236);
#11236 = AXIS2_PLACEMENT_3D('',#11237,#11238,#11239);
#11237 = CARTESIAN_POINT('',(93.86908,36.465663,0.));
#11238 = DIRECTION('',(-0.150578982914,0.988597981944,0.));
#11239 = DIRECTION('',(0.988597981944,0.150578982914,0.));
#11240 = ADVANCED_FACE('',(#11241),#11252,.T.);
#11241 = FACE_BOUND('',#11242,.T.);
#11242 = EDGE_LOOP('',(#11243,#11244,#11245,#11251));
#11243 = ORIENTED_EDGE('',*,*,#11212,.T.);
#11244 = ORIENTED_EDGE('',*,*,#9123,.T.);
#11245 = ORIENTED_EDGE('',*,*,#11246,.F.);
#11246 = EDGE_CURVE('',#3777,#9116,#11247,.T.);
#11247 = LINE('',#11248,#11249);
#11248 = CARTESIAN_POINT('',(123.353373,34.423545,0.));
#11249 = VECTOR('',#11250,1.);
#11250 = DIRECTION('',(0.,0.,1.));
#11251 = ORIENTED_EDGE('',*,*,#3784,.F.);
#11252 = PLANE('',#11253);
#11253 = AXIS2_PLACEMENT_3D('',#11254,#11255,#11256);
#11254 = CARTESIAN_POINT('',(122.469349,34.672644,0.));
#11255 = DIRECTION('',(0.271216990387,0.962518230542,-0.));
#11256 = DIRECTION('',(0.962518230542,-0.271216990387,0.));
#11257 = ADVANCED_FACE('',(#11258),#11269,.T.);
#11258 = FACE_BOUND('',#11259,.T.);
#11259 = EDGE_LOOP('',(#11260,#11266,#11267,#11268));
#11260 = ORIENTED_EDGE('',*,*,#11261,.T.);
#11261 = EDGE_CURVE('',#248,#5587,#11262,.T.);
#11262 = LINE('',#11263,#11264);
#11263 = CARTESIAN_POINT('',(93.014717,36.325351,0.));
#11264 = VECTOR('',#11265,1.);
#11265 = DIRECTION('',(0.,0.,1.));
#11266 = ORIENTED_EDGE('',*,*,#5586,.T.);
#11267 = ORIENTED_EDGE('',*,*,#11227,.F.);
#11268 = ORIENTED_EDGE('',*,*,#247,.F.);
#11269 = PLANE('',#11270);
#11270 = AXIS2_PLACEMENT_3D('',#11271,#11272,#11273);
#11271 = CARTESIAN_POINT('',(93.014717,36.325351,0.));
#11272 = DIRECTION('',(-0.162059013797,0.986781067941,0.));
#11273 = DIRECTION('',(0.986781067941,0.162059013797,0.));
#11274 = ADVANCED_FACE('',(#11275),#11286,.T.);
#11275 = FACE_BOUND('',#11276,.T.);
#11276 = EDGE_LOOP('',(#11277,#11278,#11279,#11285));
#11277 = ORIENTED_EDGE('',*,*,#11246,.T.);
#11278 = ORIENTED_EDGE('',*,*,#9115,.T.);
#11279 = ORIENTED_EDGE('',*,*,#11280,.F.);
#11280 = EDGE_CURVE('',#3769,#9108,#11281,.T.);
#11281 = LINE('',#11282,#11283);
#11282 = CARTESIAN_POINT('',(124.232207,34.165123,0.));
#11283 = VECTOR('',#11284,1.);
#11284 = DIRECTION('',(0.,0.,1.));
#11285 = ORIENTED_EDGE('',*,*,#3776,.F.);
#11286 = PLANE('',#11287);
#11287 = AXIS2_PLACEMENT_3D('',#11288,#11289,#11290);
#11288 = CARTESIAN_POINT('',(123.353373,34.423545,0.));
#11289 = DIRECTION('',(0.282107457573,0.959382813262,-0.));
#11290 = DIRECTION('',(0.959382813262,-0.282107457573,0.));
#11291 = ADVANCED_FACE('',(#11292),#11303,.T.);
#11292 = FACE_BOUND('',#11293,.T.);
#11293 = EDGE_LOOP('',(#11294,#11300,#11301,#11302));
#11294 = ORIENTED_EDGE('',*,*,#11295,.T.);
#11295 = EDGE_CURVE('',#256,#5595,#11296,.T.);
#11296 = LINE('',#11297,#11298);
#11297 = CARTESIAN_POINT('',(92.157557,36.174372,0.));
#11298 = VECTOR('',#11299,1.);
#11299 = DIRECTION('',(0.,0.,1.));
#11300 = ORIENTED_EDGE('',*,*,#5594,.T.);
#11301 = ORIENTED_EDGE('',*,*,#11261,.F.);
#11302 = ORIENTED_EDGE('',*,*,#255,.F.);
#11303 = PLANE('',#11304);
#11304 = AXIS2_PLACEMENT_3D('',#11305,#11306,#11307);
#11305 = CARTESIAN_POINT('',(92.157557,36.174372,0.));
#11306 = DIRECTION('',(-0.173468286196,0.984839455792,0.));
#11307 = DIRECTION('',(0.984839455792,0.173468286196,0.));
#11308 = ADVANCED_FACE('',(#11309),#11320,.T.);
#11309 = FACE_BOUND('',#11310,.T.);
#11310 = EDGE_LOOP('',(#11311,#11312,#11313,#11319));
#11311 = ORIENTED_EDGE('',*,*,#11280,.T.);
#11312 = ORIENTED_EDGE('',*,*,#9107,.T.);
#11313 = ORIENTED_EDGE('',*,*,#11314,.F.);
#11314 = EDGE_CURVE('',#3761,#9100,#11315,.T.);
#11315 = LINE('',#11316,#11317);
#11316 = CARTESIAN_POINT('',(125.073745,33.907059,0.));
#11317 = VECTOR('',#11318,1.);
#11318 = DIRECTION('',(0.,0.,1.));
#11319 = ORIENTED_EDGE('',*,*,#3768,.F.);
#11320 = PLANE('',#11321);
#11321 = AXIS2_PLACEMENT_3D('',#11322,#11323,#11324);
#11322 = CARTESIAN_POINT('',(124.232207,34.165123,0.));
#11323 = DIRECTION('',(0.293182009761,0.956056645368,-0.));
#11324 = DIRECTION('',(0.956056645368,-0.293182009761,0.));
#11325 = ADVANCED_FACE('',(#11326),#11337,.T.);
#11326 = FACE_BOUND('',#11327,.T.);
#11327 = EDGE_LOOP('',(#11328,#11334,#11335,#11336));
#11328 = ORIENTED_EDGE('',*,*,#11329,.T.);
#11329 = EDGE_CURVE('',#264,#5603,#11330,.T.);
#11330 = LINE('',#11331,#11332);
#11331 = CARTESIAN_POINT('',(91.302019,36.01348,0.));
#11332 = VECTOR('',#11333,1.);
#11333 = DIRECTION('',(0.,0.,1.));
#11334 = ORIENTED_EDGE('',*,*,#5602,.T.);
#11335 = ORIENTED_EDGE('',*,*,#11295,.F.);
#11336 = ORIENTED_EDGE('',*,*,#263,.F.);
#11337 = PLANE('',#11338);
#11338 = AXIS2_PLACEMENT_3D('',#11339,#11340,#11341);
#11339 = CARTESIAN_POINT('',(91.302019,36.01348,0.));
#11340 = DIRECTION('',(-0.184819640968,0.982772456021,0.));
#11341 = DIRECTION('',(0.982772456021,0.184819640968,0.));
#11342 = ADVANCED_FACE('',(#11343),#11354,.T.);
#11343 = FACE_BOUND('',#11344,.T.);
#11344 = EDGE_LOOP('',(#11345,#11346,#11347,#11353));
#11345 = ORIENTED_EDGE('',*,*,#11314,.T.);
#11346 = ORIENTED_EDGE('',*,*,#9099,.T.);
#11347 = ORIENTED_EDGE('',*,*,#11348,.F.);
#11348 = EDGE_CURVE('',#3753,#9092,#11349,.T.);
#11349 = LINE('',#11350,#11351);
#11350 = CARTESIAN_POINT('',(125.910794,33.639565,0.));
#11351 = VECTOR('',#11352,1.);
#11352 = DIRECTION('',(0.,0.,1.));
#11353 = ORIENTED_EDGE('',*,*,#3760,.F.);
#11354 = PLANE('',#11355);
#11355 = AXIS2_PLACEMENT_3D('',#11356,#11357,#11358);
#11356 = CARTESIAN_POINT('',(125.073745,33.907059,0.));
#11357 = DIRECTION('',(0.30440235103,0.952543546872,-0.));
#11358 = DIRECTION('',(0.952543546872,-0.30440235103,0.));
#11359 = ADVANCED_FACE('',(#11360),#11371,.T.);
#11360 = FACE_BOUND('',#11361,.T.);
#11361 = EDGE_LOOP('',(#11362,#11368,#11369,#11370));
#11362 = ORIENTED_EDGE('',*,*,#11363,.T.);
#11363 = EDGE_CURVE('',#272,#5611,#11364,.T.);
#11364 = LINE('',#11365,#11366);
#11365 = CARTESIAN_POINT('',(90.445972,35.842272,0.));
#11366 = VECTOR('',#11367,1.);
#11367 = DIRECTION('',(0.,0.,1.));
#11368 = ORIENTED_EDGE('',*,*,#5610,.T.);
#11369 = ORIENTED_EDGE('',*,*,#11329,.F.);
#11370 = ORIENTED_EDGE('',*,*,#271,.F.);
#11371 = PLANE('',#11372);
#11372 = AXIS2_PLACEMENT_3D('',#11373,#11374,#11375);
#11373 = CARTESIAN_POINT('',(90.445972,35.842272,0.));
#11374 = DIRECTION('',(-0.196114593152,0.980580984087,0.));
#11375 = DIRECTION('',(0.980580984087,0.196114593152,0.));
#11376 = ADVANCED_FACE('',(#11377),#11388,.T.);
#11377 = FACE_BOUND('',#11378,.T.);
#11378 = EDGE_LOOP('',(#11379,#11380,#11381,#11387));
#11379 = ORIENTED_EDGE('',*,*,#11348,.T.);
#11380 = ORIENTED_EDGE('',*,*,#9091,.T.);
#11381 = ORIENTED_EDGE('',*,*,#11382,.F.);
#11382 = EDGE_CURVE('',#3745,#9084,#11383,.T.);
#11383 = LINE('',#11384,#11385);
#11384 = CARTESIAN_POINT('',(126.716863,33.371309,0.));
#11385 = VECTOR('',#11386,1.);
#11386 = DIRECTION('',(0.,0.,1.));
#11387 = ORIENTED_EDGE('',*,*,#3752,.F.);
#11388 = PLANE('',#11389);
#11389 = AXIS2_PLACEMENT_3D('',#11390,#11391,#11392);
#11390 = CARTESIAN_POINT('',(125.910794,33.639565,0.));
#11391 = DIRECTION('',(0.315768300748,0.948836329534,-0.));
#11392 = DIRECTION('',(0.948836329534,-0.315768300748,0.));
#11393 = ADVANCED_FACE('',(#11394),#11405,.T.);
#11394 = FACE_BOUND('',#11395,.T.);
#11395 = EDGE_LOOP('',(#11396,#11402,#11403,#11404));
#11396 = ORIENTED_EDGE('',*,*,#11397,.T.);
#11397 = EDGE_CURVE('',#280,#5619,#11398,.T.);
#11398 = LINE('',#11399,#11400);
#11399 = CARTESIAN_POINT('',(89.592398,35.661338,0.));
#11400 = VECTOR('',#11401,1.);
#11401 = DIRECTION('',(0.,0.,1.));
#11402 = ORIENTED_EDGE('',*,*,#5618,.T.);
#11403 = ORIENTED_EDGE('',*,*,#11363,.F.);
#11404 = ORIENTED_EDGE('',*,*,#279,.F.);
#11405 = PLANE('',#11406);
#11406 = AXIS2_PLACEMENT_3D('',#11407,#11408,#11409);
#11407 = CARTESIAN_POINT('',(89.592398,35.661338,0.));
#11408 = DIRECTION('',(-0.207364755156,0.978263695697,0.));
#11409 = DIRECTION('',(0.978263695697,0.207364755156,0.));
#11410 = ADVANCED_FACE('',(#11411),#11422,.T.);
#11411 = FACE_BOUND('',#11412,.T.);
#11412 = EDGE_LOOP('',(#11413,#11414,#11415,#11421));
#11413 = ORIENTED_EDGE('',*,*,#11382,.T.);
#11414 = ORIENTED_EDGE('',*,*,#9083,.T.);
#11415 = ORIENTED_EDGE('',*,*,#11416,.F.);
#11416 = EDGE_CURVE('',#3737,#9076,#11417,.T.);
#11417 = LINE('',#11418,#11419);
#11418 = CARTESIAN_POINT('',(127.519019,33.09351,0.));
#11419 = VECTOR('',#11420,1.);
#11420 = DIRECTION('',(0.,0.,1.));
#11421 = ORIENTED_EDGE('',*,*,#3744,.F.);
#11422 = PLANE('',#11423);
#11423 = AXIS2_PLACEMENT_3D('',#11424,#11425,#11426);
#11424 = CARTESIAN_POINT('',(126.716863,33.371309,0.));
#11425 = DIRECTION('',(0.327246909569,0.944938865841,-0.));
#11426 = DIRECTION('',(0.944938865841,-0.327246909569,0.));
#11427 = ADVANCED_FACE('',(#11428),#11439,.T.);
#11428 = FACE_BOUND('',#11429,.T.);
#11429 = EDGE_LOOP('',(#11430,#11436,#11437,#11438));
#11430 = ORIENTED_EDGE('',*,*,#11431,.T.);
#11431 = EDGE_CURVE('',#288,#5627,#11432,.T.);
#11432 = LINE('',#11433,#11434);
#11433 = CARTESIAN_POINT('',(88.193698,35.343139,0.));
#11434 = VECTOR('',#11435,1.);
#11435 = DIRECTION('',(0.,0.,1.));
#11436 = ORIENTED_EDGE('',*,*,#5626,.T.);
#11437 = ORIENTED_EDGE('',*,*,#11397,.F.);
#11438 = ORIENTED_EDGE('',*,*,#287,.F.);
#11439 = PLANE('',#11440);
#11440 = AXIS2_PLACEMENT_3D('',#11441,#11442,#11443);
#11441 = CARTESIAN_POINT('',(88.193698,35.343139,0.));
#11442 = DIRECTION('',(-0.221828344173,0.975085732498,0.));
#11443 = DIRECTION('',(0.975085732498,0.221828344173,0.));
#11444 = ADVANCED_FACE('',(#11445),#11456,.T.);
#11445 = FACE_BOUND('',#11446,.T.);
#11446 = EDGE_LOOP('',(#11447,#11448,#11449,#11455));
#11447 = ORIENTED_EDGE('',*,*,#11416,.T.);
#11448 = ORIENTED_EDGE('',*,*,#9075,.T.);
#11449 = ORIENTED_EDGE('',*,*,#11450,.F.);
#11450 = EDGE_CURVE('',#3729,#9068,#11451,.T.);
#11451 = LINE('',#11452,#11453);
#11452 = CARTESIAN_POINT('',(128.295133,32.813998,0.));
#11453 = VECTOR('',#11454,1.);
#11454 = DIRECTION('',(0.,0.,1.));
#11455 = ORIENTED_EDGE('',*,*,#3736,.F.);
#11456 = PLANE('',#11457);
#11457 = AXIS2_PLACEMENT_3D('',#11458,#11459,#11460);
#11458 = CARTESIAN_POINT('',(127.519019,33.09351,0.));
#11459 = DIRECTION('',(0.338838544268,0.940844535999,-0.));
#11460 = DIRECTION('',(0.940844535999,-0.338838544268,0.));
#11461 = ADVANCED_FACE('',(#11462),#11473,.T.);
#11462 = FACE_BOUND('',#11463,.T.);
#11463 = EDGE_LOOP('',(#11464,#11470,#11471,#11472));
#11464 = ORIENTED_EDGE('',*,*,#11465,.T.);
#11465 = EDGE_CURVE('',#296,#5635,#11466,.T.);
#11466 = LINE('',#11467,#11468);
#11467 = CARTESIAN_POINT('',(87.304414,35.127084,0.));
#11468 = VECTOR('',#11469,1.);
#11469 = DIRECTION('',(0.,0.,1.));
#11470 = ORIENTED_EDGE('',*,*,#5634,.T.);
#11471 = ORIENTED_EDGE('',*,*,#11431,.F.);
#11472 = ORIENTED_EDGE('',*,*,#295,.F.);
#11473 = PLANE('',#11474);
#11474 = AXIS2_PLACEMENT_3D('',#11475,#11476,#11477);
#11475 = CARTESIAN_POINT('',(87.304414,35.127084,0.));
#11476 = DIRECTION('',(-0.236086096092,0.97173214171,0.));
#11477 = DIRECTION('',(0.97173214171,0.236086096092,0.));
#11478 = ADVANCED_FACE('',(#11479),#11490,.T.);
#11479 = FACE_BOUND('',#11480,.T.);
#11480 = EDGE_LOOP('',(#11481,#11482,#11483,#11489));
#11481 = ORIENTED_EDGE('',*,*,#11450,.T.);
#11482 = ORIENTED_EDGE('',*,*,#9067,.T.);
#11483 = ORIENTED_EDGE('',*,*,#11484,.F.);
#11484 = EDGE_CURVE('',#3721,#9060,#11485,.T.);
#11485 = LINE('',#11486,#11487);
#11486 = CARTESIAN_POINT('',(129.067817,32.524819,0.));
#11487 = VECTOR('',#11488,1.);
#11488 = DIRECTION('',(0.,0.,1.));
#11489 = ORIENTED_EDGE('',*,*,#3728,.F.);
#11490 = PLANE('',#11491);
#11491 = AXIS2_PLACEMENT_3D('',#11492,#11493,#11494);
#11492 = CARTESIAN_POINT('',(128.295133,32.813998,0.));
#11493 = DIRECTION('',(0.350509685602,0.936559106677,-0.));
#11494 = DIRECTION('',(0.936559106677,-0.350509685602,0.));
#11495 = ADVANCED_FACE('',(#11496),#11507,.T.);
#11496 = FACE_BOUND('',#11497,.T.);
#11497 = EDGE_LOOP('',(#11498,#11504,#11505,#11506));
#11498 = ORIENTED_EDGE('',*,*,#11499,.T.);
#11499 = EDGE_CURVE('',#304,#5643,#11500,.T.);
#11500 = LINE('',#11501,#11502);
#11501 = CARTESIAN_POINT('',(86.419819,34.901669,0.));
#11502 = VECTOR('',#11503,1.);
#11503 = DIRECTION('',(0.,0.,1.));
#11504 = ORIENTED_EDGE('',*,*,#5642,.T.);
#11505 = ORIENTED_EDGE('',*,*,#11465,.F.);
#11506 = ORIENTED_EDGE('',*,*,#303,.F.);
#11507 = PLANE('',#11508);
#11508 = AXIS2_PLACEMENT_3D('',#11509,#11510,#11511);
#11509 = CARTESIAN_POINT('',(86.419819,34.901669,0.));
#11510 = DIRECTION('',(-0.246931701059,0.969032886445,0.));
#11511 = DIRECTION('',(0.969032886445,0.246931701059,0.));
#11512 = ADVANCED_FACE('',(#11513),#11524,.T.);
#11513 = FACE_BOUND('',#11514,.T.);
#11514 = EDGE_LOOP('',(#11515,#11516,#11517,#11523));
#11515 = ORIENTED_EDGE('',*,*,#11484,.T.);
#11516 = ORIENTED_EDGE('',*,*,#9059,.T.);
#11517 = ORIENTED_EDGE('',*,*,#11518,.F.);
#11518 = EDGE_CURVE('',#3713,#9052,#11519,.T.);
#11519 = LINE('',#11520,#11521);
#11520 = CARTESIAN_POINT('',(129.870773,32.212337,0.));
#11521 = VECTOR('',#11522,1.);
#11522 = DIRECTION('',(0.,0.,1.));
#11523 = ORIENTED_EDGE('',*,*,#3720,.F.);
#11524 = PLANE('',#11525);
#11525 = AXIS2_PLACEMENT_3D('',#11526,#11527,#11528);
#11526 = CARTESIAN_POINT('',(129.067817,32.524819,0.));
#11527 = DIRECTION('',(0.362669386383,0.931917869869,-0.));
#11528 = DIRECTION('',(0.931917869869,-0.362669386383,0.));
#11529 = ADVANCED_FACE('',(#11530),#11541,.T.);
#11530 = FACE_BOUND('',#11531,.T.);
#11531 = EDGE_LOOP('',(#11532,#11538,#11539,#11540));
#11532 = ORIENTED_EDGE('',*,*,#11533,.T.);
#11533 = EDGE_CURVE('',#312,#5651,#11534,.T.);
#11534 = LINE('',#11535,#11536);
#11535 = CARTESIAN_POINT('',(85.521034,34.661996,0.));
#11536 = VECTOR('',#11537,1.);
#11537 = DIRECTION('',(0.,0.,1.));
#11538 = ORIENTED_EDGE('',*,*,#5650,.T.);
#11539 = ORIENTED_EDGE('',*,*,#11499,.F.);
#11540 = ORIENTED_EDGE('',*,*,#311,.F.);
#11541 = PLANE('',#11542);
#11542 = AXIS2_PLACEMENT_3D('',#11543,#11544,#11545);
#11543 = CARTESIAN_POINT('',(85.521034,34.661996,0.));
#11544 = DIRECTION('',(-0.257659639536,0.966235742536,0.));
#11545 = DIRECTION('',(0.966235742536,0.257659639536,0.));
#11546 = ADVANCED_FACE('',(#11547),#11558,.T.);
#11547 = FACE_BOUND('',#11548,.T.);
#11548 = EDGE_LOOP('',(#11549,#11550,#11551,#11557));
#11549 = ORIENTED_EDGE('',*,*,#11518,.T.);
#11550 = ORIENTED_EDGE('',*,*,#9051,.T.);
#11551 = ORIENTED_EDGE('',*,*,#11552,.F.);
#11552 = EDGE_CURVE('',#3705,#9044,#11553,.T.);
#11553 = LINE('',#11554,#11555);
#11554 = CARTESIAN_POINT('',(130.56231,31.932352,0.));
#11555 = VECTOR('',#11556,1.);
#11556 = DIRECTION('',(0.,0.,1.));
#11557 = ORIENTED_EDGE('',*,*,#3712,.F.);
#11558 = PLANE('',#11559);
#11559 = AXIS2_PLACEMENT_3D('',#11560,#11561,#11562);
#11560 = CARTESIAN_POINT('',(129.870773,32.212337,0.));
#11561 = DIRECTION('',(0.375281627386,0.926910837215,-0.));
#11562 = DIRECTION('',(0.926910837215,-0.375281627386,0.));
#11563 = ADVANCED_FACE('',(#11564),#11575,.T.);
#11564 = FACE_BOUND('',#11565,.T.);
#11565 = EDGE_LOOP('',(#11566,#11572,#11573,#11574));
#11566 = ORIENTED_EDGE('',*,*,#11567,.T.);
#11567 = EDGE_CURVE('',#320,#5659,#11568,.T.);
#11568 = LINE('',#11569,#11570);
#11569 = CARTESIAN_POINT('',(84.627642,34.413203,0.));
#11570 = VECTOR('',#11571,1.);
#11571 = DIRECTION('',(0.,0.,1.));
#11572 = ORIENTED_EDGE('',*,*,#5658,.T.);
#11573 = ORIENTED_EDGE('',*,*,#11533,.F.);
#11574 = ORIENTED_EDGE('',*,*,#319,.F.);
#11575 = PLANE('',#11576);
#11576 = AXIS2_PLACEMENT_3D('',#11577,#11578,#11579);
#11577 = CARTESIAN_POINT('',(84.627642,34.413203,0.));
#11578 = DIRECTION('',(-0.268273026115,0.96334292101,0.));
#11579 = DIRECTION('',(0.96334292101,0.268273026115,0.));
#11580 = ADVANCED_FACE('',(#11581),#11592,.T.);
#11581 = FACE_BOUND('',#11582,.T.);
#11582 = EDGE_LOOP('',(#11583,#11584,#11585,#11591));
#11583 = ORIENTED_EDGE('',*,*,#11552,.T.);
#11584 = ORIENTED_EDGE('',*,*,#9043,.T.);
#11585 = ORIENTED_EDGE('',*,*,#11586,.F.);
#11586 = EDGE_CURVE('',#3697,#9036,#11587,.T.);
#11587 = LINE('',#11588,#11589);
#11588 = CARTESIAN_POINT('',(131.251101,31.642122,0.));
#11589 = VECTOR('',#11590,1.);
#11590 = DIRECTION('',(0.,0.,1.));
#11591 = ORIENTED_EDGE('',*,*,#3704,.F.);
#11592 = PLANE('',#11593);
#11593 = AXIS2_PLACEMENT_3D('',#11594,#11595,#11596);
#11594 = CARTESIAN_POINT('',(130.56231,31.932352,0.));
#11595 = DIRECTION('',(0.38829874683,0.921533549693,-0.));
#11596 = DIRECTION('',(0.921533549693,-0.38829874683,0.));
#11597 = ADVANCED_FACE('',(#11598),#11609,.T.);
#11598 = FACE_BOUND('',#11599,.T.);
#11599 = EDGE_LOOP('',(#11600,#11606,#11607,#11608));
#11600 = ORIENTED_EDGE('',*,*,#11601,.T.);
#11601 = EDGE_CURVE('',#328,#5667,#11602,.T.);
#11602 = LINE('',#11603,#11604);
#11603 = CARTESIAN_POINT('',(83.720327,34.149825,0.));
#11604 = VECTOR('',#11605,1.);
#11605 = DIRECTION('',(0.,0.,1.));
#11606 = ORIENTED_EDGE('',*,*,#5666,.T.);
#11607 = ORIENTED_EDGE('',*,*,#11567,.F.);
#11608 = ORIENTED_EDGE('',*,*,#327,.F.);
#11609 = PLANE('',#11610);
#11610 = AXIS2_PLACEMENT_3D('',#11611,#11612,#11613);
#11611 = CARTESIAN_POINT('',(83.720327,34.149825,0.));
#11612 = DIRECTION('',(-0.278775020697,0.96035643791,0.));
#11613 = DIRECTION('',(0.96035643791,0.278775020697,0.));
#11614 = ADVANCED_FACE('',(#11615),#11626,.T.);
#11615 = FACE_BOUND('',#11616,.T.);
#11616 = EDGE_LOOP('',(#11617,#11618,#11619,#11625));
#11617 = ORIENTED_EDGE('',*,*,#11586,.T.);
#11618 = ORIENTED_EDGE('',*,*,#9035,.T.);
#11619 = ORIENTED_EDGE('',*,*,#11620,.F.);
#11620 = EDGE_CURVE('',#3689,#9028,#11621,.T.);
#11621 = LINE('',#11622,#11623);
#11622 = CARTESIAN_POINT('',(131.904237,31.355788,0.));
#11623 = VECTOR('',#11624,1.);
#11624 = DIRECTION('',(0.,0.,1.));
#11625 = ORIENTED_EDGE('',*,*,#3696,.F.);
#11626 = PLANE('',#11627);
#11627 = AXIS2_PLACEMENT_3D('',#11628,#11629,#11630);
#11628 = CARTESIAN_POINT('',(131.251101,31.642122,0.));
#11629 = DIRECTION('',(0.401509597853,0.915854815367,-0.));
#11630 = DIRECTION('',(0.915854815367,-0.401509597853,0.));
#11631 = ADVANCED_FACE('',(#11632),#11643,.T.);
#11632 = FACE_BOUND('',#11633,.T.);
#11633 = EDGE_LOOP('',(#11634,#11640,#11641,#11642));
#11634 = ORIENTED_EDGE('',*,*,#11635,.T.);
#11635 = EDGE_CURVE('',#336,#5675,#11636,.T.);
#11636 = LINE('',#11637,#11638);
#11637 = CARTESIAN_POINT('',(82.819176,33.877613,0.));
#11638 = VECTOR('',#11639,1.);
#11639 = DIRECTION('',(0.,0.,1.));
#11640 = ORIENTED_EDGE('',*,*,#5674,.T.);
#11641 = ORIENTED_EDGE('',*,*,#11601,.F.);
#11642 = ORIENTED_EDGE('',*,*,#335,.F.);
#11643 = PLANE('',#11644);
#11644 = AXIS2_PLACEMENT_3D('',#11645,#11646,#11647);
#11645 = CARTESIAN_POINT('',(82.819176,33.877613,0.));
#11646 = DIRECTION('',(-0.289166602654,0.957278786932,0.));
#11647 = DIRECTION('',(0.957278786932,0.289166602654,0.));
#11648 = ADVANCED_FACE('',(#11649),#11660,.T.);
#11649 = FACE_BOUND('',#11650,.T.);
#11650 = EDGE_LOOP('',(#11651,#11652,#11653,#11659));
#11651 = ORIENTED_EDGE('',*,*,#11620,.T.);
#11652 = ORIENTED_EDGE('',*,*,#9027,.T.);
#11653 = ORIENTED_EDGE('',*,*,#11654,.F.);
#11654 = EDGE_CURVE('',#3681,#9020,#11655,.T.);
#11655 = LINE('',#11656,#11657);
#11656 = CARTESIAN_POINT('',(132.554647,31.059239,0.));
#11657 = VECTOR('',#11658,1.);
#11658 = DIRECTION('',(0.,0.,1.));
#11659 = ORIENTED_EDGE('',*,*,#3688,.F.);
#11660 = PLANE('',#11661);
#11661 = AXIS2_PLACEMENT_3D('',#11662,#11663,#11664);
#11662 = CARTESIAN_POINT('',(131.904237,31.355788,0.));
#11663 = DIRECTION('',(0.414855507237,0.909887305173,-0.));
#11664 = DIRECTION('',(0.909887305173,-0.414855507237,0.));
#11665 = ADVANCED_FACE('',(#11666),#11677,.T.);
#11666 = FACE_BOUND('',#11667,.T.);
#11667 = EDGE_LOOP('',(#11668,#11674,#11675,#11676));
#11668 = ORIENTED_EDGE('',*,*,#11669,.T.);
#11669 = EDGE_CURVE('',#344,#5683,#11670,.T.);
#11670 = LINE('',#11671,#11672);
#11671 = CARTESIAN_POINT('',(81.904507,33.590541,0.));
#11672 = VECTOR('',#11673,1.);
#11673 = DIRECTION('',(0.,0.,1.));
#11674 = ORIENTED_EDGE('',*,*,#5682,.T.);
#11675 = ORIENTED_EDGE('',*,*,#11635,.F.);
#11676 = ORIENTED_EDGE('',*,*,#343,.F.);
#11677 = PLANE('',#11678);
#11678 = AXIS2_PLACEMENT_3D('',#11679,#11680,#11681);
#11679 = CARTESIAN_POINT('',(81.904507,33.590541,0.));
#11680 = DIRECTION('',(-0.299451200629,0.954111617392,0.));
#11681 = DIRECTION('',(0.954111617392,0.299451200629,0.));
#11682 = ADVANCED_FACE('',(#11683),#11694,.T.);
#11683 = FACE_BOUND('',#11684,.T.);
#11684 = EDGE_LOOP('',(#11685,#11686,#11687,#11693));
#11685 = ORIENTED_EDGE('',*,*,#11654,.T.);
#11686 = ORIENTED_EDGE('',*,*,#9019,.T.);
#11687 = ORIENTED_EDGE('',*,*,#11688,.F.);
#11688 = EDGE_CURVE('',#3673,#9012,#11689,.T.);
#11689 = LINE('',#11690,#11691);
#11690 = CARTESIAN_POINT('',(133.175814,30.764791,0.));
#11691 = VECTOR('',#11692,1.);
#11692 = DIRECTION('',(0.,0.,1.));
#11693 = ORIENTED_EDGE('',*,*,#3680,.F.);
#11694 = PLANE('',#11695);
#11695 = AXIS2_PLACEMENT_3D('',#11696,#11697,#11698);
#11696 = CARTESIAN_POINT('',(132.554647,31.059239,0.));
#11697 = DIRECTION('',(0.42833702253,0.903619054209,-0.));
#11698 = DIRECTION('',(0.903619054209,-0.42833702253,0.));
#11699 = ADVANCED_FACE('',(#11700),#11711,.T.);
#11700 = FACE_BOUND('',#11701,.T.);
#11701 = EDGE_LOOP('',(#11702,#11708,#11709,#11710));
#11702 = ORIENTED_EDGE('',*,*,#11703,.T.);
#11703 = EDGE_CURVE('',#352,#5691,#11704,.T.);
#11704 = LINE('',#11705,#11706);
#11705 = CARTESIAN_POINT('',(80.996848,33.294978,0.));
#11706 = VECTOR('',#11707,1.);
#11707 = DIRECTION('',(0.,0.,1.));
#11708 = ORIENTED_EDGE('',*,*,#5690,.T.);
#11709 = ORIENTED_EDGE('',*,*,#11669,.F.);
#11710 = ORIENTED_EDGE('',*,*,#351,.F.);
#11711 = PLANE('',#11712);
#11712 = AXIS2_PLACEMENT_3D('',#11713,#11714,#11715);
#11713 = CARTESIAN_POINT('',(80.996848,33.294978,0.));
#11714 = DIRECTION('',(-0.30962972792,0.950857208832,0.));
#11715 = DIRECTION('',(0.950857208832,0.30962972792,0.));
#11716 = ADVANCED_FACE('',(#11717),#11728,.T.);
#11717 = FACE_BOUND('',#11718,.T.);
#11718 = EDGE_LOOP('',(#11719,#11720,#11721,#11727));
#11719 = ORIENTED_EDGE('',*,*,#11688,.T.);
#11720 = ORIENTED_EDGE('',*,*,#9011,.T.);
#11721 = ORIENTED_EDGE('',*,*,#11722,.F.);
#11722 = EDGE_CURVE('',#3665,#9004,#11723,.T.);
#11723 = LINE('',#11724,#11725);
#11724 = CARTESIAN_POINT('',(133.794263,30.460133,0.));
#11725 = VECTOR('',#11726,1.);
#11726 = DIRECTION('',(0.,0.,1.));
#11727 = ORIENTED_EDGE('',*,*,#3672,.F.);
#11728 = PLANE('',#11729);
#11729 = AXIS2_PLACEMENT_3D('',#11730,#11731,#11732);
#11730 = CARTESIAN_POINT('',(133.175814,30.764791,0.));
#11731 = DIRECTION('',(0.441906776322,0.897060979555,-0.));
#11732 = DIRECTION('',(0.897060979555,-0.441906776322,0.));
#11733 = ADVANCED_FACE('',(#11734),#11745,.T.);
#11734 = FACE_BOUND('',#11735,.T.);
#11735 = EDGE_LOOP('',(#11736,#11742,#11743,#11744));
#11736 = ORIENTED_EDGE('',*,*,#11737,.T.);
#11737 = EDGE_CURVE('',#360,#5699,#11738,.T.);
#11738 = LINE('',#11739,#11740);
#11739 = CARTESIAN_POINT('',(80.076235,32.984348,0.));
#11740 = VECTOR('',#11741,1.);
#11741 = DIRECTION('',(0.,0.,1.));
#11742 = ORIENTED_EDGE('',*,*,#5698,.T.);
#11743 = ORIENTED_EDGE('',*,*,#11703,.F.);
#11744 = ORIENTED_EDGE('',*,*,#359,.F.);
#11745 = PLANE('',#11746);
#11746 = AXIS2_PLACEMENT_3D('',#11747,#11748,#11749);
#11747 = CARTESIAN_POINT('',(80.076235,32.984348,0.));
#11748 = DIRECTION('',(-0.319707601016,0.947516253081,0.));
#11749 = DIRECTION('',(0.947516253081,0.319707601016,0.));
#11750 = ADVANCED_FACE('',(#11751),#11762,.T.);
#11751 = FACE_BOUND('',#11752,.T.);
#11752 = EDGE_LOOP('',(#11753,#11754,#11755,#11761));
#11753 = ORIENTED_EDGE('',*,*,#11722,.T.);
#11754 = ORIENTED_EDGE('',*,*,#9003,.T.);
#11755 = ORIENTED_EDGE('',*,*,#11756,.F.);
#11756 = EDGE_CURVE('',#3657,#8996,#11757,.T.);
#11757 = LINE('',#11758,#11759);
#11758 = CARTESIAN_POINT('',(134.388178,30.156195,0.));
#11759 = VECTOR('',#11760,1.);
#11760 = DIRECTION('',(0.,0.,1.));
#11761 = ORIENTED_EDGE('',*,*,#3664,.F.);
#11762 = PLANE('',#11763);
#11763 = AXIS2_PLACEMENT_3D('',#11764,#11765,#11766);
#11764 = CARTESIAN_POINT('',(133.794263,30.460133,0.));
#11765 = DIRECTION('',(0.45556431585,0.890202872454,-0.));
#11766 = DIRECTION('',(0.890202872454,-0.45556431585,0.));
#11767 = ADVANCED_FACE('',(#11768),#11779,.T.);
#11768 = FACE_BOUND('',#11769,.T.);
#11769 = EDGE_LOOP('',(#11770,#11776,#11777,#11778));
#11770 = ORIENTED_EDGE('',*,*,#11771,.T.);
#11771 = EDGE_CURVE('',#368,#5707,#11772,.T.);
#11772 = LINE('',#11773,#11774);
#11773 = CARTESIAN_POINT('',(79.16356,32.665633,0.));
#11774 = VECTOR('',#11775,1.);
#11775 = DIRECTION('',(0.,0.,1.));
#11776 = ORIENTED_EDGE('',*,*,#5706,.T.);
#11777 = ORIENTED_EDGE('',*,*,#11737,.F.);
#11778 = ORIENTED_EDGE('',*,*,#367,.F.);
#11779 = PLANE('',#11780);
#11780 = AXIS2_PLACEMENT_3D('',#11781,#11782,#11783);
#11781 = CARTESIAN_POINT('',(79.16356,32.665633,0.));
#11782 = DIRECTION('',(-0.329685686612,0.944090752016,0.));
#11783 = DIRECTION('',(0.944090752016,0.329685686612,0.));
#11784 = ADVANCED_FACE('',(#11785),#11796,.T.);
#11785 = FACE_BOUND('',#11786,.T.);
#11786 = EDGE_LOOP('',(#11787,#11788,#11789,#11795));
#11787 = ORIENTED_EDGE('',*,*,#11756,.T.);
#11788 = ORIENTED_EDGE('',*,*,#8995,.T.);
#11789 = ORIENTED_EDGE('',*,*,#11790,.F.);
#11790 = EDGE_CURVE('',#3649,#8988,#11791,.T.);
#11791 = LINE('',#11792,#11793);
#11792 = CARTESIAN_POINT('',(134.979377,29.842028,0.));
#11793 = VECTOR('',#11794,1.);
#11794 = DIRECTION('',(0.,0.,1.));
#11795 = ORIENTED_EDGE('',*,*,#3656,.F.);
#11796 = PLANE('',#11797);
#11797 = AXIS2_PLACEMENT_3D('',#11798,#11799,#11800);
#11798 = CARTESIAN_POINT('',(134.388178,30.156195,0.));
#11799 = DIRECTION('',(0.469263012702,0.883058449317,-0.));
#11800 = DIRECTION('',(0.883058449317,-0.469263012702,0.));
#11801 = ADVANCED_FACE('',(#11802),#11813,.T.);
#11802 = FACE_BOUND('',#11803,.T.);
#11803 = EDGE_LOOP('',(#11804,#11810,#11811,#11812));
#11804 = ORIENTED_EDGE('',*,*,#11805,.T.);
#11805 = EDGE_CURVE('',#376,#5715,#11806,.T.);
#11806 = LINE('',#11807,#11808);
#11807 = CARTESIAN_POINT('',(78.23869,32.331736,0.));
#11808 = VECTOR('',#11809,1.);
#11809 = DIRECTION('',(0.,0.,1.));
#11810 = ORIENTED_EDGE('',*,*,#5714,.T.);
#11811 = ORIENTED_EDGE('',*,*,#11771,.F.);
#11812 = ORIENTED_EDGE('',*,*,#375,.F.);
#11813 = PLANE('',#11814);
#11814 = AXIS2_PLACEMENT_3D('',#11815,#11816,#11817);
#11815 = CARTESIAN_POINT('',(78.23869,32.331736,0.));
#11816 = DIRECTION('',(-0.339569040401,0.940581132493,0.));
#11817 = DIRECTION('',(0.940581132493,0.339569040401,0.));
#11818 = ADVANCED_FACE('',(#11819),#11830,.T.);
#11819 = FACE_BOUND('',#11820,.T.);
#11820 = EDGE_LOOP('',(#11821,#11822,#11823,#11829));
#11821 = ORIENTED_EDGE('',*,*,#11790,.T.);
#11822 = ORIENTED_EDGE('',*,*,#8987,.T.);
#11823 = ORIENTED_EDGE('',*,*,#11824,.F.);
#11824 = EDGE_CURVE('',#3641,#8980,#11825,.T.);
#11825 = LINE('',#11826,#11827);
#11826 = CARTESIAN_POINT('',(135.549643,29.527462,0.));
#11827 = VECTOR('',#11828,1.);
#11828 = DIRECTION('',(0.,0.,1.));
#11829 = ORIENTED_EDGE('',*,*,#3648,.F.);
#11830 = PLANE('',#11831);
#11831 = AXIS2_PLACEMENT_3D('',#11832,#11833,#11834);
#11832 = CARTESIAN_POINT('',(134.979377,29.842028,0.));
#11833 = DIRECTION('',(0.483002572651,0.87561893242,-0.));
#11834 = DIRECTION('',(0.87561893242,-0.483002572651,0.));
#11835 = ADVANCED_FACE('',(#11836),#11847,.T.);
#11836 = FACE_BOUND('',#11837,.T.);
#11837 = EDGE_LOOP('',(#11838,#11844,#11845,#11846));
#11838 = ORIENTED_EDGE('',*,*,#11839,.T.);
#11839 = EDGE_CURVE('',#384,#5723,#11840,.T.);
#11840 = LINE('',#11841,#11842);
#11841 = CARTESIAN_POINT('',(77.322771,31.99023,0.));
#11842 = VECTOR('',#11843,1.);
#11843 = DIRECTION('',(0.,0.,1.));
#11844 = ORIENTED_EDGE('',*,*,#5722,.T.);
#11845 = ORIENTED_EDGE('',*,*,#11805,.F.);
#11846 = ORIENTED_EDGE('',*,*,#383,.F.);
#11847 = PLANE('',#11848);
#11848 = AXIS2_PLACEMENT_3D('',#11849,#11850,#11851);
#11849 = CARTESIAN_POINT('',(77.322771,31.99023,0.));
#11850 = DIRECTION('',(-0.349361685677,0.936987946871,0.));
#11851 = DIRECTION('',(0.936987946871,0.349361685677,0.));
#11852 = ADVANCED_FACE('',(#11853),#11864,.T.);
#11853 = FACE_BOUND('',#11854,.T.);
#11854 = EDGE_LOOP('',(#11855,#11856,#11857,#11863));
#11855 = ORIENTED_EDGE('',*,*,#11824,.T.);
#11856 = ORIENTED_EDGE('',*,*,#8979,.T.);
#11857 = ORIENTED_EDGE('',*,*,#11858,.F.);
#11858 = EDGE_CURVE('',#3633,#8972,#11859,.T.);
#11859 = LINE('',#11860,#11861);
#11860 = CARTESIAN_POINT('',(136.117188,29.202627,0.));
#11861 = VECTOR('',#11862,1.);
#11862 = DIRECTION('',(0.,0.,1.));
#11863 = ORIENTED_EDGE('',*,*,#3640,.F.);
#11864 = PLANE('',#11865);
#11865 = AXIS2_PLACEMENT_3D('',#11866,#11867,#11868);
#11866 = CARTESIAN_POINT('',(135.549643,29.527462,0.));
#11867 = DIRECTION('',(0.496742387672,0.867898035653,-0.));
#11868 = DIRECTION('',(0.867898035653,-0.496742387672,0.));
#11869 = ADVANCED_FACE('',(#11870),#11881,.T.);
#11870 = FACE_BOUND('',#11871,.T.);
#11871 = EDGE_LOOP('',(#11872,#11878,#11879,#11880));
#11872 = ORIENTED_EDGE('',*,*,#11873,.T.);
#11873 = EDGE_CURVE('',#392,#5731,#11874,.T.);
#11874 = LINE('',#11875,#11876);
#11875 = CARTESIAN_POINT('',(76.395647,31.633546,0.));
#11876 = VECTOR('',#11877,1.);
#11877 = DIRECTION('',(0.,0.,1.));
#11878 = ORIENTED_EDGE('',*,*,#5730,.T.);
#11879 = ORIENTED_EDGE('',*,*,#11839,.F.);
#11880 = ORIENTED_EDGE('',*,*,#391,.F.);
#11881 = PLANE('',#11882);
#11882 = AXIS2_PLACEMENT_3D('',#11883,#11884,#11885);
#11883 = CARTESIAN_POINT('',(76.395647,31.633546,0.));
#11884 = DIRECTION('',(-0.359064883867,0.933312599922,0.));
#11885 = DIRECTION('',(0.933312599922,0.359064883867,0.));
#11886 = ADVANCED_FACE('',(#11887),#11898,.T.);
#11887 = FACE_BOUND('',#11888,.T.);
#11888 = EDGE_LOOP('',(#11889,#11890,#11891,#11897));
#11889 = ORIENTED_EDGE('',*,*,#11858,.T.);
#11890 = ORIENTED_EDGE('',*,*,#8971,.T.);
#11891 = ORIENTED_EDGE('',*,*,#11892,.F.);
#11892 = EDGE_CURVE('',#3625,#8964,#11893,.T.);
#11893 = LINE('',#11894,#11895);
#11894 = CARTESIAN_POINT('',(136.666641,28.876441,0.));
#11895 = VECTOR('',#11896,1.);
#11896 = DIRECTION('',(0.,0.,1.));
#11897 = ORIENTED_EDGE('',*,*,#3632,.F.);
#11898 = PLANE('',#11899);
#11899 = AXIS2_PLACEMENT_3D('',#11900,#11901,#11902);
#11900 = CARTESIAN_POINT('',(136.117188,29.202627,0.));
#11901 = DIRECTION('',(0.510478910286,0.859890273321,-0.));
#11902 = DIRECTION('',(0.859890273321,-0.510478910286,0.));
#11903 = ADVANCED_FACE('',(#11904),#11915,.T.);
#11904 = FACE_BOUND('',#11905,.T.);
#11905 = EDGE_LOOP('',(#11906,#11912,#11913,#11914));
#11906 = ORIENTED_EDGE('',*,*,#11907,.T.);
#11907 = EDGE_CURVE('',#400,#5739,#11908,.T.);
#11908 = LINE('',#11909,#11910);
#11909 = CARTESIAN_POINT('',(75.478577,31.269811,0.));
#11910 = VECTOR('',#11911,1.);
#11911 = DIRECTION('',(0.,0.,1.));
#11912 = ORIENTED_EDGE('',*,*,#5738,.T.);
#11913 = ORIENTED_EDGE('',*,*,#11873,.F.);
#11914 = ORIENTED_EDGE('',*,*,#399,.F.);
#11915 = PLANE('',#11916);
#11916 = AXIS2_PLACEMENT_3D('',#11917,#11918,#11919);
#11917 = CARTESIAN_POINT('',(75.478577,31.269811,0.));
#11918 = DIRECTION('',(-0.368686426906,0.929553827713,0.));
#11919 = DIRECTION('',(0.929553827713,0.368686426906,0.));
#11920 = ADVANCED_FACE('',(#11921),#11932,.T.);
#11921 = FACE_BOUND('',#11922,.T.);
#11922 = EDGE_LOOP('',(#11923,#11924,#11925,#11931));
#11923 = ORIENTED_EDGE('',*,*,#11892,.T.);
#11924 = ORIENTED_EDGE('',*,*,#8963,.T.);
#11925 = ORIENTED_EDGE('',*,*,#11926,.F.);
#11926 = EDGE_CURVE('',#3617,#8956,#11927,.T.);
#11927 = LINE('',#11928,#11929);
#11928 = CARTESIAN_POINT('',(137.213364,28.539928,0.));
#11929 = VECTOR('',#11930,1.);
#11930 = DIRECTION('',(0.,0.,1.));
#11931 = ORIENTED_EDGE('',*,*,#3624,.F.);
#11932 = PLANE('',#11933);
#11933 = AXIS2_PLACEMENT_3D('',#11934,#11935,#11936);
#11934 = CARTESIAN_POINT('',(136.666641,28.876441,0.));
#11935 = DIRECTION('',(0.524174337388,0.851610981625,-0.));
#11936 = DIRECTION('',(0.851610981625,-0.524174337388,0.));
#11937 = ADVANCED_FACE('',(#11938),#11949,.T.);
#11938 = FACE_BOUND('',#11939,.T.);
#11939 = EDGE_LOOP('',(#11940,#11946,#11947,#11948));
#11940 = ORIENTED_EDGE('',*,*,#11941,.T.);
#11941 = EDGE_CURVE('',#408,#5747,#11942,.T.);
#11942 = LINE('',#11943,#11944);
#11943 = CARTESIAN_POINT('',(74.551563,30.89105,0.));
#11944 = VECTOR('',#11945,1.);
#11945 = DIRECTION('',(0.,0.,1.));
#11946 = ORIENTED_EDGE('',*,*,#5746,.T.);
#11947 = ORIENTED_EDGE('',*,*,#11907,.F.);
#11948 = ORIENTED_EDGE('',*,*,#407,.F.);
#11949 = PLANE('',#11950);
#11950 = AXIS2_PLACEMENT_3D('',#11951,#11952,#11953);
#11951 = CARTESIAN_POINT('',(74.551563,30.89105,0.));
#11952 = DIRECTION('',(-0.378229044818,0.925712044675,0.));
#11953 = DIRECTION('',(0.925712044675,0.378229044818,0.));
#11954 = ADVANCED_FACE('',(#11955),#11966,.T.);
#11955 = FACE_BOUND('',#11956,.T.);
#11956 = EDGE_LOOP('',(#11957,#11958,#11959,#11965));
#11957 = ORIENTED_EDGE('',*,*,#11926,.T.);
#11958 = ORIENTED_EDGE('',*,*,#8955,.T.);
#11959 = ORIENTED_EDGE('',*,*,#11960,.F.);
#11960 = EDGE_CURVE('',#3609,#8948,#11961,.T.);
#11961 = LINE('',#11962,#11963);
#11962 = CARTESIAN_POINT('',(137.744295,28.201221,0.));
#11963 = VECTOR('',#11964,1.);
#11964 = DIRECTION('',(0.,0.,1.));
#11965 = ORIENTED_EDGE('',*,*,#3616,.F.);
#11966 = PLANE('',#11967);
#11967 = AXIS2_PLACEMENT_3D('',#11968,#11969,#11970);
#11968 = CARTESIAN_POINT('',(137.213364,28.539928,0.));
#11969 = DIRECTION('',(0.537826572022,0.843055501392,-0.));
#11970 = DIRECTION('',(0.843055501392,-0.537826572022,0.));
#11971 = ADVANCED_FACE('',(#11972),#11983,.T.);
#11972 = FACE_BOUND('',#11973,.T.);
#11973 = EDGE_LOOP('',(#11974,#11980,#11981,#11982));
#11974 = ORIENTED_EDGE('',*,*,#11975,.T.);
#11975 = EDGE_CURVE('',#416,#5755,#11976,.T.);
#11976 = LINE('',#11977,#11978);
#11977 = CARTESIAN_POINT('',(73.635805,30.505889,0.));
#11978 = VECTOR('',#11979,1.);
#11979 = DIRECTION('',(0.,0.,1.));
#11980 = ORIENTED_EDGE('',*,*,#5754,.T.);
#11981 = ORIENTED_EDGE('',*,*,#11941,.F.);
#11982 = ORIENTED_EDGE('',*,*,#415,.F.);
#11983 = PLANE('',#11984);
#11984 = AXIS2_PLACEMENT_3D('',#11985,#11986,#11987);
#11985 = CARTESIAN_POINT('',(73.635805,30.505889,0.));
#11986 = DIRECTION('',(-0.387696743754,0.921786979124,0.));
#11987 = DIRECTION('',(0.921786979124,0.387696743754,0.));
#11988 = ADVANCED_FACE('',(#11989),#12000,.T.);
#11989 = FACE_BOUND('',#11990,.T.);
#11990 = EDGE_LOOP('',(#11991,#11992,#11993,#11999));
#11991 = ORIENTED_EDGE('',*,*,#11960,.T.);
#11992 = ORIENTED_EDGE('',*,*,#8947,.T.);
#11993 = ORIENTED_EDGE('',*,*,#11994,.F.);
#11994 = EDGE_CURVE('',#3601,#8940,#11995,.T.);
#11995 = LINE('',#11996,#11997);
#11996 = CARTESIAN_POINT('',(138.27248,27.85211,0.));
#11997 = VECTOR('',#11998,1.);
#11998 = DIRECTION('',(0.,0.,1.));
#11999 = ORIENTED_EDGE('',*,*,#3608,.F.);
#12000 = PLANE('',#12001);
#12001 = AXIS2_PLACEMENT_3D('',#12002,#12003,#12004);
#12002 = CARTESIAN_POINT('',(137.744295,28.201221,0.));
#12003 = DIRECTION('',(0.551401975769,0.834239690447,-0.));
#12004 = DIRECTION('',(0.834239690447,-0.551401975769,0.));
#12005 = ADVANCED_FACE('',(#12006),#12017,.T.);
#12006 = FACE_BOUND('',#12007,.T.);
#12007 = EDGE_LOOP('',(#12008,#12014,#12015,#12016));
#12008 = ORIENTED_EDGE('',*,*,#12009,.T.);
#12009 = EDGE_CURVE('',#424,#5763,#12010,.T.);
#12010 = LINE('',#12011,#12012);
#12011 = CARTESIAN_POINT('',(73.317601,30.369516,0.));
#12012 = VECTOR('',#12013,1.);
#12013 = DIRECTION('',(0.,0.,1.));
#12014 = ORIENTED_EDGE('',*,*,#5762,.T.);
#12015 = ORIENTED_EDGE('',*,*,#11975,.F.);
#12016 = ORIENTED_EDGE('',*,*,#423,.F.);
#12017 = PLANE('',#12018);
#12018 = AXIS2_PLACEMENT_3D('',#12019,#12020,#12021);
#12019 = CARTESIAN_POINT('',(73.317601,30.369516,0.));
#12020 = DIRECTION('',(-0.393918949962,0.919145179425,0.));
#12021 = DIRECTION('',(0.919145179425,0.393918949962,0.));
#12022 = ADVANCED_FACE('',(#12023),#12034,.T.);
#12023 = FACE_BOUND('',#12024,.T.);
#12024 = EDGE_LOOP('',(#12025,#12026,#12027,#12033));
#12025 = ORIENTED_EDGE('',*,*,#11994,.T.);
#12026 = ORIENTED_EDGE('',*,*,#8939,.T.);
#12027 = ORIENTED_EDGE('',*,*,#12028,.F.);
#12028 = EDGE_CURVE('',#3593,#8932,#12029,.T.);
#12029 = LINE('',#12030,#12031);
#12030 = CARTESIAN_POINT('',(138.78677,27.500035,0.));
#12031 = VECTOR('',#12032,1.);
#12032 = DIRECTION('',(0.,0.,1.));
#12033 = ORIENTED_EDGE('',*,*,#3600,.F.);
#12034 = PLANE('',#12035);
#12035 = AXIS2_PLACEMENT_3D('',#12036,#12037,#12038);
#12036 = CARTESIAN_POINT('',(138.27248,27.85211,0.));
#12037 = DIRECTION('',(0.564894128382,0.825163392135,-0.));
#12038 = DIRECTION('',(0.825163392135,-0.564894128382,0.));
#12039 = ADVANCED_FACE('',(#12040),#12051,.T.);
#12040 = FACE_BOUND('',#12041,.T.);
#12041 = EDGE_LOOP('',(#12042,#12048,#12049,#12050));
#12042 = ORIENTED_EDGE('',*,*,#12043,.T.);
#12043 = EDGE_CURVE('',#432,#5771,#12044,.T.);
#12044 = LINE('',#12045,#12046);
#12045 = CARTESIAN_POINT('',(72.355499,29.949527,0.));
#12046 = VECTOR('',#12047,1.);
#12047 = DIRECTION('',(0.,0.,1.));
#12048 = ORIENTED_EDGE('',*,*,#5770,.T.);
#12049 = ORIENTED_EDGE('',*,*,#12009,.F.);
#12050 = ORIENTED_EDGE('',*,*,#431,.F.);
#12051 = PLANE('',#12052);
#12052 = AXIS2_PLACEMENT_3D('',#12053,#12054,#12055);
#12053 = CARTESIAN_POINT('',(72.355499,29.949527,0.));
#12054 = DIRECTION('',(-0.400074624737,0.916482566469,0.));
#12055 = DIRECTION('',(0.916482566469,0.400074624737,0.));
#12056 = ADVANCED_FACE('',(#12057),#12068,.T.);
#12057 = FACE_BOUND('',#12058,.T.);
#12058 = EDGE_LOOP('',(#12059,#12060,#12061,#12067));
#12059 = ORIENTED_EDGE('',*,*,#12028,.T.);
#12060 = ORIENTED_EDGE('',*,*,#8931,.T.);
#12061 = ORIENTED_EDGE('',*,*,#12062,.F.);
#12062 = EDGE_CURVE('',#3585,#8924,#12063,.T.);
#12063 = LINE('',#12064,#12065);
#12064 = CARTESIAN_POINT('',(139.298294,27.137462,0.));
#12065 = VECTOR('',#12066,1.);
#12066 = DIRECTION('',(0.,0.,1.));
#12067 = ORIENTED_EDGE('',*,*,#3592,.F.);
#12068 = PLANE('',#12069);
#12069 = AXIS2_PLACEMENT_3D('',#12070,#12071,#12072);
#12070 = CARTESIAN_POINT('',(138.78677,27.500035,0.));
#12071 = DIRECTION('',(0.578275921561,0.815841258176,-0.));
#12072 = DIRECTION('',(0.815841258176,-0.578275921561,0.));
#12073 = ADVANCED_FACE('',(#12074),#12085,.T.);
#12074 = FACE_BOUND('',#12075,.T.);
#12075 = EDGE_LOOP('',(#12076,#12082,#12083,#12084));
#12076 = ORIENTED_EDGE('',*,*,#12077,.T.);
#12077 = EDGE_CURVE('',#440,#5779,#12078,.T.);
#12078 = LINE('',#12079,#12080);
#12079 = CARTESIAN_POINT('',(71.405802,29.523699,0.));
#12080 = VECTOR('',#12081,1.);
#12081 = DIRECTION('',(0.,0.,1.));
#12082 = ORIENTED_EDGE('',*,*,#5778,.T.);
#12083 = ORIENTED_EDGE('',*,*,#12043,.F.);
#12084 = ORIENTED_EDGE('',*,*,#439,.F.);
#12085 = PLANE('',#12086);
#12086 = AXIS2_PLACEMENT_3D('',#12087,#12088,#12089);
#12087 = CARTESIAN_POINT('',(71.405802,29.523699,0.));
#12088 = DIRECTION('',(-0.409137313018,0.912472826497,0.));
#12089 = DIRECTION('',(0.912472826497,0.409137313018,0.));
#12090 = ADVANCED_FACE('',(#12091),#12102,.T.);
#12091 = FACE_BOUND('',#12092,.T.);
#12092 = EDGE_LOOP('',(#12093,#12094,#12095,#12101));
#12093 = ORIENTED_EDGE('',*,*,#12062,.T.);
#12094 = ORIENTED_EDGE('',*,*,#8923,.T.);
#12095 = ORIENTED_EDGE('',*,*,#12096,.F.);
#12096 = EDGE_CURVE('',#3577,#8916,#12097,.T.);
#12097 = LINE('',#12098,#12099);
#12098 = CARTESIAN_POINT('',(139.797513,26.771199,0.));
#12099 = VECTOR('',#12100,1.);
#12100 = DIRECTION('',(0.,0.,1.));
#12101 = ORIENTED_EDGE('',*,*,#3584,.F.);
#12102 = PLANE('',#12103);
#12103 = AXIS2_PLACEMENT_3D('',#12104,#12105,#12106);
#12104 = CARTESIAN_POINT('',(139.298294,27.137462,0.));
#12105 = DIRECTION('',(0.591541213884,0.806274762272,-0.));
#12106 = DIRECTION('',(0.806274762272,-0.591541213884,0.));
#12107 = ADVANCED_FACE('',(#12108),#12119,.T.);
#12108 = FACE_BOUND('',#12109,.T.);
#12109 = EDGE_LOOP('',(#12110,#12116,#12117,#12118));
#12110 = ORIENTED_EDGE('',*,*,#12111,.T.);
#12111 = EDGE_CURVE('',#448,#5787,#12112,.T.);
#12112 = LINE('',#12113,#12114);
#12113 = CARTESIAN_POINT('',(70.431026,29.075055,0.));
#12114 = VECTOR('',#12115,1.);
#12115 = DIRECTION('',(0.,0.,1.));
#12116 = ORIENTED_EDGE('',*,*,#5786,.T.);
#12117 = ORIENTED_EDGE('',*,*,#12077,.F.);
#12118 = ORIENTED_EDGE('',*,*,#447,.F.);
#12119 = PLANE('',#12120);
#12120 = AXIS2_PLACEMENT_3D('',#12121,#12122,#12123);
#12121 = CARTESIAN_POINT('',(70.431026,29.075055,0.));
#12122 = DIRECTION('',(-0.418095611411,0.908403027141,0.));
#12123 = DIRECTION('',(0.908403027141,0.418095611411,0.));
#12124 = ADVANCED_FACE('',(#12125),#12136,.T.);
#12125 = FACE_BOUND('',#12126,.T.);
#12126 = EDGE_LOOP('',(#12127,#12128,#12129,#12135));
#12127 = ORIENTED_EDGE('',*,*,#12096,.T.);
#12128 = ORIENTED_EDGE('',*,*,#8915,.T.);
#12129 = ORIENTED_EDGE('',*,*,#12130,.F.);
#12130 = EDGE_CURVE('',#3569,#8908,#12131,.T.);
#12131 = LINE('',#12132,#12133);
#12132 = CARTESIAN_POINT('',(140.293941,26.394328,0.));
#12133 = VECTOR('',#12134,1.);
#12134 = DIRECTION('',(0.,0.,1.));
#12135 = ORIENTED_EDGE('',*,*,#3576,.F.);
#12136 = PLANE('',#12137);
#12137 = AXIS2_PLACEMENT_3D('',#12138,#12139,#12140);
#12138 = CARTESIAN_POINT('',(139.797513,26.771199,0.));
#12139 = DIRECTION('',(0.604661858104,0.796482289417,-0.));
#12140 = DIRECTION('',(0.796482289417,-0.604661858104,0.));
#12141 = ADVANCED_FACE('',(#12142),#12153,.T.);
#12142 = FACE_BOUND('',#12143,.T.);
#12143 = EDGE_LOOP('',(#12144,#12150,#12151,#12152));
#12144 = ORIENTED_EDGE('',*,*,#12145,.T.);
#12145 = EDGE_CURVE('',#456,#5795,#12146,.T.);
#12146 = LINE('',#12147,#12148);
#12147 = CARTESIAN_POINT('',(69.469389,28.621051,0.));
#12148 = VECTOR('',#12149,1.);
#12149 = DIRECTION('',(0.,0.,1.));
#12150 = ORIENTED_EDGE('',*,*,#5794,.T.);
#12151 = ORIENTED_EDGE('',*,*,#12111,.F.);
#12152 = ORIENTED_EDGE('',*,*,#455,.F.);
#12153 = PLANE('',#12154);
#12154 = AXIS2_PLACEMENT_3D('',#12155,#12156,#12157);
#12155 = CARTESIAN_POINT('',(69.469389,28.621051,0.));
#12156 = DIRECTION('',(-0.426927598255,0.904285809824,0.));
#12157 = DIRECTION('',(0.904285809824,0.426927598255,0.));
#12158 = ADVANCED_FACE('',(#12159),#12170,.T.);
#12159 = FACE_BOUND('',#12160,.T.);
#12160 = EDGE_LOOP('',(#12161,#12162,#12163,#12169));
#12161 = ORIENTED_EDGE('',*,*,#12130,.T.);
#12162 = ORIENTED_EDGE('',*,*,#8907,.T.);
#12163 = ORIENTED_EDGE('',*,*,#12164,.F.);
#12164 = EDGE_CURVE('',#3561,#8900,#12165,.T.);
#12165 = LINE('',#12166,#12167);
#12166 = CARTESIAN_POINT('',(141.068224,25.780092,0.));
#12167 = VECTOR('',#12168,1.);
#12168 = DIRECTION('',(0.,0.,1.));
#12169 = ORIENTED_EDGE('',*,*,#3568,.F.);
#12170 = PLANE('',#12171);
#12171 = AXIS2_PLACEMENT_3D('',#12172,#12173,#12174);
#12172 = CARTESIAN_POINT('',(140.293941,26.394328,0.));
#12173 = DIRECTION('',(0.621487552746,0.78342403702,-0.));
#12174 = DIRECTION('',(0.78342403702,-0.621487552746,0.));
#12175 = ADVANCED_FACE('',(#12176),#12187,.T.);
#12176 = FACE_BOUND('',#12177,.T.);
#12177 = EDGE_LOOP('',(#12178,#12184,#12185,#12186));
#12178 = ORIENTED_EDGE('',*,*,#12179,.T.);
#12179 = EDGE_CURVE('',#464,#5803,#12180,.T.);
#12180 = LINE('',#12181,#12182);
#12181 = CARTESIAN_POINT('',(68.477096,28.140799,0.));
#12182 = VECTOR('',#12183,1.);
#12183 = DIRECTION('',(0.,0.,1.));
#12184 = ORIENTED_EDGE('',*,*,#5802,.T.);
#12185 = ORIENTED_EDGE('',*,*,#12145,.F.);
#12186 = ORIENTED_EDGE('',*,*,#463,.F.);
#12187 = PLANE('',#12188);
#12188 = AXIS2_PLACEMENT_3D('',#12189,#12190,#12191);
#12189 = CARTESIAN_POINT('',(68.477096,28.140799,0.));
#12190 = DIRECTION('',(-0.435641944521,0.900120045424,0.));
#12191 = DIRECTION('',(0.900120045424,0.435641944521,0.));
#12192 = ADVANCED_FACE('',(#12193),#12204,.T.);
#12193 = FACE_BOUND('',#12194,.T.);
#12194 = EDGE_LOOP('',(#12195,#12196,#12197,#12203));
#12195 = ORIENTED_EDGE('',*,*,#12164,.T.);
#12196 = ORIENTED_EDGE('',*,*,#8899,.T.);
#12197 = ORIENTED_EDGE('',*,*,#12198,.F.);
#12198 = EDGE_CURVE('',#3553,#8892,#12199,.T.);
#12199 = LINE('',#12200,#12201);
#12200 = CARTESIAN_POINT('',(142.006935,24.989392,0.));
#12201 = VECTOR('',#12202,1.);
#12202 = DIRECTION('',(0.,0.,1.));
#12203 = ORIENTED_EDGE('',*,*,#3560,.F.);
#12204 = PLANE('',#12205);
#12205 = AXIS2_PLACEMENT_3D('',#12206,#12207,#12208);
#12206 = CARTESIAN_POINT('',(141.068224,25.780092,0.));
#12207 = DIRECTION('',(0.644234193564,0.764828283893,-0.));
#12208 = DIRECTION('',(0.764828283893,-0.644234193564,0.));
#12209 = ADVANCED_FACE('',(#12210),#12221,.T.);
#12210 = FACE_BOUND('',#12211,.T.);
#12211 = EDGE_LOOP('',(#12212,#12218,#12219,#12220));
#12212 = ORIENTED_EDGE('',*,*,#12213,.T.);
#12213 = EDGE_CURVE('',#472,#5811,#12214,.T.);
#12214 = LINE('',#12215,#12216);
#12215 = CARTESIAN_POINT('',(67.498869,27.655772,0.));
#12216 = VECTOR('',#12217,1.);
#12217 = DIRECTION('',(0.,0.,1.));
#12218 = ORIENTED_EDGE('',*,*,#5810,.T.);
#12219 = ORIENTED_EDGE('',*,*,#12179,.F.);
#12220 = ORIENTED_EDGE('',*,*,#471,.F.);
#12221 = PLANE('',#12222);
#12222 = AXIS2_PLACEMENT_3D('',#12223,#12224,#12225);
#12223 = CARTESIAN_POINT('',(67.498869,27.655772,0.));
#12224 = DIRECTION('',(-0.444216959355,0.895919244699,0.));
#12225 = DIRECTION('',(0.895919244699,0.444216959355,0.));
#12226 = ADVANCED_FACE('',(#12227),#12238,.T.);
#12227 = FACE_BOUND('',#12228,.T.);
#12228 = EDGE_LOOP('',(#12229,#12230,#12231,#12237));
#12229 = ORIENTED_EDGE('',*,*,#12198,.T.);
#12230 = ORIENTED_EDGE('',*,*,#8891,.T.);
#12231 = ORIENTED_EDGE('',*,*,#12232,.F.);
#12232 = EDGE_CURVE('',#3545,#8884,#12233,.T.);
#12233 = LINE('',#12234,#12235);
#12234 = CARTESIAN_POINT('',(142.938663,24.152042,0.));
#12235 = VECTOR('',#12236,1.);
#12236 = DIRECTION('',(0.,0.,1.));
#12237 = ORIENTED_EDGE('',*,*,#3552,.F.);
#12238 = PLANE('',#12239);
#12239 = AXIS2_PLACEMENT_3D('',#12240,#12241,#12242);
#12240 = CARTESIAN_POINT('',(142.006935,24.989392,0.));
#12241 = DIRECTION('',(0.668433026119,0.743772337206,-0.));
#12242 = DIRECTION('',(0.743772337206,-0.668433026119,0.));
#12243 = ADVANCED_FACE('',(#12244),#12255,.T.);
#12244 = FACE_BOUND('',#12245,.T.);
#12245 = EDGE_LOOP('',(#12246,#12252,#12253,#12254));
#12246 = ORIENTED_EDGE('',*,*,#12247,.T.);
#12247 = EDGE_CURVE('',#480,#5819,#12248,.T.);
#12248 = LINE('',#12249,#12250);
#12249 = CARTESIAN_POINT('',(66.482116,27.139621,0.));
#12250 = VECTOR('',#12251,1.);
#12251 = DIRECTION('',(0.,0.,1.));
#12252 = ORIENTED_EDGE('',*,*,#5818,.T.);
#12253 = ORIENTED_EDGE('',*,*,#12213,.F.);
#12254 = ORIENTED_EDGE('',*,*,#479,.F.);
#12255 = PLANE('',#12256);
#12256 = AXIS2_PLACEMENT_3D('',#12257,#12258,#12259);
#12257 = CARTESIAN_POINT('',(66.482116,27.139621,0.));
#12258 = DIRECTION('',(-0.452659813106,0.891683292206,0.));
#12259 = DIRECTION('',(0.891683292206,0.452659813106,0.));
#12260 = ADVANCED_FACE('',(#12261),#12272,.T.);
#12261 = FACE_BOUND('',#12262,.T.);
#12262 = EDGE_LOOP('',(#12263,#12264,#12265,#12271));
#12263 = ORIENTED_EDGE('',*,*,#12232,.T.);
#12264 = ORIENTED_EDGE('',*,*,#8883,.T.);
#12265 = ORIENTED_EDGE('',*,*,#12266,.F.);
#12266 = EDGE_CURVE('',#3537,#8876,#12267,.T.);
#12267 = LINE('',#12268,#12269);
#12268 = CARTESIAN_POINT('',(143.861789,23.268389,0.));
#12269 = VECTOR('',#12270,1.);
#12270 = DIRECTION('',(0.,0.,1.));
#12271 = ORIENTED_EDGE('',*,*,#3544,.F.);
#12272 = PLANE('',#12273);
#12273 = AXIS2_PLACEMENT_3D('',#12274,#12275,#12276);
#12274 = CARTESIAN_POINT('',(142.938663,24.152042,0.));
#12275 = DIRECTION('',(0.69149349748,0.722382684554,-0.));
#12276 = DIRECTION('',(0.722382684554,-0.69149349748,0.));
#12277 = ADVANCED_FACE('',(#12278),#12289,.T.);
#12278 = FACE_BOUND('',#12279,.T.);
#12279 = EDGE_LOOP('',(#12280,#12286,#12287,#12288));
#12280 = ORIENTED_EDGE('',*,*,#12281,.T.);
#12281 = EDGE_CURVE('',#488,#5827,#12282,.T.);
#12282 = LINE('',#12283,#12284);
#12283 = CARTESIAN_POINT('',(65.480636,26.619438,0.));
#12284 = VECTOR('',#12285,1.);
#12285 = DIRECTION('',(0.,0.,1.));
#12286 = ORIENTED_EDGE('',*,*,#5826,.T.);
#12287 = ORIENTED_EDGE('',*,*,#12247,.F.);
#12288 = ORIENTED_EDGE('',*,*,#487,.F.);
#12289 = PLANE('',#12290);
#12290 = AXIS2_PLACEMENT_3D('',#12291,#12292,#12293);
#12291 = CARTESIAN_POINT('',(65.480636,26.619438,0.));
#12292 = DIRECTION('',(-0.46094352761,0.887429470073,0.));
#12293 = DIRECTION('',(0.887429470073,0.46094352761,0.));
#12294 = ADVANCED_FACE('',(#12295),#12306,.T.);
#12295 = FACE_BOUND('',#12296,.T.);
#12296 = EDGE_LOOP('',(#12297,#12298,#12299,#12305));
#12297 = ORIENTED_EDGE('',*,*,#12266,.T.);
#12298 = ORIENTED_EDGE('',*,*,#8875,.T.);
#12299 = ORIENTED_EDGE('',*,*,#12300,.F.);
#12300 = EDGE_CURVE('',#3529,#8868,#12301,.T.);
#12301 = LINE('',#12302,#12303);
#12302 = CARTESIAN_POINT('',(144.774668,22.338903,0.));
#12303 = VECTOR('',#12304,1.);
#12304 = DIRECTION('',(0.,0.,1.));
#12305 = ORIENTED_EDGE('',*,*,#3536,.F.);
#12306 = PLANE('',#12307);
#12307 = AXIS2_PLACEMENT_3D('',#12308,#12309,#12310);
#12308 = CARTESIAN_POINT('',(143.861789,23.268389,0.));
#12309 = DIRECTION('',(0.713451627839,0.700704484597,-0.));
#12310 = DIRECTION('',(0.700704484597,-0.713451627839,0.));
#12311 = ADVANCED_FACE('',(#12312),#12323,.T.);
#12312 = FACE_BOUND('',#12313,.T.);
#12313 = EDGE_LOOP('',(#12314,#12320,#12321,#12322));
#12314 = ORIENTED_EDGE('',*,*,#12315,.T.);
#12315 = EDGE_CURVE('',#496,#5835,#12316,.T.);
#12316 = LINE('',#12317,#12318);
#12317 = CARTESIAN_POINT('',(64.428754,26.060735,0.));
#12318 = VECTOR('',#12319,1.);
#12319 = DIRECTION('',(0.,0.,1.));
#12320 = ORIENTED_EDGE('',*,*,#5834,.T.);
#12321 = ORIENTED_EDGE('',*,*,#12281,.F.);
#12322 = ORIENTED_EDGE('',*,*,#495,.F.);
#12323 = PLANE('',#12324);
#12324 = AXIS2_PLACEMENT_3D('',#12325,#12326,#12327);
#12325 = CARTESIAN_POINT('',(64.428754,26.060735,0.));
#12326 = DIRECTION('',(-0.46908364728,0.883153741913,0.));
#12327 = DIRECTION('',(0.883153741913,0.46908364728,0.));
#12328 = ADVANCED_FACE('',(#12329),#12340,.T.);
#12329 = FACE_BOUND('',#12330,.T.);
#12330 = EDGE_LOOP('',(#12331,#12332,#12333,#12339));
#12331 = ORIENTED_EDGE('',*,*,#12300,.T.);
#12332 = ORIENTED_EDGE('',*,*,#8867,.T.);
#12333 = ORIENTED_EDGE('',*,*,#12334,.F.);
#12334 = EDGE_CURVE('',#3521,#8860,#12335,.T.);
#12335 = LINE('',#12336,#12337);
#12336 = CARTESIAN_POINT('',(145.675633,21.36417,0.));
#12337 = VECTOR('',#12338,1.);
#12338 = DIRECTION('',(0.,0.,1.));
#12339 = ORIENTED_EDGE('',*,*,#3528,.F.);
#12340 = PLANE('',#12341);
#12341 = AXIS2_PLACEMENT_3D('',#12342,#12343,#12344);
#12342 = CARTESIAN_POINT('',(144.774668,22.338903,0.));
#12343 = DIRECTION('',(0.734348389402,0.678772747673,-0.));
#12344 = DIRECTION('',(0.678772747673,-0.734348389402,0.));
#12345 = ADVANCED_FACE('',(#12346),#12357,.T.);
#12346 = FACE_BOUND('',#12347,.T.);
#12347 = EDGE_LOOP('',(#12348,#12354,#12355,#12356));
#12348 = ORIENTED_EDGE('',*,*,#12349,.T.);
#12349 = EDGE_CURVE('',#504,#5843,#12350,.T.);
#12350 = LINE('',#12351,#12352);
#12351 = CARTESIAN_POINT('',(63.393804,25.498987,0.));
#12352 = VECTOR('',#12353,1.);
#12353 = DIRECTION('',(0.,0.,1.));
#12354 = ORIENTED_EDGE('',*,*,#5842,.T.);
#12355 = ORIENTED_EDGE('',*,*,#12315,.F.);
#12356 = ORIENTED_EDGE('',*,*,#503,.F.);
#12357 = PLANE('',#12358);
#12358 = AXIS2_PLACEMENT_3D('',#12359,#12360,#12361);
#12359 = CARTESIAN_POINT('',(63.393804,25.498987,0.));
#12360 = DIRECTION('',(-0.47703807737,0.878882627396,0.));
#12361 = DIRECTION('',(0.878882627396,0.47703807737,0.));
#12362 = ADVANCED_FACE('',(#12363),#12374,.T.);
#12363 = FACE_BOUND('',#12364,.T.);
#12364 = EDGE_LOOP('',(#12365,#12366,#12367,#12373));
#12365 = ORIENTED_EDGE('',*,*,#12334,.T.);
#12366 = ORIENTED_EDGE('',*,*,#8859,.T.);
#12367 = ORIENTED_EDGE('',*,*,#12368,.F.);
#12368 = EDGE_CURVE('',#3513,#8852,#12369,.T.);
#12369 = LINE('',#12370,#12371);
#12370 = CARTESIAN_POINT('',(146.563008,20.344893,0.));
#12371 = VECTOR('',#12372,1.);
#12372 = DIRECTION('',(0.,0.,1.));
#12373 = ORIENTED_EDGE('',*,*,#3520,.F.);
#12374 = PLANE('',#12375);
#12375 = AXIS2_PLACEMENT_3D('',#12376,#12377,#12378);
#12376 = CARTESIAN_POINT('',(145.675633,21.36417,0.));
#12377 = DIRECTION('',(0.754221714422,0.656619833309,-0.));
#12378 = DIRECTION('',(0.656619833309,-0.754221714422,0.));
#12379 = ADVANCED_FACE('',(#12380),#12391,.T.);
#12380 = FACE_BOUND('',#12381,.T.);
#12381 = EDGE_LOOP('',(#12382,#12388,#12389,#12390));
#12382 = ORIENTED_EDGE('',*,*,#12383,.T.);
#12383 = EDGE_CURVE('',#512,#5851,#12384,.T.);
#12384 = LINE('',#12385,#12386);
#12385 = CARTESIAN_POINT('',(62.288664,24.886358,0.));
#12386 = VECTOR('',#12387,1.);
#12387 = DIRECTION('',(0.,0.,1.));
#12388 = ORIENTED_EDGE('',*,*,#5850,.T.);
#12389 = ORIENTED_EDGE('',*,*,#12349,.F.);
#12390 = ORIENTED_EDGE('',*,*,#511,.F.);
#12391 = PLANE('',#12392);
#12392 = AXIS2_PLACEMENT_3D('',#12393,#12394,#12395);
#12393 = CARTESIAN_POINT('',(62.288664,24.886358,0.));
#12394 = DIRECTION('',(-0.484833771943,0.8746063192,0.));
#12395 = DIRECTION('',(0.8746063192,0.484833771943,0.));
#12396 = ADVANCED_FACE('',(#12397),#12408,.T.);
#12397 = FACE_BOUND('',#12398,.T.);
#12398 = EDGE_LOOP('',(#12399,#12400,#12401,#12407));
#12399 = ORIENTED_EDGE('',*,*,#12368,.T.);
#12400 = ORIENTED_EDGE('',*,*,#8851,.T.);
#12401 = ORIENTED_EDGE('',*,*,#12402,.F.);
#12402 = EDGE_CURVE('',#3505,#8844,#12403,.T.);
#12403 = LINE('',#12404,#12405);
#12404 = CARTESIAN_POINT('',(147.435126,19.281888,0.));
#12405 = VECTOR('',#12406,1.);
#12406 = DIRECTION('',(0.,0.,1.));
#12407 = ORIENTED_EDGE('',*,*,#3512,.F.);
#12408 = PLANE('',#12409);
#12409 = AXIS2_PLACEMENT_3D('',#12410,#12411,#12412);
#12410 = CARTESIAN_POINT('',(146.563008,20.344893,0.));
#12411 = DIRECTION('',(0.773105906039,0.634276956894,-0.));
#12412 = DIRECTION('',(0.634276956894,-0.773105906039,0.));
#12413 = ADVANCED_FACE('',(#12414),#12425,.T.);
#12414 = FACE_BOUND('',#12415,.T.);
#12415 = EDGE_LOOP('',(#12416,#12422,#12423,#12424));
#12416 = ORIENTED_EDGE('',*,*,#12417,.T.);
#12417 = EDGE_CURVE('',#520,#5859,#12418,.T.);
#12418 = LINE('',#12419,#12420);
#12419 = CARTESIAN_POINT('',(61.202922,24.272101,0.));
#12420 = VECTOR('',#12421,1.);
#12421 = DIRECTION('',(0.,0.,1.));
#12422 = ORIENTED_EDGE('',*,*,#5858,.T.);
#12423 = ORIENTED_EDGE('',*,*,#12383,.F.);
#12424 = ORIENTED_EDGE('',*,*,#519,.F.);
#12425 = PLANE('',#12426);
#12426 = AXIS2_PLACEMENT_3D('',#12427,#12428,#12429);
#12427 = CARTESIAN_POINT('',(61.202922,24.272101,0.));
#12428 = DIRECTION('',(-0.492407608914,0.870364720496,0.));
#12429 = DIRECTION('',(0.870364720496,0.492407608914,0.));
#12430 = ADVANCED_FACE('',(#12431),#12442,.T.);
#12431 = FACE_BOUND('',#12432,.T.);
#12432 = EDGE_LOOP('',(#12433,#12434,#12435,#12441));
#12433 = ORIENTED_EDGE('',*,*,#12402,.T.);
#12434 = ORIENTED_EDGE('',*,*,#8843,.T.);
#12435 = ORIENTED_EDGE('',*,*,#12436,.F.);
#12436 = EDGE_CURVE('',#3497,#8836,#12437,.T.);
#12437 = LINE('',#12438,#12439);
#12438 = CARTESIAN_POINT('',(148.29033,18.176073,0.));
#12439 = VECTOR('',#12440,1.);
#12440 = DIRECTION('',(0.,0.,1.));
#12441 = ORIENTED_EDGE('',*,*,#3504,.F.);
#12442 = PLANE('',#12443);
#12443 = AXIS2_PLACEMENT_3D('',#12444,#12445,#12446);
#12444 = CARTESIAN_POINT('',(147.435126,19.281888,0.));
#12445 = DIRECTION('',(0.791038998513,0.611765725446,-0.));
#12446 = DIRECTION('',(0.611765725446,-0.791038998513,0.));
#12447 = ADVANCED_FACE('',(#12448),#12459,.T.);
#12448 = FACE_BOUND('',#12449,.T.);
#12449 = EDGE_LOOP('',(#12450,#12456,#12457,#12458));
#12450 = ORIENTED_EDGE('',*,*,#12451,.T.);
#12451 = EDGE_CURVE('',#528,#5867,#12452,.T.);
#12452 = LINE('',#12453,#12454);
#12453 = CARTESIAN_POINT('',(60.008168,23.582655,0.));
#12454 = VECTOR('',#12455,1.);
#12455 = DIRECTION('',(0.,0.,1.));
#12456 = ORIENTED_EDGE('',*,*,#5866,.T.);
#12457 = ORIENTED_EDGE('',*,*,#12417,.F.);
#12458 = ORIENTED_EDGE('',*,*,#527,.F.);
#12459 = PLANE('',#12460);
#12460 = AXIS2_PLACEMENT_3D('',#12461,#12462,#12463);
#12461 = CARTESIAN_POINT('',(60.008168,23.582655,0.));
#12462 = DIRECTION('',(-0.499812112569,0.866133853471,0.));
#12463 = DIRECTION('',(0.866133853471,0.499812112569,0.));
#12464 = ADVANCED_FACE('',(#12465),#12476,.T.);
#12465 = FACE_BOUND('',#12466,.T.);
#12466 = EDGE_LOOP('',(#12467,#12468,#12469,#12475));
#12467 = ORIENTED_EDGE('',*,*,#12436,.T.);
#12468 = ORIENTED_EDGE('',*,*,#8835,.T.);
#12469 = ORIENTED_EDGE('',*,*,#12470,.F.);
#12470 = EDGE_CURVE('',#3489,#8828,#12471,.T.);
#12471 = LINE('',#12472,#12473);
#12472 = CARTESIAN_POINT('',(148.711251,17.607189,0.));
#12473 = VECTOR('',#12474,1.);
#12474 = DIRECTION('',(0.,0.,1.));
#12475 = ORIENTED_EDGE('',*,*,#3496,.F.);
#12476 = PLANE('',#12477);
#12477 = AXIS2_PLACEMENT_3D('',#12478,#12479,#12480);
#12478 = CARTESIAN_POINT('',(148.29033,18.176073,0.));
#12479 = DIRECTION('',(0.803877816742,0.59479446513,-0.));
#12480 = DIRECTION('',(0.59479446513,-0.803877816742,0.));
#12481 = ADVANCED_FACE('',(#12482),#12493,.T.);
#12482 = FACE_BOUND('',#12483,.T.);
#12483 = EDGE_LOOP('',(#12484,#12490,#12491,#12492));
#12484 = ORIENTED_EDGE('',*,*,#12485,.T.);
#12485 = EDGE_CURVE('',#536,#5875,#12486,.T.);
#12486 = LINE('',#12487,#12488);
#12487 = CARTESIAN_POINT('',(58.837006,22.893888,0.));
#12488 = VECTOR('',#12489,1.);
#12489 = DIRECTION('',(0.,0.,1.));
#12490 = ORIENTED_EDGE('',*,*,#5874,.T.);
#12491 = ORIENTED_EDGE('',*,*,#12451,.F.);
#12492 = ORIENTED_EDGE('',*,*,#535,.F.);
#12493 = PLANE('',#12494);
#12494 = AXIS2_PLACEMENT_3D('',#12495,#12496,#12497);
#12495 = CARTESIAN_POINT('',(58.837006,22.893888,0.));
#12496 = DIRECTION('',(-0.506937106822,0.861983044919,0.));
#12497 = DIRECTION('',(0.861983044919,0.506937106822,0.));
#12498 = ADVANCED_FACE('',(#12499),#12510,.T.);
#12499 = FACE_BOUND('',#12500,.T.);
#12500 = EDGE_LOOP('',(#12501,#12502,#12503,#12509));
#12501 = ORIENTED_EDGE('',*,*,#12470,.T.);
#12502 = ORIENTED_EDGE('',*,*,#8827,.T.);
#12503 = ORIENTED_EDGE('',*,*,#12504,.F.);
#12504 = EDGE_CURVE('',#3481,#8820,#12505,.T.);
#12505 = LINE('',#12506,#12507);
#12506 = CARTESIAN_POINT('',(149.126991,17.028463,0.));
#12507 = VECTOR('',#12508,1.);
#12508 = DIRECTION('',(0.,0.,1.));
#12509 = ORIENTED_EDGE('',*,*,#3488,.F.);
#12510 = PLANE('',#12511);
#12511 = AXIS2_PLACEMENT_3D('',#12512,#12513,#12514);
#12512 = CARTESIAN_POINT('',(148.711251,17.607189,0.));
#12513 = DIRECTION('',(0.812161206918,0.583433092974,-0.));
#12514 = DIRECTION('',(0.583433092974,-0.812161206918,0.));
#12515 = ADVANCED_FACE('',(#12516),#12527,.T.);
#12516 = FACE_BOUND('',#12517,.T.);
#12517 = EDGE_LOOP('',(#12518,#12524,#12525,#12526));
#12518 = ORIENTED_EDGE('',*,*,#12519,.T.);
#12519 = EDGE_CURVE('',#544,#5883,#12520,.T.);
#12520 = LINE('',#12521,#12522);
#12521 = CARTESIAN_POINT('',(58.185425,22.505543,0.));
#12522 = VECTOR('',#12523,1.);
#12523 = DIRECTION('',(0.,0.,1.));
#12524 = ORIENTED_EDGE('',*,*,#5882,.T.);
#12525 = ORIENTED_EDGE('',*,*,#12485,.F.);
#12526 = ORIENTED_EDGE('',*,*,#543,.F.);
#12527 = PLANE('',#12528);
#12528 = AXIS2_PLACEMENT_3D('',#12529,#12530,#12531);
#12529 = CARTESIAN_POINT('',(58.185425,22.505543,0.));
#12530 = DIRECTION('',(-0.511969686537,0.859003515748,0.));
#12531 = DIRECTION('',(0.859003515748,0.511969686537,0.));
#12532 = ADVANCED_FACE('',(#12533),#12544,.T.);
#12533 = FACE_BOUND('',#12534,.T.);
#12534 = EDGE_LOOP('',(#12535,#12536,#12537,#12543));
#12535 = ORIENTED_EDGE('',*,*,#12504,.T.);
#12536 = ORIENTED_EDGE('',*,*,#8819,.T.);
#12537 = ORIENTED_EDGE('',*,*,#12538,.F.);
#12538 = EDGE_CURVE('',#3473,#8812,#12539,.T.);
#12539 = LINE('',#12540,#12541);
#12540 = CARTESIAN_POINT('',(149.537982,16.439162,0.));
#12541 = VECTOR('',#12542,1.);
#12542 = DIRECTION('',(0.,0.,1.));
#12543 = ORIENTED_EDGE('',*,*,#3480,.F.);
#12544 = PLANE('',#12545);
#12545 = AXIS2_PLACEMENT_3D('',#12546,#12547,#12548);
#12546 = CARTESIAN_POINT('',(149.126991,17.028463,0.));
#12547 = DIRECTION('',(0.820224413098,0.572041879724,-0.));
#12548 = DIRECTION('',(0.572041879724,-0.820224413098,0.));
#12549 = ADVANCED_FACE('',(#12550),#12561,.T.);
#12550 = FACE_BOUND('',#12551,.T.);
#12551 = EDGE_LOOP('',(#12552,#12558,#12559,#12560));
#12552 = ORIENTED_EDGE('',*,*,#12553,.T.);
#12553 = EDGE_CURVE('',#552,#5891,#12554,.T.);
#12554 = LINE('',#12555,#12556);
#12555 = CARTESIAN_POINT('',(56.997496,21.788368,0.));
#12556 = VECTOR('',#12557,1.);
#12557 = DIRECTION('',(0.,0.,1.));
#12558 = ORIENTED_EDGE('',*,*,#5890,.T.);
#12559 = ORIENTED_EDGE('',*,*,#12519,.F.);
#12560 = ORIENTED_EDGE('',*,*,#551,.F.);
#12561 = PLANE('',#12562);
#12562 = AXIS2_PLACEMENT_3D('',#12563,#12564,#12565);
#12563 = CARTESIAN_POINT('',(56.997496,21.788368,0.));
#12564 = DIRECTION('',(-0.51683469056,0.856085219259,0.));
#12565 = DIRECTION('',(0.856085219259,0.51683469056,0.));
#12566 = ADVANCED_FACE('',(#12567),#12578,.T.);
#12567 = FACE_BOUND('',#12568,.T.);
#12568 = EDGE_LOOP('',(#12569,#12570,#12571,#12577));
#12569 = ORIENTED_EDGE('',*,*,#12538,.T.);
#12570 = ORIENTED_EDGE('',*,*,#8811,.T.);
#12571 = ORIENTED_EDGE('',*,*,#12572,.F.);
#12572 = EDGE_CURVE('',#3465,#8804,#12573,.T.);
#12573 = LINE('',#12574,#12575);
#12574 = CARTESIAN_POINT('',(149.943515,15.840163,0.));
#12575 = VECTOR('',#12576,1.);
#12576 = DIRECTION('',(0.,0.,1.));
#12577 = ORIENTED_EDGE('',*,*,#3472,.F.);
#12578 = PLANE('',#12579);
#12579 = AXIS2_PLACEMENT_3D('',#12580,#12581,#12582);
#12580 = CARTESIAN_POINT('',(149.537982,16.439162,0.));
#12581 = DIRECTION('',(0.82807304932,0.560620214575,-0.));
#12582 = DIRECTION('',(0.560620214575,-0.82807304932,0.));
#12583 = ADVANCED_FACE('',(#12584),#12595,.T.);
#12584 = FACE_BOUND('',#12585,.T.);
#12585 = EDGE_LOOP('',(#12586,#12592,#12593,#12594));
#12586 = ORIENTED_EDGE('',*,*,#12587,.T.);
#12587 = EDGE_CURVE('',#560,#5899,#12588,.T.);
#12588 = LINE('',#12589,#12590);
#12589 = CARTESIAN_POINT('',(55.833763,21.074027,0.));
#12590 = VECTOR('',#12591,1.);
#12591 = DIRECTION('',(0.,0.,1.));
#12592 = ORIENTED_EDGE('',*,*,#5898,.T.);
#12593 = ORIENTED_EDGE('',*,*,#12553,.F.);
#12594 = ORIENTED_EDGE('',*,*,#559,.F.);
#12595 = PLANE('',#12596);
#12596 = AXIS2_PLACEMENT_3D('',#12597,#12598,#12599);
#12597 = CARTESIAN_POINT('',(55.833763,21.074027,0.));
#12598 = DIRECTION('',(-0.523139701266,0.852246943649,0.));
#12599 = DIRECTION('',(0.852246943649,0.523139701266,0.));
#12600 = ADVANCED_FACE('',(#12601),#12612,.T.);
#12601 = FACE_BOUND('',#12602,.T.);
#12602 = EDGE_LOOP('',(#12603,#12604,#12605,#12611));
#12603 = ORIENTED_EDGE('',*,*,#12572,.T.);
#12604 = ORIENTED_EDGE('',*,*,#8803,.T.);
#12605 = ORIENTED_EDGE('',*,*,#12606,.F.);
#12606 = EDGE_CURVE('',#3457,#8796,#12607,.T.);
#12607 = LINE('',#12608,#12609);
#12608 = CARTESIAN_POINT('',(150.343798,15.231029,0.));
#12609 = VECTOR('',#12610,1.);
#12610 = DIRECTION('',(0.,0.,1.));
#12611 = ORIENTED_EDGE('',*,*,#3464,.F.);
#12612 = PLANE('',#12613);
#12613 = AXIS2_PLACEMENT_3D('',#12614,#12615,#12616);
#12614 = CARTESIAN_POINT('',(149.943515,15.840163,0.));
#12615 = DIRECTION('',(0.835708663984,0.549173040982,-0.));
#12616 = DIRECTION('',(0.549173040982,-0.835708663984,0.));
#12617 = ADVANCED_FACE('',(#12618),#12629,.T.);
#12618 = FACE_BOUND('',#12619,.T.);
#12619 = EDGE_LOOP('',(#12620,#12626,#12627,#12628));
#12620 = ORIENTED_EDGE('',*,*,#12621,.T.);
#12621 = EDGE_CURVE('',#568,#5907,#12622,.T.);
#12622 = LINE('',#12623,#12624);
#12623 = CARTESIAN_POINT('',(54.675277,20.35098,0.));
#12624 = VECTOR('',#12625,1.);
#12625 = DIRECTION('',(0.,0.,1.));
#12626 = ORIENTED_EDGE('',*,*,#5906,.T.);
#12627 = ORIENTED_EDGE('',*,*,#12587,.F.);
#12628 = ORIENTED_EDGE('',*,*,#567,.F.);
#12629 = PLANE('',#12630);
#12630 = AXIS2_PLACEMENT_3D('',#12631,#12632,#12633);
#12631 = CARTESIAN_POINT('',(54.675277,20.35098,0.));
#12632 = DIRECTION('',(-0.529468702786,0.848329471827,0.));
#12633 = DIRECTION('',(0.848329471827,0.529468702786,0.));
#12634 = ADVANCED_FACE('',(#12635),#12646,.T.);
#12635 = FACE_BOUND('',#12636,.T.);
#12636 = EDGE_LOOP('',(#12637,#12638,#12639,#12645));
#12637 = ORIENTED_EDGE('',*,*,#12606,.T.);
#12638 = ORIENTED_EDGE('',*,*,#8795,.T.);
#12639 = ORIENTED_EDGE('',*,*,#12640,.F.);
#12640 = EDGE_CURVE('',#3449,#8788,#12641,.T.);
#12641 = LINE('',#12642,#12643);
#12642 = CARTESIAN_POINT('',(150.738353,14.612351,0.));
#12643 = VECTOR('',#12644,1.);
#12644 = DIRECTION('',(0.,0.,1.));
#12645 = ORIENTED_EDGE('',*,*,#3456,.F.);
#12646 = PLANE('',#12647);
#12647 = AXIS2_PLACEMENT_3D('',#12648,#12649,#12650);
#12648 = CARTESIAN_POINT('',(150.343798,15.231029,0.));
#12649 = DIRECTION('',(0.843135900088,0.53770052444,-0.));
#12650 = DIRECTION('',(0.53770052444,-0.843135900088,0.));
#12651 = ADVANCED_FACE('',(#12652),#12663,.T.);
#12652 = FACE_BOUND('',#12653,.T.);
#12653 = EDGE_LOOP('',(#12654,#12660,#12661,#12662));
#12654 = ORIENTED_EDGE('',*,*,#12655,.T.);
#12655 = EDGE_CURVE('',#576,#5915,#12656,.T.);
#12656 = LINE('',#12657,#12658);
#12657 = CARTESIAN_POINT('',(53.541485,19.63146,0.));
#12658 = VECTOR('',#12659,1.);
#12659 = DIRECTION('',(0.,0.,1.));
#12660 = ORIENTED_EDGE('',*,*,#5914,.T.);
#12661 = ORIENTED_EDGE('',*,*,#12621,.F.);
#12662 = ORIENTED_EDGE('',*,*,#575,.F.);
#12663 = PLANE('',#12664);
#12664 = AXIS2_PLACEMENT_3D('',#12665,#12666,#12667);
#12665 = CARTESIAN_POINT('',(53.541485,19.63146,0.));
#12666 = DIRECTION('',(-0.535823459631,0.844330042169,0.));
#12667 = DIRECTION('',(0.844330042169,0.535823459631,0.));
#12668 = ADVANCED_FACE('',(#12669),#12680,.T.);
#12669 = FACE_BOUND('',#12670,.T.);
#12670 = EDGE_LOOP('',(#12671,#12672,#12673,#12679));
#12671 = ORIENTED_EDGE('',*,*,#12640,.T.);
#12672 = ORIENTED_EDGE('',*,*,#8787,.T.);
#12673 = ORIENTED_EDGE('',*,*,#12674,.F.);
#12674 = EDGE_CURVE('',#3441,#8780,#12675,.T.);
#12675 = LINE('',#12676,#12677);
#12676 = CARTESIAN_POINT('',(150.7896,14.530615,0.));
#12677 = VECTOR('',#12678,1.);
#12678 = DIRECTION('',(0.,0.,1.));
#12679 = ORIENTED_EDGE('',*,*,#3448,.F.);
#12680 = PLANE('',#12681);
#12681 = AXIS2_PLACEMENT_3D('',#12682,#12683,#12684);
#12682 = CARTESIAN_POINT('',(150.738353,14.612351,0.));
#12683 = DIRECTION('',(0.847242735349,0.5312059369,-0.));
#12684 = DIRECTION('',(0.5312059369,-0.847242735349,0.));
#12685 = ADVANCED_FACE('',(#12686),#12697,.T.);
#12686 = FACE_BOUND('',#12687,.T.);
#12687 = EDGE_LOOP('',(#12688,#12694,#12695,#12696));
#12688 = ORIENTED_EDGE('',*,*,#12689,.T.);
#12689 = EDGE_CURVE('',#584,#5923,#12690,.T.);
#12690 = LINE('',#12691,#12692);
#12691 = CARTESIAN_POINT('',(52.412946,18.903222,0.));
#12692 = VECTOR('',#12693,1.);
#12693 = DIRECTION('',(0.,0.,1.));
#12694 = ORIENTED_EDGE('',*,*,#5922,.T.);
#12695 = ORIENTED_EDGE('',*,*,#12655,.F.);
#12696 = ORIENTED_EDGE('',*,*,#583,.F.);
#12697 = PLANE('',#12698);
#12698 = AXIS2_PLACEMENT_3D('',#12699,#12700,#12701);
#12699 = CARTESIAN_POINT('',(52.412946,18.903222,0.));
#12700 = DIRECTION('',(-0.542204843782,0.84024633732,0.));
#12701 = DIRECTION('',(0.84024633732,0.542204843782,0.));
#12702 = ADVANCED_FACE('',(#12703),#12714,.T.);
#12703 = FACE_BOUND('',#12704,.T.);
#12704 = EDGE_LOOP('',(#12705,#12706,#12707,#12713));
#12705 = ORIENTED_EDGE('',*,*,#12674,.T.);
#12706 = ORIENTED_EDGE('',*,*,#8779,.T.);
#12707 = ORIENTED_EDGE('',*,*,#12708,.F.);
#12708 = EDGE_CURVE('',#3433,#8772,#12709,.T.);
#12709 = LINE('',#12710,#12711);
#12710 = CARTESIAN_POINT('',(151.56095,13.260322,0.));
#12711 = VECTOR('',#12712,1.);
#12712 = DIRECTION('',(0.,0.,1.));
#12713 = ORIENTED_EDGE('',*,*,#3440,.F.);
#12714 = PLANE('',#12715);
#12715 = AXIS2_PLACEMENT_3D('',#12716,#12717,#12718);
#12716 = CARTESIAN_POINT('',(150.7896,14.530615,0.));
#12717 = DIRECTION('',(0.854757461104,0.519027631911,-0.));
#12718 = DIRECTION('',(0.519027631911,-0.854757461104,0.));
#12719 = ADVANCED_FACE('',(#12720),#12731,.T.);
#12720 = FACE_BOUND('',#12721,.T.);
#12721 = EDGE_LOOP('',(#12722,#12728,#12729,#12730));
#12722 = ORIENTED_EDGE('',*,*,#12723,.T.);
#12723 = EDGE_CURVE('',#592,#5931,#12724,.T.);
#12724 = LINE('',#12725,#12726);
#12725 = CARTESIAN_POINT('',(51.309644,18.179265,0.));
#12726 = VECTOR('',#12727,1.);
#12727 = DIRECTION('',(0.,0.,1.));
#12728 = ORIENTED_EDGE('',*,*,#5930,.T.);
#12729 = ORIENTED_EDGE('',*,*,#12689,.F.);
#12730 = ORIENTED_EDGE('',*,*,#591,.F.);
#12731 = PLANE('',#12732);
#12732 = AXIS2_PLACEMENT_3D('',#12733,#12734,#12735);
#12733 = CARTESIAN_POINT('',(51.309644,18.179265,0.));
#12734 = DIRECTION('',(-0.548611450909,0.836077434172,0.));
#12735 = DIRECTION('',(0.836077434172,0.548611450909,0.));
#12736 = ADVANCED_FACE('',(#12737),#12748,.T.);
#12737 = FACE_BOUND('',#12738,.T.);
#12738 = EDGE_LOOP('',(#12739,#12740,#12741,#12747));
#12739 = ORIENTED_EDGE('',*,*,#12708,.T.);
#12740 = ORIENTED_EDGE('',*,*,#8771,.T.);
#12741 = ORIENTED_EDGE('',*,*,#12742,.F.);
#12742 = EDGE_CURVE('',#3425,#8764,#12743,.T.);
#12743 = LINE('',#12744,#12745);
#12744 = CARTESIAN_POINT('',(152.313823,11.943333,0.));
#12745 = VECTOR('',#12746,1.);
#12746 = DIRECTION('',(0.,0.,1.));
#12747 = ORIENTED_EDGE('',*,*,#3432,.F.);
#12748 = PLANE('',#12749);
#12749 = AXIS2_PLACEMENT_3D('',#12750,#12751,#12752);
#12750 = CARTESIAN_POINT('',(151.56095,13.260322,0.));
#12751 = DIRECTION('',(0.868155708931,0.496291915157,-0.));
#12752 = DIRECTION('',(0.496291915157,-0.868155708931,0.));
#12753 = ADVANCED_FACE('',(#12754),#12765,.T.);
#12754 = FACE_BOUND('',#12755,.T.);
#12755 = EDGE_LOOP('',(#12756,#12762,#12763,#12764));
#12756 = ORIENTED_EDGE('',*,*,#12757,.T.);
#12757 = EDGE_CURVE('',#600,#5939,#12758,.T.);
#12758 = LINE('',#12759,#12760);
#12759 = CARTESIAN_POINT('',(50.211623,17.44659,0.));
#12760 = VECTOR('',#12761,1.);
#12761 = DIRECTION('',(0.,0.,1.));
#12762 = ORIENTED_EDGE('',*,*,#5938,.T.);
#12763 = ORIENTED_EDGE('',*,*,#12723,.F.);
#12764 = ORIENTED_EDGE('',*,*,#599,.F.);
#12765 = PLANE('',#12766);
#12766 = AXIS2_PLACEMENT_3D('',#12767,#12768,#12769);
#12767 = CARTESIAN_POINT('',(50.211623,17.44659,0.));
#12768 = DIRECTION('',(-0.555046820156,0.8318191074,0.));
#12769 = DIRECTION('',(0.8318191074,0.555046820156,0.));
#12770 = ADVANCED_FACE('',(#12771),#12782,.T.);
#12771 = FACE_BOUND('',#12772,.T.);
#12772 = EDGE_LOOP('',(#12773,#12774,#12775,#12781));
#12773 = ORIENTED_EDGE('',*,*,#12742,.T.);
#12774 = ORIENTED_EDGE('',*,*,#8763,.T.);
#12775 = ORIENTED_EDGE('',*,*,#12776,.F.);
#12776 = EDGE_CURVE('',#3417,#8756,#12777,.T.);
#12777 = LINE('',#12778,#12779);
#12778 = CARTESIAN_POINT('',(153.045821,10.582191,0.));
#12779 = VECTOR('',#12780,1.);
#12780 = DIRECTION('',(0.,0.,1.));
#12781 = ORIENTED_EDGE('',*,*,#3424,.F.);
#12782 = PLANE('',#12783);
#12783 = AXIS2_PLACEMENT_3D('',#12784,#12785,#12786);
#12784 = CARTESIAN_POINT('',(152.313823,11.943333,0.));
#12785 = DIRECTION('',(0.88072071356,0.473635962218,-0.));
#12786 = DIRECTION('',(0.473635962218,-0.88072071356,0.));
#12787 = ADVANCED_FACE('',(#12788),#12799,.T.);
#12788 = FACE_BOUND('',#12789,.T.);
#12789 = EDGE_LOOP('',(#12790,#12796,#12797,#12798));
#12790 = ORIENTED_EDGE('',*,*,#12791,.T.);
#12791 = EDGE_CURVE('',#608,#5947,#12792,.T.);
#12792 = LINE('',#12793,#12794);
#12793 = CARTESIAN_POINT('',(49.139434,16.719019,0.));
#12794 = VECTOR('',#12795,1.);
#12795 = DIRECTION('',(0.,0.,1.));
#12796 = ORIENTED_EDGE('',*,*,#5946,.T.);
#12797 = ORIENTED_EDGE('',*,*,#12757,.F.);
#12798 = ORIENTED_EDGE('',*,*,#607,.F.);
#12799 = PLANE('',#12800);
#12800 = AXIS2_PLACEMENT_3D('',#12801,#12802,#12803);
#12801 = CARTESIAN_POINT('',(49.139434,16.719019,0.));
#12802 = DIRECTION('',(-0.561508910772,0.82747069019,0.));
#12803 = DIRECTION('',(0.82747069019,0.561508910772,0.));
#12804 = ADVANCED_FACE('',(#12805),#12816,.T.);
#12805 = FACE_BOUND('',#12806,.T.);
#12806 = EDGE_LOOP('',(#12807,#12808,#12809,#12815));
#12807 = ORIENTED_EDGE('',*,*,#12776,.T.);
#12808 = ORIENTED_EDGE('',*,*,#8755,.T.);
#12809 = ORIENTED_EDGE('',*,*,#12810,.F.);
#12810 = EDGE_CURVE('',#3409,#8748,#12811,.T.);
#12811 = LINE('',#12812,#12813);
#12812 = CARTESIAN_POINT('',(153.754546,9.179787,0.));
#12813 = VECTOR('',#12814,1.);
#12814 = DIRECTION('',(0.,0.,1.));
#12815 = ORIENTED_EDGE('',*,*,#3416,.F.);
#12816 = PLANE('',#12817);
#12817 = AXIS2_PLACEMENT_3D('',#12818,#12819,#12820);
#12818 = CARTESIAN_POINT('',(153.045821,10.582191,0.));
#12819 = DIRECTION('',(0.892503905151,0.451039664874,-0.));
#12820 = DIRECTION('',(0.451039664874,-0.892503905151,0.));
#12821 = ADVANCED_FACE('',(#12822),#12833,.T.);
#12822 = FACE_BOUND('',#12823,.T.);
#12823 = EDGE_LOOP('',(#12824,#12830,#12831,#12832));
#12824 = ORIENTED_EDGE('',*,*,#12825,.T.);
#12825 = EDGE_CURVE('',#616,#5955,#12826,.T.);
#12826 = LINE('',#12827,#12828);
#12827 = CARTESIAN_POINT('',(48.072583,15.982747,0.));
#12828 = VECTOR('',#12829,1.);
#12829 = DIRECTION('',(0.,0.,1.));
#12830 = ORIENTED_EDGE('',*,*,#5954,.T.);
#12831 = ORIENTED_EDGE('',*,*,#12791,.F.);
#12832 = ORIENTED_EDGE('',*,*,#615,.F.);
#12833 = PLANE('',#12834);
#12834 = AXIS2_PLACEMENT_3D('',#12835,#12836,#12837);
#12835 = CARTESIAN_POINT('',(48.072583,15.982747,0.));
#12836 = DIRECTION('',(-0.568000959504,0.823027891388,0.));
#12837 = DIRECTION('',(0.823027891388,0.568000959504,0.));
#12838 = ADVANCED_FACE('',(#12839),#12850,.T.);
#12839 = FACE_BOUND('',#12840,.T.);
#12840 = EDGE_LOOP('',(#12841,#12842,#12843,#12849));
#12841 = ORIENTED_EDGE('',*,*,#12810,.T.);
#12842 = ORIENTED_EDGE('',*,*,#8747,.T.);
#12843 = ORIENTED_EDGE('',*,*,#12844,.F.);
#12844 = EDGE_CURVE('',#3401,#8740,#12845,.T.);
#12845 = LINE('',#12846,#12847);
#12846 = CARTESIAN_POINT('',(154.437628,7.73934,0.));
#12847 = VECTOR('',#12848,1.);
#12848 = DIRECTION('',(0.,0.,1.));
#12849 = ORIENTED_EDGE('',*,*,#3408,.F.);
#12850 = PLANE('',#12851);
#12851 = AXIS2_PLACEMENT_3D('',#12852,#12853,#12854);
#12852 = CARTESIAN_POINT('',(153.754546,9.179787,0.));
#12853 = DIRECTION('',(0.903552105517,0.42847822887,-0.));
#12854 = DIRECTION('',(0.42847822887,-0.903552105517,0.));
#12855 = ADVANCED_FACE('',(#12856),#12867,.T.);
#12856 = FACE_BOUND('',#12857,.T.);
#12857 = EDGE_LOOP('',(#12858,#12864,#12865,#12866));
#12858 = ORIENTED_EDGE('',*,*,#12859,.T.);
#12859 = EDGE_CURVE('',#624,#5963,#12860,.T.);
#12860 = LINE('',#12861,#12862);
#12861 = CARTESIAN_POINT('',(47.032217,15.252485,0.));
#12862 = VECTOR('',#12863,1.);
#12863 = DIRECTION('',(0.,0.,1.));
#12864 = ORIENTED_EDGE('',*,*,#5962,.T.);
#12865 = ORIENTED_EDGE('',*,*,#12825,.F.);
#12866 = ORIENTED_EDGE('',*,*,#623,.F.);
#12867 = PLANE('',#12868);
#12868 = AXIS2_PLACEMENT_3D('',#12869,#12870,#12871);
#12869 = CARTESIAN_POINT('',(47.032217,15.252485,0.));
#12870 = DIRECTION('',(-0.574520944565,0.818489880363,0.));
#12871 = DIRECTION('',(0.818489880363,0.574520944565,0.));
#12872 = ADVANCED_FACE('',(#12873),#12884,.T.);
#12873 = FACE_BOUND('',#12874,.T.);
#12874 = EDGE_LOOP('',(#12875,#12876,#12877,#12883));
#12875 = ORIENTED_EDGE('',*,*,#12844,.T.);
#12876 = ORIENTED_EDGE('',*,*,#8739,.T.);
#12877 = ORIENTED_EDGE('',*,*,#12878,.F.);
#12878 = EDGE_CURVE('',#3393,#8732,#12879,.T.);
#12879 = LINE('',#12880,#12881);
#12880 = CARTESIAN_POINT('',(155.092755,6.264368,0.));
#12881 = VECTOR('',#12882,1.);
#12882 = DIRECTION('',(0.,0.,1.));
#12883 = ORIENTED_EDGE('',*,*,#3400,.F.);
#12884 = PLANE('',#12885);
#12885 = AXIS2_PLACEMENT_3D('',#12886,#12887,#12888);
#12886 = CARTESIAN_POINT('',(154.437628,7.73934,0.));
#12887 = DIRECTION('',(0.913907211462,0.40592315632,-0.));
#12888 = DIRECTION('',(0.40592315632,-0.913907211462,0.));
#12889 = ADVANCED_FACE('',(#12890),#12901,.T.);
#12890 = FACE_BOUND('',#12891,.T.);
#12891 = EDGE_LOOP('',(#12892,#12898,#12899,#12900));
#12892 = ORIENTED_EDGE('',*,*,#12893,.T.);
#12893 = EDGE_CURVE('',#632,#5971,#12894,.T.);
#12894 = LINE('',#12895,#12896);
#12895 = CARTESIAN_POINT('',(45.997279,14.513559,0.));
#12896 = VECTOR('',#12897,1.);
#12897 = DIRECTION('',(0.,0.,1.));
#12898 = ORIENTED_EDGE('',*,*,#5970,.T.);
#12899 = ORIENTED_EDGE('',*,*,#12859,.F.);
#12900 = ORIENTED_EDGE('',*,*,#631,.F.);
#12901 = PLANE('',#12902);
#12902 = AXIS2_PLACEMENT_3D('',#12903,#12904,#12905);
#12903 = CARTESIAN_POINT('',(45.997279,14.513559,0.));
#12904 = DIRECTION('',(-0.581073935488,0.813850773482,0.));
#12905 = DIRECTION('',(0.813850773482,0.581073935488,0.));
#12906 = ADVANCED_FACE('',(#12907),#12918,.T.);
#12907 = FACE_BOUND('',#12908,.T.);
#12908 = EDGE_LOOP('',(#12909,#12910,#12911,#12917));
#12909 = ORIENTED_EDGE('',*,*,#12878,.T.);
#12910 = ORIENTED_EDGE('',*,*,#8731,.T.);
#12911 = ORIENTED_EDGE('',*,*,#12912,.F.);
#12912 = EDGE_CURVE('',#3385,#8724,#12913,.T.);
#12913 = LINE('',#12914,#12915);
#12914 = CARTESIAN_POINT('',(155.717709,4.758651,0.));
#12915 = VECTOR('',#12916,1.);
#12916 = DIRECTION('',(0.,0.,1.));
#12917 = ORIENTED_EDGE('',*,*,#3392,.F.);
#12918 = PLANE('',#12919);
#12919 = AXIS2_PLACEMENT_3D('',#12920,#12921,#12922);
#12920 = CARTESIAN_POINT('',(155.092755,6.264368,0.));
#12921 = DIRECTION('',(0.923604825787,0.383345960958,-0.));
#12922 = DIRECTION('',(0.383345960958,-0.923604825787,0.));
#12923 = ADVANCED_FACE('',(#12924),#12935,.T.);
#12924 = FACE_BOUND('',#12925,.T.);
#12925 = EDGE_LOOP('',(#12926,#12932,#12933,#12934));
#12926 = ORIENTED_EDGE('',*,*,#12927,.T.);
#12927 = EDGE_CURVE('',#640,#5979,#12928,.T.);
#12928 = LINE('',#12929,#12930);
#12929 = CARTESIAN_POINT('',(44.989547,13.781644,0.));
#12930 = VECTOR('',#12931,1.);
#12931 = DIRECTION('',(0.,0.,1.));
#12932 = ORIENTED_EDGE('',*,*,#5978,.T.);
#12933 = ORIENTED_EDGE('',*,*,#12893,.F.);
#12934 = ORIENTED_EDGE('',*,*,#639,.F.);
#12935 = PLANE('',#12936);
#12936 = AXIS2_PLACEMENT_3D('',#12937,#12938,#12939);
#12937 = CARTESIAN_POINT('',(44.989547,13.781644,0.));
#12938 = DIRECTION('',(-0.587656414373,0.80911058493,0.));
#12939 = DIRECTION('',(0.80911058493,0.587656414373,0.));
#12940 = ADVANCED_FACE('',(#12941),#12952,.T.);
#12941 = FACE_BOUND('',#12942,.T.);
#12942 = EDGE_LOOP('',(#12943,#12944,#12945,#12951));
#12943 = ORIENTED_EDGE('',*,*,#12912,.T.);
#12944 = ORIENTED_EDGE('',*,*,#8723,.T.);
#12945 = ORIENTED_EDGE('',*,*,#12946,.F.);
#12946 = EDGE_CURVE('',#3377,#8716,#12947,.T.);
#12947 = LINE('',#12948,#12949);
#12948 = CARTESIAN_POINT('',(156.310387,3.226186,0.));
#12949 = VECTOR('',#12950,1.);
#12950 = DIRECTION('',(0.,0.,1.));
#12951 = ORIENTED_EDGE('',*,*,#3384,.F.);
#12952 = PLANE('',#12953);
#12953 = AXIS2_PLACEMENT_3D('',#12954,#12955,#12956);
#12954 = CARTESIAN_POINT('',(155.717709,4.758651,0.));
#12955 = DIRECTION('',(0.932677519748,0.360711303063,-0.));
#12956 = DIRECTION('',(0.360711303063,-0.932677519748,0.));
#12957 = ADVANCED_FACE('',(#12958),#12969,.T.);
#12958 = FACE_BOUND('',#12959,.T.);
#12959 = EDGE_LOOP('',(#12960,#12966,#12967,#12968));
#12960 = ORIENTED_EDGE('',*,*,#12961,.T.);
#12961 = EDGE_CURVE('',#648,#5987,#12962,.T.);
#12962 = LINE('',#12963,#12964);
#12963 = CARTESIAN_POINT('',(44.930452,13.738357,0.));
#12964 = VECTOR('',#12965,1.);
#12965 = DIRECTION('',(0.,0.,1.));
#12966 = ORIENTED_EDGE('',*,*,#5986,.T.);
#12967 = ORIENTED_EDGE('',*,*,#12927,.F.);
#12968 = ORIENTED_EDGE('',*,*,#647,.F.);
#12969 = PLANE('',#12970);
#12970 = AXIS2_PLACEMENT_3D('',#12971,#12972,#12973);
#12971 = CARTESIAN_POINT('',(44.930452,13.738357,0.));
#12972 = DIRECTION('',(-0.590925628751,0.806726038557,0.));
#12973 = DIRECTION('',(0.806726038557,0.590925628751,0.));
#12974 = ADVANCED_FACE('',(#12975),#12986,.T.);
#12975 = FACE_BOUND('',#12976,.T.);
#12976 = EDGE_LOOP('',(#12977,#12978,#12979,#12985));
#12977 = ORIENTED_EDGE('',*,*,#12946,.T.);
#12978 = ORIENTED_EDGE('',*,*,#8715,.T.);
#12979 = ORIENTED_EDGE('',*,*,#12980,.F.);
#12980 = EDGE_CURVE('',#3369,#8708,#12981,.T.);
#12981 = LINE('',#12982,#12983);
#12982 = CARTESIAN_POINT('',(156.594031,2.451151,0.));
#12983 = VECTOR('',#12984,1.);
#12984 = DIRECTION('',(0.,0.,1.));
#12985 = ORIENTED_EDGE('',*,*,#3376,.F.);
#12986 = PLANE('',#12987);
#12987 = AXIS2_PLACEMENT_3D('',#12988,#12989,#12990);
#12988 = CARTESIAN_POINT('',(156.310387,3.226186,0.));
#12989 = DIRECTION('',(0.939085857718,0.343682632431,-0.));
#12990 = DIRECTION('',(0.343682632431,-0.939085857718,0.));
#12991 = ADVANCED_FACE('',(#12992),#13003,.T.);
#12992 = FACE_BOUND('',#12993,.T.);
#12993 = EDGE_LOOP('',(#12994,#13000,#13001,#13002));
#12994 = ORIENTED_EDGE('',*,*,#12995,.T.);
#12995 = EDGE_CURVE('',#656,#5995,#12996,.T.);
#12996 = LINE('',#12997,#12998);
#12997 = CARTESIAN_POINT('',(44.871357,13.781644,0.));
#12998 = VECTOR('',#12999,1.);
#12999 = DIRECTION('',(0.,0.,1.));
#13000 = ORIENTED_EDGE('',*,*,#5994,.T.);
#13001 = ORIENTED_EDGE('',*,*,#12961,.F.);
#13002 = ORIENTED_EDGE('',*,*,#655,.F.);
#13003 = PLANE('',#13004);
#13004 = AXIS2_PLACEMENT_3D('',#13005,#13006,#13007);
#13005 = CARTESIAN_POINT('',(44.871357,13.781644,0.));
#13006 = DIRECTION('',(0.590925628751,0.806726038557,-0.));
#13007 = DIRECTION('',(0.806726038557,-0.590925628751,0.));
#13008 = ADVANCED_FACE('',(#13009),#13020,.T.);
#13009 = FACE_BOUND('',#13010,.T.);
#13010 = EDGE_LOOP('',(#13011,#13012,#13013,#13019));
#13011 = ORIENTED_EDGE('',*,*,#12980,.T.);
#13012 = ORIENTED_EDGE('',*,*,#8707,.T.);
#13013 = ORIENTED_EDGE('',*,*,#13014,.F.);
#13014 = EDGE_CURVE('',#3361,#8700,#13015,.T.);
#13015 = LINE('',#13016,#13017);
#13016 = CARTESIAN_POINT('',(156.868836,1.671145,0.));
#13017 = VECTOR('',#13018,1.);
#13018 = DIRECTION('',(0.,0.,1.));
#13019 = ORIENTED_EDGE('',*,*,#3368,.F.);
#13020 = PLANE('',#13021);
#13021 = AXIS2_PLACEMENT_3D('',#13022,#13023,#13024);
#13022 = CARTESIAN_POINT('',(156.594031,2.451151,0.));
#13023 = DIRECTION('',(0.943176609492,0.332291864641,-0.));
#13024 = DIRECTION('',(0.332291864641,-0.943176609492,0.));
#13025 = ADVANCED_FACE('',(#13026),#13037,.T.);
#13026 = FACE_BOUND('',#13027,.T.);
#13027 = EDGE_LOOP('',(#13028,#13034,#13035,#13036));
#13028 = ORIENTED_EDGE('',*,*,#13029,.T.);
#13029 = EDGE_CURVE('',#664,#6003,#13030,.T.);
#13030 = LINE('',#13031,#13032);
#13031 = CARTESIAN_POINT('',(43.863622,14.513561,0.));
#13032 = VECTOR('',#13033,1.);
#13033 = DIRECTION('',(0.,0.,1.));
#13034 = ORIENTED_EDGE('',*,*,#6002,.T.);
#13035 = ORIENTED_EDGE('',*,*,#12995,.F.);
#13036 = ORIENTED_EDGE('',*,*,#663,.F.);
#13037 = PLANE('',#13038);
#13038 = AXIS2_PLACEMENT_3D('',#13039,#13040,#13041);
#13039 = CARTESIAN_POINT('',(43.863622,14.513561,0.));
#13040 = DIRECTION('',(0.58765632034,0.809110653227,-0.));
#13041 = DIRECTION('',(0.809110653227,-0.58765632034,0.));
#13042 = ADVANCED_FACE('',(#13043),#13054,.T.);
#13043 = FACE_BOUND('',#13044,.T.);
#13044 = EDGE_LOOP('',(#13045,#13046,#13047,#13053));
#13045 = ORIENTED_EDGE('',*,*,#13014,.T.);
#13046 = ORIENTED_EDGE('',*,*,#8699,.T.);
#13047 = ORIENTED_EDGE('',*,*,#13048,.F.);
#13048 = EDGE_CURVE('',#3353,#8692,#13049,.T.);
#13049 = LINE('',#13050,#13051);
#13050 = CARTESIAN_POINT('',(157.134601,0.886671,0.));
#13051 = VECTOR('',#13052,1.);
#13052 = DIRECTION('',(0.,0.,1.));
#13053 = ORIENTED_EDGE('',*,*,#3360,.F.);
#13054 = PLANE('',#13055);
#13055 = AXIS2_PLACEMENT_3D('',#13056,#13057,#13058);
#13056 = CARTESIAN_POINT('',(156.868836,1.671145,0.));
#13057 = DIRECTION('',(0.947124006417,0.32086775542,-0.));
#13058 = DIRECTION('',(0.32086775542,-0.947124006417,0.));
#13059 = ADVANCED_FACE('',(#13060),#13071,.T.);
#13060 = FACE_BOUND('',#13061,.T.);
#13061 = EDGE_LOOP('',(#13062,#13068,#13069,#13070));
#13062 = ORIENTED_EDGE('',*,*,#13063,.T.);
#13063 = EDGE_CURVE('',#672,#6011,#13064,.T.);
#13064 = LINE('',#13065,#13066);
#13065 = CARTESIAN_POINT('',(42.828681,15.252489,0.));
#13066 = VECTOR('',#13067,1.);
#13067 = DIRECTION('',(0.,0.,1.));
#13068 = ORIENTED_EDGE('',*,*,#6010,.T.);
#13069 = ORIENTED_EDGE('',*,*,#13029,.F.);
#13070 = ORIENTED_EDGE('',*,*,#671,.F.);
#13071 = PLANE('',#13072);
#13072 = AXIS2_PLACEMENT_3D('',#13073,#13074,#13075);
#13073 = CARTESIAN_POINT('',(42.828681,15.252489,0.));
#13074 = DIRECTION('',(0.581073861556,0.813850826268,-0.));
#13075 = DIRECTION('',(0.813850826268,-0.581073861556,0.));
#13076 = ADVANCED_FACE('',(#13077),#13088,.T.);
#13077 = FACE_BOUND('',#13078,.T.);
#13078 = EDGE_LOOP('',(#13079,#13080,#13081,#13087));
#13079 = ORIENTED_EDGE('',*,*,#13048,.T.);
#13080 = ORIENTED_EDGE('',*,*,#8691,.T.);
#13081 = ORIENTED_EDGE('',*,*,#13082,.F.);
#13082 = EDGE_CURVE('',#3345,#8684,#13083,.T.);
#13083 = LINE('',#13084,#13085);
#13084 = CARTESIAN_POINT('',(157.391273,9.7814E-02,0.));
#13085 = VECTOR('',#13086,1.);
#13086 = DIRECTION('',(0.,0.,1.));
#13087 = ORIENTED_EDGE('',*,*,#3352,.F.);
#13088 = PLANE('',#13089);
#13089 = AXIS2_PLACEMENT_3D('',#13090,#13091,#13092);
#13090 = CARTESIAN_POINT('',(157.134601,0.886671,0.));
#13091 = DIRECTION('',(0.95093002363,0.309406027994,-0.));
#13092 = DIRECTION('',(0.309406027994,-0.95093002363,0.));
#13093 = ADVANCED_FACE('',(#13094),#13105,.T.);
#13094 = FACE_BOUND('',#13095,.T.);
#13095 = EDGE_LOOP('',(#13096,#13102,#13103,#13104));
#13096 = ORIENTED_EDGE('',*,*,#13097,.T.);
#13097 = EDGE_CURVE('',#680,#6019,#13098,.T.);
#13098 = LINE('',#13099,#13100);
#13099 = CARTESIAN_POINT('',(41.788313,15.982752,0.));
#13100 = VECTOR('',#13101,1.);
#13101 = DIRECTION('',(0.,0.,1.));
#13102 = ORIENTED_EDGE('',*,*,#6018,.T.);
#13103 = ORIENTED_EDGE('',*,*,#13063,.F.);
#13104 = ORIENTED_EDGE('',*,*,#679,.F.);
#13105 = PLANE('',#13106);
#13106 = AXIS2_PLACEMENT_3D('',#13107,#13108,#13109);
#13107 = CARTESIAN_POINT('',(41.788313,15.982752,0.));
#13108 = DIRECTION('',(0.574520731712,0.81849002977,-0.));
#13109 = DIRECTION('',(0.81849002977,-0.574520731712,0.));
#13110 = ADVANCED_FACE('',(#13111),#13122,.T.);
#13111 = FACE_BOUND('',#13112,.T.);
#13112 = EDGE_LOOP('',(#13113,#13114,#13115,#13121));
#13113 = ORIENTED_EDGE('',*,*,#13082,.T.);
#13114 = ORIENTED_EDGE('',*,*,#8683,.T.);
#13115 = ORIENTED_EDGE('',*,*,#13116,.F.);
#13116 = EDGE_CURVE('',#3337,#8676,#13117,.T.);
#13117 = LINE('',#13118,#13119);
#13118 = CARTESIAN_POINT('',(157.638352,-0.693927,0.));
#13119 = VECTOR('',#13120,1.);
#13120 = DIRECTION('',(0.,0.,1.));
#13121 = ORIENTED_EDGE('',*,*,#3344,.F.);
#13122 = PLANE('',#13123);
#13123 = AXIS2_PLACEMENT_3D('',#13124,#13125,#13126);
#13124 = CARTESIAN_POINT('',(157.391273,9.7814E-02,0.));
#13125 = DIRECTION('',(0.954596634054,0.297901437144,-0.));
#13126 = DIRECTION('',(0.297901437144,-0.954596634054,0.));
#13127 = ADVANCED_FACE('',(#13128),#13139,.T.);
#13128 = FACE_BOUND('',#13129,.T.);
#13129 = EDGE_LOOP('',(#13130,#13136,#13137,#13138));
#13130 = ORIENTED_EDGE('',*,*,#13131,.T.);
#13131 = EDGE_CURVE('',#688,#6027,#13132,.T.);
#13132 = LINE('',#13133,#13134);
#13133 = CARTESIAN_POINT('',(40.72146,16.719026,0.));
#13134 = VECTOR('',#13135,1.);
#13135 = DIRECTION('',(0.,0.,1.));
#13136 = ORIENTED_EDGE('',*,*,#6026,.T.);
#13137 = ORIENTED_EDGE('',*,*,#13097,.F.);
#13138 = ORIENTED_EDGE('',*,*,#687,.F.);
#13139 = PLANE('',#13140);
#13140 = AXIS2_PLACEMENT_3D('',#13141,#13142,#13143);
#13141 = CARTESIAN_POINT('',(40.72146,16.719026,0.));
#13142 = DIRECTION('',(0.568001283352,0.823027667889,-0.));
#13143 = DIRECTION('',(0.823027667889,-0.568001283352,0.));
#13144 = ADVANCED_FACE('',(#13145),#13156,.T.);
#13145 = FACE_BOUND('',#13146,.T.);
#13146 = EDGE_LOOP('',(#13147,#13148,#13149,#13155));
#13147 = ORIENTED_EDGE('',*,*,#13116,.T.);
#13148 = ORIENTED_EDGE('',*,*,#8675,.T.);
#13149 = ORIENTED_EDGE('',*,*,#13150,.F.);
#13150 = EDGE_CURVE('',#3329,#8668,#13151,.T.);
#13151 = LINE('',#13152,#13153);
#13152 = CARTESIAN_POINT('',(157.876105,-1.489454,0.));
#13153 = VECTOR('',#13154,1.);
#13154 = DIRECTION('',(0.,0.,1.));
#13155 = ORIENTED_EDGE('',*,*,#3336,.F.);
#13156 = PLANE('',#13157);
#13157 = AXIS2_PLACEMENT_3D('',#13158,#13159,#13160);
#13158 = CARTESIAN_POINT('',(157.638352,-0.693927,0.));
#13159 = DIRECTION('',(0.95812578914,0.286347642186,-0.));
#13160 = DIRECTION('',(0.286347642186,-0.95812578914,0.));
#13161 = ADVANCED_FACE('',(#13162),#13173,.T.);
#13162 = FACE_BOUND('',#13163,.T.);
#13163 = EDGE_LOOP('',(#13164,#13170,#13171,#13172));
#13164 = ORIENTED_EDGE('',*,*,#13165,.T.);
#13165 = EDGE_CURVE('',#696,#6035,#13166,.T.);
#13166 = LINE('',#13167,#13168);
#13167 = CARTESIAN_POINT('',(39.64927,17.446597,0.));
#13168 = VECTOR('',#13169,1.);
#13169 = DIRECTION('',(0.,0.,1.));
#13170 = ORIENTED_EDGE('',*,*,#6034,.T.);
#13171 = ORIENTED_EDGE('',*,*,#13131,.F.);
#13172 = ORIENTED_EDGE('',*,*,#695,.F.);
#13173 = PLANE('',#13174);
#13174 = AXIS2_PLACEMENT_3D('',#13175,#13176,#13177);
#13175 = CARTESIAN_POINT('',(39.64927,17.446597,0.));
#13176 = DIRECTION('',(0.561508552189,0.827470933519,-0.));
#13177 = DIRECTION('',(0.827470933519,-0.561508552189,0.));
#13178 = ADVANCED_FACE('',(#13179),#13190,.T.);
#13179 = FACE_BOUND('',#13180,.T.);
#13180 = EDGE_LOOP('',(#13181,#13182,#13183,#13189));
#13181 = ORIENTED_EDGE('',*,*,#13150,.T.);
#13182 = ORIENTED_EDGE('',*,*,#8667,.T.);
#13183 = ORIENTED_EDGE('',*,*,#13184,.F.);
#13184 = EDGE_CURVE('',#3321,#8660,#13185,.T.);
#13185 = LINE('',#13186,#13187);
#13186 = CARTESIAN_POINT('',(158.103793,-2.286284,0.));
#13187 = VECTOR('',#13188,1.);
#13188 = DIRECTION('',(0.,0.,1.));
#13189 = ORIENTED_EDGE('',*,*,#3328,.F.);
#13190 = PLANE('',#13191);
#13191 = AXIS2_PLACEMENT_3D('',#13192,#13193,#13194);
#13192 = CARTESIAN_POINT('',(157.876105,-1.489454,0.));
#13193 = DIRECTION('',(0.961516843859,0.274745989916,-0.));
#13194 = DIRECTION('',(0.274745989916,-0.961516843859,0.));
#13195 = ADVANCED_FACE('',(#13196),#13207,.T.);
#13196 = FACE_BOUND('',#13197,.T.);
#13197 = EDGE_LOOP('',(#13198,#13204,#13205,#13206));
#13198 = ORIENTED_EDGE('',*,*,#13199,.T.);
#13199 = EDGE_CURVE('',#704,#6043,#13200,.T.);
#13200 = LINE('',#13201,#13202);
#13201 = CARTESIAN_POINT('',(38.551248,18.179273,0.));
#13202 = VECTOR('',#13203,1.);
#13203 = DIRECTION('',(0.,0.,1.));
#13204 = ORIENTED_EDGE('',*,*,#6042,.T.);
#13205 = ORIENTED_EDGE('',*,*,#13165,.F.);
#13206 = ORIENTED_EDGE('',*,*,#703,.F.);
#13207 = PLANE('',#13208);
#13208 = AXIS2_PLACEMENT_3D('',#13209,#13210,#13211);
#13209 = CARTESIAN_POINT('',(38.551248,18.179273,0.));
#13210 = DIRECTION('',(0.555046994565,0.831818991022,-0.));
#13211 = DIRECTION('',(0.831818991022,-0.555046994565,0.));
#13212 = ADVANCED_FACE('',(#13213),#13224,.T.);
#13213 = FACE_BOUND('',#13214,.T.);
#13214 = EDGE_LOOP('',(#13215,#13216,#13217,#13223));
#13215 = ORIENTED_EDGE('',*,*,#13184,.T.);
#13216 = ORIENTED_EDGE('',*,*,#8659,.T.);
#13217 = ORIENTED_EDGE('',*,*,#13218,.F.);
#13218 = EDGE_CURVE('',#3313,#8652,#13219,.T.);
#13219 = LINE('',#13220,#13221);
#13220 = CARTESIAN_POINT('',(158.321949,-3.0863,0.));
#13221 = VECTOR('',#13222,1.);
#13222 = DIRECTION('',(0.,0.,1.));
#13223 = ORIENTED_EDGE('',*,*,#3320,.F.);
#13224 = PLANE('',#13225);
#13225 = AXIS2_PLACEMENT_3D('',#13226,#13227,#13228);
#13226 = CARTESIAN_POINT('',(158.103793,-2.286284,0.));
#13227 = DIRECTION('',(0.964773060016,0.26308352793,-0.));
#13228 = DIRECTION('',(0.26308352793,-0.964773060016,0.));
#13229 = ADVANCED_FACE('',(#13230),#13241,.T.);
#13230 = FACE_BOUND('',#13231,.T.);
#13231 = EDGE_LOOP('',(#13232,#13238,#13239,#13240));
#13232 = ORIENTED_EDGE('',*,*,#13233,.T.);
#13233 = EDGE_CURVE('',#712,#6051,#13234,.T.);
#13234 = LINE('',#13235,#13236);
#13235 = CARTESIAN_POINT('',(37.447945,18.903231,0.));
#13236 = VECTOR('',#13237,1.);
#13237 = DIRECTION('',(0.,0.,1.));
#13238 = ORIENTED_EDGE('',*,*,#6050,.T.);
#13239 = ORIENTED_EDGE('',*,*,#13199,.F.);
#13240 = ORIENTED_EDGE('',*,*,#711,.F.);
#13241 = PLANE('',#13242);
#13242 = AXIS2_PLACEMENT_3D('',#13243,#13244,#13245);
#13243 = CARTESIAN_POINT('',(37.447945,18.903231,0.));
#13244 = DIRECTION('',(0.54861163304,0.836077314662,-0.));
#13245 = DIRECTION('',(0.836077314662,-0.54861163304,0.));
#13246 = ADVANCED_FACE('',(#13247),#13258,.T.);
#13247 = FACE_BOUND('',#13248,.T.);
#13248 = EDGE_LOOP('',(#13249,#13250,#13251,#13257));
#13249 = ORIENTED_EDGE('',*,*,#13218,.T.);
#13250 = ORIENTED_EDGE('',*,*,#8651,.T.);
#13251 = ORIENTED_EDGE('',*,*,#13252,.F.);
#13252 = EDGE_CURVE('',#3305,#8644,#13253,.T.);
#13253 = LINE('',#13254,#13255);
#13254 = CARTESIAN_POINT('',(158.529649,-3.886058,0.));
#13255 = VECTOR('',#13256,1.);
#13256 = DIRECTION('',(0.,0.,1.));
#13257 = ORIENTED_EDGE('',*,*,#3312,.F.);
#13258 = PLANE('',#13259);
#13259 = AXIS2_PLACEMENT_3D('',#13260,#13261,#13262);
#13260 = CARTESIAN_POINT('',(158.321949,-3.0863,0.));
#13261 = DIRECTION('',(0.967892345494,0.251365088138,-0.));
#13262 = DIRECTION('',(0.251365088138,-0.967892345494,0.));
#13263 = ADVANCED_FACE('',(#13264),#13275,.T.);
#13264 = FACE_BOUND('',#13265,.T.);
#13265 = EDGE_LOOP('',(#13266,#13272,#13273,#13274));
#13266 = ORIENTED_EDGE('',*,*,#13267,.T.);
#13267 = EDGE_CURVE('',#720,#6059,#13268,.T.);
#13268 = LINE('',#13269,#13270);
#13269 = CARTESIAN_POINT('',(36.319405,19.631469,0.));
#13270 = VECTOR('',#13271,1.);
#13271 = DIRECTION('',(0.,0.,1.));
#13272 = ORIENTED_EDGE('',*,*,#6058,.T.);
#13273 = ORIENTED_EDGE('',*,*,#13233,.F.);
#13274 = ORIENTED_EDGE('',*,*,#719,.F.);
#13275 = PLANE('',#13276);
#13276 = AXIS2_PLACEMENT_3D('',#13277,#13278,#13279);
#13277 = CARTESIAN_POINT('',(36.319405,19.631469,0.));
#13278 = DIRECTION('',(0.542204504579,0.840246556205,-0.));
#13279 = DIRECTION('',(0.840246556205,-0.542204504579,0.));
#13280 = ADVANCED_FACE('',(#13281),#13292,.T.);
#13281 = FACE_BOUND('',#13282,.T.);
#13282 = EDGE_LOOP('',(#13283,#13284,#13285,#13291));
#13283 = ORIENTED_EDGE('',*,*,#13252,.T.);
#13284 = ORIENTED_EDGE('',*,*,#8643,.T.);
#13285 = ORIENTED_EDGE('',*,*,#13286,.F.);
#13286 = EDGE_CURVE('',#3297,#8636,#13287,.T.);
#13287 = LINE('',#13288,#13289);
#13288 = CARTESIAN_POINT('',(158.727639,-4.688406,0.));
#13289 = VECTOR('',#13290,1.);
#13290 = DIRECTION('',(0.,0.,1.));
#13291 = ORIENTED_EDGE('',*,*,#3304,.F.);
#13292 = PLANE('',#13293);
#13293 = AXIS2_PLACEMENT_3D('',#13294,#13295,#13296);
#13294 = CARTESIAN_POINT('',(158.529649,-3.886058,0.));
#13295 = DIRECTION('',(0.970877400559,0.239576862579,-0.));
#13296 = DIRECTION('',(0.239576862579,-0.970877400559,0.));
#13297 = ADVANCED_FACE('',(#13298),#13309,.T.);
#13298 = FACE_BOUND('',#13299,.T.);
#13299 = EDGE_LOOP('',(#13300,#13306,#13307,#13308));
#13300 = ORIENTED_EDGE('',*,*,#13301,.T.);
#13301 = EDGE_CURVE('',#728,#6067,#13302,.T.);
#13302 = LINE('',#13303,#13304);
#13303 = CARTESIAN_POINT('',(35.185613,20.350989,0.));
#13304 = VECTOR('',#13305,1.);
#13305 = DIRECTION('',(0.,0.,1.));
#13306 = ORIENTED_EDGE('',*,*,#6066,.T.);
#13307 = ORIENTED_EDGE('',*,*,#13267,.F.);
#13308 = ORIENTED_EDGE('',*,*,#727,.F.);
#13309 = PLANE('',#13310);
#13310 = AXIS2_PLACEMENT_3D('',#13311,#13312,#13313);
#13311 = CARTESIAN_POINT('',(35.185613,20.350989,0.));
#13312 = DIRECTION('',(0.535823459631,0.844330042169,-0.));
#13313 = DIRECTION('',(0.844330042169,-0.535823459631,0.));
#13314 = ADVANCED_FACE('',(#13315),#13326,.T.);
#13315 = FACE_BOUND('',#13316,.T.);
#13316 = EDGE_LOOP('',(#13317,#13318,#13319,#13325));
#13317 = ORIENTED_EDGE('',*,*,#13286,.T.);
#13318 = ORIENTED_EDGE('',*,*,#8635,.T.);
#13319 = ORIENTED_EDGE('',*,*,#13320,.F.);
#13320 = EDGE_CURVE('',#3289,#8628,#13321,.T.);
#13321 = LINE('',#13322,#13323);
#13322 = CARTESIAN_POINT('',(158.914865,-5.48898,0.));
#13323 = VECTOR('',#13324,1.);
#13324 = DIRECTION('',(0.,0.,1.));
#13325 = ORIENTED_EDGE('',*,*,#3296,.F.);
#13326 = PLANE('',#13327);
#13327 = AXIS2_PLACEMENT_3D('',#13328,#13329,#13330);
#13328 = CARTESIAN_POINT('',(158.727639,-4.688406,0.));
#13329 = DIRECTION('',(0.973726591225,0.227720279161,-0.));
#13330 = DIRECTION('',(0.227720279161,-0.973726591225,0.));
#13331 = ADVANCED_FACE('',(#13332),#13343,.T.);
#13332 = FACE_BOUND('',#13333,.T.);
#13333 = EDGE_LOOP('',(#13334,#13340,#13341,#13342));
#13334 = ORIENTED_EDGE('',*,*,#13335,.T.);
#13335 = EDGE_CURVE('',#736,#6075,#13336,.T.);
#13336 = LINE('',#13337,#13338);
#13337 = CARTESIAN_POINT('',(34.027127,21.074036,0.));
#13338 = VECTOR('',#13339,1.);
#13339 = DIRECTION('',(0.,0.,1.));
#13340 = ORIENTED_EDGE('',*,*,#6074,.T.);
#13341 = ORIENTED_EDGE('',*,*,#13301,.F.);
#13342 = ORIENTED_EDGE('',*,*,#735,.F.);
#13343 = PLANE('',#13344);
#13344 = AXIS2_PLACEMENT_3D('',#13345,#13346,#13347);
#13345 = CARTESIAN_POINT('',(34.027127,21.074036,0.));
#13346 = DIRECTION('',(0.529468702786,0.848329471827,-0.));
#13347 = DIRECTION('',(0.848329471827,-0.529468702786,0.));
#13348 = ADVANCED_FACE('',(#13349),#13360,.T.);
#13349 = FACE_BOUND('',#13350,.T.);
#13350 = EDGE_LOOP('',(#13351,#13352,#13353,#13359));
#13351 = ORIENTED_EDGE('',*,*,#13320,.T.);
#13352 = ORIENTED_EDGE('',*,*,#8627,.T.);
#13353 = ORIENTED_EDGE('',*,*,#13354,.F.);
#13354 = EDGE_CURVE('',#3281,#8620,#13355,.T.);
#13355 = LINE('',#13356,#13357);
#13356 = CARTESIAN_POINT('',(159.09223,-6.291553,0.));
#13357 = VECTOR('',#13358,1.);
#13358 = DIRECTION('',(0.,0.,1.));
#13359 = ORIENTED_EDGE('',*,*,#3288,.F.);
#13360 = PLANE('',#13361);
#13361 = AXIS2_PLACEMENT_3D('',#13362,#13363,#13364);
#13362 = CARTESIAN_POINT('',(158.914865,-5.48898,0.));
#13363 = DIRECTION('',(0.976440054476,0.215788831997,-0.));
#13364 = DIRECTION('',(0.215788831997,-0.976440054476,0.));
#13365 = ADVANCED_FACE('',(#13366),#13377,.T.);
#13366 = FACE_BOUND('',#13367,.T.);
#13367 = EDGE_LOOP('',(#13368,#13374,#13375,#13376));
#13368 = ORIENTED_EDGE('',*,*,#13369,.T.);
#13369 = EDGE_CURVE('',#744,#6083,#13370,.T.);
#13370 = LINE('',#13371,#13372);
#13371 = CARTESIAN_POINT('',(32.863394,21.788376,0.));
#13372 = VECTOR('',#13373,1.);
#13373 = DIRECTION('',(0.,0.,1.));
#13374 = ORIENTED_EDGE('',*,*,#6082,.T.);
#13375 = ORIENTED_EDGE('',*,*,#13335,.F.);
#13376 = ORIENTED_EDGE('',*,*,#743,.F.);
#13377 = PLANE('',#13378);
#13378 = AXIS2_PLACEMENT_3D('',#13379,#13380,#13381);
#13379 = CARTESIAN_POINT('',(32.863394,21.788376,0.));
#13380 = DIRECTION('',(0.52313916935,0.852247270158,-0.));
#13381 = DIRECTION('',(0.852247270158,-0.52313916935,0.));
#13382 = ADVANCED_FACE('',(#13383),#13394,.T.);
#13383 = FACE_BOUND('',#13384,.T.);
#13384 = EDGE_LOOP('',(#13385,#13386,#13387,#13393));
#13385 = ORIENTED_EDGE('',*,*,#13354,.T.);
#13386 = ORIENTED_EDGE('',*,*,#8619,.T.);
#13387 = ORIENTED_EDGE('',*,*,#13388,.F.);
#13388 = EDGE_CURVE('',#3273,#8612,#13389,.T.);
#13389 = LINE('',#13390,#13391);
#13390 = CARTESIAN_POINT('',(159.211232,-6.858189,0.));
#13391 = VECTOR('',#13392,1.);
#13392 = DIRECTION('',(0.,0.,1.));
#13393 = ORIENTED_EDGE('',*,*,#3280,.F.);
#13394 = PLANE('',#13395);
#13395 = AXIS2_PLACEMENT_3D('',#13396,#13397,#13398);
#13396 = CARTESIAN_POINT('',(159.09223,-6.291553,0.));
#13397 = DIRECTION('',(0.978650564643,0.205531195501,-0.));
#13398 = DIRECTION('',(0.205531195501,-0.978650564643,0.));
#13399 = ADVANCED_FACE('',(#13400),#13411,.T.);
#13400 = FACE_BOUND('',#13401,.T.);
#13401 = EDGE_LOOP('',(#13402,#13408,#13409,#13410));
#13402 = ORIENTED_EDGE('',*,*,#13403,.T.);
#13403 = EDGE_CURVE('',#752,#6091,#13404,.T.);
#13404 = LINE('',#13405,#13406);
#13405 = CARTESIAN_POINT('',(31.675465,22.505552,0.));
#13406 = VECTOR('',#13407,1.);
#13407 = DIRECTION('',(0.,0.,1.));
#13408 = ORIENTED_EDGE('',*,*,#6090,.T.);
#13409 = ORIENTED_EDGE('',*,*,#13369,.F.);
#13410 = ORIENTED_EDGE('',*,*,#751,.F.);
#13411 = PLANE('',#13412);
#13412 = AXIS2_PLACEMENT_3D('',#13413,#13414,#13415);
#13413 = CARTESIAN_POINT('',(31.675465,22.505552,0.));
#13414 = DIRECTION('',(0.516835218714,0.856084900403,-0.));
#13415 = DIRECTION('',(0.856084900403,-0.516835218714,0.));
#13416 = ADVANCED_FACE('',(#13417),#13428,.T.);
#13417 = FACE_BOUND('',#13418,.T.);
#13418 = EDGE_LOOP('',(#13419,#13420,#13421,#13427));
#13419 = ORIENTED_EDGE('',*,*,#13388,.T.);
#13420 = ORIENTED_EDGE('',*,*,#8611,.T.);
#13421 = ORIENTED_EDGE('',*,*,#13422,.F.);
#13422 = EDGE_CURVE('',#3265,#8604,#13423,.T.);
#13423 = LINE('',#13424,#13425);
#13424 = CARTESIAN_POINT('',(159.51993,-8.4598,0.));
#13425 = VECTOR('',#13426,1.);
#13426 = DIRECTION('',(0.,0.,1.));
#13427 = ORIENTED_EDGE('',*,*,#3272,.F.);
#13428 = PLANE('',#13429);
#13429 = AXIS2_PLACEMENT_3D('',#13430,#13431,#13432);
#13430 = CARTESIAN_POINT('',(159.211232,-6.858189,0.));
#13431 = DIRECTION('',(0.981927241059,0.189258799709,-0.));
#13432 = DIRECTION('',(0.189258799709,-0.981927241059,0.));
#13433 = ADVANCED_FACE('',(#13434),#13445,.T.);
#13434 = FACE_BOUND('',#13435,.T.);
#13435 = EDGE_LOOP('',(#13436,#13442,#13443,#13444));
#13436 = ORIENTED_EDGE('',*,*,#13437,.T.);
#13437 = EDGE_CURVE('',#760,#6099,#13438,.T.);
#13438 = LINE('',#13439,#13440);
#13439 = CARTESIAN_POINT('',(31.023898,22.893888,0.));
#13440 = VECTOR('',#13441,1.);
#13441 = DIRECTION('',(0.,0.,1.));
#13442 = ORIENTED_EDGE('',*,*,#6098,.T.);
#13443 = ORIENTED_EDGE('',*,*,#13403,.F.);
#13444 = ORIENTED_EDGE('',*,*,#759,.F.);
#13445 = PLANE('',#13446);
#13446 = AXIS2_PLACEMENT_3D('',#13447,#13448,#13449);
#13447 = CARTESIAN_POINT('',(31.023898,22.893888,0.));
#13448 = DIRECTION('',(0.511969048433,0.85900389606,-0.));
#13449 = DIRECTION('',(0.85900389606,-0.511969048433,0.));
#13450 = ADVANCED_FACE('',(#13451),#13462,.T.);
#13451 = FACE_BOUND('',#13452,.T.);
#13452 = EDGE_LOOP('',(#13453,#13454,#13455,#13461));
#13453 = ORIENTED_EDGE('',*,*,#13422,.T.);
#13454 = ORIENTED_EDGE('',*,*,#8603,.T.);
#13455 = ORIENTED_EDGE('',*,*,#13456,.F.);
#13456 = EDGE_CURVE('',#3257,#8596,#13457,.T.);
#13457 = LINE('',#13458,#13459);
#13458 = CARTESIAN_POINT('',(159.789176,-10.067725,0.));
#13459 = VECTOR('',#13460,1.);
#13460 = DIRECTION('',(0.,0.,1.));
#13461 = ORIENTED_EDGE('',*,*,#3264,.F.);
#13462 = PLANE('',#13463);
#13463 = AXIS2_PLACEMENT_3D('',#13464,#13465,#13466);
#13464 = CARTESIAN_POINT('',(159.51993,-8.4598,0.));
#13465 = DIRECTION('',(0.986268458704,0.165150014729,-0.));
#13466 = DIRECTION('',(0.165150014729,-0.986268458704,0.));
#13467 = ADVANCED_FACE('',(#13468),#13479,.T.);
#13468 = FACE_BOUND('',#13469,.T.);
#13469 = EDGE_LOOP('',(#13470,#13476,#13477,#13478));
#13470 = ORIENTED_EDGE('',*,*,#13471,.T.);
#13471 = EDGE_CURVE('',#768,#6107,#13472,.T.);
#13472 = LINE('',#13473,#13474);
#13473 = CARTESIAN_POINT('',(29.852733,23.582657,0.));
#13474 = VECTOR('',#13475,1.);
#13475 = DIRECTION('',(0.,0.,1.));
#13476 = ORIENTED_EDGE('',*,*,#6106,.T.);
#13477 = ORIENTED_EDGE('',*,*,#13437,.F.);
#13478 = ORIENTED_EDGE('',*,*,#767,.F.);
#13479 = PLANE('',#13480);
#13480 = AXIS2_PLACEMENT_3D('',#13481,#13482,#13483);
#13481 = CARTESIAN_POINT('',(29.852733,23.582657,0.));
#13482 = DIRECTION('',(0.506937235708,0.86198296912,-0.));
#13483 = DIRECTION('',(0.86198296912,-0.506937235708,0.));
#13484 = ADVANCED_FACE('',(#13485),#13496,.T.);
#13485 = FACE_BOUND('',#13486,.T.);
#13486 = EDGE_LOOP('',(#13487,#13488,#13489,#13495));
#13487 = ORIENTED_EDGE('',*,*,#13456,.T.);
#13488 = ORIENTED_EDGE('',*,*,#8595,.T.);
#13489 = ORIENTED_EDGE('',*,*,#13490,.F.);
#13490 = EDGE_CURVE('',#3249,#8588,#13491,.T.);
#13491 = LINE('',#13492,#13493);
#13492 = CARTESIAN_POINT('',(160.018802,-11.680877,0.));
#13493 = VECTOR('',#13494,1.);
#13494 = DIRECTION('',(0.,0.,1.));
#13495 = ORIENTED_EDGE('',*,*,#3256,.F.);
#13496 = PLANE('',#13497);
#13497 = AXIS2_PLACEMENT_3D('',#13498,#13499,#13500);
#13498 = CARTESIAN_POINT('',(159.789176,-10.067725,0.));
#13499 = DIRECTION('',(0.990020192565,0.140925577216,-0.));
#13500 = DIRECTION('',(0.140925577216,-0.990020192565,0.));
#13501 = ADVANCED_FACE('',(#13502),#13513,.T.);
#13502 = FACE_BOUND('',#13503,.T.);
#13503 = EDGE_LOOP('',(#13504,#13510,#13511,#13512));
#13504 = ORIENTED_EDGE('',*,*,#13505,.T.);
#13505 = EDGE_CURVE('',#776,#6115,#13506,.T.);
#13506 = LINE('',#13507,#13508);
#13507 = CARTESIAN_POINT('',(28.657976,24.272105,0.));
#13508 = VECTOR('',#13509,1.);
#13509 = DIRECTION('',(0.,0.,1.));
#13510 = ORIENTED_EDGE('',*,*,#6114,.T.);
#13511 = ORIENTED_EDGE('',*,*,#13471,.F.);
#13512 = ORIENTED_EDGE('',*,*,#775,.F.);
#13513 = PLANE('',#13514);
#13514 = AXIS2_PLACEMENT_3D('',#13515,#13516,#13517);
#13515 = CARTESIAN_POINT('',(28.657976,24.272105,0.));
#13516 = DIRECTION('',(0.499812258764,0.866133769108,-0.));
#13517 = DIRECTION('',(0.866133769108,-0.499812258764,0.));
#13518 = ADVANCED_FACE('',(#13519),#13530,.T.);
#13519 = FACE_BOUND('',#13520,.T.);
#13520 = EDGE_LOOP('',(#13521,#13522,#13523,#13529));
#13521 = ORIENTED_EDGE('',*,*,#13490,.T.);
#13522 = ORIENTED_EDGE('',*,*,#8587,.T.);
#13523 = ORIENTED_EDGE('',*,*,#13524,.F.);
#13524 = EDGE_CURVE('',#3241,#8580,#13525,.T.);
#13525 = LINE('',#13526,#13527);
#13526 = CARTESIAN_POINT('',(160.208667,-13.298153,0.));
#13527 = VECTOR('',#13528,1.);
#13528 = DIRECTION('',(0.,0.,1.));
#13529 = ORIENTED_EDGE('',*,*,#3248,.F.);
#13530 = PLANE('',#13531);
#13531 = AXIS2_PLACEMENT_3D('',#13532,#13533,#13534);
#13532 = CARTESIAN_POINT('',(160.018802,-11.680877,0.));
#13533 = DIRECTION('',(0.993179275965,0.116597280385,-0.));
#13534 = DIRECTION('',(0.116597280385,-0.993179275965,0.));
#13535 = ADVANCED_FACE('',(#13536),#13547,.T.);
#13536 = FACE_BOUND('',#13537,.T.);
#13537 = EDGE_LOOP('',(#13538,#13544,#13545,#13546));
#13538 = ORIENTED_EDGE('',*,*,#13539,.T.);
#13539 = EDGE_CURVE('',#784,#6123,#13540,.T.);
#13540 = LINE('',#13541,#13542);
#13541 = CARTESIAN_POINT('',(27.572233,24.886362,0.));
#13542 = VECTOR('',#13543,1.);
#13543 = DIRECTION('',(0.,0.,1.));
#13544 = ORIENTED_EDGE('',*,*,#6122,.T.);
#13545 = ORIENTED_EDGE('',*,*,#13505,.F.);
#13546 = ORIENTED_EDGE('',*,*,#783,.F.);
#13547 = PLANE('',#13548);
#13548 = AXIS2_PLACEMENT_3D('',#13549,#13550,#13551);
#13549 = CARTESIAN_POINT('',(27.572233,24.886362,0.));
#13550 = DIRECTION('',(0.492407265356,0.870364914863,-0.));
#13551 = DIRECTION('',(0.870364914863,-0.492407265356,0.));
#13552 = ADVANCED_FACE('',(#13553),#13564,.T.);
#13553 = FACE_BOUND('',#13554,.T.);
#13554 = EDGE_LOOP('',(#13555,#13556,#13557,#13563));
#13555 = ORIENTED_EDGE('',*,*,#13524,.T.);
#13556 = ORIENTED_EDGE('',*,*,#8579,.T.);
#13557 = ORIENTED_EDGE('',*,*,#13558,.F.);
#13558 = EDGE_CURVE('',#3233,#8572,#13559,.T.);
#13559 = LINE('',#13560,#13561);
#13560 = CARTESIAN_POINT('',(160.358659,-14.918437,0.));
#13561 = VECTOR('',#13562,1.);
#13562 = DIRECTION('',(0.,0.,1.));
#13563 = ORIENTED_EDGE('',*,*,#3240,.F.);
#13564 = PLANE('',#13565);
#13565 = AXIS2_PLACEMENT_3D('',#13566,#13567,#13568);
#13566 = CARTESIAN_POINT('',(160.208667,-13.298153,0.));
#13567 = DIRECTION('',(0.995742608796,9.217731297635E-02,-0.));
#13568 = DIRECTION('',(9.217731297635E-02,-0.995742608796,0.));
#13569 = ADVANCED_FACE('',(#13570),#13581,.T.);
#13570 = FACE_BOUND('',#13571,.T.);
#13571 = EDGE_LOOP('',(#13572,#13578,#13579,#13580));
#13572 = ORIENTED_EDGE('',*,*,#13573,.T.);
#13573 = EDGE_CURVE('',#792,#6131,#13574,.T.);
#13574 = LINE('',#13575,#13576);
#13575 = CARTESIAN_POINT('',(26.467091,25.498992,0.));
#13576 = VECTOR('',#13577,1.);
#13577 = DIRECTION('',(0.,0.,1.));
#13578 = ORIENTED_EDGE('',*,*,#6130,.T.);
#13579 = ORIENTED_EDGE('',*,*,#13539,.F.);
#13580 = ORIENTED_EDGE('',*,*,#791,.F.);
#13581 = PLANE('',#13582);
#13582 = AXIS2_PLACEMENT_3D('',#13583,#13584,#13585);
#13583 = CARTESIAN_POINT('',(26.467091,25.498992,0.));
#13584 = DIRECTION('',(0.484833706145,0.874606355674,-0.));
#13585 = DIRECTION('',(0.874606355674,-0.484833706145,0.));
#13586 = ADVANCED_FACE('',(#13587),#13598,.T.);
#13587 = FACE_BOUND('',#13588,.T.);
#13588 = EDGE_LOOP('',(#13589,#13590,#13591,#13597));
#13589 = ORIENTED_EDGE('',*,*,#13558,.T.);
#13590 = ORIENTED_EDGE('',*,*,#8571,.T.);
#13591 = ORIENTED_EDGE('',*,*,#13592,.F.);
#13592 = EDGE_CURVE('',#3225,#8564,#13593,.T.);
#13593 = LINE('',#13594,#13595);
#13594 = CARTESIAN_POINT('',(160.468697,-16.540595,0.));
#13595 = VECTOR('',#13596,1.);
#13596 = DIRECTION('',(0.,0.,1.));
#13597 = ORIENTED_EDGE('',*,*,#3232,.F.);
#13598 = PLANE('',#13599);
#13599 = AXIS2_PLACEMENT_3D('',#13600,#13601,#13602);
#13600 = CARTESIAN_POINT('',(160.358659,-14.918437,0.));
#13601 = DIRECTION('',(0.99770716172,6.767879618467E-02,-0.));
#13602 = DIRECTION('',(6.767879618467E-02,-0.99770716172,0.));
#13603 = ADVANCED_FACE('',(#13604),#13615,.T.);
#13604 = FACE_BOUND('',#13605,.T.);
#13605 = EDGE_LOOP('',(#13606,#13612,#13613,#13614));
#13606 = ORIENTED_EDGE('',*,*,#13607,.T.);
#13607 = EDGE_CURVE('',#800,#6139,#13608,.T.);
#13608 = LINE('',#13609,#13610);
#13609 = CARTESIAN_POINT('',(25.432141,26.060739,0.));
#13610 = VECTOR('',#13611,1.);
#13611 = DIRECTION('',(0.,0.,1.));
#13612 = ORIENTED_EDGE('',*,*,#6138,.T.);
#13613 = ORIENTED_EDGE('',*,*,#13573,.F.);
#13614 = ORIENTED_EDGE('',*,*,#799,.F.);
#13615 = PLANE('',#13616);
#13616 = AXIS2_PLACEMENT_3D('',#13617,#13618,#13619);
#13617 = CARTESIAN_POINT('',(25.432141,26.060739,0.));
#13618 = DIRECTION('',(0.477037421416,0.878882983433,-0.));
#13619 = DIRECTION('',(0.878882983433,-0.477037421416,0.));
#13620 = ADVANCED_FACE('',(#13621),#13632,.T.);
#13621 = FACE_BOUND('',#13622,.T.);
#13622 = EDGE_LOOP('',(#13623,#13624,#13625,#13631));
#13623 = ORIENTED_EDGE('',*,*,#13592,.T.);
#13624 = ORIENTED_EDGE('',*,*,#8563,.T.);
#13625 = ORIENTED_EDGE('',*,*,#13626,.F.);
#13626 = EDGE_CURVE('',#3217,#8556,#13627,.T.);
#13627 = LINE('',#13628,#13629);
#13628 = CARTESIAN_POINT('',(160.508719,-17.35208,0.));
#13629 = VECTOR('',#13630,1.);
#13630 = DIRECTION('',(0.,0.,1.));
#13631 = ORIENTED_EDGE('',*,*,#3224,.F.);
#13632 = PLANE('',#13633);
#13633 = AXIS2_PLACEMENT_3D('',#13634,#13635,#13636);
#13634 = CARTESIAN_POINT('',(160.468697,-16.540595,0.));
#13635 = DIRECTION('',(0.998786009796,4.925958419944E-02,-0.));
#13636 = DIRECTION('',(4.925958419944E-02,-0.998786009796,0.));
#13637 = ADVANCED_FACE('',(#13638),#13649,.T.);
#13638 = FACE_BOUND('',#13639,.T.);
#13639 = EDGE_LOOP('',(#13640,#13646,#13647,#13648));
#13640 = ORIENTED_EDGE('',*,*,#13641,.T.);
#13641 = EDGE_CURVE('',#808,#6147,#13642,.T.);
#13642 = LINE('',#13643,#13644);
#13643 = CARTESIAN_POINT('',(24.380258,26.619443,0.));
#13644 = VECTOR('',#13645,1.);
#13645 = DIRECTION('',(0.,0.,1.));
#13646 = ORIENTED_EDGE('',*,*,#6146,.T.);
#13647 = ORIENTED_EDGE('',*,*,#13607,.F.);
#13648 = ORIENTED_EDGE('',*,*,#807,.F.);
#13649 = PLANE('',#13650);
#13650 = AXIS2_PLACEMENT_3D('',#13651,#13652,#13653);
#13651 = CARTESIAN_POINT('',(24.380258,26.619443,0.));
#13652 = DIRECTION('',(0.469083954308,0.883153578836,-0.));
#13653 = DIRECTION('',(0.883153578836,-0.469083954308,0.));
#13654 = ADVANCED_FACE('',(#13655),#13666,.T.);
#13655 = FACE_BOUND('',#13656,.T.);
#13656 = EDGE_LOOP('',(#13657,#13658,#13659,#13665));
#13657 = ORIENTED_EDGE('',*,*,#13626,.T.);
#13658 = ORIENTED_EDGE('',*,*,#8555,.T.);
#13659 = ORIENTED_EDGE('',*,*,#13660,.F.);
#13660 = EDGE_CURVE('',#3209,#8548,#13661,.T.);
#13661 = LINE('',#13662,#13663);
#13662 = CARTESIAN_POINT('',(160.538731,-18.163486,0.));
#13663 = VECTOR('',#13664,1.);
#13664 = DIRECTION('',(0.,0.,1.));
#13665 = ORIENTED_EDGE('',*,*,#3216,.F.);
#13666 = PLANE('',#13667);
#13667 = AXIS2_PLACEMENT_3D('',#13668,#13669,#13670);
#13668 = CARTESIAN_POINT('',(160.508719,-17.35208,0.));
#13669 = DIRECTION('',(0.999316657999,3.696237338627E-02,-0.));
#13670 = DIRECTION('',(3.696237338627E-02,-0.999316657999,0.));
#13671 = ADVANCED_FACE('',(#13672),#13683,.T.);
#13672 = FACE_BOUND('',#13673,.T.);
#13673 = EDGE_LOOP('',(#13674,#13680,#13681,#13682));
#13674 = ORIENTED_EDGE('',*,*,#13675,.T.);
#13675 = EDGE_CURVE('',#816,#6155,#13676,.T.);
#13676 = LINE('',#13677,#13678);
#13677 = CARTESIAN_POINT('',(23.378779,27.139625,0.));
#13678 = VECTOR('',#13679,1.);
#13679 = DIRECTION('',(0.,0.,1.));
#13680 = ORIENTED_EDGE('',*,*,#6154,.T.);
#13681 = ORIENTED_EDGE('',*,*,#13641,.F.);
#13682 = ORIENTED_EDGE('',*,*,#815,.F.);
#13683 = PLANE('',#13684);
#13684 = AXIS2_PLACEMENT_3D('',#13685,#13686,#13687);
#13685 = CARTESIAN_POINT('',(23.378779,27.139625,0.));
#13686 = DIRECTION('',(0.460943192235,0.887429644272,-0.));
#13687 = DIRECTION('',(0.887429644272,-0.460943192235,0.));
#13688 = ADVANCED_FACE('',(#13689),#13700,.T.);
#13689 = FACE_BOUND('',#13690,.T.);
#13690 = EDGE_LOOP('',(#13691,#13692,#13693,#13699));
#13691 = ORIENTED_EDGE('',*,*,#13660,.T.);
#13692 = ORIENTED_EDGE('',*,*,#8547,.T.);
#13693 = ORIENTED_EDGE('',*,*,#13694,.F.);
#13694 = EDGE_CURVE('',#3201,#8540,#13695,.T.);
#13695 = LINE('',#13696,#13697);
#13696 = CARTESIAN_POINT('',(160.558739,-18.974868,0.));
#13697 = VECTOR('',#13698,1.);
#13698 = DIRECTION('',(0.,0.,1.));
#13699 = ORIENTED_EDGE('',*,*,#3208,.F.);
#13700 = PLANE('',#13701);
#13701 = AXIS2_PLACEMENT_3D('',#13702,#13703,#13704);
#13702 = CARTESIAN_POINT('',(160.538731,-18.163486,0.));
#13703 = DIRECTION('',(0.999696101458,2.465166789251E-02,-0.));
#13704 = DIRECTION('',(2.465166789251E-02,-0.999696101458,0.));
#13705 = ADVANCED_FACE('',(#13706),#13717,.T.);
#13706 = FACE_BOUND('',#13707,.T.);
#13707 = EDGE_LOOP('',(#13708,#13714,#13715,#13716));
#13708 = ORIENTED_EDGE('',*,*,#13709,.T.);
#13709 = EDGE_CURVE('',#824,#6163,#13710,.T.);
#13710 = LINE('',#13711,#13712);
#13711 = CARTESIAN_POINT('',(22.362026,27.655777,0.));
#13712 = VECTOR('',#13713,1.);
#13713 = DIRECTION('',(0.,0.,1.));
#13714 = ORIENTED_EDGE('',*,*,#6162,.T.);
#13715 = ORIENTED_EDGE('',*,*,#13675,.F.);
#13716 = ORIENTED_EDGE('',*,*,#823,.F.);
#13717 = PLANE('',#13718);
#13718 = AXIS2_PLACEMENT_3D('',#13719,#13720,#13721);
#13719 = CARTESIAN_POINT('',(22.362026,27.655777,0.));
#13720 = DIRECTION('',(0.452660510401,0.891682938226,-0.));
#13721 = DIRECTION('',(0.891682938226,-0.452660510401,0.));
#13722 = ADVANCED_FACE('',(#13723),#13734,.T.);
#13723 = FACE_BOUND('',#13724,.T.);
#13724 = EDGE_LOOP('',(#13725,#13726,#13727,#13733));
#13725 = ORIENTED_EDGE('',*,*,#13694,.T.);
#13726 = ORIENTED_EDGE('',*,*,#8539,.T.);
#13727 = ORIENTED_EDGE('',*,*,#13728,.F.);
#13728 = EDGE_CURVE('',#3193,#8532,#13729,.T.);
#13729 = LINE('',#13730,#13731);
#13730 = CARTESIAN_POINT('',(160.56874,-19.785965,0.));
#13731 = VECTOR('',#13732,1.);
#13732 = DIRECTION('',(0.,0.,1.));
#13733 = ORIENTED_EDGE('',*,*,#3200,.F.);
#13734 = PLANE('',#13735);
#13735 = AXIS2_PLACEMENT_3D('',#13736,#13737,#13738);
#13736 = CARTESIAN_POINT('',(160.558739,-18.974868,0.));
#13737 = DIRECTION('',(0.999923991572,1.232927731171E-02,-0.));
#13738 = DIRECTION('',(1.232927731171E-02,-0.999923991572,0.));
#13739 = ADVANCED_FACE('',(#13740),#13751,.T.);
#13740 = FACE_BOUND('',#13741,.T.);
#13741 = EDGE_LOOP('',(#13742,#13748,#13749,#13750));
#13742 = ORIENTED_EDGE('',*,*,#13743,.T.);
#13743 = EDGE_CURVE('',#832,#6171,#13744,.T.);
#13744 = LINE('',#13745,#13746);
#13745 = CARTESIAN_POINT('',(21.383799,28.140803,0.));
#13746 = VECTOR('',#13747,1.);
#13747 = DIRECTION('',(0.,0.,1.));
#13748 = ORIENTED_EDGE('',*,*,#6170,.T.);
#13749 = ORIENTED_EDGE('',*,*,#13709,.F.);
#13750 = ORIENTED_EDGE('',*,*,#831,.F.);
#13751 = PLANE('',#13752);
#13752 = AXIS2_PLACEMENT_3D('',#13753,#13754,#13755);
#13753 = CARTESIAN_POINT('',(21.383799,28.140803,0.));
#13754 = DIRECTION('',(0.444216224219,0.895919609195,-0.));
#13755 = DIRECTION('',(0.895919609195,-0.444216224219,0.));
#13756 = ADVANCED_FACE('',(#13757),#13768,.T.);
#13757 = FACE_BOUND('',#13758,.T.);
#13758 = EDGE_LOOP('',(#13759,#13760,#13761,#13767));
#13759 = ORIENTED_EDGE('',*,*,#13728,.T.);
#13760 = ORIENTED_EDGE('',*,*,#8531,.T.);
#13761 = ORIENTED_EDGE('',*,*,#13762,.F.);
#13762 = EDGE_CURVE('',#3185,#8524,#13763,.T.);
#13763 = LINE('',#13764,#13765);
#13764 = CARTESIAN_POINT('',(160.568739,-20.596667,0.));
#13765 = VECTOR('',#13766,1.);
#13766 = DIRECTION('',(0.,0.,1.));
#13767 = ORIENTED_EDGE('',*,*,#3192,.F.);
#13768 = PLANE('',#13769);
#13769 = AXIS2_PLACEMENT_3D('',#13770,#13771,#13772);
#13770 = CARTESIAN_POINT('',(160.56874,-19.785965,0.));
#13771 = DIRECTION('',(0.999999999999,-1.233498865766E-06,0.));
#13772 = DIRECTION('',(-1.233498865766E-06,-0.999999999999,0.));
#13773 = ADVANCED_FACE('',(#13774),#13785,.T.);
#13774 = FACE_BOUND('',#13775,.T.);
#13775 = EDGE_LOOP('',(#13776,#13782,#13783,#13784));
#13776 = ORIENTED_EDGE('',*,*,#13777,.T.);
#13777 = EDGE_CURVE('',#840,#6179,#13778,.T.);
#13778 = LINE('',#13779,#13780);
#13779 = CARTESIAN_POINT('',(20.391506,28.621055,0.));
#13780 = VECTOR('',#13781,1.);
#13781 = DIRECTION('',(0.,0.,1.));
#13782 = ORIENTED_EDGE('',*,*,#6178,.T.);
#13783 = ORIENTED_EDGE('',*,*,#13743,.F.);
#13784 = ORIENTED_EDGE('',*,*,#839,.F.);
#13785 = PLANE('',#13786);
#13786 = AXIS2_PLACEMENT_3D('',#13787,#13788,#13789);
#13787 = CARTESIAN_POINT('',(20.391506,28.621055,0.));
#13788 = DIRECTION('',(0.435641944521,0.900120045424,-0.));
#13789 = DIRECTION('',(0.900120045424,-0.435641944521,0.));
#13790 = ADVANCED_FACE('',(#13791),#13802,.T.);
#13791 = FACE_BOUND('',#13792,.T.);
#13792 = EDGE_LOOP('',(#13793,#13794,#13795,#13801));
#13793 = ORIENTED_EDGE('',*,*,#13762,.T.);
#13794 = ORIENTED_EDGE('',*,*,#8523,.T.);
#13795 = ORIENTED_EDGE('',*,*,#13796,.F.);
#13796 = EDGE_CURVE('',#3177,#8516,#13797,.T.);
#13797 = LINE('',#13798,#13799);
#13798 = CARTESIAN_POINT('',(160.558738,-21.40688,0.));
#13799 = VECTOR('',#13800,1.);
#13800 = DIRECTION('',(0.,0.,1.));
#13801 = ORIENTED_EDGE('',*,*,#3184,.F.);
#13802 = PLANE('',#13803);
#13803 = AXIS2_PLACEMENT_3D('',#13804,#13805,#13806);
#13804 = CARTESIAN_POINT('',(160.568739,-20.596667,0.));
#13805 = DIRECTION('',(0.999923825639,-1.234272738182E-02,0.));
#13806 = DIRECTION('',(-1.234272738182E-02,-0.999923825639,0.));
#13807 = ADVANCED_FACE('',(#13808),#13819,.T.);
#13808 = FACE_BOUND('',#13809,.T.);
#13809 = EDGE_LOOP('',(#13810,#13816,#13817,#13818));
#13810 = ORIENTED_EDGE('',*,*,#13811,.T.);
#13811 = EDGE_CURVE('',#848,#6187,#13812,.T.);
#13812 = LINE('',#13813,#13814);
#13813 = CARTESIAN_POINT('',(19.42987,29.075059,0.));
#13814 = VECTOR('',#13815,1.);
#13815 = DIRECTION('',(0.,0.,1.));
#13816 = ORIENTED_EDGE('',*,*,#6186,.T.);
#13817 = ORIENTED_EDGE('',*,*,#13777,.F.);
#13818 = ORIENTED_EDGE('',*,*,#847,.F.);
#13819 = PLANE('',#13820);
#13820 = AXIS2_PLACEMENT_3D('',#13821,#13822,#13823);
#13821 = CARTESIAN_POINT('',(19.42987,29.075059,0.));
#13822 = DIRECTION('',(0.426927961295,0.904285638426,-0.));
#13823 = DIRECTION('',(0.904285638426,-0.426927961295,0.));
#13824 = ADVANCED_FACE('',(#13825),#13836,.T.);
#13825 = FACE_BOUND('',#13826,.T.);
#13826 = EDGE_LOOP('',(#13827,#13828,#13829,#13835));
#13827 = ORIENTED_EDGE('',*,*,#13796,.T.);
#13828 = ORIENTED_EDGE('',*,*,#8515,.T.);
#13829 = ORIENTED_EDGE('',*,*,#13830,.F.);
#13830 = EDGE_CURVE('',#3169,#8508,#13831,.T.);
#13831 = LINE('',#13832,#13833);
#13832 = CARTESIAN_POINT('',(160.538749,-22.216328,0.));
#13833 = VECTOR('',#13834,1.);
#13834 = DIRECTION('',(0.,0.,1.));
#13835 = ORIENTED_EDGE('',*,*,#3176,.F.);
#13836 = PLANE('',#13837);
#13837 = AXIS2_PLACEMENT_3D('',#13838,#13839,#13840);
#13838 = CARTESIAN_POINT('',(160.558738,-21.40688,0.));
#13839 = DIRECTION('',(0.999695227586,-2.468708046005E-02,0.));
#13840 = DIRECTION('',(-2.468708046005E-02,-0.999695227586,0.));
#13841 = ADVANCED_FACE('',(#13842),#13853,.T.);
#13842 = FACE_BOUND('',#13843,.T.);
#13843 = EDGE_LOOP('',(#13844,#13850,#13851,#13852));
#13844 = ORIENTED_EDGE('',*,*,#13845,.T.);
#13845 = EDGE_CURVE('',#856,#6195,#13846,.T.);
#13846 = LINE('',#13847,#13848);
#13847 = CARTESIAN_POINT('',(18.455094,29.523702,0.));
#13848 = VECTOR('',#13849,1.);
#13849 = DIRECTION('',(0.,0.,1.));
#13850 = ORIENTED_EDGE('',*,*,#6194,.T.);
#13851 = ORIENTED_EDGE('',*,*,#13811,.F.);
#13852 = ORIENTED_EDGE('',*,*,#855,.F.);
#13853 = PLANE('',#13854);
#13854 = AXIS2_PLACEMENT_3D('',#13855,#13856,#13857);
#13855 = CARTESIAN_POINT('',(18.455094,29.523702,0.));
#13856 = DIRECTION('',(0.418094842402,0.908403381079,-0.));
#13857 = DIRECTION('',(0.908403381079,-0.418094842402,0.));
#13858 = ADVANCED_FACE('',(#13859),#13870,.T.);
#13859 = FACE_BOUND('',#13860,.T.);
#13860 = EDGE_LOOP('',(#13861,#13862,#13863,#13869));
#13861 = ORIENTED_EDGE('',*,*,#13830,.T.);
#13862 = ORIENTED_EDGE('',*,*,#8507,.T.);
#13863 = ORIENTED_EDGE('',*,*,#13864,.F.);
#13864 = EDGE_CURVE('',#3161,#8500,#13865,.T.);
#13865 = LINE('',#13866,#13867);
#13866 = CARTESIAN_POINT('',(160.508772,-23.02508,0.));
#13867 = VECTOR('',#13868,1.);
#13868 = DIRECTION('',(0.,0.,1.));
#13869 = ORIENTED_EDGE('',*,*,#3168,.F.);
#13870 = PLANE('',#13871);
#13871 = AXIS2_PLACEMENT_3D('',#13872,#13873,#13874);
#13872 = CARTESIAN_POINT('',(160.538749,-22.216328,0.));
#13873 = DIRECTION('',(0.999313772073,-3.704031513422E-02,0.));
#13874 = DIRECTION('',(-3.704031513422E-02,-0.999313772073,0.));
#13875 = ADVANCED_FACE('',(#13876),#13887,.T.);
#13876 = FACE_BOUND('',#13877,.T.);
#13877 = EDGE_LOOP('',(#13878,#13884,#13885,#13886));
#13878 = ORIENTED_EDGE('',*,*,#13879,.T.);
#13879 = EDGE_CURVE('',#864,#6203,#13880,.T.);
#13880 = LINE('',#13881,#13882);
#13881 = CARTESIAN_POINT('',(17.505398,29.94953,0.));
#13882 = VECTOR('',#13883,1.);
#13883 = DIRECTION('',(0.,0.,1.));
#13884 = ORIENTED_EDGE('',*,*,#6202,.T.);
#13885 = ORIENTED_EDGE('',*,*,#13845,.F.);
#13886 = ORIENTED_EDGE('',*,*,#863,.F.);
#13887 = PLANE('',#13888);
#13888 = AXIS2_PLACEMENT_3D('',#13889,#13890,#13891);
#13889 = CARTESIAN_POINT('',(17.505398,29.94953,0.));
#13890 = DIRECTION('',(0.409137671713,0.912472665665,-0.));
#13891 = DIRECTION('',(0.912472665665,-0.409137671713,0.));
#13892 = ADVANCED_FACE('',(#13893),#13904,.T.);
#13893 = FACE_BOUND('',#13894,.T.);
#13894 = EDGE_LOOP('',(#13895,#13896,#13897,#13903));
#13895 = ORIENTED_EDGE('',*,*,#13864,.T.);
#13896 = ORIENTED_EDGE('',*,*,#8499,.T.);
#13897 = ORIENTED_EDGE('',*,*,#13898,.F.);
#13898 = EDGE_CURVE('',#3153,#8492,#13899,.T.);
#13899 = LINE('',#13900,#13901);
#13900 = CARTESIAN_POINT('',(160.46883,-23.8327,0.));
#13901 = VECTOR('',#13902,1.);
#13902 = DIRECTION('',(0.,0.,1.));
#13903 = ORIENTED_EDGE('',*,*,#3160,.F.);
#13904 = PLANE('',#13905);
#13905 = AXIS2_PLACEMENT_3D('',#13906,#13907,#13908);
#13906 = CARTESIAN_POINT('',(160.508772,-23.02508,0.));
#13907 = DIRECTION('',(0.998779269805,-4.939605457338E-02,0.));
#13908 = DIRECTION('',(-4.939605457338E-02,-0.998779269805,0.));
#13909 = ADVANCED_FACE('',(#13910),#13921,.T.);
#13910 = FACE_BOUND('',#13911,.T.);
#13911 = EDGE_LOOP('',(#13912,#13918,#13919,#13920));
#13912 = ORIENTED_EDGE('',*,*,#13913,.T.);
#13913 = EDGE_CURVE('',#872,#6211,#13914,.T.);
#13914 = LINE('',#13915,#13916);
#13915 = CARTESIAN_POINT('',(16.543296,30.369518,0.));
#13916 = VECTOR('',#13917,1.);
#13917 = DIRECTION('',(0.,0.,1.));
#13918 = ORIENTED_EDGE('',*,*,#6210,.T.);
#13919 = ORIENTED_EDGE('',*,*,#13879,.F.);
#13920 = ORIENTED_EDGE('',*,*,#871,.F.);
#13921 = PLANE('',#13922);
#13922 = AXIS2_PLACEMENT_3D('',#13923,#13924,#13925);
#13923 = CARTESIAN_POINT('',(16.543296,30.369518,0.));
#13924 = DIRECTION('',(0.400073824623,0.916482915744,-0.));
#13925 = DIRECTION('',(0.916482915744,-0.400073824623,0.));
#13926 = ADVANCED_FACE('',(#13927),#13938,.T.);
#13927 = FACE_BOUND('',#13928,.T.);
#13928 = EDGE_LOOP('',(#13929,#13930,#13931,#13937));
#13929 = ORIENTED_EDGE('',*,*,#13898,.T.);
#13930 = ORIENTED_EDGE('',*,*,#8491,.T.);
#13931 = ORIENTED_EDGE('',*,*,#13932,.F.);
#13932 = EDGE_CURVE('',#3145,#8484,#13933,.T.);
#13933 = LINE('',#13934,#13935);
#13934 = CARTESIAN_POINT('',(160.418918,-24.63942,0.));
#13935 = VECTOR('',#13936,1.);
#13936 = DIRECTION('',(0.,0.,1.));
#13937 = ORIENTED_EDGE('',*,*,#3152,.F.);
#13938 = PLANE('',#13939);
#13939 = AXIS2_PLACEMENT_3D('',#13940,#13941,#13942);
#13940 = CARTESIAN_POINT('',(160.46883,-23.8327,0.));
#13941 = DIRECTION('',(0.998091511065,-6.175221080462E-02,0.));
#13942 = DIRECTION('',(-6.175221080462E-02,-0.998091511065,0.));
#13943 = ADVANCED_FACE('',(#13944),#13955,.T.);
#13944 = FACE_BOUND('',#13945,.T.);
#13945 = EDGE_LOOP('',(#13946,#13952,#13953,#13954));
#13946 = ORIENTED_EDGE('',*,*,#13947,.T.);
#13947 = EDGE_CURVE('',#880,#6219,#13948,.T.);
#13948 = LINE('',#13949,#13950);
#13949 = CARTESIAN_POINT('',(16.225098,30.505889,0.));
#13950 = VECTOR('',#13951,1.);
#13951 = DIRECTION('',(0.,0.,1.));
#13952 = ORIENTED_EDGE('',*,*,#6218,.T.);
#13953 = ORIENTED_EDGE('',*,*,#13913,.F.);
#13954 = ORIENTED_EDGE('',*,*,#879,.F.);
#13955 = PLANE('',#13956);
#13956 = AXIS2_PLACEMENT_3D('',#13957,#13958,#13959);
#13957 = CARTESIAN_POINT('',(16.225098,30.505889,0.));
#13958 = DIRECTION('',(0.393920344449,0.919144581787,-0.));
#13959 = DIRECTION('',(0.919144581787,-0.393920344449,0.));
#13960 = ADVANCED_FACE('',(#13961),#13972,.T.);
#13961 = FACE_BOUND('',#13962,.T.);
#13962 = EDGE_LOOP('',(#13963,#13964,#13965,#13971));
#13963 = ORIENTED_EDGE('',*,*,#13932,.T.);
#13964 = ORIENTED_EDGE('',*,*,#8483,.T.);
#13965 = ORIENTED_EDGE('',*,*,#13966,.F.);
#13966 = EDGE_CURVE('',#3137,#8476,#13967,.T.);
#13967 = LINE('',#13968,#13969);
#13968 = CARTESIAN_POINT('',(160.359078,-25.44464,0.));
#13969 = VECTOR('',#13970,1.);
#13970 = DIRECTION('',(0.,0.,1.));
#13971 = ORIENTED_EDGE('',*,*,#3144,.F.);
#13972 = PLANE('',#13973);
#13973 = AXIS2_PLACEMENT_3D('',#13974,#13975,#13976);
#13974 = CARTESIAN_POINT('',(160.418918,-24.63942,0.));
#13975 = DIRECTION('',(0.997250018733,-7.411072889515E-02,0.));
#13976 = DIRECTION('',(-7.411072889515E-02,-0.997250018733,0.));
#13977 = ADVANCED_FACE('',(#13978),#13989,.T.);
#13978 = FACE_BOUND('',#13979,.T.);
#13979 = EDGE_LOOP('',(#13980,#13986,#13987,#13988));
#13980 = ORIENTED_EDGE('',*,*,#13981,.T.);
#13981 = EDGE_CURVE('',#888,#6227,#13982,.T.);
#13982 = LINE('',#13983,#13984);
#13983 = CARTESIAN_POINT('',(15.30934,30.89105,0.));
#13984 = VECTOR('',#13985,1.);
#13985 = DIRECTION('',(0.,0.,1.));
#13986 = ORIENTED_EDGE('',*,*,#6226,.T.);
#13987 = ORIENTED_EDGE('',*,*,#13947,.F.);
#13988 = ORIENTED_EDGE('',*,*,#887,.F.);
#13989 = PLANE('',#13990);
#13990 = AXIS2_PLACEMENT_3D('',#13991,#13992,#13993);
#13991 = CARTESIAN_POINT('',(15.30934,30.89105,0.));
#13992 = DIRECTION('',(0.387696743754,0.921786979124,-0.));
#13993 = DIRECTION('',(0.921786979124,-0.387696743754,0.));
#13994 = ADVANCED_FACE('',(#13995),#14006,.T.);
#13995 = FACE_BOUND('',#13996,.T.);
#13996 = EDGE_LOOP('',(#13997,#13998,#13999,#14005));
#13997 = ORIENTED_EDGE('',*,*,#13966,.T.);
#13998 = ORIENTED_EDGE('',*,*,#8475,.T.);
#13999 = ORIENTED_EDGE('',*,*,#14000,.F.);
#14000 = EDGE_CURVE('',#3129,#8468,#14001,.T.);
#14001 = LINE('',#14002,#14003);
#14002 = CARTESIAN_POINT('',(160.289288,-26.248758,0.));
#14003 = VECTOR('',#14004,1.);
#14004 = DIRECTION('',(0.,0.,1.));
#14005 = ORIENTED_EDGE('',*,*,#3136,.F.);
#14006 = PLANE('',#14007);
#14007 = AXIS2_PLACEMENT_3D('',#14008,#14009,#14010);
#14008 = CARTESIAN_POINT('',(160.359078,-25.44464,0.));
#14009 = DIRECTION('',(0.996254828344,-8.646569840516E-02,0.));
#14010 = DIRECTION('',(-8.646569840516E-02,-0.996254828344,0.));
#14011 = ADVANCED_FACE('',(#14012),#14023,.T.);
#14012 = FACE_BOUND('',#14013,.T.);
#14013 = EDGE_LOOP('',(#14014,#14020,#14021,#14022));
#14014 = ORIENTED_EDGE('',*,*,#14015,.T.);
#14015 = EDGE_CURVE('',#896,#6235,#14016,.T.);
#14016 = LINE('',#14017,#14018);
#14017 = CARTESIAN_POINT('',(14.382326,31.269811,0.));
#14018 = VECTOR('',#14019,1.);
#14019 = DIRECTION('',(0.,0.,1.));
#14020 = ORIENTED_EDGE('',*,*,#6234,.T.);
#14021 = ORIENTED_EDGE('',*,*,#13981,.F.);
#14022 = ORIENTED_EDGE('',*,*,#895,.F.);
#14023 = PLANE('',#14024);
#14024 = AXIS2_PLACEMENT_3D('',#14025,#14026,#14027);
#14025 = CARTESIAN_POINT('',(14.382326,31.269811,0.));
#14026 = DIRECTION('',(0.378229044818,0.925712044675,-0.));
#14027 = DIRECTION('',(0.925712044675,-0.378229044818,0.));
#14028 = ADVANCED_FACE('',(#14029),#14040,.T.);
#14029 = FACE_BOUND('',#14030,.T.);
#14030 = EDGE_LOOP('',(#14031,#14032,#14033,#14039));
#14031 = ORIENTED_EDGE('',*,*,#14000,.T.);
#14032 = ORIENTED_EDGE('',*,*,#8467,.T.);
#14033 = ORIENTED_EDGE('',*,*,#14034,.F.);
#14034 = EDGE_CURVE('',#3121,#8460,#14035,.T.);
#14035 = LINE('',#14036,#14037);
#14036 = CARTESIAN_POINT('',(160.228702,-26.867771,0.));
#14037 = VECTOR('',#14038,1.);
#14038 = DIRECTION('',(0.,0.,1.));
#14039 = ORIENTED_EDGE('',*,*,#3128,.F.);
#14040 = PLANE('',#14041);
#14041 = AXIS2_PLACEMENT_3D('',#14042,#14043,#14044);
#14042 = CARTESIAN_POINT('',(160.289288,-26.248758,0.));
#14043 = DIRECTION('',(0.99524436643,-9.740970736406E-02,0.));
#14044 = DIRECTION('',(-9.740970736406E-02,-0.99524436643,0.));
#14045 = ADVANCED_FACE('',(#14046),#14057,.T.);
#14046 = FACE_BOUND('',#14047,.T.);
#14047 = EDGE_LOOP('',(#14048,#14054,#14055,#14056));
#14048 = ORIENTED_EDGE('',*,*,#14049,.T.);
#14049 = EDGE_CURVE('',#904,#6243,#14050,.T.);
#14050 = LINE('',#14051,#14052);
#14051 = CARTESIAN_POINT('',(13.465256,31.633546,0.));
#14052 = VECTOR('',#14053,1.);
#14053 = DIRECTION('',(0.,0.,1.));
#14054 = ORIENTED_EDGE('',*,*,#6242,.T.);
#14055 = ORIENTED_EDGE('',*,*,#14015,.F.);
#14056 = ORIENTED_EDGE('',*,*,#903,.F.);
#14057 = PLANE('',#14058);
#14058 = AXIS2_PLACEMENT_3D('',#14059,#14060,#14061);
#14059 = CARTESIAN_POINT('',(13.465256,31.633546,0.));
#14060 = DIRECTION('',(0.368686426906,0.929553827713,-0.));
#14061 = DIRECTION('',(0.929553827713,-0.368686426906,0.));
#14062 = ADVANCED_FACE('',(#14063),#14074,.T.);
#14063 = FACE_BOUND('',#14064,.T.);
#14064 = EDGE_LOOP('',(#14065,#14066,#14067,#14073));
#14065 = ORIENTED_EDGE('',*,*,#14034,.T.);
#14066 = ORIENTED_EDGE('',*,*,#8459,.T.);
#14067 = ORIENTED_EDGE('',*,*,#14068,.F.);
#14068 = EDGE_CURVE('',#3113,#8452,#14069,.T.);
#14069 = LINE('',#14070,#14071);
#14070 = CARTESIAN_POINT('',(160.043687,-28.474625,0.));
#14071 = VECTOR('',#14072,1.);
#14072 = DIRECTION('',(0.,0.,1.));
#14073 = ORIENTED_EDGE('',*,*,#3120,.F.);
#14074 = PLANE('',#14075);
#14075 = AXIS2_PLACEMENT_3D('',#14076,#14077,#14078);
#14076 = CARTESIAN_POINT('',(160.228702,-26.867771,0.));
#14077 = DIRECTION('',(0.993436449525,-0.114385404467,0.));
#14078 = DIRECTION('',(-0.114385404467,-0.993436449525,0.));
#14079 = ADVANCED_FACE('',(#14080),#14091,.T.);
#14080 = FACE_BOUND('',#14081,.T.);
#14081 = EDGE_LOOP('',(#14082,#14088,#14089,#14090));
#14082 = ORIENTED_EDGE('',*,*,#14083,.T.);
#14083 = EDGE_CURVE('',#912,#6251,#14084,.T.);
#14084 = LINE('',#14085,#14086);
#14085 = CARTESIAN_POINT('',(12.538132,31.99023,0.));
#14086 = VECTOR('',#14087,1.);
#14087 = DIRECTION('',(0.,0.,1.));
#14088 = ORIENTED_EDGE('',*,*,#6250,.T.);
#14089 = ORIENTED_EDGE('',*,*,#14049,.F.);
#14090 = ORIENTED_EDGE('',*,*,#911,.F.);
#14091 = PLANE('',#14092);
#14092 = AXIS2_PLACEMENT_3D('',#14093,#14094,#14095);
#14093 = CARTESIAN_POINT('',(12.538132,31.99023,0.));
#14094 = DIRECTION('',(0.359064883867,0.933312599922,-0.));
#14095 = DIRECTION('',(0.933312599922,-0.359064883867,0.));
#14096 = ADVANCED_FACE('',(#14097),#14108,.T.);
#14097 = FACE_BOUND('',#14098,.T.);
#14098 = EDGE_LOOP('',(#14099,#14100,#14101,#14107));
#14099 = ORIENTED_EDGE('',*,*,#14068,.T.);
#14100 = ORIENTED_EDGE('',*,*,#8451,.T.);
#14101 = ORIENTED_EDGE('',*,*,#14102,.F.);
#14102 = EDGE_CURVE('',#3105,#8444,#14103,.T.);
#14103 = LINE('',#14104,#14105);
#14104 = CARTESIAN_POINT('',(159.817199,-30.093654,0.));
#14105 = VECTOR('',#14106,1.);
#14106 = DIRECTION('',(0.,0.,1.));
#14107 = ORIENTED_EDGE('',*,*,#3112,.F.);
#14108 = PLANE('',#14109);
#14109 = AXIS2_PLACEMENT_3D('',#14110,#14111,#14112);
#14110 = CARTESIAN_POINT('',(160.043687,-28.474625,0.));
#14111 = DIRECTION('',(0.990356528579,-0.138542218481,0.));
#14112 = DIRECTION('',(-0.138542218481,-0.990356528579,0.));
#14113 = ADVANCED_FACE('',(#14114),#14125,.T.);
#14114 = FACE_BOUND('',#14115,.T.);
#14115 = EDGE_LOOP('',(#14116,#14122,#14123,#14124));
#14116 = ORIENTED_EDGE('',*,*,#14117,.T.);
#14117 = EDGE_CURVE('',#920,#6259,#14118,.T.);
#14118 = LINE('',#14119,#14120);
#14119 = CARTESIAN_POINT('',(11.622213,32.331736,0.));
#14120 = VECTOR('',#14121,1.);
#14121 = DIRECTION('',(0.,0.,1.));
#14122 = ORIENTED_EDGE('',*,*,#6258,.T.);
#14123 = ORIENTED_EDGE('',*,*,#14083,.F.);
#14124 = ORIENTED_EDGE('',*,*,#919,.F.);
#14125 = PLANE('',#14126);
#14126 = AXIS2_PLACEMENT_3D('',#14127,#14128,#14129);
#14127 = CARTESIAN_POINT('',(11.622213,32.331736,0.));
#14128 = DIRECTION('',(0.349361685677,0.936987946871,-0.));
#14129 = DIRECTION('',(0.936987946871,-0.349361685677,0.));
#14130 = ADVANCED_FACE('',(#14131),#14142,.T.);
#14131 = FACE_BOUND('',#14132,.T.);
#14132 = EDGE_LOOP('',(#14133,#14134,#14135,#14141));
#14133 = ORIENTED_EDGE('',*,*,#14102,.T.);
#14134 = ORIENTED_EDGE('',*,*,#8443,.T.);
#14135 = ORIENTED_EDGE('',*,*,#14136,.F.);
#14136 = EDGE_CURVE('',#3097,#8436,#14137,.T.);
#14137 = LINE('',#14138,#14139);
#14138 = CARTESIAN_POINT('',(159.548666,-31.725884,0.));
#14139 = VECTOR('',#14140,1.);
#14140 = DIRECTION('',(0.,0.,1.));
#14141 = ORIENTED_EDGE('',*,*,#3104,.F.);
#14142 = PLANE('',#14143);
#14143 = AXIS2_PLACEMENT_3D('',#14144,#14145,#14146);
#14144 = CARTESIAN_POINT('',(159.817199,-30.093654,0.));
#14145 = DIRECTION('',(0.986735404616,-0.162336814302,0.));
#14146 = DIRECTION('',(-0.162336814302,-0.986735404616,0.));
#14147 = ADVANCED_FACE('',(#14148),#14159,.T.);
#14148 = FACE_BOUND('',#14149,.T.);
#14149 = EDGE_LOOP('',(#14150,#14156,#14157,#14158));
#14150 = ORIENTED_EDGE('',*,*,#14151,.T.);
#14151 = EDGE_CURVE('',#928,#6267,#14152,.T.);
#14152 = LINE('',#14153,#14154);
#14153 = CARTESIAN_POINT('',(10.697343,32.665633,0.));
#14154 = VECTOR('',#14155,1.);
#14155 = DIRECTION('',(0.,0.,1.));
#14156 = ORIENTED_EDGE('',*,*,#6266,.T.);
#14157 = ORIENTED_EDGE('',*,*,#14117,.F.);
#14158 = ORIENTED_EDGE('',*,*,#927,.F.);
#14159 = PLANE('',#14160);
#14160 = AXIS2_PLACEMENT_3D('',#14161,#14162,#14163);
#14161 = CARTESIAN_POINT('',(10.697343,32.665633,0.));
#14162 = DIRECTION('',(0.339569040401,0.940581132493,-0.));
#14163 = DIRECTION('',(0.940581132493,-0.339569040401,0.));
#14164 = ADVANCED_FACE('',(#14165),#14176,.T.);
#14165 = FACE_BOUND('',#14166,.T.);
#14166 = EDGE_LOOP('',(#14167,#14168,#14169,#14175));
#14167 = ORIENTED_EDGE('',*,*,#14136,.T.);
#14168 = ORIENTED_EDGE('',*,*,#8435,.T.);
#14169 = ORIENTED_EDGE('',*,*,#14170,.F.);
#14170 = EDGE_CURVE('',#3089,#8428,#14171,.T.);
#14171 = LINE('',#14172,#14173);
#14172 = CARTESIAN_POINT('',(159.237445,-33.372377,0.));
#14173 = VECTOR('',#14174,1.);
#14174 = DIRECTION('',(0.,0.,1.));
#14175 = ORIENTED_EDGE('',*,*,#3096,.F.);
#14176 = PLANE('',#14177);
#14177 = AXIS2_PLACEMENT_3D('',#14178,#14179,#14180);
#14178 = CARTESIAN_POINT('',(159.548666,-31.725884,0.));
#14179 = DIRECTION('',(0.982600500306,-0.185731679579,0.));
#14180 = DIRECTION('',(-0.185731679579,-0.982600500306,0.));
#14181 = ADVANCED_FACE('',(#14182),#14193,.T.);
#14182 = FACE_BOUND('',#14183,.T.);
#14183 = EDGE_LOOP('',(#14184,#14190,#14191,#14192));
#14184 = ORIENTED_EDGE('',*,*,#14185,.T.);
#14185 = EDGE_CURVE('',#936,#6275,#14186,.T.);
#14186 = LINE('',#14187,#14188);
#14187 = CARTESIAN_POINT('',(9.784668,32.984348,0.));
#14188 = VECTOR('',#14189,1.);
#14189 = DIRECTION('',(0.,0.,1.));
#14190 = ORIENTED_EDGE('',*,*,#6274,.T.);
#14191 = ORIENTED_EDGE('',*,*,#14151,.F.);
#14192 = ORIENTED_EDGE('',*,*,#935,.F.);
#14193 = PLANE('',#14194);
#14194 = AXIS2_PLACEMENT_3D('',#14195,#14196,#14197);
#14195 = CARTESIAN_POINT('',(9.784668,32.984348,0.));
#14196 = DIRECTION('',(0.329685686612,0.944090752016,-0.));
#14197 = DIRECTION('',(0.944090752016,-0.329685686612,0.));
#14198 = ADVANCED_FACE('',(#14199),#14210,.T.);
#14199 = FACE_BOUND('',#14200,.T.);
#14200 = EDGE_LOOP('',(#14201,#14202,#14203,#14209));
#14201 = ORIENTED_EDGE('',*,*,#14170,.T.);
#14202 = ORIENTED_EDGE('',*,*,#8427,.T.);
#14203 = ORIENTED_EDGE('',*,*,#14204,.F.);
#14204 = EDGE_CURVE('',#3081,#8420,#14205,.T.);
#14205 = LINE('',#14206,#14207);
#14206 = CARTESIAN_POINT('',(158.882806,-35.034242,0.));
#14207 = VECTOR('',#14208,1.);
#14208 = DIRECTION('',(0.,0.,1.));
#14209 = ORIENTED_EDGE('',*,*,#3088,.F.);
#14210 = PLANE('',#14211);
#14211 = AXIS2_PLACEMENT_3D('',#14212,#14213,#14214);
#14212 = CARTESIAN_POINT('',(159.237445,-33.372377,0.));
#14213 = DIRECTION('',(0.97797989011,-0.208699148396,0.));
#14214 = DIRECTION('',(-0.208699148396,-0.97797989011,0.));
#14215 = ADVANCED_FACE('',(#14216),#14227,.T.);
#14216 = FACE_BOUND('',#14217,.T.);
#14217 = EDGE_LOOP('',(#14218,#14224,#14225,#14226));
#14218 = ORIENTED_EDGE('',*,*,#14219,.T.);
#14219 = EDGE_CURVE('',#944,#6283,#14220,.T.);
#14220 = LINE('',#14221,#14222);
#14221 = CARTESIAN_POINT('',(8.864055,33.294978,0.));
#14222 = VECTOR('',#14223,1.);
#14223 = DIRECTION('',(0.,0.,1.));
#14224 = ORIENTED_EDGE('',*,*,#6282,.T.);
#14225 = ORIENTED_EDGE('',*,*,#14185,.F.);
#14226 = ORIENTED_EDGE('',*,*,#943,.F.);
#14227 = PLANE('',#14228);
#14228 = AXIS2_PLACEMENT_3D('',#14229,#14230,#14231);
#14229 = CARTESIAN_POINT('',(8.864055,33.294978,0.));
#14230 = DIRECTION('',(0.319707601016,0.947516253081,-0.));
#14231 = DIRECTION('',(0.947516253081,-0.319707601016,0.));
#14232 = ADVANCED_FACE('',(#14233),#14244,.T.);
#14233 = FACE_BOUND('',#14234,.T.);
#14234 = EDGE_LOOP('',(#14235,#14236,#14237,#14243));
#14235 = ORIENTED_EDGE('',*,*,#14204,.T.);
#14236 = ORIENTED_EDGE('',*,*,#8419,.T.);
#14237 = ORIENTED_EDGE('',*,*,#14238,.F.);
#14238 = EDGE_CURVE('',#3073,#8412,#14239,.T.);
#14239 = LINE('',#14240,#14241);
#14240 = CARTESIAN_POINT('',(158.483941,-36.712632,0.));
#14241 = VECTOR('',#14242,1.);
#14242 = DIRECTION('',(0.,0.,1.));
#14243 = ORIENTED_EDGE('',*,*,#3080,.F.);
#14244 = PLANE('',#14245);
#14245 = AXIS2_PLACEMENT_3D('',#14246,#14247,#14248);
#14246 = CARTESIAN_POINT('',(158.882806,-35.034242,0.));
#14247 = DIRECTION('',(0.972904303428,-0.231208166747,0.));
#14248 = DIRECTION('',(-0.231208166747,-0.972904303428,0.));
#14249 = ADVANCED_FACE('',(#14250),#14261,.T.);
#14250 = FACE_BOUND('',#14251,.T.);
#14251 = EDGE_LOOP('',(#14252,#14258,#14259,#14260));
#14252 = ORIENTED_EDGE('',*,*,#14253,.T.);
#14253 = EDGE_CURVE('',#952,#6291,#14254,.T.);
#14254 = LINE('',#14255,#14256);
#14255 = CARTESIAN_POINT('',(7.956396,33.590541,0.));
#14256 = VECTOR('',#14257,1.);
#14257 = DIRECTION('',(0.,0.,1.));
#14258 = ORIENTED_EDGE('',*,*,#6290,.T.);
#14259 = ORIENTED_EDGE('',*,*,#14219,.F.);
#14260 = ORIENTED_EDGE('',*,*,#951,.F.);
#14261 = PLANE('',#14262);
#14262 = AXIS2_PLACEMENT_3D('',#14263,#14264,#14265);
#14263 = CARTESIAN_POINT('',(7.956396,33.590541,0.));
#14264 = DIRECTION('',(0.30962972792,0.950857208832,-0.));
#14265 = DIRECTION('',(0.950857208832,-0.30962972792,0.));
#14266 = ADVANCED_FACE('',(#14267),#14278,.T.);
#14267 = FACE_BOUND('',#14268,.T.);
#14268 = EDGE_LOOP('',(#14269,#14270,#14271,#14277));
#14269 = ORIENTED_EDGE('',*,*,#14238,.T.);
#14270 = ORIENTED_EDGE('',*,*,#8411,.T.);
#14271 = ORIENTED_EDGE('',*,*,#14272,.F.);
#14272 = EDGE_CURVE('',#3065,#8404,#14273,.T.);
#14273 = LINE('',#14274,#14275);
#14274 = CARTESIAN_POINT('',(158.039952,-38.408759,0.));
#14275 = VECTOR('',#14276,1.);
#14276 = DIRECTION('',(0.,0.,1.));
#14277 = ORIENTED_EDGE('',*,*,#3072,.F.);
#14278 = PLANE('',#14279);
#14279 = AXIS2_PLACEMENT_3D('',#14280,#14281,#14282);
#14280 = CARTESIAN_POINT('',(158.483941,-36.712632,0.));
#14281 = DIRECTION('',(0.967405029644,-0.253234098453,0.));
#14282 = DIRECTION('',(-0.253234098453,-0.967405029644,0.));
#14283 = ADVANCED_FACE('',(#14284),#14295,.T.);
#14284 = FACE_BOUND('',#14285,.T.);
#14285 = EDGE_LOOP('',(#14286,#14292,#14293,#14294));
#14286 = ORIENTED_EDGE('',*,*,#14287,.T.);
#14287 = EDGE_CURVE('',#960,#6299,#14288,.T.);
#14288 = LINE('',#14289,#14290);
#14289 = CARTESIAN_POINT('',(7.041726,33.877613,0.));
#14290 = VECTOR('',#14291,1.);
#14291 = DIRECTION('',(0.,0.,1.));
#14292 = ORIENTED_EDGE('',*,*,#6298,.T.);
#14293 = ORIENTED_EDGE('',*,*,#14253,.F.);
#14294 = ORIENTED_EDGE('',*,*,#959,.F.);
#14295 = PLANE('',#14296);
#14296 = AXIS2_PLACEMENT_3D('',#14297,#14298,#14299);
#14297 = CARTESIAN_POINT('',(7.041726,33.877613,0.));
#14298 = DIRECTION('',(0.299450902599,0.95411171093,-0.));
#14299 = DIRECTION('',(0.95411171093,-0.299450902599,0.));
#14300 = ADVANCED_FACE('',(#14301),#14312,.T.);
#14301 = FACE_BOUND('',#14302,.T.);
#14302 = EDGE_LOOP('',(#14303,#14304,#14305,#14311));
#14303 = ORIENTED_EDGE('',*,*,#14272,.T.);
#14304 = ORIENTED_EDGE('',*,*,#8403,.T.);
#14305 = ORIENTED_EDGE('',*,*,#14306,.F.);
#14306 = EDGE_CURVE('',#3057,#8396,#14307,.T.);
#14307 = LINE('',#14308,#14309);
#14308 = CARTESIAN_POINT('',(157.549849,-40.123894,0.));
#14309 = VECTOR('',#14310,1.);
#14310 = DIRECTION('',(0.,0.,1.));
#14311 = ORIENTED_EDGE('',*,*,#3064,.F.);
#14312 = PLANE('',#14313);
#14313 = AXIS2_PLACEMENT_3D('',#14314,#14315,#14316);
#14314 = CARTESIAN_POINT('',(158.039952,-38.408759,0.));
#14315 = DIRECTION('',(0.961514406187,-0.27475452079,0.));
#14316 = DIRECTION('',(-0.27475452079,-0.961514406187,0.));
#14317 = ADVANCED_FACE('',(#14318),#14329,.T.);
#14318 = FACE_BOUND('',#14319,.T.);
#14319 = EDGE_LOOP('',(#14320,#14326,#14327,#14328));
#14320 = ORIENTED_EDGE('',*,*,#14321,.T.);
#14321 = EDGE_CURVE('',#968,#6307,#14322,.T.);
#14322 = LINE('',#14323,#14324);
#14323 = CARTESIAN_POINT('',(6.140576,34.149825,0.));
#14324 = VECTOR('',#14325,1.);
#14325 = DIRECTION('',(0.,0.,1.));
#14326 = ORIENTED_EDGE('',*,*,#6306,.T.);
#14327 = ORIENTED_EDGE('',*,*,#14287,.F.);
#14328 = ORIENTED_EDGE('',*,*,#967,.F.);
#14329 = PLANE('',#14330);
#14330 = AXIS2_PLACEMENT_3D('',#14331,#14332,#14333);
#14331 = CARTESIAN_POINT('',(6.140576,34.149825,0.));
#14332 = DIRECTION('',(0.289166896709,0.957278698106,-0.));
#14333 = DIRECTION('',(0.957278698106,-0.289166896709,0.));
#14334 = ADVANCED_FACE('',(#14335),#14346,.T.);
#14335 = FACE_BOUND('',#14336,.T.);
#14336 = EDGE_LOOP('',(#14337,#14338,#14339,#14345));
#14337 = ORIENTED_EDGE('',*,*,#14306,.T.);
#14338 = ORIENTED_EDGE('',*,*,#8395,.T.);
#14339 = ORIENTED_EDGE('',*,*,#14340,.F.);
#14340 = EDGE_CURVE('',#3049,#8388,#14341,.T.);
#14341 = LINE('',#14342,#14343);
#14342 = CARTESIAN_POINT('',(157.012547,-41.859381,0.));
#14343 = VECTOR('',#14344,1.);
#14344 = DIRECTION('',(0.,0.,1.));
#14345 = ORIENTED_EDGE('',*,*,#3056,.F.);
#14346 = PLANE('',#14347);
#14347 = AXIS2_PLACEMENT_3D('',#14348,#14349,#14350);
#14348 = CARTESIAN_POINT('',(157.549849,-40.123894,0.));
#14349 = DIRECTION('',(0.955266072741,-0.295747747702,0.));
#14350 = DIRECTION('',(-0.295747747702,-0.955266072741,0.));
#14351 = ADVANCED_FACE('',(#14352),#14363,.T.);
#14352 = FACE_BOUND('',#14353,.T.);
#14353 = EDGE_LOOP('',(#14354,#14360,#14361,#14362));
#14354 = ORIENTED_EDGE('',*,*,#14355,.T.);
#14355 = EDGE_CURVE('',#976,#6315,#14356,.T.);
#14356 = LINE('',#14357,#14358);
#14357 = CARTESIAN_POINT('',(5.233261,34.413203,0.));
#14358 = VECTOR('',#14359,1.);
#14359 = DIRECTION('',(0.,0.,1.));
#14360 = ORIENTED_EDGE('',*,*,#6314,.T.);
#14361 = ORIENTED_EDGE('',*,*,#14321,.F.);
#14362 = ORIENTED_EDGE('',*,*,#975,.F.);
#14363 = PLANE('',#14364);
#14364 = AXIS2_PLACEMENT_3D('',#14365,#14366,#14367);
#14365 = CARTESIAN_POINT('',(5.233261,34.413203,0.));
#14366 = DIRECTION('',(0.278775020697,0.96035643791,-0.));
#14367 = DIRECTION('',(0.96035643791,-0.278775020697,0.));
#14368 = ADVANCED_FACE('',(#14369),#14380,.T.);
#14369 = FACE_BOUND('',#14370,.T.);
#14370 = EDGE_LOOP('',(#14371,#14372,#14373,#14379));
#14371 = ORIENTED_EDGE('',*,*,#14340,.T.);
#14372 = ORIENTED_EDGE('',*,*,#8387,.T.);
#14373 = ORIENTED_EDGE('',*,*,#14374,.F.);
#14374 = EDGE_CURVE('',#3041,#8380,#14375,.T.);
#14375 = LINE('',#14376,#14377);
#14376 = CARTESIAN_POINT('',(156.426854,-43.616646,0.));
#14377 = VECTOR('',#14378,1.);
#14378 = DIRECTION('',(0.,0.,1.));
#14379 = ORIENTED_EDGE('',*,*,#3048,.F.);
#14380 = PLANE('',#14381);
#14381 = AXIS2_PLACEMENT_3D('',#14382,#14383,#14384);
#14382 = CARTESIAN_POINT('',(157.012547,-41.859381,0.));
#14383 = DIRECTION('',(0.94869333914,-0.316197641153,0.));
#14384 = DIRECTION('',(-0.316197641153,-0.94869333914,0.));
#14385 = ADVANCED_FACE('',(#14386),#14397,.T.);
#14386 = FACE_BOUND('',#14387,.T.);
#14387 = EDGE_LOOP('',(#14388,#14394,#14395,#14396));
#14388 = ORIENTED_EDGE('',*,*,#14389,.T.);
#14389 = EDGE_CURVE('',#984,#6323,#14390,.T.);
#14390 = LINE('',#14391,#14392);
#14391 = CARTESIAN_POINT('',(4.339868,34.661997,0.));
#14392 = VECTOR('',#14393,1.);
#14393 = DIRECTION('',(0.,0.,1.));
#14394 = ORIENTED_EDGE('',*,*,#6322,.T.);
#14395 = ORIENTED_EDGE('',*,*,#14355,.F.);
#14396 = ORIENTED_EDGE('',*,*,#983,.F.);
#14397 = PLANE('',#14398);
#14398 = AXIS2_PLACEMENT_3D('',#14399,#14400,#14401);
#14399 = CARTESIAN_POINT('',(4.339868,34.661997,0.));
#14400 = DIRECTION('',(0.268273748132,0.963342719941,-0.));
#14401 = DIRECTION('',(0.963342719941,-0.268273748132,0.));
#14402 = ADVANCED_FACE('',(#14403),#14414,.T.);
#14403 = FACE_BOUND('',#14404,.T.);
#14404 = EDGE_LOOP('',(#14405,#14406,#14407,#14413));
#14405 = ORIENTED_EDGE('',*,*,#14374,.T.);
#14406 = ORIENTED_EDGE('',*,*,#8379,.T.);
#14407 = ORIENTED_EDGE('',*,*,#14408,.F.);
#14408 = EDGE_CURVE('',#3033,#8372,#14409,.T.);
#14409 = LINE('',#14410,#14411);
#14410 = CARTESIAN_POINT('',(155.791467,-45.397209,0.));
#14411 = VECTOR('',#14412,1.);
#14412 = DIRECTION('',(0.,0.,1.));
#14413 = ORIENTED_EDGE('',*,*,#3040,.F.);
#14414 = PLANE('',#14415);
#14415 = AXIS2_PLACEMENT_3D('',#14416,#14417,#14418);
#14416 = CARTESIAN_POINT('',(156.426854,-43.616646,0.));
#14417 = DIRECTION('',(0.941830400466,-0.33608852518,0.));
#14418 = DIRECTION('',(-0.33608852518,-0.941830400466,0.));
#14419 = ADVANCED_FACE('',(#14420),#14431,.T.);
#14420 = FACE_BOUND('',#14421,.T.);
#14421 = EDGE_LOOP('',(#14422,#14428,#14429,#14430));
#14422 = ORIENTED_EDGE('',*,*,#14423,.T.);
#14423 = EDGE_CURVE('',#992,#6331,#14424,.T.);
#14424 = LINE('',#14425,#14426);
#14425 = CARTESIAN_POINT('',(3.441083,34.90167,0.));
#14426 = VECTOR('',#14427,1.);
#14427 = DIRECTION('',(0.,0.,1.));
#14428 = ORIENTED_EDGE('',*,*,#6330,.T.);
#14429 = ORIENTED_EDGE('',*,*,#14389,.F.);
#14430 = ORIENTED_EDGE('',*,*,#991,.F.);
#14431 = PLANE('',#14432);
#14432 = AXIS2_PLACEMENT_3D('',#14433,#14434,#14435);
#14433 = CARTESIAN_POINT('',(3.441083,34.90167,0.));
#14434 = DIRECTION('',(0.257659639536,0.966235742536,-0.));
#14435 = DIRECTION('',(0.966235742536,-0.257659639536,0.));
#14436 = ADVANCED_FACE('',(#14437),#14448,.T.);
#14437 = FACE_BOUND('',#14438,.T.);
#14438 = EDGE_LOOP('',(#14439,#14440,#14441,#14447));
#14439 = ORIENTED_EDGE('',*,*,#14408,.T.);
#14440 = ORIENTED_EDGE('',*,*,#8371,.T.);
#14441 = ORIENTED_EDGE('',*,*,#14442,.F.);
#14442 = EDGE_CURVE('',#3025,#8364,#14443,.T.);
#14443 = LINE('',#14444,#14445);
#14444 = CARTESIAN_POINT('',(155.10496,-47.202695,0.));
#14445 = VECTOR('',#14446,1.);
#14446 = DIRECTION('',(0.,0.,1.));
#14447 = ORIENTED_EDGE('',*,*,#3032,.F.);
#14448 = PLANE('',#14449);
#14449 = AXIS2_PLACEMENT_3D('',#14450,#14451,#14452);
#14450 = CARTESIAN_POINT('',(155.791467,-45.397209,0.));
#14451 = DIRECTION('',(0.93471096207,-0.355408803191,0.));
#14452 = DIRECTION('',(-0.355408803191,-0.93471096207,0.));
#14453 = ADVANCED_FACE('',(#14454),#14465,.T.);
#14454 = FACE_BOUND('',#14455,.T.);
#14455 = EDGE_LOOP('',(#14456,#14462,#14463,#14464));
#14456 = ORIENTED_EDGE('',*,*,#14457,.T.);
#14457 = EDGE_CURVE('',#1000,#6339,#14458,.T.);
#14458 = LINE('',#14459,#14460);
#14459 = CARTESIAN_POINT('',(2.556488,35.127084,0.));
#14460 = VECTOR('',#14461,1.);
#14461 = DIRECTION('',(0.,0.,1.));
#14462 = ORIENTED_EDGE('',*,*,#6338,.T.);
#14463 = ORIENTED_EDGE('',*,*,#14423,.F.);
#14464 = ORIENTED_EDGE('',*,*,#999,.F.);
#14465 = PLANE('',#14466);
#14466 = AXIS2_PLACEMENT_3D('',#14467,#14468,#14469);
#14467 = CARTESIAN_POINT('',(2.556488,35.127084,0.));
#14468 = DIRECTION('',(0.2469306724,0.96903314857,-0.));
#14469 = DIRECTION('',(0.96903314857,-0.2469306724,0.));
#14470 = ADVANCED_FACE('',(#14471),#14482,.T.);
#14471 = FACE_BOUND('',#14472,.T.);
#14472 = EDGE_LOOP('',(#14473,#14474,#14475,#14481));
#14473 = ORIENTED_EDGE('',*,*,#14442,.T.);
#14474 = ORIENTED_EDGE('',*,*,#8363,.T.);
#14475 = ORIENTED_EDGE('',*,*,#14476,.F.);
#14476 = EDGE_CURVE('',#3017,#8356,#14477,.T.);
#14477 = LINE('',#14478,#14479);
#14478 = CARTESIAN_POINT('',(154.365772,-49.034861,0.));
#14479 = VECTOR('',#14480,1.);
#14480 = DIRECTION('',(0.,0.,1.));
#14481 = ORIENTED_EDGE('',*,*,#3024,.F.);
#14482 = PLANE('',#14483);
#14483 = AXIS2_PLACEMENT_3D('',#14484,#14485,#14486);
#14484 = CARTESIAN_POINT('',(155.10496,-47.202695,0.));
#14485 = DIRECTION('',(0.927369234341,-0.374147435109,0.));
#14486 = DIRECTION('',(-0.374147435109,-0.927369234341,0.));
#14487 = ADVANCED_FACE('',(#14488),#14499,.T.);
#14488 = FACE_BOUND('',#14489,.T.);
#14489 = EDGE_LOOP('',(#14490,#14496,#14497,#14498));
#14490 = ORIENTED_EDGE('',*,*,#14491,.T.);
#14491 = EDGE_CURVE('',#1008,#6347,#14492,.T.);
#14492 = LINE('',#14493,#14494);
#14493 = CARTESIAN_POINT('',(1.667204,35.34314,0.));
#14494 = VECTOR('',#14495,1.);
#14495 = DIRECTION('',(0.,0.,1.));
#14496 = ORIENTED_EDGE('',*,*,#6346,.T.);
#14497 = ORIENTED_EDGE('',*,*,#14457,.F.);
#14498 = ORIENTED_EDGE('',*,*,#1007,.F.);
#14499 = PLANE('',#14500);
#14500 = AXIS2_PLACEMENT_3D('',#14501,#14502,#14503);
#14501 = CARTESIAN_POINT('',(1.667204,35.34314,0.));
#14502 = DIRECTION('',(0.2360871279,0.971731891027,-0.));
#14503 = DIRECTION('',(0.971731891027,-0.2360871279,0.));
#14504 = ADVANCED_FACE('',(#14505),#14516,.T.);
#14505 = FACE_BOUND('',#14506,.T.);
#14506 = EDGE_LOOP('',(#14507,#14508,#14509,#14515));
#14507 = ORIENTED_EDGE('',*,*,#14476,.T.);
#14508 = ORIENTED_EDGE('',*,*,#8355,.T.);
#14509 = ORIENTED_EDGE('',*,*,#14510,.F.);
#14510 = EDGE_CURVE('',#3009,#8348,#14511,.T.);
#14511 = LINE('',#14512,#14513);
#14512 = CARTESIAN_POINT('',(153.572193,-50.895606,0.));
#14513 = VECTOR('',#14514,1.);
#14514 = DIRECTION('',(0.,0.,1.));
#14515 = ORIENTED_EDGE('',*,*,#3016,.F.);
#14516 = PLANE('',#14517);
#14517 = AXIS2_PLACEMENT_3D('',#14518,#14519,#14520);
#14518 = CARTESIAN_POINT('',(154.365772,-49.034861,0.));
#14519 = DIRECTION('',(0.919838622787,-0.392296964083,0.));
#14520 = DIRECTION('',(-0.392296964083,-0.919838622787,0.));
#14521 = ADVANCED_FACE('',(#14522),#14533,.T.);
#14522 = FACE_BOUND('',#14523,.T.);
#14523 = EDGE_LOOP('',(#14524,#14530,#14531,#14532));
#14524 = ORIENTED_EDGE('',*,*,#14525,.T.);
#14525 = EDGE_CURVE('',#1016,#6355,#14526,.T.);
#14526 = LINE('',#14527,#14528);
#14527 = CARTESIAN_POINT('',(0.268506,35.661338,0.));
#14528 = VECTOR('',#14529,1.);
#14529 = DIRECTION('',(0.,0.,1.));
#14530 = ORIENTED_EDGE('',*,*,#6354,.T.);
#14531 = ORIENTED_EDGE('',*,*,#14491,.F.);
#14532 = ORIENTED_EDGE('',*,*,#1015,.F.);
#14533 = PLANE('',#14534);
#14534 = AXIS2_PLACEMENT_3D('',#14535,#14536,#14537);
#14535 = CARTESIAN_POINT('',(0.268506,35.661338,0.));
#14536 = DIRECTION('',(0.221827982924,0.975085814681,-0.));
#14537 = DIRECTION('',(0.975085814681,-0.221827982924,0.));
#14538 = ADVANCED_FACE('',(#14539),#14550,.T.);
#14539 = FACE_BOUND('',#14540,.T.);
#14540 = EDGE_LOOP('',(#14541,#14542,#14543,#14549));
#14541 = ORIENTED_EDGE('',*,*,#14510,.T.);
#14542 = ORIENTED_EDGE('',*,*,#8347,.T.);
#14543 = ORIENTED_EDGE('',*,*,#14544,.F.);
#14544 = EDGE_CURVE('',#3001,#8340,#14545,.T.);
#14545 = LINE('',#14546,#14547);
#14546 = CARTESIAN_POINT('',(152.722342,-52.787005,0.));
#14547 = VECTOR('',#14548,1.);
#14548 = DIRECTION('',(0.,0.,1.));
#14549 = ORIENTED_EDGE('',*,*,#3008,.F.);
#14550 = PLANE('',#14551);
#14551 = AXIS2_PLACEMENT_3D('',#14552,#14553,#14554);
#14552 = CARTESIAN_POINT('',(153.572193,-50.895606,0.));
#14553 = DIRECTION('',(0.912152104397,-0.409851849385,0.));
#14554 = DIRECTION('',(-0.409851849385,-0.912152104397,0.));
#14555 = ADVANCED_FACE('',(#14556),#14567,.T.);
#14556 = FACE_BOUND('',#14557,.T.);
#14557 = EDGE_LOOP('',(#14558,#14564,#14565,#14566));
#14558 = ORIENTED_EDGE('',*,*,#14559,.T.);
#14559 = EDGE_CURVE('',#1024,#6363,#14560,.T.);
#14560 = LINE('',#14561,#14562);
#14561 = CARTESIAN_POINT('',(-0.585069,35.842272,0.));
#14562 = VECTOR('',#14563,1.);
#14563 = DIRECTION('',(0.,0.,1.));
#14564 = ORIENTED_EDGE('',*,*,#6362,.T.);
#14565 = ORIENTED_EDGE('',*,*,#14525,.F.);
#14566 = ORIENTED_EDGE('',*,*,#1023,.F.);
#14567 = PLANE('',#14568);
#14568 = AXIS2_PLACEMENT_3D('',#14569,#14570,#14571);
#14569 = CARTESIAN_POINT('',(-0.585069,35.842272,0.));
#14570 = DIRECTION('',(0.207364522665,0.978263744979,-0.));
#14571 = DIRECTION('',(0.978263744979,-0.207364522665,0.));
#14572 = ADVANCED_FACE('',(#14573),#14584,.T.);
#14573 = FACE_BOUND('',#14574,.T.);
#14574 = EDGE_LOOP('',(#14575,#14576,#14577,#14583));
#14575 = ORIENTED_EDGE('',*,*,#14544,.T.);
#14576 = ORIENTED_EDGE('',*,*,#8339,.T.);
#14577 = ORIENTED_EDGE('',*,*,#14578,.F.);
#14578 = EDGE_CURVE('',#2993,#8332,#14579,.T.);
#14579 = LINE('',#14580,#14581);
#14580 = CARTESIAN_POINT('',(151.851879,-54.633172,0.));
#14581 = VECTOR('',#14582,1.);
#14582 = DIRECTION('',(0.,0.,1.));
#14583 = ORIENTED_EDGE('',*,*,#3000,.F.);
#14584 = PLANE('',#14585);
#14585 = AXIS2_PLACEMENT_3D('',#14586,#14587,#14588);
#14586 = CARTESIAN_POINT('',(152.722342,-52.787005,0.));
#14587 = DIRECTION('',(0.904501617899,-0.426470190303,0.));
#14588 = DIRECTION('',(-0.426470190303,-0.904501617899,0.));
#14589 = ADVANCED_FACE('',(#14590),#14601,.T.);
#14590 = FACE_BOUND('',#14591,.T.);
#14591 = EDGE_LOOP('',(#14592,#14598,#14599,#14600));
#14592 = ORIENTED_EDGE('',*,*,#14593,.T.);
#14593 = EDGE_CURVE('',#1032,#6371,#14594,.T.);
#14594 = LINE('',#14595,#14596);
#14595 = CARTESIAN_POINT('',(-1.441115,36.01348,0.));
#14596 = VECTOR('',#14597,1.);
#14597 = DIRECTION('',(0.,0.,1.));
#14598 = ORIENTED_EDGE('',*,*,#6370,.T.);
#14599 = ORIENTED_EDGE('',*,*,#14559,.F.);
#14600 = ORIENTED_EDGE('',*,*,#1031,.F.);
#14601 = PLANE('',#14602);
#14602 = AXIS2_PLACEMENT_3D('',#14603,#14604,#14605);
#14603 = CARTESIAN_POINT('',(-1.441115,36.01348,0.));
#14604 = DIRECTION('',(0.196114813434,0.980580940031,-0.));
#14605 = DIRECTION('',(0.980580940031,-0.196114813434,0.));
#14606 = ADVANCED_FACE('',(#14607),#14618,.T.);
#14607 = FACE_BOUND('',#14608,.T.);
#14608 = EDGE_LOOP('',(#14609,#14610,#14611,#14617));
#14609 = ORIENTED_EDGE('',*,*,#14578,.T.);
#14610 = ORIENTED_EDGE('',*,*,#8331,.T.);
#14611 = ORIENTED_EDGE('',*,*,#14612,.F.);
#14612 = EDGE_CURVE('',#2985,#8324,#14613,.T.);
#14613 = LINE('',#14614,#14615);
#14614 = CARTESIAN_POINT('',(150.868193,-56.627241,0.));
#14615 = VECTOR('',#14616,1.);
#14616 = DIRECTION('',(0.,0.,1.));
#14617 = ORIENTED_EDGE('',*,*,#2992,.F.);
#14618 = PLANE('',#14619);
#14619 = AXIS2_PLACEMENT_3D('',#14620,#14621,#14622);
#14620 = CARTESIAN_POINT('',(151.851879,-54.633172,0.));
#14621 = DIRECTION('',(0.896815646597,-0.442404448461,0.));
#14622 = DIRECTION('',(-0.442404448461,-0.896815646597,0.));
#14623 = ADVANCED_FACE('',(#14624),#14635,.T.);
#14624 = FACE_BOUND('',#14625,.T.);
#14625 = EDGE_LOOP('',(#14626,#14632,#14633,#14634));
#14626 = ORIENTED_EDGE('',*,*,#14627,.T.);
#14627 = EDGE_CURVE('',#1040,#6379,#14628,.T.);
#14628 = LINE('',#14629,#14630);
#14629 = CARTESIAN_POINT('',(-2.296654,36.174372,0.));
#14630 = VECTOR('',#14631,1.);
#14631 = DIRECTION('',(0.,0.,1.));
#14632 = ORIENTED_EDGE('',*,*,#6378,.T.);
#14633 = ORIENTED_EDGE('',*,*,#14593,.F.);
#14634 = ORIENTED_EDGE('',*,*,#1039,.F.);
#14635 = PLANE('',#14636);
#14636 = AXIS2_PLACEMENT_3D('',#14637,#14638,#14639);
#14637 = CARTESIAN_POINT('',(-2.296654,36.174372,0.));
#14638 = DIRECTION('',(0.184819432319,0.982772495259,-0.));
#14639 = DIRECTION('',(0.982772495259,-0.184819432319,0.));
#14640 = ADVANCED_FACE('',(#14641),#14652,.T.);
#14641 = FACE_BOUND('',#14642,.T.);
#14642 = EDGE_LOOP('',(#14643,#14644,#14645,#14651));
#14643 = ORIENTED_EDGE('',*,*,#14612,.T.);
#14644 = ORIENTED_EDGE('',*,*,#8323,.T.);
#14645 = ORIENTED_EDGE('',*,*,#14646,.F.);
#14646 = EDGE_CURVE('',#2977,#8316,#14647,.T.);
#14647 = LINE('',#14648,#14649);
#14648 = CARTESIAN_POINT('',(149.828624,-58.644578,0.));
#14649 = VECTOR('',#14650,1.);
#14650 = DIRECTION('',(0.,0.,1.));
#14651 = ORIENTED_EDGE('',*,*,#2984,.F.);
#14652 = PLANE('',#14653);
#14653 = AXIS2_PLACEMENT_3D('',#14654,#14655,#14656);
#14654 = CARTESIAN_POINT('',(150.868193,-56.627241,0.));
#14655 = DIRECTION('',(0.888914491607,-0.458073167312,0.));
#14656 = DIRECTION('',(-0.458073167312,-0.888914491607,0.));
#14657 = ADVANCED_FACE('',(#14658),#14669,.T.);
#14658 = FACE_BOUND('',#14659,.T.);
#14659 = EDGE_LOOP('',(#14660,#14666,#14667,#14668));
#14660 = ORIENTED_EDGE('',*,*,#14661,.T.);
#14661 = EDGE_CURVE('',#1048,#6387,#14662,.T.);
#14662 = LINE('',#14663,#14664);
#14663 = CARTESIAN_POINT('',(-3.153815,36.325351,0.));
#14664 = VECTOR('',#14665,1.);
#14665 = DIRECTION('',(0.,0.,1.));
#14666 = ORIENTED_EDGE('',*,*,#6386,.T.);
#14667 = ORIENTED_EDGE('',*,*,#14627,.F.);
#14668 = ORIENTED_EDGE('',*,*,#1047,.F.);
#14669 = PLANE('',#14670);
#14670 = AXIS2_PLACEMENT_3D('',#14671,#14672,#14673);
#14671 = CARTESIAN_POINT('',(-3.153815,36.325351,0.));
#14672 = DIRECTION('',(0.173468089911,0.984839490365,-0.));
#14673 = DIRECTION('',(0.984839490365,-0.173468089911,0.));
#14674 = ADVANCED_FACE('',(#14675),#14686,.T.);
#14675 = FACE_BOUND('',#14676,.T.);
#14676 = EDGE_LOOP('',(#14677,#14678,#14679,#14685));
#14677 = ORIENTED_EDGE('',*,*,#14646,.T.);
#14678 = ORIENTED_EDGE('',*,*,#8315,.T.);
#14679 = ORIENTED_EDGE('',*,*,#14680,.F.);
#14680 = EDGE_CURVE('',#2969,#8308,#14681,.T.);
#14681 = LINE('',#14682,#14683);
#14682 = CARTESIAN_POINT('',(148.733229,-60.683328,0.));
#14683 = VECTOR('',#14684,1.);
#14684 = DIRECTION('',(0.,0.,1.));
#14685 = ORIENTED_EDGE('',*,*,#2976,.F.);
#14686 = PLANE('',#14687);
#14687 = AXIS2_PLACEMENT_3D('',#14688,#14689,#14690);
#14688 = CARTESIAN_POINT('',(149.828624,-58.644578,0.));
#14689 = DIRECTION('',(0.880902428097,-0.473297910595,0.));
#14690 = DIRECTION('',(-0.473297910595,-0.880902428097,0.));
#14691 = ADVANCED_FACE('',(#14692),#14703,.T.);
#14692 = FACE_BOUND('',#14693,.T.);
#14693 = EDGE_LOOP('',(#14694,#14700,#14701,#14702));
#14694 = ORIENTED_EDGE('',*,*,#14695,.T.);
#14695 = EDGE_CURVE('',#1056,#6395,#14696,.T.);
#14696 = LINE('',#14697,#14698);
#14697 = CARTESIAN_POINT('',(-4.008178,36.465664,0.));
#14698 = VECTOR('',#14699,1.);
#14699 = DIRECTION('',(0.,0.,1.));
#14700 = ORIENTED_EDGE('',*,*,#6394,.T.);
#14701 = ORIENTED_EDGE('',*,*,#14661,.F.);
#14702 = ORIENTED_EDGE('',*,*,#1055,.F.);
#14703 = PLANE('',#14704);
#14704 = AXIS2_PLACEMENT_3D('',#14705,#14706,#14707);
#14705 = CARTESIAN_POINT('',(-4.008178,36.465664,0.));
#14706 = DIRECTION('',(0.162060138454,0.986780883238,-0.));
#14707 = DIRECTION('',(0.986780883238,-0.162060138454,0.));
#14708 = ADVANCED_FACE('',(#14709),#14720,.T.);
#14709 = FACE_BOUND('',#14710,.T.);
#14710 = EDGE_LOOP('',(#14711,#14712,#14713,#14719));
#14711 = ORIENTED_EDGE('',*,*,#14680,.T.);
#14712 = ORIENTED_EDGE('',*,*,#8307,.T.);
#14713 = ORIENTED_EDGE('',*,*,#14714,.F.);
#14714 = EDGE_CURVE('',#2961,#8300,#14715,.T.);
#14715 = LINE('',#14716,#14717);
#14716 = CARTESIAN_POINT('',(147.582262,-62.741397,0.));
#14717 = VECTOR('',#14718,1.);
#14718 = DIRECTION('',(0.,0.,1.));
#14719 = ORIENTED_EDGE('',*,*,#2968,.F.);
#14720 = PLANE('',#14721);
#14721 = AXIS2_PLACEMENT_3D('',#14722,#14723,#14724);
#14722 = CARTESIAN_POINT('',(148.733229,-60.683328,0.));
#14723 = DIRECTION('',(0.87278639219,-0.488102359765,0.));
#14724 = DIRECTION('',(-0.488102359765,-0.87278639219,0.));
#14725 = ADVANCED_FACE('',(#14726),#14737,.T.);
#14726 = FACE_BOUND('',#14727,.T.);
#14727 = EDGE_LOOP('',(#14728,#14734,#14735,#14736));
#14728 = ORIENTED_EDGE('',*,*,#14729,.T.);
#14729 = EDGE_CURVE('',#1064,#6403,#14730,.T.);
#14730 = LINE('',#14731,#14732);
#14731 = CARTESIAN_POINT('',(-4.863322,36.595915,0.));
#14732 = VECTOR('',#14733,1.);
#14733 = DIRECTION('',(0.,0.,1.));
#14734 = ORIENTED_EDGE('',*,*,#6402,.T.);
#14735 = ORIENTED_EDGE('',*,*,#14695,.F.);
#14736 = ORIENTED_EDGE('',*,*,#1063,.F.);
#14737 = PLANE('',#14738);
#14738 = AXIS2_PLACEMENT_3D('',#14739,#14740,#14741);
#14739 = CARTESIAN_POINT('',(-4.863322,36.595915,0.));
#14740 = DIRECTION('',(0.15057802516,0.988598127825,-0.));
#14741 = DIRECTION('',(0.988598127825,-0.15057802516,0.));
#14742 = ADVANCED_FACE('',(#14743),#14754,.T.);
#14743 = FACE_BOUND('',#14744,.T.);
#14744 = EDGE_LOOP('',(#14745,#14746,#14747,#14753));
#14745 = ORIENTED_EDGE('',*,*,#14714,.T.);
#14746 = ORIENTED_EDGE('',*,*,#8299,.T.);
#14747 = ORIENTED_EDGE('',*,*,#14748,.F.);
#14748 = EDGE_CURVE('',#2953,#8292,#14749,.T.);
#14749 = LINE('',#14750,#14751);
#14750 = CARTESIAN_POINT('',(146.376199,-64.816439,0.));
#14751 = VECTOR('',#14752,1.);
#14752 = DIRECTION('',(0.,0.,1.));
#14753 = ORIENTED_EDGE('',*,*,#2960,.F.);
#14754 = PLANE('',#14755);
#14755 = AXIS2_PLACEMENT_3D('',#14756,#14757,#14758);
#14756 = CARTESIAN_POINT('',(147.582262,-62.741397,0.));
#14757 = DIRECTION('',(0.864571769971,-0.502509357693,0.));
#14758 = DIRECTION('',(-0.502509357693,-0.864571769971,0.));
#14759 = ADVANCED_FACE('',(#14760),#14771,.T.);
#14760 = FACE_BOUND('',#14761,.T.);
#14761 = EDGE_LOOP('',(#14762,#14768,#14769,#14770));
#14762 = ORIENTED_EDGE('',*,*,#14763,.T.);
#14763 = EDGE_CURVE('',#1072,#6411,#14764,.T.);
#14764 = LINE('',#14765,#14766);
#14765 = CARTESIAN_POINT('',(-5.713466,36.715265,0.));
#14766 = VECTOR('',#14767,1.);
#14767 = DIRECTION('',(0.,0.,1.));
#14768 = ORIENTED_EDGE('',*,*,#6410,.T.);
#14769 = ORIENTED_EDGE('',*,*,#14729,.F.);
#14770 = ORIENTED_EDGE('',*,*,#1071,.F.);
#14771 = PLANE('',#14772);
#14772 = AXIS2_PLACEMENT_3D('',#14773,#14774,#14775);
#14773 = CARTESIAN_POINT('',(-5.713466,36.715265,0.));
#14774 = DIRECTION('',(0.139024662285,0.990288919092,-0.));
#14775 = DIRECTION('',(0.990288919092,-0.139024662285,0.));
#14776 = ADVANCED_FACE('',(#14777),#14788,.T.);
#14777 = FACE_BOUND('',#14778,.T.);
#14778 = EDGE_LOOP('',(#14779,#14780,#14781,#14787));
#14779 = ORIENTED_EDGE('',*,*,#14748,.T.);
#14780 = ORIENTED_EDGE('',*,*,#8291,.T.);
#14781 = ORIENTED_EDGE('',*,*,#14782,.F.);
#14782 = EDGE_CURVE('',#2945,#8284,#14783,.T.);
#14783 = LINE('',#14784,#14785);
#14784 = CARTESIAN_POINT('',(145.115757,-66.905845,0.));
#14785 = VECTOR('',#14786,1.);
#14786 = DIRECTION('',(0.,0.,1.));
#14787 = ORIENTED_EDGE('',*,*,#2952,.F.);
#14788 = PLANE('',#14789);
#14789 = AXIS2_PLACEMENT_3D('',#14790,#14791,#14792);
#14790 = CARTESIAN_POINT('',(146.376199,-64.816439,0.));
#14791 = DIRECTION('',(0.856261335268,-0.516542859524,0.));
#14792 = DIRECTION('',(-0.516542859524,-0.856261335268,0.));
#14793 = ADVANCED_FACE('',(#14794),#14805,.T.);
#14794 = FACE_BOUND('',#14795,.T.);
#14795 = EDGE_LOOP('',(#14796,#14802,#14803,#14804));
#14796 = ORIENTED_EDGE('',*,*,#14797,.T.);
#14797 = EDGE_CURVE('',#1080,#6419,#14798,.T.);
#14798 = LINE('',#14799,#14800);
#14799 = CARTESIAN_POINT('',(-6.563571,36.824443,0.));
#14800 = VECTOR('',#14801,1.);
#14801 = DIRECTION('',(0.,0.,1.));
#14802 = ORIENTED_EDGE('',*,*,#6418,.T.);
#14803 = ORIENTED_EDGE('',*,*,#14763,.F.);
#14804 = ORIENTED_EDGE('',*,*,#1079,.F.);
#14805 = PLANE('',#14806);
#14806 = AXIS2_PLACEMENT_3D('',#14807,#14808,#14809);
#14807 = CARTESIAN_POINT('',(-6.563571,36.824443,0.));
#14808 = DIRECTION('',(0.127382615262,0.991853653181,-0.));
#14809 = DIRECTION('',(0.991853653181,-0.127382615262,0.));
#14810 = ADVANCED_FACE('',(#14811),#14822,.T.);
#14811 = FACE_BOUND('',#14812,.T.);
#14812 = EDGE_LOOP('',(#14813,#14814,#14815,#14821));
#14813 = ORIENTED_EDGE('',*,*,#14782,.T.);
#14814 = ORIENTED_EDGE('',*,*,#8283,.T.);
#14815 = ORIENTED_EDGE('',*,*,#14816,.F.);
#14816 = EDGE_CURVE('',#2937,#8276,#14817,.T.);
#14817 = LINE('',#14818,#14819);
#14818 = CARTESIAN_POINT('',(143.80192,-69.006733,0.));
#14819 = VECTOR('',#14820,1.);
#14820 = DIRECTION('',(0.,0.,1.));
#14821 = ORIENTED_EDGE('',*,*,#2944,.F.);
#14822 = PLANE('',#14823);
#14823 = AXIS2_PLACEMENT_3D('',#14824,#14825,#14826);
#14824 = CARTESIAN_POINT('',(145.115757,-66.905845,0.));
#14825 = DIRECTION('',(0.847856434475,-0.530225863683,0.));
#14826 = DIRECTION('',(-0.530225863683,-0.847856434475,0.));
#14827 = ADVANCED_FACE('',(#14828),#14839,.T.);
#14828 = FACE_BOUND('',#14829,.T.);
#14829 = EDGE_LOOP('',(#14830,#14836,#14837,#14838));
#14830 = ORIENTED_EDGE('',*,*,#14831,.T.);
#14831 = EDGE_CURVE('',#1088,#6427,#14832,.T.);
#14832 = LINE('',#14833,#14834);
#14833 = CARTESIAN_POINT('',(-7.40659,36.922601,0.));
#14834 = VECTOR('',#14835,1.);
#14835 = DIRECTION('',(0.,0.,1.));
#14836 = ORIENTED_EDGE('',*,*,#6426,.T.);
#14837 = ORIENTED_EDGE('',*,*,#14797,.F.);
#14838 = ORIENTED_EDGE('',*,*,#1087,.F.);
#14839 = PLANE('',#14840);
#14840 = AXIS2_PLACEMENT_3D('',#14841,#14842,#14843);
#14841 = CARTESIAN_POINT('',(-7.40659,36.922601,0.));
#14842 = DIRECTION('',(0.115654933137,0.993289452497,-0.));
#14843 = DIRECTION('',(0.993289452497,-0.115654933137,0.));
#14844 = ADVANCED_FACE('',(#14845),#14856,.T.);
#14845 = FACE_BOUND('',#14846,.T.);
#14846 = EDGE_LOOP('',(#14847,#14848,#14849,#14855));
#14847 = ORIENTED_EDGE('',*,*,#14816,.T.);
#14848 = ORIENTED_EDGE('',*,*,#8275,.T.);
#14849 = ORIENTED_EDGE('',*,*,#14850,.F.);
#14850 = EDGE_CURVE('',#2929,#8268,#14851,.T.);
#14851 = LINE('',#14852,#14853);
#14852 = CARTESIAN_POINT('',(142.435955,-71.115943,0.));
#14853 = VECTOR('',#14854,1.);
#14854 = DIRECTION('',(0.,0.,1.));
#14855 = ORIENTED_EDGE('',*,*,#2936,.F.);
#14856 = PLANE('',#14857);
#14857 = AXIS2_PLACEMENT_3D('',#14858,#14859,#14860);
#14858 = CARTESIAN_POINT('',(143.80192,-69.006733,0.));
#14859 = DIRECTION('',(0.839355544414,-0.543582808836,0.));
#14860 = DIRECTION('',(-0.543582808836,-0.839355544414,0.));
#14861 = ADVANCED_FACE('',(#14862),#14873,.T.);
#14862 = FACE_BOUND('',#14863,.T.);
#14863 = EDGE_LOOP('',(#14864,#14870,#14871,#14872));
#14864 = ORIENTED_EDGE('',*,*,#14865,.T.);
#14865 = EDGE_CURVE('',#1096,#6435,#14866,.T.);
#14866 = LINE('',#14867,#14868);
#14867 = CARTESIAN_POINT('',(-8.24878,37.010515,0.));
#14868 = VECTOR('',#14869,1.);
#14869 = DIRECTION('',(0.,0.,1.));
#14870 = ORIENTED_EDGE('',*,*,#6434,.T.);
#14871 = ORIENTED_EDGE('',*,*,#14831,.F.);
#14872 = ORIENTED_EDGE('',*,*,#1095,.F.);
#14873 = PLANE('',#14874);
#14874 = AXIS2_PLACEMENT_3D('',#14875,#14876,#14877);
#14875 = CARTESIAN_POINT('',(-8.24878,37.010515,0.));
#14876 = DIRECTION('',(0.10382323712,0.994595764838,-0.));
#14877 = DIRECTION('',(0.994595764838,-0.10382323712,0.));
#14878 = ADVANCED_FACE('',(#14879),#14890,.T.);
#14879 = FACE_BOUND('',#14880,.T.);
#14880 = EDGE_LOOP('',(#14881,#14882,#14883,#14889));
#14881 = ORIENTED_EDGE('',*,*,#14850,.T.);
#14882 = ORIENTED_EDGE('',*,*,#8267,.T.);
#14883 = ORIENTED_EDGE('',*,*,#14884,.F.);
#14884 = EDGE_CURVE('',#2921,#8260,#14885,.T.);
#14885 = LINE('',#14886,#14887);
#14886 = CARTESIAN_POINT('',(141.019441,-73.23003,0.));
#14887 = VECTOR('',#14888,1.);
#14888 = DIRECTION('',(0.,0.,1.));
#14889 = ORIENTED_EDGE('',*,*,#2928,.F.);
#14890 = PLANE('',#14891);
#14891 = AXIS2_PLACEMENT_3D('',#14892,#14893,#14894);
#14892 = CARTESIAN_POINT('',(142.435955,-71.115943,0.));
#14893 = DIRECTION('',(0.83075622019,-0.556636418693,0.));
#14894 = DIRECTION('',(-0.556636418693,-0.83075622019,0.));
#14895 = ADVANCED_FACE('',(#14896),#14907,.T.);
#14896 = FACE_BOUND('',#14897,.T.);
#14897 = EDGE_LOOP('',(#14898,#14904,#14905,#14906));
#14898 = ORIENTED_EDGE('',*,*,#14899,.T.);
#14899 = EDGE_CURVE('',#1104,#6443,#14900,.T.);
#14900 = LINE('',#14901,#14902);
#14901 = CARTESIAN_POINT('',(-9.081948,37.0874,0.));
#14902 = VECTOR('',#14903,1.);
#14903 = DIRECTION('',(0.,0.,1.));
#14904 = ORIENTED_EDGE('',*,*,#6442,.T.);
#14905 = ORIENTED_EDGE('',*,*,#14865,.F.);
#14906 = ORIENTED_EDGE('',*,*,#1103,.F.);
#14907 = PLANE('',#14908);
#14908 = AXIS2_PLACEMENT_3D('',#14909,#14910,#14911);
#14909 = CARTESIAN_POINT('',(-9.081948,37.0874,0.));
#14910 = DIRECTION('',(9.188988652519E-02,0.995769174435,-0.));
#14911 = DIRECTION('',(0.995769174435,-9.188988652519E-02,0.));
#14912 = ADVANCED_FACE('',(#14913),#14924,.T.);
#14913 = FACE_BOUND('',#14914,.T.);
#14914 = EDGE_LOOP('',(#14915,#14916,#14917,#14923));
#14915 = ORIENTED_EDGE('',*,*,#14884,.T.);
#14916 = ORIENTED_EDGE('',*,*,#8259,.T.);
#14917 = ORIENTED_EDGE('',*,*,#14918,.F.);
#14918 = EDGE_CURVE('',#2913,#8252,#14919,.T.);
#14919 = LINE('',#14920,#14921);
#14920 = CARTESIAN_POINT('',(139.55428,-75.345268,0.));
#14921 = VECTOR('',#14922,1.);
#14922 = DIRECTION('',(0.,0.,1.));
#14923 = ORIENTED_EDGE('',*,*,#2920,.F.);
#14924 = PLANE('',#14925);
#14925 = AXIS2_PLACEMENT_3D('',#14926,#14927,#14928);
#14926 = CARTESIAN_POINT('',(141.019441,-73.23003,0.));
#14927 = DIRECTION('',(0.822052944439,-0.569411061132,0.));
#14928 = DIRECTION('',(-0.569411061132,-0.822052944439,0.));
#14929 = ADVANCED_FACE('',(#14930),#14941,.T.);
#14930 = FACE_BOUND('',#14931,.T.);
#14931 = EDGE_LOOP('',(#14932,#14938,#14939,#14940));
#14932 = ORIENTED_EDGE('',*,*,#14933,.T.);
#14933 = EDGE_CURVE('',#1112,#6451,#14934,.T.);
#14934 = LINE('',#14935,#14936);
#14935 = CARTESIAN_POINT('',(-9.913532,37.154007,0.));
#14936 = VECTOR('',#14937,1.);
#14937 = DIRECTION('',(0.,0.,1.));
#14938 = ORIENTED_EDGE('',*,*,#6450,.T.);
#14939 = ORIENTED_EDGE('',*,*,#14899,.F.);
#14940 = ORIENTED_EDGE('',*,*,#1111,.F.);
#14941 = PLANE('',#14942);
#14942 = AXIS2_PLACEMENT_3D('',#14943,#14944,#14945);
#14943 = CARTESIAN_POINT('',(-9.913532,37.154007,0.));
#14944 = DIRECTION('',(7.984084042386E-02,0.996807624469,-0.));
#14945 = DIRECTION('',(0.996807624469,-7.984084042386E-02,0.));
#14946 = ADVANCED_FACE('',(#14947),#14958,.T.);
#14947 = FACE_BOUND('',#14948,.T.);
#14948 = EDGE_LOOP('',(#14949,#14950,#14951,#14957));
#14949 = ORIENTED_EDGE('',*,*,#14918,.T.);
#14950 = ORIENTED_EDGE('',*,*,#8251,.T.);
#14951 = ORIENTED_EDGE('',*,*,#14952,.F.);
#14952 = EDGE_CURVE('',#2905,#8244,#14953,.T.);
#14953 = LINE('',#14954,#14955);
#14954 = CARTESIAN_POINT('',(138.042721,-77.457651,0.));
#14955 = VECTOR('',#14956,1.);
#14956 = DIRECTION('',(0.,0.,1.));
#14957 = ORIENTED_EDGE('',*,*,#2912,.F.);
#14958 = PLANE('',#14959);
#14959 = AXIS2_PLACEMENT_3D('',#14960,#14961,#14962);
#14960 = CARTESIAN_POINT('',(139.55428,-75.345268,0.));
#14961 = DIRECTION('',(0.813238989653,-0.581929846037,0.));
#14962 = DIRECTION('',(-0.581929846037,-0.813238989653,0.));
#14963 = ADVANCED_FACE('',(#14964),#14975,.T.);
#14964 = FACE_BOUND('',#14965,.T.);
#14965 = EDGE_LOOP('',(#14966,#14972,#14973,#14974));
#14966 = ORIENTED_EDGE('',*,*,#14967,.T.);
#14967 = EDGE_CURVE('',#1120,#6459,#14968,.T.);
#14968 = LINE('',#14969,#14970);
#14969 = CARTESIAN_POINT('',(-10.734331,37.209681,0.));
#14970 = VECTOR('',#14971,1.);
#14971 = DIRECTION('',(0.,0.,1.));
#14972 = ORIENTED_EDGE('',*,*,#6458,.T.);
#14973 = ORIENTED_EDGE('',*,*,#14933,.F.);
#14974 = ORIENTED_EDGE('',*,*,#1119,.F.);
#14975 = PLANE('',#14976);
#14976 = AXIS2_PLACEMENT_3D('',#14977,#14978,#14979);
#14977 = CARTESIAN_POINT('',(-10.734331,37.209681,0.));
#14978 = DIRECTION('',(6.767353322428E-02,0.997707518715,-0.));
#14979 = DIRECTION('',(0.997707518715,-6.767353322428E-02,0.));
#14980 = ADVANCED_FACE('',(#14981),#14992,.T.);
#14981 = FACE_BOUND('',#14982,.T.);
#14982 = EDGE_LOOP('',(#14983,#14984,#14985,#14991));
#14983 = ORIENTED_EDGE('',*,*,#14952,.T.);
#14984 = ORIENTED_EDGE('',*,*,#8243,.T.);
#14985 = ORIENTED_EDGE('',*,*,#14986,.F.);
#14986 = EDGE_CURVE('',#2897,#8236,#14987,.T.);
#14987 = LINE('',#14988,#14989);
#14988 = CARTESIAN_POINT('',(136.487367,-79.562906,0.));
#14989 = VECTOR('',#14990,1.);
#14990 = DIRECTION('',(0.,0.,1.));
#14991 = ORIENTED_EDGE('',*,*,#2904,.F.);
#14992 = PLANE('',#14993);
#14993 = AXIS2_PLACEMENT_3D('',#14994,#14995,#14996);
#14994 = CARTESIAN_POINT('',(138.042721,-77.457651,0.));
#14995 = DIRECTION('',(0.804304692412,-0.594217099858,0.));
#14996 = DIRECTION('',(-0.594217099858,-0.804304692412,0.));
#14997 = ADVANCED_FACE('',(#14998),#15009,.T.);
#14998 = FACE_BOUND('',#14999,.T.);
#14999 = EDGE_LOOP('',(#15000,#15006,#15007,#15008));
#15000 = ORIENTED_EDGE('',*,*,#15001,.T.);
#15001 = EDGE_CURVE('',#1128,#6467,#15002,.T.);
#15002 = LINE('',#15003,#15004);
#15003 = CARTESIAN_POINT('',(-11.552832,37.255077,0.));
#15004 = VECTOR('',#15005,1.);
#15005 = DIRECTION('',(0.,0.,1.));
#15006 = ORIENTED_EDGE('',*,*,#6466,.T.);
#15007 = ORIENTED_EDGE('',*,*,#14967,.F.);
#15008 = ORIENTED_EDGE('',*,*,#1127,.F.);
#15009 = PLANE('',#15010);
#15010 = AXIS2_PLACEMENT_3D('',#15011,#15012,#15013);
#15011 = CARTESIAN_POINT('',(-11.552832,37.255077,0.));
#15012 = DIRECTION('',(5.5377256651E-02,0.998465502381,-0.));
#15013 = DIRECTION('',(0.998465502381,-5.5377256651E-02,0.));
#15014 = ADVANCED_FACE('',(#15015),#15026,.T.);
#15015 = FACE_BOUND('',#15016,.T.);
#15016 = EDGE_LOOP('',(#15017,#15018,#15019,#15025));
#15017 = ORIENTED_EDGE('',*,*,#14986,.T.);
#15018 = ORIENTED_EDGE('',*,*,#8235,.T.);
#15019 = ORIENTED_EDGE('',*,*,#15020,.F.);
#15020 = EDGE_CURVE('',#2889,#8228,#15021,.T.);
#15021 = LINE('',#15022,#15023);
#15022 = CARTESIAN_POINT('',(134.891189,-81.656509,0.));
#15023 = VECTOR('',#15024,1.);
#15024 = DIRECTION('',(0.,0.,1.));
#15025 = ORIENTED_EDGE('',*,*,#2896,.F.);
#15026 = PLANE('',#15027);
#15027 = AXIS2_PLACEMENT_3D('',#15028,#15029,#15030);
#15028 = CARTESIAN_POINT('',(136.487367,-79.562906,0.));
#15029 = DIRECTION('',(0.795239066549,-0.606295989624,0.));
#15030 = DIRECTION('',(-0.606295989624,-0.795239066549,0.));
#15031 = ADVANCED_FACE('',(#15032),#15043,.T.);
#15032 = FACE_BOUND('',#15033,.T.);
#15033 = EDGE_LOOP('',(#15034,#15040,#15041,#15042));
#15034 = ORIENTED_EDGE('',*,*,#15035,.T.);
#15035 = EDGE_CURVE('',#1136,#6475,#15036,.T.);
#15036 = LINE('',#15037,#15038);
#15037 = CARTESIAN_POINT('',(-12.35897,37.289731,0.));
#15038 = VECTOR('',#15039,1.);
#15039 = DIRECTION('',(0.,0.,1.));
#15040 = ORIENTED_EDGE('',*,*,#6474,.T.);
#15041 = ORIENTED_EDGE('',*,*,#15001,.F.);
#15042 = ORIENTED_EDGE('',*,*,#1135,.F.);
#15043 = PLANE('',#15044);
#15044 = AXIS2_PLACEMENT_3D('',#15045,#15046,#15047);
#15045 = CARTESIAN_POINT('',(-12.35897,37.289731,0.));
#15046 = DIRECTION('',(4.294801268035E-02,0.999077308424,-0.));
#15047 = DIRECTION('',(0.999077308424,-4.294801268035E-02,0.));
#15048 = ADVANCED_FACE('',(#15049),#15060,.T.);
#15049 = FACE_BOUND('',#15050,.T.);
#15050 = EDGE_LOOP('',(#15051,#15052,#15053,#15059));
#15051 = ORIENTED_EDGE('',*,*,#15020,.T.);
#15052 = ORIENTED_EDGE('',*,*,#8227,.T.);
#15053 = ORIENTED_EDGE('',*,*,#15054,.F.);
#15054 = EDGE_CURVE('',#2881,#8220,#15055,.T.);
#15055 = LINE('',#15056,#15057);
#15056 = CARTESIAN_POINT('',(133.257527,-83.733705,0.));
#15057 = VECTOR('',#15058,1.);
#15058 = DIRECTION('',(0.,0.,1.));
#15059 = ORIENTED_EDGE('',*,*,#2888,.F.);
#15060 = PLANE('',#15061);
#15061 = AXIS2_PLACEMENT_3D('',#15062,#15063,#15064);
#15062 = CARTESIAN_POINT('',(134.891189,-81.656509,0.));
#15063 = DIRECTION('',(0.78602790192,-0.618191020157,0.));
#15064 = DIRECTION('',(-0.618191020157,-0.78602790192,0.));
#15065 = ADVANCED_FACE('',(#15066),#15077,.T.);
#15066 = FACE_BOUND('',#15067,.T.);
#15067 = EDGE_LOOP('',(#15068,#15074,#15075,#15076));
#15068 = ORIENTED_EDGE('',*,*,#15069,.T.);
#15069 = EDGE_CURVE('',#1144,#6483,#15070,.T.);
#15070 = LINE('',#15071,#15072);
#15071 = CARTESIAN_POINT('',(-13.162145,37.314141,0.));
#15072 = VECTOR('',#15073,1.);
#15073 = DIRECTION('',(0.,0.,1.));
#15074 = ORIENTED_EDGE('',*,*,#6482,.T.);
#15075 = ORIENTED_EDGE('',*,*,#15035,.F.);
#15076 = ORIENTED_EDGE('',*,*,#1143,.F.);
#15077 = PLANE('',#15078);
#15078 = AXIS2_PLACEMENT_3D('',#15079,#15080,#15081);
#15079 = CARTESIAN_POINT('',(-13.162145,37.314141,0.));
#15080 = DIRECTION('',(3.037785595158E-02,0.999538486437,-0.));
#15081 = DIRECTION('',(0.999538486437,-3.037785595158E-02,0.));
#15082 = ADVANCED_FACE('',(#15083),#15094,.T.);
#15083 = FACE_BOUND('',#15084,.T.);
#15084 = EDGE_LOOP('',(#15085,#15086,#15087,#15093));
#15085 = ORIENTED_EDGE('',*,*,#15054,.T.);
#15086 = ORIENTED_EDGE('',*,*,#8219,.T.);
#15087 = ORIENTED_EDGE('',*,*,#15088,.F.);
#15088 = EDGE_CURVE('',#2873,#8212,#15089,.T.);
#15089 = LINE('',#15090,#15091);
#15090 = CARTESIAN_POINT('',(132.884469,-84.199168,0.));
#15091 = VECTOR('',#15092,1.);
#15092 = DIRECTION('',(0.,0.,1.));
#15093 = ORIENTED_EDGE('',*,*,#2880,.F.);
#15094 = PLANE('',#15095);
#15095 = AXIS2_PLACEMENT_3D('',#15096,#15097,#15098);
#15096 = CARTESIAN_POINT('',(133.257527,-83.733705,0.));
#15097 = DIRECTION('',(0.780306201121,-0.625397659487,0.));
#15098 = DIRECTION('',(-0.625397659487,-0.780306201121,0.));
#15099 = ADVANCED_FACE('',(#15100),#15111,.T.);
#15100 = FACE_BOUND('',#15101,.T.);
#15101 = EDGE_LOOP('',(#15102,#15108,#15109,#15110));
#15102 = ORIENTED_EDGE('',*,*,#15103,.T.);
#15103 = EDGE_CURVE('',#1152,#6491,#15104,.T.);
#15104 = LINE('',#15105,#15106);
#15105 = CARTESIAN_POINT('',(-13.951577,37.328086,0.));
#15106 = VECTOR('',#15107,1.);
#15107 = DIRECTION('',(0.,0.,1.));
#15108 = ORIENTED_EDGE('',*,*,#6490,.T.);
#15109 = ORIENTED_EDGE('',*,*,#15069,.F.);
#15110 = ORIENTED_EDGE('',*,*,#1151,.F.);
#15111 = PLANE('',#15112);
#15112 = AXIS2_PLACEMENT_3D('',#15113,#15114,#15115);
#15113 = CARTESIAN_POINT('',(-13.951577,37.328086,0.));
#15114 = DIRECTION('',(1.766184398858E-02,0.999844017468,-0.));
#15115 = DIRECTION('',(0.999844017468,-1.766184398858E-02,0.));
#15116 = ADVANCED_FACE('',(#15117),#15128,.T.);
#15117 = FACE_BOUND('',#15118,.T.);
#15118 = EDGE_LOOP('',(#15119,#15120,#15121,#15127));
#15119 = ORIENTED_EDGE('',*,*,#15088,.T.);
#15120 = ORIENTED_EDGE('',*,*,#8211,.T.);
#15121 = ORIENTED_EDGE('',*,*,#15122,.F.);
#15122 = EDGE_CURVE('',#2865,#8204,#15123,.T.);
#15123 = LINE('',#15124,#15125);
#15124 = CARTESIAN_POINT('',(131.251505,-86.197858,0.));
#15125 = VECTOR('',#15126,1.);
#15126 = DIRECTION('',(0.,0.,1.));
#15127 = ORIENTED_EDGE('',*,*,#2872,.F.);
#15128 = PLANE('',#15129);
#15129 = AXIS2_PLACEMENT_3D('',#15130,#15131,#15132);
#15130 = CARTESIAN_POINT('',(132.884469,-84.199168,0.));
#15131 = DIRECTION('',(0.774399141209,-0.632697376394,0.));
#15132 = DIRECTION('',(-0.632697376394,-0.774399141209,0.));
#15133 = ADVANCED_FACE('',(#15134),#15145,.T.);
#15134 = FACE_BOUND('',#15135,.T.);
#15135 = EDGE_LOOP('',(#15136,#15142,#15143,#15144));
#15136 = ORIENTED_EDGE('',*,*,#15137,.T.);
#15137 = EDGE_CURVE('',#1160,#6499,#15138,.T.);
#15138 = LINE('',#15139,#15140);
#15139 = CARTESIAN_POINT('',(-14.737428,37.331849,0.));
#15140 = VECTOR('',#15141,1.);
#15141 = DIRECTION('',(0.,0.,1.));
#15142 = ORIENTED_EDGE('',*,*,#6498,.T.);
#15143 = ORIENTED_EDGE('',*,*,#15103,.F.);
#15144 = ORIENTED_EDGE('',*,*,#1159,.F.);
#15145 = PLANE('',#15146);
#15146 = AXIS2_PLACEMENT_3D('',#15147,#15148,#15149);
#15147 = CARTESIAN_POINT('',(-14.737428,37.331849,0.));
#15148 = DIRECTION('',(4.788384642304E-03,0.999988535621,-0.));
#15149 = DIRECTION('',(0.999988535621,-4.788384642304E-03,0.));
#15150 = ADVANCED_FACE('',(#15151),#15162,.T.);
#15151 = FACE_BOUND('',#15152,.T.);
#15152 = EDGE_LOOP('',(#15153,#15154,#15155,#15161));
#15153 = ORIENTED_EDGE('',*,*,#15122,.T.);
#15154 = ORIENTED_EDGE('',*,*,#8203,.T.);
#15155 = ORIENTED_EDGE('',*,*,#15156,.F.);
#15156 = EDGE_CURVE('',#2857,#8196,#15157,.T.);
#15157 = LINE('',#15158,#15159);
#15158 = CARTESIAN_POINT('',(129.588488,-88.170536,0.));
#15159 = VECTOR('',#15160,1.);
#15160 = DIRECTION('',(0.,0.,1.));
#15161 = ORIENTED_EDGE('',*,*,#2864,.F.);
#15162 = PLANE('',#15163);
#15163 = AXIS2_PLACEMENT_3D('',#15164,#15165,#15166);
#15164 = CARTESIAN_POINT('',(131.251505,-86.197858,0.));
#15165 = DIRECTION('',(0.764564592368,-0.644547115498,0.));
#15166 = DIRECTION('',(-0.644547115498,-0.764564592368,0.));
#15167 = ADVANCED_FACE('',(#15168),#15179,.T.);
#15168 = FACE_BOUND('',#15169,.T.);
#15169 = EDGE_LOOP('',(#15170,#15176,#15177,#15178));
#15170 = ORIENTED_EDGE('',*,*,#15171,.T.);
#15171 = EDGE_CURVE('',#1168,#6507,#15172,.T.);
#15172 = LINE('',#15173,#15174);
#15173 = CARTESIAN_POINT('',(-15.508359,37.325495,0.));
#15174 = VECTOR('',#15175,1.);
#15175 = DIRECTION('',(0.,0.,1.));
#15176 = ORIENTED_EDGE('',*,*,#6506,.T.);
#15177 = ORIENTED_EDGE('',*,*,#15137,.F.);
#15178 = ORIENTED_EDGE('',*,*,#1167,.F.);
#15179 = PLANE('',#15180);
#15180 = AXIS2_PLACEMENT_3D('',#15181,#15182,#15183);
#15181 = CARTESIAN_POINT('',(-15.508359,37.325495,0.));
#15182 = DIRECTION('',(-8.241702819705E-03,0.999966036591,0.));
#15183 = DIRECTION('',(0.999966036591,8.241702819705E-03,0.));
#15184 = ADVANCED_FACE('',(#15185),#15196,.T.);
#15185 = FACE_BOUND('',#15186,.T.);
#15186 = EDGE_LOOP('',(#15187,#15188,#15189,#15195));
#15187 = ORIENTED_EDGE('',*,*,#15156,.T.);
#15188 = ORIENTED_EDGE('',*,*,#8195,.T.);
#15189 = ORIENTED_EDGE('',*,*,#15190,.F.);
#15190 = EDGE_CURVE('',#2849,#8188,#15191,.T.);
#15191 = LINE('',#15192,#15193);
#15192 = CARTESIAN_POINT('',(127.897439,-90.114827,0.));
#15193 = VECTOR('',#15194,1.);
#15194 = DIRECTION('',(0.,0.,1.));
#15195 = ORIENTED_EDGE('',*,*,#2856,.F.);
#15196 = PLANE('',#15197);
#15197 = AXIS2_PLACEMENT_3D('',#15198,#15199,#15200);
#15198 = CARTESIAN_POINT('',(129.588488,-88.170536,0.));
#15199 = DIRECTION('',(0.7545361151,-0.656258524523,0.));
#15200 = DIRECTION('',(-0.656258524523,-0.7545361151,0.));
#15201 = ADVANCED_FACE('',(#15202),#15213,.T.);
#15202 = FACE_BOUND('',#15203,.T.);
#15203 = EDGE_LOOP('',(#15204,#15210,#15211,#15212));
#15204 = ORIENTED_EDGE('',*,*,#15205,.T.);
#15205 = EDGE_CURVE('',#1176,#6515,#15206,.T.);
#15206 = LINE('',#15207,#15208);
#15207 = CARTESIAN_POINT('',(-16.275145,37.309052,0.));
#15208 = VECTOR('',#15209,1.);
#15209 = DIRECTION('',(0.,0.,1.));
#15210 = ORIENTED_EDGE('',*,*,#6514,.T.);
#15211 = ORIENTED_EDGE('',*,*,#15171,.F.);
#15212 = ORIENTED_EDGE('',*,*,#1175,.F.);
#15213 = PLANE('',#15214);
#15214 = AXIS2_PLACEMENT_3D('',#15215,#15216,#15217);
#15215 = CARTESIAN_POINT('',(-16.275145,37.309052,0.));
#15216 = DIRECTION('',(-2.143912469416E-02,0.999770155552,0.));
#15217 = DIRECTION('',(0.999770155552,2.143912469416E-02,0.));
#15218 = ADVANCED_FACE('',(#15219),#15230,.T.);
#15219 = FACE_BOUND('',#15220,.T.);
#15220 = EDGE_LOOP('',(#15221,#15222,#15223,#15229));
#15221 = ORIENTED_EDGE('',*,*,#15190,.T.);
#15222 = ORIENTED_EDGE('',*,*,#8187,.T.);
#15223 = ORIENTED_EDGE('',*,*,#15224,.F.);
#15224 = EDGE_CURVE('',#2841,#8180,#15225,.T.);
#15225 = LINE('',#15226,#15227);
#15226 = CARTESIAN_POINT('',(126.180549,-92.028294,0.));
#15227 = VECTOR('',#15228,1.);
#15228 = DIRECTION('',(0.,0.,1.));
#15229 = ORIENTED_EDGE('',*,*,#2848,.F.);
#15230 = PLANE('',#15231);
#15231 = AXIS2_PLACEMENT_3D('',#15232,#15233,#15234);
#15232 = CARTESIAN_POINT('',(127.897439,-90.114827,0.));
#15233 = DIRECTION('',(0.744304923439,-0.66783993662,0.));
#15234 = DIRECTION('',(-0.66783993662,-0.744304923439,0.));
#15235 = ADVANCED_FACE('',(#15236),#15247,.T.);
#15236 = FACE_BOUND('',#15237,.T.);
#15237 = EDGE_LOOP('',(#15238,#15244,#15245,#15246));
#15238 = ORIENTED_EDGE('',*,*,#15239,.T.);
#15239 = EDGE_CURVE('',#1184,#6523,#15240,.T.);
#15240 = LINE('',#15241,#15242);
#15241 = CARTESIAN_POINT('',(-16.301253,37.308311,0.));
#15242 = VECTOR('',#15243,1.);
#15243 = DIRECTION('',(0.,0.,1.));
#15244 = ORIENTED_EDGE('',*,*,#6522,.T.);
#15245 = ORIENTED_EDGE('',*,*,#15205,.F.);
#15246 = ORIENTED_EDGE('',*,*,#1183,.F.);
#15247 = PLANE('',#15248);
#15248 = AXIS2_PLACEMENT_3D('',#15249,#15250,#15251);
#15249 = CARTESIAN_POINT('',(-16.301253,37.308311,0.));
#15250 = DIRECTION('',(-2.837068048794E-02,0.99959747123,0.));
#15251 = DIRECTION('',(0.99959747123,2.837068048794E-02,0.));
#15252 = ADVANCED_FACE('',(#15253),#15264,.T.);
#15253 = FACE_BOUND('',#15254,.T.);
#15254 = EDGE_LOOP('',(#15255,#15256,#15257,#15263));
#15255 = ORIENTED_EDGE('',*,*,#15224,.T.);
#15256 = ORIENTED_EDGE('',*,*,#8179,.T.);
#15257 = ORIENTED_EDGE('',*,*,#15258,.F.);
#15258 = EDGE_CURVE('',#2833,#8172,#15259,.T.);
#15259 = LINE('',#15260,#15261);
#15260 = CARTESIAN_POINT('',(124.440173,-93.908454,0.));
#15261 = VECTOR('',#15262,1.);
#15262 = DIRECTION('',(0.,0.,1.));
#15263 = ORIENTED_EDGE('',*,*,#2840,.F.);
#15264 = PLANE('',#15265);
#15265 = AXIS2_PLACEMENT_3D('',#15266,#15267,#15268);
#15266 = CARTESIAN_POINT('',(126.180549,-92.028294,0.));
#15267 = DIRECTION('',(0.733860465307,-0.679300241027,0.));
#15268 = DIRECTION('',(-0.679300241027,-0.733860465307,0.));
#15269 = ADVANCED_FACE('',(#15270),#15281,.T.);
#15270 = FACE_BOUND('',#15271,.T.);
#15271 = EDGE_LOOP('',(#15272,#15278,#15279,#15280));
#15272 = ORIENTED_EDGE('',*,*,#15273,.T.);
#15273 = EDGE_CURVE('',#1192,#6531,#15274,.T.);
#15274 = LINE('',#15275,#15276);
#15275 = CARTESIAN_POINT('',(-17.792076,37.246,0.));
#15276 = VECTOR('',#15277,1.);
#15277 = DIRECTION('',(0.,0.,1.));
#15278 = ORIENTED_EDGE('',*,*,#6530,.T.);
#15279 = ORIENTED_EDGE('',*,*,#15239,.F.);
#15280 = ORIENTED_EDGE('',*,*,#1191,.F.);
#15281 = PLANE('',#15282);
#15282 = AXIS2_PLACEMENT_3D('',#15283,#15284,#15285);
#15283 = CARTESIAN_POINT('',(-17.792076,37.246,0.));
#15284 = DIRECTION('',(-4.175991684248E-02,0.999127674197,0.));
#15285 = DIRECTION('',(0.999127674197,4.175991684248E-02,0.));
#15286 = ADVANCED_FACE('',(#15287),#15298,.T.);
#15287 = FACE_BOUND('',#15288,.T.);
#15288 = EDGE_LOOP('',(#15289,#15290,#15291,#15297));
#15289 = ORIENTED_EDGE('',*,*,#15258,.T.);
#15290 = ORIENTED_EDGE('',*,*,#8171,.T.);
#15291 = ORIENTED_EDGE('',*,*,#15292,.F.);
#15292 = EDGE_CURVE('',#2825,#8164,#15293,.T.);
#15293 = LINE('',#15294,#15295);
#15294 = CARTESIAN_POINT('',(122.678835,-95.752783,0.));
#15295 = VECTOR('',#15296,1.);
#15296 = DIRECTION('',(0.,0.,1.));
#15297 = ORIENTED_EDGE('',*,*,#2832,.F.);
#15298 = PLANE('',#15299);
#15299 = AXIS2_PLACEMENT_3D('',#15300,#15301,#15302);
#15300 = CARTESIAN_POINT('',(124.440173,-93.908454,0.));
#15301 = DIRECTION('',(0.723190594503,-0.690648509751,0.));
#15302 = DIRECTION('',(-0.690648509751,-0.723190594503,0.));
#15303 = ADVANCED_FACE('',(#15304),#15315,.T.);
#15304 = FACE_BOUND('',#15305,.T.);
#15305 = EDGE_LOOP('',(#15306,#15312,#15313,#15314));
#15306 = ORIENTED_EDGE('',*,*,#15307,.T.);
#15307 = EDGE_CURVE('',#1200,#6539,#15308,.T.);
#15308 = LINE('',#15309,#15310);
#15309 = CARTESIAN_POINT('',(-19.294675,37.143815,0.));
#15310 = VECTOR('',#15311,1.);
#15311 = DIRECTION('',(0.,0.,1.));
#15312 = ORIENTED_EDGE('',*,*,#6538,.T.);
#15313 = ORIENTED_EDGE('',*,*,#15273,.F.);
#15314 = ORIENTED_EDGE('',*,*,#1199,.F.);
#15315 = PLANE('',#15316);
#15316 = AXIS2_PLACEMENT_3D('',#15317,#15318,#15319);
#15317 = CARTESIAN_POINT('',(-19.294675,37.143815,0.));
#15318 = DIRECTION('',(-6.784879164994E-02,0.997695615642,0.));
#15319 = DIRECTION('',(0.997695615642,6.784879164994E-02,0.));
#15320 = ADVANCED_FACE('',(#15321),#15332,.T.);
#15321 = FACE_BOUND('',#15322,.T.);
#15322 = EDGE_LOOP('',(#15323,#15324,#15325,#15331));
#15323 = ORIENTED_EDGE('',*,*,#15292,.T.);
#15324 = ORIENTED_EDGE('',*,*,#8163,.T.);
#15325 = ORIENTED_EDGE('',*,*,#15326,.F.);
#15326 = EDGE_CURVE('',#2817,#8156,#15327,.T.);
#15327 = LINE('',#15328,#15329);
#15328 = CARTESIAN_POINT('',(120.899218,-97.558739,0.));
#15329 = VECTOR('',#15330,1.);
#15330 = DIRECTION('',(0.,0.,1.));
#15331 = ORIENTED_EDGE('',*,*,#2824,.F.);
#15332 = PLANE('',#15333);
#15333 = AXIS2_PLACEMENT_3D('',#15334,#15335,#15336);
#15334 = CARTESIAN_POINT('',(122.678835,-95.752783,0.));
#15335 = DIRECTION('',(0.712281847953,-0.701893559649,0.));
#15336 = DIRECTION('',(-0.701893559649,-0.712281847953,0.));
#15337 = ADVANCED_FACE('',(#15338),#15349,.T.);
#15338 = FACE_BOUND('',#15339,.T.);
#15339 = EDGE_LOOP('',(#15340,#15346,#15347,#15348));
#15340 = ORIENTED_EDGE('',*,*,#15341,.T.);
#15341 = EDGE_CURVE('',#1208,#6547,#15342,.T.);
#15342 = LINE('',#15343,#15344);
#15343 = CARTESIAN_POINT('',(-20.811639,37.001246,0.));
#15344 = VECTOR('',#15345,1.);
#15345 = DIRECTION('',(0.,0.,1.));
#15346 = ORIENTED_EDGE('',*,*,#6546,.T.);
#15347 = ORIENTED_EDGE('',*,*,#15307,.F.);
#15348 = ORIENTED_EDGE('',*,*,#1207,.F.);
#15349 = PLANE('',#15350);
#15350 = AXIS2_PLACEMENT_3D('',#15351,#15352,#15353);
#15351 = CARTESIAN_POINT('',(-20.811639,37.001246,0.));
#15352 = DIRECTION('',(-9.357077499645E-02,0.995612630528,0.));
#15353 = DIRECTION('',(0.995612630528,9.357077499645E-02,0.));
#15354 = ADVANCED_FACE('',(#15355),#15366,.T.);
#15355 = FACE_BOUND('',#15356,.T.);
#15356 = EDGE_LOOP('',(#15357,#15358,#15359,#15365));
#15357 = ORIENTED_EDGE('',*,*,#15326,.T.);
#15358 = ORIENTED_EDGE('',*,*,#8155,.T.);
#15359 = ORIENTED_EDGE('',*,*,#15360,.F.);
#15360 = EDGE_CURVE('',#2809,#8148,#15361,.T.);
#15361 = LINE('',#15362,#15363);
#15362 = CARTESIAN_POINT('',(119.104159,-99.323774,0.));
#15363 = VECTOR('',#15364,1.);
#15364 = DIRECTION('',(0.,0.,1.));
#15365 = ORIENTED_EDGE('',*,*,#2816,.F.);
#15366 = PLANE('',#15367);
#15367 = AXIS2_PLACEMENT_3D('',#15368,#15369,#15370);
#15368 = CARTESIAN_POINT('',(120.899218,-97.558739,0.));
#15369 = DIRECTION('',(0.701118474007,-0.713044799017,0.));
#15370 = DIRECTION('',(-0.713044799017,-0.701118474007,0.));
#15371 = ADVANCED_FACE('',(#15372),#15383,.T.);
#15372 = FACE_BOUND('',#15373,.T.);
#15373 = EDGE_LOOP('',(#15374,#15380,#15381,#15382));
#15374 = ORIENTED_EDGE('',*,*,#15375,.T.);
#15375 = EDGE_CURVE('',#1216,#6555,#15376,.T.);
#15376 = LINE('',#15377,#15378);
#15377 = CARTESIAN_POINT('',(-22.345964,36.817598,0.));
#15378 = VECTOR('',#15379,1.);
#15379 = DIRECTION('',(0.,0.,1.));
#15380 = ORIENTED_EDGE('',*,*,#6554,.T.);
#15381 = ORIENTED_EDGE('',*,*,#15341,.F.);
#15382 = ORIENTED_EDGE('',*,*,#1215,.F.);
#15383 = PLANE('',#15384);
#15384 = AXIS2_PLACEMENT_3D('',#15385,#15386,#15387);
#15385 = CARTESIAN_POINT('',(-22.345964,36.817598,0.));
#15386 = DIRECTION('',(-0.118844742174,0.99291284978,0.));
#15387 = DIRECTION('',(0.99291284978,0.118844742174,0.));
#15388 = ADVANCED_FACE('',(#15389),#15400,.T.);
#15389 = FACE_BOUND('',#15390,.T.);
#15390 = EDGE_LOOP('',(#15391,#15392,#15393,#15399));
#15391 = ORIENTED_EDGE('',*,*,#15360,.T.);
#15392 = ORIENTED_EDGE('',*,*,#8147,.T.);
#15393 = ORIENTED_EDGE('',*,*,#15394,.F.);
#15394 = EDGE_CURVE('',#2801,#8140,#15395,.T.);
#15395 = LINE('',#15396,#15397);
#15396 = CARTESIAN_POINT('',(118.201227,-100.190666,0.));
#15397 = VECTOR('',#15398,1.);
#15398 = DIRECTION('',(0.,0.,1.));
#15399 = ORIENTED_EDGE('',*,*,#2808,.F.);
#15400 = PLANE('',#15401);
#15401 = AXIS2_PLACEMENT_3D('',#15402,#15403,#15404);
#15402 = CARTESIAN_POINT('',(119.104159,-99.323774,0.));
#15403 = DIRECTION('',(0.692563956636,-0.721356476347,0.));
#15404 = DIRECTION('',(-0.721356476347,-0.692563956636,0.));
#15405 = ADVANCED_FACE('',(#15406),#15417,.T.);
#15406 = FACE_BOUND('',#15407,.T.);
#15407 = EDGE_LOOP('',(#15408,#15414,#15415,#15416));
#15408 = ORIENTED_EDGE('',*,*,#15409,.T.);
#15409 = EDGE_CURVE('',#1224,#6563,#15410,.T.);
#15410 = LINE('',#15411,#15412);
#15411 = CARTESIAN_POINT('',(-23.901175,36.591944,0.));
#15412 = VECTOR('',#15413,1.);
#15413 = DIRECTION('',(0.,0.,1.));
#15414 = ORIENTED_EDGE('',*,*,#6562,.T.);
#15415 = ORIENTED_EDGE('',*,*,#15375,.F.);
#15416 = ORIENTED_EDGE('',*,*,#1223,.F.);
#15417 = PLANE('',#15418);
#15418 = AXIS2_PLACEMENT_3D('',#15419,#15420,#15421);
#15419 = CARTESIAN_POINT('',(-23.901175,36.591944,0.));
#15420 = DIRECTION('',(-0.143591800689,0.989637001519,0.));
#15421 = DIRECTION('',(0.989637001519,0.143591800689,0.));
#15422 = ADVANCED_FACE('',(#15423),#15434,.T.);
#15423 = FACE_BOUND('',#15424,.T.);
#15424 = EDGE_LOOP('',(#15425,#15426,#15427,#15433));
#15425 = ORIENTED_EDGE('',*,*,#15394,.T.);
#15426 = ORIENTED_EDGE('',*,*,#8139,.T.);
#15427 = ORIENTED_EDGE('',*,*,#15428,.F.);
#15428 = EDGE_CURVE('',#2793,#8132,#15429,.T.);
#15429 = LINE('',#15430,#15431);
#15430 = CARTESIAN_POINT('',(117.296642,-101.045353,0.));
#15431 = VECTOR('',#15432,1.);
#15432 = DIRECTION('',(0.,0.,1.));
#15433 = ORIENTED_EDGE('',*,*,#2800,.F.);
#15434 = PLANE('',#15435);
#15435 = AXIS2_PLACEMENT_3D('',#15436,#15437,#15438);
#15436 = CARTESIAN_POINT('',(118.201227,-100.190666,0.));
#15437 = DIRECTION('',(0.686775021355,-0.726870050314,0.));
#15438 = DIRECTION('',(-0.726870050314,-0.686775021355,0.));
#15439 = ADVANCED_FACE('',(#15440),#15451,.T.);
#15440 = FACE_BOUND('',#15441,.T.);
#15441 = EDGE_LOOP('',(#15442,#15448,#15449,#15450));
#15442 = ORIENTED_EDGE('',*,*,#15443,.T.);
#15443 = EDGE_CURVE('',#1232,#6571,#15444,.T.);
#15444 = LINE('',#15445,#15446);
#15445 = CARTESIAN_POINT('',(-25.481503,36.323069,0.));
#15446 = VECTOR('',#15447,1.);
#15447 = DIRECTION('',(0.,0.,1.));
#15448 = ORIENTED_EDGE('',*,*,#6570,.T.);
#15449 = ORIENTED_EDGE('',*,*,#15409,.F.);
#15450 = ORIENTED_EDGE('',*,*,#1231,.F.);
#15451 = PLANE('',#15452);
#15452 = AXIS2_PLACEMENT_3D('',#15453,#15454,#15455);
#15453 = CARTESIAN_POINT('',(-25.481503,36.323069,0.));
#15454 = DIRECTION('',(-0.167728416241,0.985833240657,0.));
#15455 = DIRECTION('',(0.985833240657,0.167728416241,0.));
#15456 = ADVANCED_FACE('',(#15457),#15468,.T.);
#15457 = FACE_BOUND('',#15458,.T.);
#15458 = EDGE_LOOP('',(#15459,#15460,#15461,#15467));
#15459 = ORIENTED_EDGE('',*,*,#15428,.T.);
#15460 = ORIENTED_EDGE('',*,*,#8131,.T.);
#15461 = ORIENTED_EDGE('',*,*,#15462,.F.);
#15462 = EDGE_CURVE('',#2785,#8124,#15463,.T.);
#15463 = LINE('',#15464,#15465);
#15464 = CARTESIAN_POINT('',(115.865044,-102.370195,0.));
#15465 = VECTOR('',#15466,1.);
#15466 = DIRECTION('',(0.,0.,1.));
#15467 = ORIENTED_EDGE('',*,*,#2792,.F.);
#15468 = PLANE('',#15469);
#15469 = AXIS2_PLACEMENT_3D('',#15470,#15471,#15472);
#15470 = CARTESIAN_POINT('',(117.296642,-101.045353,0.));
#15471 = DIRECTION('',(0.679211558489,-0.733942544628,0.));
#15472 = DIRECTION('',(-0.733942544628,-0.679211558489,0.));
#15473 = ADVANCED_FACE('',(#15474),#15485,.T.);
#15474 = FACE_BOUND('',#15475,.T.);
#15475 = EDGE_LOOP('',(#15476,#15482,#15483,#15484));
#15476 = ORIENTED_EDGE('',*,*,#15477,.T.);
#15477 = EDGE_CURVE('',#1240,#6579,#15478,.T.);
#15478 = LINE('',#15479,#15480);
#15479 = CARTESIAN_POINT('',(-27.092147,36.009381,0.));
#15480 = VECTOR('',#15481,1.);
#15481 = DIRECTION('',(0.,0.,1.));
#15482 = ORIENTED_EDGE('',*,*,#6578,.T.);
#15483 = ORIENTED_EDGE('',*,*,#15443,.F.);
#15484 = ORIENTED_EDGE('',*,*,#1239,.F.);
#15485 = PLANE('',#15486);
#15486 = AXIS2_PLACEMENT_3D('',#15487,#15488,#15489);
#15487 = CARTESIAN_POINT('',(-27.092147,36.009381,0.));
#15488 = DIRECTION('',(-0.191167500001,0.981557429264,0.));
#15489 = DIRECTION('',(0.981557429264,0.191167500001,0.));
#15490 = ADVANCED_FACE('',(#15491),#15502,.T.);
#15491 = FACE_BOUND('',#15492,.T.);
#15492 = EDGE_LOOP('',(#15493,#15494,#15495,#15501));
#15493 = ORIENTED_EDGE('',*,*,#15462,.T.);
#15494 = ORIENTED_EDGE('',*,*,#8123,.T.);
#15495 = ORIENTED_EDGE('',*,*,#15496,.F.);
#15496 = EDGE_CURVE('',#2777,#8116,#15497,.T.);
#15497 = LINE('',#15498,#15499);
#15498 = CARTESIAN_POINT('',(114.01821,-104.03094,0.));
#15499 = VECTOR('',#15500,1.);
#15500 = DIRECTION('',(0.,0.,1.));
#15501 = ORIENTED_EDGE('',*,*,#2784,.F.);
#15502 = PLANE('',#15503);
#15503 = AXIS2_PLACEMENT_3D('',#15504,#15505,#15506);
#15504 = CARTESIAN_POINT('',(115.865044,-102.370195,0.));
#15505 = DIRECTION('',(0.668652006643,-0.743575479701,0.));
#15506 = DIRECTION('',(-0.743575479701,-0.668652006643,0.));
#15507 = ADVANCED_FACE('',(#15508),#15519,.T.);
#15508 = FACE_BOUND('',#15509,.T.);
#15509 = EDGE_LOOP('',(#15510,#15516,#15517,#15518));
#15510 = ORIENTED_EDGE('',*,*,#15511,.T.);
#15511 = EDGE_CURVE('',#1248,#6587,#15512,.T.);
#15512 = LINE('',#15513,#15514);
#15513 = CARTESIAN_POINT('',(-28.74975,35.646452,0.));
#15514 = VECTOR('',#15515,1.);
#15515 = DIRECTION('',(0.,0.,1.));
#15516 = ORIENTED_EDGE('',*,*,#6586,.T.);
#15517 = ORIENTED_EDGE('',*,*,#15477,.F.);
#15518 = ORIENTED_EDGE('',*,*,#1247,.F.);
#15519 = PLANE('',#15520);
#15520 = AXIS2_PLACEMENT_3D('',#15521,#15522,#15523);
#15521 = CARTESIAN_POINT('',(-28.74975,35.646452,0.));
#15522 = DIRECTION('',(-0.213881538297,0.976859604844,0.));
#15523 = DIRECTION('',(0.976859604844,0.213881538297,0.));
#15524 = ADVANCED_FACE('',(#15525),#15536,.T.);
#15525 = FACE_BOUND('',#15526,.T.);
#15526 = EDGE_LOOP('',(#15527,#15528,#15529,#15535));
#15527 = ORIENTED_EDGE('',*,*,#15496,.T.);
#15528 = ORIENTED_EDGE('',*,*,#8115,.T.);
#15529 = ORIENTED_EDGE('',*,*,#15530,.F.);
#15530 = EDGE_CURVE('',#2769,#8108,#15531,.T.);
#15531 = LINE('',#15532,#15533);
#15532 = CARTESIAN_POINT('',(112.129365,-105.676558,0.));
#15533 = VECTOR('',#15534,1.);
#15534 = DIRECTION('',(0.,0.,1.));
#15535 = ORIENTED_EDGE('',*,*,#2776,.F.);
#15536 = PLANE('',#15537);
#15537 = AXIS2_PLACEMENT_3D('',#15538,#15539,#15540);
#15538 = CARTESIAN_POINT('',(114.01821,-104.03094,0.));
#15539 = DIRECTION('',(0.656893081787,-0.753983739281,0.));
#15540 = DIRECTION('',(-0.753983739281,-0.656893081787,0.));
#15541 = ADVANCED_FACE('',(#15542),#15553,.T.);
#15542 = FACE_BOUND('',#15543,.T.);
#15543 = EDGE_LOOP('',(#15544,#15550,#15551,#15552));
#15544 = ORIENTED_EDGE('',*,*,#15545,.T.);
#15545 = EDGE_CURVE('',#1256,#6595,#15546,.T.);
#15546 = LINE('',#15547,#15548);
#15547 = CARTESIAN_POINT('',(-29.749974,35.41035,0.));
#15548 = VECTOR('',#15549,1.);
#15549 = DIRECTION('',(0.,0.,1.));
#15550 = ORIENTED_EDGE('',*,*,#6594,.T.);
#15551 = ORIENTED_EDGE('',*,*,#15511,.F.);
#15552 = ORIENTED_EDGE('',*,*,#1255,.F.);
#15553 = PLANE('',#15554);
#15554 = AXIS2_PLACEMENT_3D('',#15555,#15556,#15557);
#15555 = CARTESIAN_POINT('',(-29.749974,35.41035,0.));
#15556 = DIRECTION('',(-0.229735540792,0.973253092108,0.));
#15557 = DIRECTION('',(0.973253092108,0.229735540792,0.));
#15558 = ADVANCED_FACE('',(#15559),#15570,.T.);
#15559 = FACE_BOUND('',#15560,.T.);
#15560 = EDGE_LOOP('',(#15561,#15562,#15563,#15569));
#15561 = ORIENTED_EDGE('',*,*,#15530,.T.);
#15562 = ORIENTED_EDGE('',*,*,#8107,.T.);
#15563 = ORIENTED_EDGE('',*,*,#15564,.F.);
#15564 = EDGE_CURVE('',#2761,#8100,#15565,.T.);
#15565 = LINE('',#15566,#15567);
#15566 = CARTESIAN_POINT('',(110.195153,-107.309577,0.));
#15567 = VECTOR('',#15568,1.);
#15568 = DIRECTION('',(0.,0.,1.));
#15569 = ORIENTED_EDGE('',*,*,#2768,.F.);
#15570 = PLANE('',#15571);
#15571 = AXIS2_PLACEMENT_3D('',#15572,#15573,#15574);
#15572 = CARTESIAN_POINT('',(112.129365,-105.676558,0.));
#15573 = DIRECTION('',(0.645108042221,-0.764091364865,0.));
#15574 = DIRECTION('',(-0.764091364865,-0.645108042221,0.));
#15575 = ADVANCED_FACE('',(#15576),#15587,.T.);
#15576 = FACE_BOUND('',#15577,.T.);
#15577 = EDGE_LOOP('',(#15578,#15584,#15585,#15586));
#15578 = ORIENTED_EDGE('',*,*,#15579,.T.);
#15579 = EDGE_CURVE('',#1264,#6603,#15580,.T.);
#15580 = LINE('',#15581,#15582);
#15581 = CARTESIAN_POINT('',(-30.742998,35.165126,0.));
#15582 = VECTOR('',#15583,1.);
#15583 = DIRECTION('',(0.,0.,1.));
#15584 = ORIENTED_EDGE('',*,*,#6602,.T.);
#15585 = ORIENTED_EDGE('',*,*,#15545,.F.);
#15586 = ORIENTED_EDGE('',*,*,#1263,.F.);
#15587 = PLANE('',#15588);
#15588 = AXIS2_PLACEMENT_3D('',#15589,#15590,#15591);
#15589 = CARTESIAN_POINT('',(-30.742998,35.165126,0.));
#15590 = DIRECTION('',(-0.239744736736,0.970835959989,0.));
#15591 = DIRECTION('',(0.970835959989,0.239744736736,0.));
#15592 = ADVANCED_FACE('',(#15593),#15604,.T.);
#15593 = FACE_BOUND('',#15594,.T.);
#15594 = EDGE_LOOP('',(#15595,#15596,#15597,#15603));
#15595 = ORIENTED_EDGE('',*,*,#15564,.T.);
#15596 = ORIENTED_EDGE('',*,*,#8099,.T.);
#15597 = ORIENTED_EDGE('',*,*,#15598,.F.);
#15598 = EDGE_CURVE('',#2753,#8092,#15599,.T.);
#15599 = LINE('',#15600,#15601);
#15600 = CARTESIAN_POINT('',(108.211547,-108.932923,0.));
#15601 = VECTOR('',#15602,1.);
#15602 = DIRECTION('',(0.,0.,1.));
#15603 = ORIENTED_EDGE('',*,*,#2760,.F.);
#15604 = PLANE('',#15605);
#15605 = AXIS2_PLACEMENT_3D('',#15606,#15607,#15608);
#15606 = CARTESIAN_POINT('',(110.195153,-107.309577,0.));
#15607 = DIRECTION('',(0.633330244769,-0.773881645383,0.));
#15608 = DIRECTION('',(-0.773881645383,-0.633330244769,0.));
#15609 = ADVANCED_FACE('',(#15610),#15621,.T.);
#15610 = FACE_BOUND('',#15611,.T.);
#15611 = EDGE_LOOP('',(#15612,#15618,#15619,#15620));
#15612 = ORIENTED_EDGE('',*,*,#15613,.T.);
#15613 = EDGE_CURVE('',#1272,#6611,#15614,.T.);
#15614 = LINE('',#15615,#15616);
#15615 = CARTESIAN_POINT('',(-31.678754,34.923497,0.));
#15616 = VECTOR('',#15617,1.);
#15617 = DIRECTION('',(0.,0.,1.));
#15618 = ORIENTED_EDGE('',*,*,#6610,.T.);
#15619 = ORIENTED_EDGE('',*,*,#15579,.F.);
#15620 = ORIENTED_EDGE('',*,*,#1271,.F.);
#15621 = PLANE('',#15622);
#15622 = AXIS2_PLACEMENT_3D('',#15623,#15624,#15625);
#15623 = CARTESIAN_POINT('',(-31.678754,34.923497,0.));
#15624 = DIRECTION('',(-0.250017305313,0.968241368174,0.));
#15625 = DIRECTION('',(0.968241368174,0.250017305313,0.));
#15626 = ADVANCED_FACE('',(#15627),#15638,.T.);
#15627 = FACE_BOUND('',#15628,.T.);
#15628 = EDGE_LOOP('',(#15629,#15630,#15631,#15637));
#15629 = ORIENTED_EDGE('',*,*,#15598,.T.);
#15630 = ORIENTED_EDGE('',*,*,#8091,.T.);
#15631 = ORIENTED_EDGE('',*,*,#15632,.F.);
#15632 = EDGE_CURVE('',#2745,#8084,#15633,.T.);
#15633 = LINE('',#15634,#15635);
#15634 = CARTESIAN_POINT('',(106.173656,-110.550037,0.));
#15635 = VECTOR('',#15636,1.);
#15636 = DIRECTION('',(0.,0.,1.));
#15637 = ORIENTED_EDGE('',*,*,#2752,.F.);
#15638 = PLANE('',#15639);
#15639 = AXIS2_PLACEMENT_3D('',#15640,#15641,#15642);
#15640 = CARTESIAN_POINT('',(108.211547,-108.932923,0.));
#15641 = DIRECTION('',(0.621596584965,-0.783337529779,0.));
#15642 = DIRECTION('',(-0.783337529779,-0.621596584965,0.));
#15643 = ADVANCED_FACE('',(#15644),#15655,.T.);
#15644 = FACE_BOUND('',#15645,.T.);
#15645 = EDGE_LOOP('',(#15646,#15652,#15653,#15654));
#15646 = ORIENTED_EDGE('',*,*,#15647,.T.);
#15647 = EDGE_CURVE('',#1280,#6619,#15648,.T.);
#15648 = LINE('',#15649,#15650);
#15649 = CARTESIAN_POINT('',(-32.608444,34.672645,0.));
#15650 = VECTOR('',#15651,1.);
#15651 = DIRECTION('',(0.,0.,1.));
#15652 = ORIENTED_EDGE('',*,*,#6618,.T.);
#15653 = ORIENTED_EDGE('',*,*,#15613,.F.);
#15654 = ORIENTED_EDGE('',*,*,#1279,.F.);
#15655 = PLANE('',#15656);
#15656 = AXIS2_PLACEMENT_3D('',#15657,#15658,#15659);
#15657 = CARTESIAN_POINT('',(-32.608444,34.672645,0.));
#15658 = DIRECTION('',(-0.260506818466,0.965472007638,0.));
#15659 = DIRECTION('',(0.965472007638,0.260506818466,0.));
#15660 = ADVANCED_FACE('',(#15661),#15672,.T.);
#15661 = FACE_BOUND('',#15662,.T.);
#15662 = EDGE_LOOP('',(#15663,#15664,#15665,#15671));
#15663 = ORIENTED_EDGE('',*,*,#15632,.T.);
#15664 = ORIENTED_EDGE('',*,*,#8083,.T.);
#15665 = ORIENTED_EDGE('',*,*,#15666,.F.);
#15666 = EDGE_CURVE('',#2737,#8076,#15667,.T.);
#15667 = LINE('',#15668,#15669);
#15668 = CARTESIAN_POINT('',(104.075436,-112.165059,0.));
#15669 = VECTOR('',#15670,1.);
#15670 = DIRECTION('',(0.,0.,1.));
#15671 = ORIENTED_EDGE('',*,*,#2744,.F.);
#15672 = PLANE('',#15673);
#15673 = AXIS2_PLACEMENT_3D('',#15674,#15675,#15676);
#15674 = CARTESIAN_POINT('',(106.173656,-110.550037,0.));
#15675 = DIRECTION('',(0.609949576698,-0.792440227327,0.));
#15676 = DIRECTION('',(-0.792440227327,-0.609949576698,0.));
#15677 = ADVANCED_FACE('',(#15678),#15689,.T.);
#15678 = FACE_BOUND('',#15679,.T.);
#15679 = EDGE_LOOP('',(#15680,#15686,#15687,#15688));
#15680 = ORIENTED_EDGE('',*,*,#15681,.T.);
#15681 = EDGE_CURVE('',#1288,#6627,#15682,.T.);
#15682 = LINE('',#15683,#15684);
#15683 = CARTESIAN_POINT('',(-33.492467,34.423546,0.));
#15684 = VECTOR('',#15685,1.);
#15685 = DIRECTION('',(0.,0.,1.));
#15686 = ORIENTED_EDGE('',*,*,#6626,.T.);
#15687 = ORIENTED_EDGE('',*,*,#15647,.F.);
#15688 = ORIENTED_EDGE('',*,*,#1287,.F.);
#15689 = PLANE('',#15690);
#15690 = AXIS2_PLACEMENT_3D('',#15691,#15692,#15693);
#15691 = CARTESIAN_POINT('',(-33.492467,34.423546,0.));
#15692 = DIRECTION('',(-0.271217274618,0.962518150452,0.));
#15693 = DIRECTION('',(0.962518150452,0.271217274618,0.));
#15694 = ADVANCED_FACE('',(#15695),#15706,.T.);
#15695 = FACE_BOUND('',#15696,.T.);
#15696 = EDGE_LOOP('',(#15697,#15698,#15699,#15705));
#15697 = ORIENTED_EDGE('',*,*,#15666,.T.);
#15698 = ORIENTED_EDGE('',*,*,#8075,.T.);
#15699 = ORIENTED_EDGE('',*,*,#15700,.F.);
#15700 = EDGE_CURVE('',#2729,#8068,#15701,.T.);
#15701 = LINE('',#15702,#15703);
#15702 = CARTESIAN_POINT('',(101.909273,-113.783087,0.));
#15703 = VECTOR('',#15704,1.);
#15704 = DIRECTION('',(0.,0.,1.));
#15705 = ORIENTED_EDGE('',*,*,#2736,.F.);
#15706 = PLANE('',#15707);
#15707 = AXIS2_PLACEMENT_3D('',#15708,#15709,#15710);
#15708 = CARTESIAN_POINT('',(104.075436,-112.165059,0.));
#15709 = DIRECTION('',(0.598437945723,-0.801169161363,0.));
#15710 = DIRECTION('',(-0.801169161363,-0.598437945723,0.));
#15711 = ADVANCED_FACE('',(#15712),#15723,.T.);
#15712 = FACE_BOUND('',#15713,.T.);
#15713 = EDGE_LOOP('',(#15714,#15720,#15721,#15722));
#15714 = ORIENTED_EDGE('',*,*,#15715,.T.);
#15715 = EDGE_CURVE('',#1296,#6635,#15716,.T.);
#15716 = LINE('',#15717,#15718);
#15717 = CARTESIAN_POINT('',(-34.371302,34.165123,0.));
#15718 = VECTOR('',#15719,1.);
#15719 = DIRECTION('',(0.,0.,1.));
#15720 = ORIENTED_EDGE('',*,*,#6634,.T.);
#15721 = ORIENTED_EDGE('',*,*,#15681,.F.);
#15722 = ORIENTED_EDGE('',*,*,#1295,.F.);
#15723 = PLANE('',#15724);
#15724 = AXIS2_PLACEMENT_3D('',#15725,#15726,#15727);
#15725 = CARTESIAN_POINT('',(-34.371302,34.165123,0.));
#15726 = DIRECTION('',(-0.282108166892,0.959382604685,0.));
#15727 = DIRECTION('',(0.959382604685,0.282108166892,0.));
#15728 = ADVANCED_FACE('',(#15729),#15740,.T.);
#15729 = FACE_BOUND('',#15730,.T.);
#15730 = EDGE_LOOP('',(#15731,#15732,#15733,#15739));
#15731 = ORIENTED_EDGE('',*,*,#15700,.T.);
#15732 = ORIENTED_EDGE('',*,*,#8067,.T.);
#15733 = ORIENTED_EDGE('',*,*,#15734,.F.);
#15734 = EDGE_CURVE('',#2721,#8060,#15735,.T.);
#15735 = LINE('',#15736,#15737);
#15736 = CARTESIAN_POINT('',(99.665341,-115.410573,0.));
#15737 = VECTOR('',#15738,1.);
#15738 = DIRECTION('',(0.,0.,1.));
#15739 = ORIENTED_EDGE('',*,*,#2728,.F.);
#15740 = PLANE('',#15741);
#15741 = AXIS2_PLACEMENT_3D('',#15742,#15743,#15744);
#15742 = CARTESIAN_POINT('',(101.909273,-113.783087,0.));
#15743 = DIRECTION('',(0.587117785257,-0.80950151713,0.));
#15744 = DIRECTION('',(-0.80950151713,-0.587117785257,0.));
#15745 = ADVANCED_FACE('',(#15746),#15757,.T.);
#15746 = FACE_BOUND('',#15747,.T.);
#15747 = EDGE_LOOP('',(#15748,#15754,#15755,#15756));
#15748 = ORIENTED_EDGE('',*,*,#15749,.T.);
#15749 = EDGE_CURVE('',#1304,#6643,#15750,.T.);
#15750 = LINE('',#15751,#15752);
#15751 = CARTESIAN_POINT('',(-35.212839,33.90706,0.));
#15752 = VECTOR('',#15753,1.);
#15753 = DIRECTION('',(0.,0.,1.));
#15754 = ORIENTED_EDGE('',*,*,#6642,.T.);
#15755 = ORIENTED_EDGE('',*,*,#15715,.F.);
#15756 = ORIENTED_EDGE('',*,*,#1303,.F.);
#15757 = PLANE('',#15758);
#15758 = AXIS2_PLACEMENT_3D('',#15759,#15760,#15761);
#15759 = CARTESIAN_POINT('',(-35.212839,33.90706,0.));
#15760 = DIRECTION('',(-0.293181289772,0.956056866158,0.));
#15761 = DIRECTION('',(0.956056866158,0.293181289772,0.));
#15762 = ADVANCED_FACE('',(#15763),#15774,.T.);
#15763 = FACE_BOUND('',#15764,.T.);
#15764 = EDGE_LOOP('',(#15765,#15766,#15767,#15773));
#15765 = ORIENTED_EDGE('',*,*,#15734,.T.);
#15766 = ORIENTED_EDGE('',*,*,#8059,.T.);
#15767 = ORIENTED_EDGE('',*,*,#15768,.F.);
#15768 = EDGE_CURVE('',#2713,#8052,#15769,.T.);
#15769 = LINE('',#15770,#15771);
#15770 = CARTESIAN_POINT('',(97.330577,-117.05596,0.));
#15771 = VECTOR('',#15772,1.);
#15772 = DIRECTION('',(0.,0.,1.));
#15773 = ORIENTED_EDGE('',*,*,#2720,.F.);
#15774 = PLANE('',#15775);
#15775 = AXIS2_PLACEMENT_3D('',#15776,#15777,#15778);
#15776 = CARTESIAN_POINT('',(99.665341,-115.410573,0.));
#15777 = DIRECTION('',(0.576056388082,-0.817409956967,0.));
#15778 = DIRECTION('',(-0.817409956967,-0.576056388082,0.));
#15779 = ADVANCED_FACE('',(#15780),#15791,.T.);
#15780 = FACE_BOUND('',#15781,.T.);
#15781 = EDGE_LOOP('',(#15782,#15788,#15789,#15790));
#15782 = ORIENTED_EDGE('',*,*,#15783,.T.);
#15783 = EDGE_CURVE('',#1312,#6651,#15784,.T.);
#15784 = LINE('',#15785,#15786);
#15785 = CARTESIAN_POINT('',(-36.049887,33.639566,0.));
#15786 = VECTOR('',#15787,1.);
#15787 = DIRECTION('',(0.,0.,1.));
#15788 = ORIENTED_EDGE('',*,*,#6650,.T.);
#15789 = ORIENTED_EDGE('',*,*,#15749,.F.);
#15790 = ORIENTED_EDGE('',*,*,#1311,.F.);
#15791 = PLANE('',#15792);
#15792 = AXIS2_PLACEMENT_3D('',#15793,#15794,#15795);
#15793 = CARTESIAN_POINT('',(-36.049887,33.639566,0.));
#15794 = DIRECTION('',(-0.304402680994,0.952543441426,0.));
#15795 = DIRECTION('',(0.952543441426,0.304402680994,0.));
#15796 = ADVANCED_FACE('',(#15797),#15808,.T.);
#15797 = FACE_BOUND('',#15798,.T.);
#15798 = EDGE_LOOP('',(#15799,#15800,#15801,#15807));
#15799 = ORIENTED_EDGE('',*,*,#15768,.T.);
#15800 = ORIENTED_EDGE('',*,*,#8051,.T.);
#15801 = ORIENTED_EDGE('',*,*,#15802,.F.);
#15802 = EDGE_CURVE('',#2705,#8044,#15803,.T.);
#15803 = LINE('',#15804,#15805);
#15804 = CARTESIAN_POINT('',(94.886952,-118.730752,0.));
#15805 = VECTOR('',#15806,1.);
#15806 = DIRECTION('',(0.,0.,1.));
#15807 = ORIENTED_EDGE('',*,*,#2712,.F.);
#15808 = PLANE('',#15809);
#15809 = AXIS2_PLACEMENT_3D('',#15810,#15811,#15812);
#15810 = CARTESIAN_POINT('',(97.330577,-117.05596,0.));
#15811 = DIRECTION('',(0.56533626498,-0.824860538211,0.));
#15812 = DIRECTION('',(-0.824860538211,-0.56533626498,0.));
#15813 = ADVANCED_FACE('',(#15814),#15825,.T.);
#15814 = FACE_BOUND('',#15815,.T.);
#15815 = EDGE_LOOP('',(#15816,#15822,#15823,#15824));
#15816 = ORIENTED_EDGE('',*,*,#15817,.T.);
#15817 = EDGE_CURVE('',#1320,#6659,#15818,.T.);
#15818 = LINE('',#15819,#15820);
#15819 = CARTESIAN_POINT('',(-36.855956,33.371311,0.));
#15820 = VECTOR('',#15821,1.);
#15821 = DIRECTION('',(0.,0.,1.));
#15822 = ORIENTED_EDGE('',*,*,#6658,.T.);
#15823 = ORIENTED_EDGE('',*,*,#15783,.F.);
#15824 = ORIENTED_EDGE('',*,*,#1319,.F.);
#15825 = PLANE('',#15826);
#15826 = AXIS2_PLACEMENT_3D('',#15827,#15828,#15829);
#15827 = CARTESIAN_POINT('',(-36.855956,33.371311,0.));
#15828 = DIRECTION('',(-0.315767241001,0.948836682212,0.));
#15829 = DIRECTION('',(0.948836682212,0.315767241001,0.));
#15830 = ADVANCED_FACE('',(#15831),#15842,.T.);
#15831 = FACE_BOUND('',#15832,.T.);
#15832 = EDGE_LOOP('',(#15833,#15834,#15835,#15841));
#15833 = ORIENTED_EDGE('',*,*,#15802,.T.);
#15834 = ORIENTED_EDGE('',*,*,#8043,.T.);
#15835 = ORIENTED_EDGE('',*,*,#15836,.F.);
#15836 = EDGE_CURVE('',#2697,#8036,#15837,.T.);
#15837 = LINE('',#15838,#15839);
#15838 = CARTESIAN_POINT('',(92.308322,-120.451464,0.));
#15839 = VECTOR('',#15840,1.);
#15840 = DIRECTION('',(0.,0.,1.));
#15841 = ORIENTED_EDGE('',*,*,#2704,.F.);
#15842 = PLANE('',#15843);
#15843 = AXIS2_PLACEMENT_3D('',#15844,#15845,#15846);
#15844 = CARTESIAN_POINT('',(94.886952,-118.730752,0.));
#15845 = DIRECTION('',(0.555063117665,-0.831808232351,0.));
#15846 = DIRECTION('',(-0.831808232351,-0.555063117665,0.));
#15847 = ADVANCED_FACE('',(#15848),#15859,.T.);
#15848 = FACE_BOUND('',#15849,.T.);
#15849 = EDGE_LOOP('',(#15850,#15856,#15857,#15858));
#15850 = ORIENTED_EDGE('',*,*,#15851,.T.);
#15851 = EDGE_CURVE('',#1328,#6667,#15852,.T.);
#15852 = LINE('',#15853,#15854);
#15853 = CARTESIAN_POINT('',(-37.658112,33.093511,0.));
#15854 = VECTOR('',#15855,1.);
#15855 = DIRECTION('',(0.,0.,1.));
#15856 = ORIENTED_EDGE('',*,*,#6666,.T.);
#15857 = ORIENTED_EDGE('',*,*,#15817,.F.);
#15858 = ORIENTED_EDGE('',*,*,#1327,.F.);
#15859 = PLANE('',#15860);
#15860 = AXIS2_PLACEMENT_3D('',#15861,#15862,#15863);
#15861 = CARTESIAN_POINT('',(-37.658112,33.093511,0.));
#15862 = DIRECTION('',(-0.327247961414,0.94493850157,0.));
#15863 = DIRECTION('',(0.94493850157,0.327247961414,0.));
#15864 = ADVANCED_FACE('',(#15865),#15876,.T.);
#15865 = FACE_BOUND('',#15866,.T.);
#15866 = EDGE_LOOP('',(#15867,#15868,#15869,#15875));
#15867 = ORIENTED_EDGE('',*,*,#15836,.T.);
#15868 = ORIENTED_EDGE('',*,*,#8035,.T.);
#15869 = ORIENTED_EDGE('',*,*,#15870,.F.);
#15870 = EDGE_CURVE('',#2689,#8028,#15871,.T.);
#15871 = LINE('',#15872,#15873);
#15872 = CARTESIAN_POINT('',(89.554141,-122.243504,0.));
#15873 = VECTOR('',#15874,1.);
#15874 = DIRECTION('',(0.,0.,1.));
#15875 = ORIENTED_EDGE('',*,*,#2696,.F.);
#15876 = PLANE('',#15877);
#15877 = AXIS2_PLACEMENT_3D('',#15878,#15879,#15880);
#15878 = CARTESIAN_POINT('',(92.308322,-120.451464,0.));
#15879 = DIRECTION('',(0.545378170427,-0.838190104464,0.));
#15880 = DIRECTION('',(-0.838190104464,-0.545378170427,0.));
#15881 = ADVANCED_FACE('',(#15882),#15893,.T.);
#15882 = FACE_BOUND('',#15883,.T.);
#15883 = EDGE_LOOP('',(#15884,#15890,#15891,#15892));
#15884 = ORIENTED_EDGE('',*,*,#15885,.T.);
#15885 = EDGE_CURVE('',#1336,#6675,#15886,.T.);
#15886 = LINE('',#15887,#15888);
#15887 = CARTESIAN_POINT('',(-38.434225,32.814,0.));
#15888 = VECTOR('',#15889,1.);
#15889 = DIRECTION('',(0.,0.,1.));
#15890 = ORIENTED_EDGE('',*,*,#6674,.T.);
#15891 = ORIENTED_EDGE('',*,*,#15851,.F.);
#15892 = ORIENTED_EDGE('',*,*,#1335,.F.);
#15893 = PLANE('',#15894);
#15894 = AXIS2_PLACEMENT_3D('',#15895,#15896,#15897);
#15895 = CARTESIAN_POINT('',(-38.434225,32.814,0.));
#15896 = DIRECTION('',(-0.338837857655,0.940844783277,0.));
#15897 = DIRECTION('',(0.940844783277,0.338837857655,0.));
#15898 = ADVANCED_FACE('',(#15899),#15910,.T.);
#15899 = FACE_BOUND('',#15900,.T.);
#15900 = EDGE_LOOP('',(#15901,#15902,#15903,#15909));
#15901 = ORIENTED_EDGE('',*,*,#15870,.T.);
#15902 = ORIENTED_EDGE('',*,*,#8027,.T.);
#15903 = ORIENTED_EDGE('',*,*,#15904,.F.);
#15904 = EDGE_CURVE('',#2681,#8020,#15905,.T.);
#15905 = LINE('',#15906,#15907);
#15906 = CARTESIAN_POINT('',(88.861942,-122.687345,0.));
#15907 = VECTOR('',#15908,1.);
#15908 = DIRECTION('',(0.,0.,1.));
#15909 = ORIENTED_EDGE('',*,*,#2688,.F.);
#15910 = PLANE('',#15911);
#15911 = AXIS2_PLACEMENT_3D('',#15912,#15913,#15914);
#15912 = CARTESIAN_POINT('',(89.554141,-122.243504,0.));
#15913 = DIRECTION('',(0.539772727209,-0.8418107881,0.));
#15914 = DIRECTION('',(-0.8418107881,-0.539772727209,0.));
#15915 = ADVANCED_FACE('',(#15916),#15927,.T.);
#15916 = FACE_BOUND('',#15917,.T.);
#15917 = EDGE_LOOP('',(#15918,#15924,#15925,#15926));
#15918 = ORIENTED_EDGE('',*,*,#15919,.T.);
#15919 = EDGE_CURVE('',#1344,#6683,#15920,.T.);
#15920 = LINE('',#15921,#15922);
#15921 = CARTESIAN_POINT('',(-39.206909,32.524821,0.));
#15922 = VECTOR('',#15923,1.);
#15923 = DIRECTION('',(0.,0.,1.));
#15924 = ORIENTED_EDGE('',*,*,#6682,.T.);
#15925 = ORIENTED_EDGE('',*,*,#15885,.F.);
#15926 = ORIENTED_EDGE('',*,*,#1343,.F.);
#15927 = PLANE('',#15928);
#15928 = AXIS2_PLACEMENT_3D('',#15929,#15930,#15931);
#15929 = CARTESIAN_POINT('',(-39.206909,32.524821,0.));
#15930 = DIRECTION('',(-0.350509685602,0.936559106677,0.));
#15931 = DIRECTION('',(0.936559106677,0.350509685602,0.));
#15932 = ADVANCED_FACE('',(#15933),#15944,.T.);
#15933 = FACE_BOUND('',#15934,.T.);
#15934 = EDGE_LOOP('',(#15935,#15936,#15937,#15943));
#15935 = ORIENTED_EDGE('',*,*,#15904,.T.);
#15936 = ORIENTED_EDGE('',*,*,#8019,.T.);
#15937 = ORIENTED_EDGE('',*,*,#15938,.F.);
#15938 = EDGE_CURVE('',#2673,#8012,#15939,.T.);
#15939 = LINE('',#15940,#15941);
#15940 = CARTESIAN_POINT('',(85.684789,-124.695902,0.));
#15941 = VECTOR('',#15942,1.);
#15942 = DIRECTION('',(0.,0.,1.));
#15943 = ORIENTED_EDGE('',*,*,#2680,.F.);
#15944 = PLANE('',#15945);
#15945 = AXIS2_PLACEMENT_3D('',#15946,#15947,#15948);
#15946 = CARTESIAN_POINT('',(88.861942,-122.687345,0.));
#15947 = DIRECTION('',(0.534360760154,-0.845256516099,0.));
#15948 = DIRECTION('',(-0.845256516099,-0.534360760154,0.));
#15949 = ADVANCED_FACE('',(#15950),#15961,.T.);
#15950 = FACE_BOUND('',#15951,.T.);
#15951 = EDGE_LOOP('',(#15952,#15958,#15959,#15960));
#15952 = ORIENTED_EDGE('',*,*,#15953,.T.);
#15953 = EDGE_CURVE('',#1352,#6691,#15954,.T.);
#15954 = LINE('',#15955,#15956);
#15955 = CARTESIAN_POINT('',(-40.009869,32.212337,0.));
#15956 = VECTOR('',#15957,1.);
#15957 = DIRECTION('',(0.,0.,1.));
#15958 = ORIENTED_EDGE('',*,*,#6690,.T.);
#15959 = ORIENTED_EDGE('',*,*,#15919,.F.);
#15960 = ORIENTED_EDGE('',*,*,#1351,.F.);
#15961 = PLANE('',#15962);
#15962 = AXIS2_PLACEMENT_3D('',#15963,#15964,#15965);
#15963 = CARTESIAN_POINT('',(-40.009869,32.212337,0.));
#15964 = DIRECTION('',(-0.362669833249,0.931917695964,0.));
#15965 = DIRECTION('',(0.931917695964,0.362669833249,0.));
#15966 = ADVANCED_FACE('',(#15967),#15978,.T.);
#15967 = FACE_BOUND('',#15968,.T.);
#15968 = EDGE_LOOP('',(#15969,#15970,#15971,#15977));
#15969 = ORIENTED_EDGE('',*,*,#15938,.T.);
#15970 = ORIENTED_EDGE('',*,*,#8011,.T.);
#15971 = ORIENTED_EDGE('',*,*,#15972,.F.);
#15972 = EDGE_CURVE('',#2665,#8004,#15973,.T.);
#15973 = LINE('',#15974,#15975);
#15974 = CARTESIAN_POINT('',(82.449428,-126.695216,0.));
#15975 = VECTOR('',#15976,1.);
#15976 = DIRECTION('',(0.,0.,1.));
#15977 = ORIENTED_EDGE('',*,*,#2672,.F.);
#15978 = PLANE('',#15979);
#15979 = AXIS2_PLACEMENT_3D('',#15980,#15981,#15982);
#15980 = CARTESIAN_POINT('',(85.684789,-124.695902,0.));
#15981 = DIRECTION('',(0.525683724556,-0.850680093653,0.));
#15982 = DIRECTION('',(-0.850680093653,-0.525683724556,0.));
#15983 = ADVANCED_FACE('',(#15984),#15995,.T.);
#15984 = FACE_BOUND('',#15985,.T.);
#15985 = EDGE_LOOP('',(#15986,#15992,#15993,#15994));
#15986 = ORIENTED_EDGE('',*,*,#15987,.T.);
#15987 = EDGE_CURVE('',#1360,#6699,#15988,.T.);
#15988 = LINE('',#15989,#15990);
#15989 = CARTESIAN_POINT('',(-40.701406,31.932352,0.));
#15990 = VECTOR('',#15991,1.);
#15991 = DIRECTION('',(0.,0.,1.));
#15992 = ORIENTED_EDGE('',*,*,#6698,.T.);
#15993 = ORIENTED_EDGE('',*,*,#15953,.F.);
#15994 = ORIENTED_EDGE('',*,*,#1359,.F.);
#15995 = PLANE('',#15996);
#15996 = AXIS2_PLACEMENT_3D('',#15997,#15998,#15999);
#15997 = CARTESIAN_POINT('',(-40.701406,31.932352,0.));
#15998 = DIRECTION('',(-0.375281627386,0.926910837215,0.));
#15999 = DIRECTION('',(0.926910837215,0.375281627386,0.));
#16000 = ADVANCED_FACE('',(#16001),#16012,.T.);
#16001 = FACE_BOUND('',#16002,.T.);
#16002 = EDGE_LOOP('',(#16003,#16004,#16005,#16011));
#16003 = ORIENTED_EDGE('',*,*,#15972,.T.);
#16004 = ORIENTED_EDGE('',*,*,#8003,.T.);
#16005 = ORIENTED_EDGE('',*,*,#16006,.F.);
#16006 = EDGE_CURVE('',#2657,#7996,#16007,.T.);
#16007 = LINE('',#16008,#16009);
#16008 = CARTESIAN_POINT('',(79.156314,-128.684594,0.));
#16009 = VECTOR('',#16010,1.);
#16010 = DIRECTION('',(0.,0.,1.));
#16011 = ORIENTED_EDGE('',*,*,#2664,.F.);
#16012 = PLANE('',#16013);
#16013 = AXIS2_PLACEMENT_3D('',#16014,#16015,#16016);
#16014 = CARTESIAN_POINT('',(82.449428,-126.695216,0.));
#16015 = DIRECTION('',(0.517075327172,-0.855939896272,0.));
#16016 = DIRECTION('',(-0.855939896272,-0.517075327172,0.));
#16017 = ADVANCED_FACE('',(#16018),#16029,.T.);
#16018 = FACE_BOUND('',#16019,.T.);
#16019 = EDGE_LOOP('',(#16020,#16026,#16027,#16028));
#16020 = ORIENTED_EDGE('',*,*,#16021,.T.);
#16021 = EDGE_CURVE('',#1368,#6707,#16022,.T.);
#16022 = LINE('',#16023,#16024);
#16023 = CARTESIAN_POINT('',(-41.390196,31.642122,0.));
#16024 = VECTOR('',#16025,1.);
#16025 = DIRECTION('',(0.,0.,1.));
#16026 = ORIENTED_EDGE('',*,*,#6706,.T.);
#16027 = ORIENTED_EDGE('',*,*,#15987,.F.);
#16028 = ORIENTED_EDGE('',*,*,#1367,.F.);
#16029 = PLANE('',#16030);
#16030 = AXIS2_PLACEMENT_3D('',#16031,#16032,#16033);
#16031 = CARTESIAN_POINT('',(-41.390196,31.642122,0.));
#16032 = DIRECTION('',(-0.388299225571,0.92153334797,0.));
#16033 = DIRECTION('',(0.92153334797,0.388299225571,0.));
#16034 = ADVANCED_FACE('',(#16035),#16046,.T.);
#16035 = FACE_BOUND('',#16036,.T.);
#16036 = EDGE_LOOP('',(#16037,#16038,#16039,#16045));
#16037 = ORIENTED_EDGE('',*,*,#16006,.T.);
#16038 = ORIENTED_EDGE('',*,*,#7995,.T.);
#16039 = ORIENTED_EDGE('',*,*,#16040,.F.);
#16040 = EDGE_CURVE('',#2649,#7988,#16041,.T.);
#16041 = LINE('',#16042,#16043);
#16042 = CARTESIAN_POINT('',(75.805842,-130.663423,0.));
#16043 = VECTOR('',#16044,1.);
#16044 = DIRECTION('',(0.,0.,1.));
#16045 = ORIENTED_EDGE('',*,*,#2656,.F.);
#16046 = PLANE('',#16047);
#16047 = AXIS2_PLACEMENT_3D('',#16048,#16049,#16050);
#16048 = CARTESIAN_POINT('',(79.156314,-128.684594,0.));
#16049 = DIRECTION('',(0.508539703188,-0.861038541693,0.));
#16050 = DIRECTION('',(-0.861038541693,-0.508539703188,0.));
#16051 = ADVANCED_FACE('',(#16052),#16063,.T.);
#16052 = FACE_BOUND('',#16053,.T.);
#16053 = EDGE_LOOP('',(#16054,#16060,#16061,#16062));
#16054 = ORIENTED_EDGE('',*,*,#16055,.T.);
#16055 = EDGE_CURVE('',#1376,#6715,#16056,.T.);
#16056 = LINE('',#16057,#16058);
#16057 = CARTESIAN_POINT('',(-42.043332,31.355788,0.));
#16058 = VECTOR('',#16059,1.);
#16059 = DIRECTION('',(0.,0.,1.));
#16060 = ORIENTED_EDGE('',*,*,#6714,.T.);
#16061 = ORIENTED_EDGE('',*,*,#16021,.F.);
#16062 = ORIENTED_EDGE('',*,*,#1375,.F.);
#16063 = PLANE('',#16064);
#16064 = AXIS2_PLACEMENT_3D('',#16065,#16066,#16067);
#16065 = CARTESIAN_POINT('',(-42.043332,31.355788,0.));
#16066 = DIRECTION('',(-0.401509597853,0.915854815367,0.));
#16067 = DIRECTION('',(0.915854815367,0.401509597853,0.));
#16068 = ADVANCED_FACE('',(#16069),#16080,.T.);
#16069 = FACE_BOUND('',#16070,.T.);
#16070 = EDGE_LOOP('',(#16071,#16072,#16073,#16079));
#16071 = ORIENTED_EDGE('',*,*,#16040,.T.);
#16072 = ORIENTED_EDGE('',*,*,#7987,.T.);
#16073 = ORIENTED_EDGE('',*,*,#16074,.F.);
#16074 = EDGE_CURVE('',#2641,#7980,#16075,.T.);
#16075 = LINE('',#16076,#16077);
#16076 = CARTESIAN_POINT('',(72.398208,-132.631257,0.));
#16077 = VECTOR('',#16078,1.);
#16078 = DIRECTION('',(0.,0.,1.));
#16079 = ORIENTED_EDGE('',*,*,#2648,.F.);
#16080 = PLANE('',#16081);
#16081 = AXIS2_PLACEMENT_3D('',#16082,#16083,#16084);
#16082 = CARTESIAN_POINT('',(75.805842,-130.663423,0.));
#16083 = DIRECTION('',(0.500083020164,-0.865977466764,0.));
#16084 = DIRECTION('',(-0.865977466764,-0.500083020164,0.));
#16085 = ADVANCED_FACE('',(#16086),#16097,.T.);
#16086 = FACE_BOUND('',#16087,.T.);
#16087 = EDGE_LOOP('',(#16088,#16094,#16095,#16096));
#16088 = ORIENTED_EDGE('',*,*,#16089,.T.);
#16089 = EDGE_CURVE('',#1384,#6723,#16090,.T.);
#16090 = LINE('',#16091,#16092);
#16091 = CARTESIAN_POINT('',(-42.693741,31.05924,0.));
#16092 = VECTOR('',#16093,1.);
#16093 = DIRECTION('',(0.,0.,1.));
#16094 = ORIENTED_EDGE('',*,*,#6722,.T.);
#16095 = ORIENTED_EDGE('',*,*,#16055,.F.);
#16096 = ORIENTED_EDGE('',*,*,#1383,.F.);
#16097 = PLANE('',#16098);
#16098 = AXIS2_PLACEMENT_3D('',#16099,#16100,#16101);
#16099 = CARTESIAN_POINT('',(-42.693741,31.05924,0.));
#16100 = DIRECTION('',(-0.414854877119,0.90988759247,0.));
#16101 = DIRECTION('',(0.90988759247,0.414854877119,0.));
#16102 = ADVANCED_FACE('',(#16103),#16114,.T.);
#16103 = FACE_BOUND('',#16104,.T.);
#16104 = EDGE_LOOP('',(#16105,#16106,#16107,#16113));
#16105 = ORIENTED_EDGE('',*,*,#16074,.T.);
#16106 = ORIENTED_EDGE('',*,*,#7979,.T.);
#16107 = ORIENTED_EDGE('',*,*,#16108,.F.);
#16108 = EDGE_CURVE('',#2633,#7972,#16109,.T.);
#16109 = LINE('',#16110,#16111);
#16110 = CARTESIAN_POINT('',(68.933155,-134.587966,0.));
#16111 = VECTOR('',#16112,1.);
#16112 = DIRECTION('',(0.,0.,1.));
#16113 = ORIENTED_EDGE('',*,*,#2640,.F.);
#16114 = PLANE('',#16115);
#16115 = AXIS2_PLACEMENT_3D('',#16116,#16117,#16118);
#16116 = CARTESIAN_POINT('',(72.398208,-132.631257,0.));
#16117 = DIRECTION('',(0.491714552792,-0.870756451927,0.));
#16118 = DIRECTION('',(-0.870756451927,-0.491714552792,0.));
#16119 = ADVANCED_FACE('',(#16120),#16131,.T.);
#16120 = FACE_BOUND('',#16121,.T.);
#16121 = EDGE_LOOP('',(#16122,#16128,#16129,#16130));
#16122 = ORIENTED_EDGE('',*,*,#16123,.T.);
#16123 = EDGE_CURVE('',#1392,#6731,#16124,.T.);
#16124 = LINE('',#16125,#16126);
#16125 = CARTESIAN_POINT('',(-43.314908,30.764792,0.));
#16126 = VECTOR('',#16127,1.);
#16127 = DIRECTION('',(0.,0.,1.));
#16128 = ORIENTED_EDGE('',*,*,#6730,.T.);
#16129 = ORIENTED_EDGE('',*,*,#16089,.F.);
#16130 = ORIENTED_EDGE('',*,*,#1391,.F.);
#16131 = PLANE('',#16132);
#16132 = AXIS2_PLACEMENT_3D('',#16133,#16134,#16135);
#16133 = CARTESIAN_POINT('',(-43.314908,30.764792,0.));
#16134 = DIRECTION('',(-0.42833702253,0.903619054209,0.));
#16135 = DIRECTION('',(0.903619054209,0.42833702253,0.));
#16136 = ADVANCED_FACE('',(#16137),#16148,.T.);
#16137 = FACE_BOUND('',#16138,.T.);
#16138 = EDGE_LOOP('',(#16139,#16140,#16141,#16147));
#16139 = ORIENTED_EDGE('',*,*,#16108,.T.);
#16140 = ORIENTED_EDGE('',*,*,#7971,.T.);
#16141 = ORIENTED_EDGE('',*,*,#16142,.F.);
#16142 = EDGE_CURVE('',#2625,#7964,#16143,.T.);
#16143 = LINE('',#16144,#16145);
#16144 = CARTESIAN_POINT('',(66.07879,-136.167671,0.));
#16145 = VECTOR('',#16146,1.);
#16146 = DIRECTION('',(0.,0.,1.));
#16147 = ORIENTED_EDGE('',*,*,#2632,.F.);
#16148 = PLANE('',#16149);
#16149 = AXIS2_PLACEMENT_3D('',#16150,#16151,#16152);
#16150 = CARTESIAN_POINT('',(68.933155,-134.587966,0.));
#16151 = DIRECTION('',(0.484224396203,-0.874943846268,0.));
#16152 = DIRECTION('',(-0.874943846268,-0.484224396203,0.));
#16153 = ADVANCED_FACE('',(#16154),#16165,.T.);
#16154 = FACE_BOUND('',#16155,.T.);
#16155 = EDGE_LOOP('',(#16156,#16162,#16163,#16164));
#16156 = ORIENTED_EDGE('',*,*,#16157,.T.);
#16157 = EDGE_CURVE('',#1400,#6739,#16158,.T.);
#16158 = LINE('',#16159,#16160);
#16159 = CARTESIAN_POINT('',(-43.933357,30.460134,0.));
#16160 = VECTOR('',#16161,1.);
#16161 = DIRECTION('',(0.,0.,1.));
#16162 = ORIENTED_EDGE('',*,*,#6738,.T.);
#16163 = ORIENTED_EDGE('',*,*,#16123,.F.);
#16164 = ORIENTED_EDGE('',*,*,#1399,.F.);
#16165 = PLANE('',#16166);
#16166 = AXIS2_PLACEMENT_3D('',#16167,#16168,#16169);
#16167 = CARTESIAN_POINT('',(-43.933357,30.460134,0.));
#16168 = DIRECTION('',(-0.441906776322,0.897060979555,0.));
#16169 = DIRECTION('',(0.897060979555,0.441906776322,0.));
#16170 = ADVANCED_FACE('',(#16171),#16182,.T.);
#16171 = FACE_BOUND('',#16172,.T.);
#16172 = EDGE_LOOP('',(#16173,#16174,#16175,#16181));
#16173 = ORIENTED_EDGE('',*,*,#16142,.T.);
#16174 = ORIENTED_EDGE('',*,*,#7963,.T.);
#16175 = ORIENTED_EDGE('',*,*,#16176,.F.);
#16176 = EDGE_CURVE('',#2617,#7956,#16177,.T.);
#16177 = LINE('',#16178,#16179);
#16178 = CARTESIAN_POINT('',(64.400355,-137.082579,0.));
#16179 = VECTOR('',#16180,1.);
#16180 = DIRECTION('',(0.,0.,1.));
#16181 = ORIENTED_EDGE('',*,*,#2624,.F.);
#16182 = PLANE('',#16183);
#16183 = AXIS2_PLACEMENT_3D('',#16184,#16185,#16186);
#16184 = CARTESIAN_POINT('',(66.07879,-136.167671,0.));
#16185 = DIRECTION('',(0.478609403308,-0.878027926131,0.));
#16186 = DIRECTION('',(-0.878027926131,-0.478609403308,0.));
#16187 = ADVANCED_FACE('',(#16188),#16199,.T.);
#16188 = FACE_BOUND('',#16189,.T.);
#16189 = EDGE_LOOP('',(#16190,#16196,#16197,#16198));
#16190 = ORIENTED_EDGE('',*,*,#16191,.T.);
#16191 = EDGE_CURVE('',#1408,#6747,#16192,.T.);
#16192 = LINE('',#16193,#16194);
#16193 = CARTESIAN_POINT('',(-44.527272,30.156196,0.));
#16194 = VECTOR('',#16195,1.);
#16195 = DIRECTION('',(0.,0.,1.));
#16196 = ORIENTED_EDGE('',*,*,#6746,.T.);
#16197 = ORIENTED_EDGE('',*,*,#16157,.F.);
#16198 = ORIENTED_EDGE('',*,*,#1407,.F.);
#16199 = PLANE('',#16200);
#16200 = AXIS2_PLACEMENT_3D('',#16201,#16202,#16203);
#16201 = CARTESIAN_POINT('',(-44.527272,30.156196,0.));
#16202 = DIRECTION('',(-0.45556431585,0.890202872454,0.));
#16203 = DIRECTION('',(0.890202872454,0.45556431585,0.));
#16204 = ADVANCED_FACE('',(#16205),#16216,.T.);
#16205 = FACE_BOUND('',#16206,.T.);
#16206 = EDGE_LOOP('',(#16207,#16208,#16209,#16215));
#16207 = ORIENTED_EDGE('',*,*,#16176,.T.);
#16208 = ORIENTED_EDGE('',*,*,#7955,.T.);
#16209 = ORIENTED_EDGE('',*,*,#16210,.F.);
#16210 = EDGE_CURVE('',#2609,#7948,#16211,.T.);
#16211 = LINE('',#16212,#16213);
#16212 = CARTESIAN_POINT('',(62.754522,-137.96825,0.));
#16213 = VECTOR('',#16214,1.);
#16214 = DIRECTION('',(0.,0.,1.));
#16215 = ORIENTED_EDGE('',*,*,#2616,.F.);
#16216 = PLANE('',#16217);
#16217 = AXIS2_PLACEMENT_3D('',#16218,#16219,#16220);
#16218 = CARTESIAN_POINT('',(64.400355,-137.082579,0.));
#16219 = DIRECTION('',(0.473873017343,-0.880593188387,0.));
#16220 = DIRECTION('',(-0.880593188387,-0.473873017343,0.));
#16221 = ADVANCED_FACE('',(#16222),#16233,.T.);
#16222 = FACE_BOUND('',#16223,.T.);
#16223 = EDGE_LOOP('',(#16224,#16230,#16231,#16232));
#16224 = ORIENTED_EDGE('',*,*,#16225,.T.);
#16225 = EDGE_CURVE('',#1416,#6755,#16226,.T.);
#16226 = LINE('',#16227,#16228);
#16227 = CARTESIAN_POINT('',(-45.118471,29.842029,0.));
#16228 = VECTOR('',#16229,1.);
#16229 = DIRECTION('',(0.,0.,1.));
#16230 = ORIENTED_EDGE('',*,*,#6754,.T.);
#16231 = ORIENTED_EDGE('',*,*,#16191,.F.);
#16232 = ORIENTED_EDGE('',*,*,#1415,.F.);
#16233 = PLANE('',#16234);
#16234 = AXIS2_PLACEMENT_3D('',#16235,#16236,#16237);
#16235 = CARTESIAN_POINT('',(-45.118471,29.842029,0.));
#16236 = DIRECTION('',(-0.469263012702,0.883058449317,0.));
#16237 = DIRECTION('',(0.883058449317,0.469263012702,0.));
#16238 = ADVANCED_FACE('',(#16239),#16250,.T.);
#16239 = FACE_BOUND('',#16240,.T.);
#16240 = EDGE_LOOP('',(#16241,#16242,#16243,#16249));
#16241 = ORIENTED_EDGE('',*,*,#16210,.T.);
#16242 = ORIENTED_EDGE('',*,*,#7947,.T.);
#16243 = ORIENTED_EDGE('',*,*,#16244,.F.);
#16244 = EDGE_CURVE('',#2601,#7940,#16245,.T.);
#16245 = LINE('',#16246,#16247);
#16246 = CARTESIAN_POINT('',(61.170584,-138.809283,0.));
#16247 = VECTOR('',#16248,1.);
#16248 = DIRECTION('',(0.,0.,1.));
#16249 = ORIENTED_EDGE('',*,*,#2608,.F.);
#16250 = PLANE('',#16251);
#16251 = AXIS2_PLACEMENT_3D('',#16252,#16253,#16254);
#16252 = CARTESIAN_POINT('',(62.754522,-137.96825,0.));
#16253 = DIRECTION('',(0.46896645252,-0.883215979481,0.));
#16254 = DIRECTION('',(-0.883215979481,-0.46896645252,0.));
#16255 = ADVANCED_FACE('',(#16256),#16267,.T.);
#16256 = FACE_BOUND('',#16257,.T.);
#16257 = EDGE_LOOP('',(#16258,#16264,#16265,#16266));
#16258 = ORIENTED_EDGE('',*,*,#16259,.T.);
#16259 = EDGE_CURVE('',#1424,#6763,#16260,.T.);
#16260 = LINE('',#16261,#16262);
#16261 = CARTESIAN_POINT('',(-45.688736,29.527464,0.));
#16262 = VECTOR('',#16263,1.);
#16263 = DIRECTION('',(0.,0.,1.));
#16264 = ORIENTED_EDGE('',*,*,#6762,.T.);
#16265 = ORIENTED_EDGE('',*,*,#16225,.F.);
#16266 = ORIENTED_EDGE('',*,*,#1423,.F.);
#16267 = PLANE('',#16268);
#16268 = AXIS2_PLACEMENT_3D('',#16269,#16270,#16271);
#16269 = CARTESIAN_POINT('',(-45.688736,29.527464,0.));
#16270 = DIRECTION('',(-0.483002044787,0.875619223596,0.));
#16271 = DIRECTION('',(0.875619223596,0.483002044787,0.));
#16272 = ADVANCED_FACE('',(#16273),#16284,.T.);
#16273 = FACE_BOUND('',#16274,.T.);
#16274 = EDGE_LOOP('',(#16275,#16276,#16277,#16283));
#16275 = ORIENTED_EDGE('',*,*,#16244,.T.);
#16276 = ORIENTED_EDGE('',*,*,#7939,.T.);
#16277 = ORIENTED_EDGE('',*,*,#16278,.F.);
#16278 = EDGE_CURVE('',#2593,#7932,#16279,.T.);
#16279 = LINE('',#16280,#16281);
#16280 = CARTESIAN_POINT('',(59.618485,-139.622001,0.));
#16281 = VECTOR('',#16282,1.);
#16282 = DIRECTION('',(0.,0.,1.));
#16283 = ORIENTED_EDGE('',*,*,#2600,.F.);
#16284 = PLANE('',#16285);
#16285 = AXIS2_PLACEMENT_3D('',#16286,#16287,#16288);
#16286 = CARTESIAN_POINT('',(61.170584,-138.809283,0.));
#16287 = DIRECTION('',(0.463878787946,-0.885898679361,0.));
#16288 = DIRECTION('',(-0.885898679361,-0.463878787946,0.));
#16289 = ADVANCED_FACE('',(#16290),#16301,.T.);
#16290 = FACE_BOUND('',#16291,.T.);
#16291 = EDGE_LOOP('',(#16292,#16298,#16299,#16300));
#16292 = ORIENTED_EDGE('',*,*,#16293,.T.);
#16293 = EDGE_CURVE('',#1432,#6771,#16294,.T.);
#16294 = LINE('',#16295,#16296);
#16295 = CARTESIAN_POINT('',(-46.256281,29.202628,0.));
#16296 = VECTOR('',#16297,1.);
#16297 = DIRECTION('',(0.,0.,1.));
#16298 = ORIENTED_EDGE('',*,*,#6770,.T.);
#16299 = ORIENTED_EDGE('',*,*,#16259,.F.);
#16300 = ORIENTED_EDGE('',*,*,#1431,.F.);
#16301 = PLANE('',#16302);
#16302 = AXIS2_PLACEMENT_3D('',#16303,#16304,#16305);
#16303 = CARTESIAN_POINT('',(-46.256281,29.202628,0.));
#16304 = DIRECTION('',(-0.496743539547,0.867897376375,0.));
#16305 = DIRECTION('',(0.867897376375,0.496743539547,0.));
#16306 = ADVANCED_FACE('',(#16307),#16318,.T.);
#16307 = FACE_BOUND('',#16308,.T.);
#16308 = EDGE_LOOP('',(#16309,#16310,#16311,#16317));
#16309 = ORIENTED_EDGE('',*,*,#16278,.T.);
#16310 = ORIENTED_EDGE('',*,*,#7931,.T.);
#16311 = ORIENTED_EDGE('',*,*,#16312,.F.);
#16312 = EDGE_CURVE('',#2585,#7924,#16313,.T.);
#16313 = LINE('',#16314,#16315);
#16314 = CARTESIAN_POINT('',(58.127688,-140.391355,0.));
#16315 = VECTOR('',#16316,1.);
#16316 = DIRECTION('',(0.,0.,1.));
#16317 = ORIENTED_EDGE('',*,*,#2592,.F.);
#16318 = PLANE('',#16319);
#16319 = AXIS2_PLACEMENT_3D('',#16320,#16321,#16322);
#16320 = CARTESIAN_POINT('',(59.618485,-139.622001,0.));
#16321 = DIRECTION('',(0.458600738737,-0.888642426643,0.));
#16322 = DIRECTION('',(-0.888642426643,-0.458600738737,0.));
#16323 = ADVANCED_FACE('',(#16324),#16335,.T.);
#16324 = FACE_BOUND('',#16325,.T.);
#16325 = EDGE_LOOP('',(#16326,#16332,#16333,#16334));
#16326 = ORIENTED_EDGE('',*,*,#16327,.T.);
#16327 = EDGE_CURVE('',#1440,#6779,#16328,.T.);
#16328 = LINE('',#16329,#16330);
#16329 = CARTESIAN_POINT('',(-46.805735,28.876443,0.));
#16330 = VECTOR('',#16331,1.);
#16331 = DIRECTION('',(0.,0.,1.));
#16332 = ORIENTED_EDGE('',*,*,#6778,.T.);
#16333 = ORIENTED_EDGE('',*,*,#16293,.F.);
#16334 = ORIENTED_EDGE('',*,*,#1439,.F.);
#16335 = PLANE('',#16336);
#16336 = AXIS2_PLACEMENT_3D('',#16337,#16338,#16339);
#16337 = CARTESIAN_POINT('',(-46.805735,28.876443,0.));
#16338 = DIRECTION('',(-0.51047706615,0.859891368101,0.));
#16339 = DIRECTION('',(0.859891368101,0.51047706615,0.));
#16340 = ADVANCED_FACE('',(#16341),#16352,.T.);
#16341 = FACE_BOUND('',#16342,.T.);
#16342 = EDGE_LOOP('',(#16343,#16344,#16345,#16351));
#16343 = ORIENTED_EDGE('',*,*,#16312,.T.);
#16344 = ORIENTED_EDGE('',*,*,#7923,.T.);
#16345 = ORIENTED_EDGE('',*,*,#16346,.F.);
#16346 = EDGE_CURVE('',#2577,#7916,#16347,.T.);
#16347 = LINE('',#16348,#16349);
#16348 = CARTESIAN_POINT('',(56.667894,-141.133361,0.));
#16349 = VECTOR('',#16350,1.);
#16350 = DIRECTION('',(0.,0.,1.));
#16351 = ORIENTED_EDGE('',*,*,#2584,.F.);
#16352 = PLANE('',#16353);
#16353 = AXIS2_PLACEMENT_3D('',#16354,#16355,#16356);
#16354 = CARTESIAN_POINT('',(58.127688,-140.391355,0.));
#16355 = DIRECTION('',(0.453119479093,-0.891449795371,0.));
#16356 = DIRECTION('',(-0.891449795371,-0.453119479093,0.));
#16357 = ADVANCED_FACE('',(#16358),#16369,.T.);
#16358 = FACE_BOUND('',#16359,.T.);
#16359 = EDGE_LOOP('',(#16360,#16366,#16367,#16368));
#16360 = ORIENTED_EDGE('',*,*,#16361,.T.);
#16361 = EDGE_CURVE('',#1448,#6787,#16362,.T.);
#16362 = LINE('',#16363,#16364);
#16363 = CARTESIAN_POINT('',(-47.352458,28.539929,0.));
#16364 = VECTOR('',#16365,1.);
#16365 = DIRECTION('',(0.,0.,1.));
#16366 = ORIENTED_EDGE('',*,*,#6786,.T.);
#16367 = ORIENTED_EDGE('',*,*,#16327,.F.);
#16368 = ORIENTED_EDGE('',*,*,#1447,.F.);
#16369 = PLANE('',#16370);
#16370 = AXIS2_PLACEMENT_3D('',#16371,#16372,#16373);
#16371 = CARTESIAN_POINT('',(-47.352458,28.539929,0.));
#16372 = DIRECTION('',(-0.524175467069,0.851610286295,0.));
#16373 = DIRECTION('',(0.851610286295,0.524175467069,0.));
#16374 = ADVANCED_FACE('',(#16375),#16386,.T.);
#16375 = FACE_BOUND('',#16376,.T.);
#16376 = EDGE_LOOP('',(#16377,#16378,#16379,#16385));
#16377 = ORIENTED_EDGE('',*,*,#16346,.T.);
#16378 = ORIENTED_EDGE('',*,*,#7915,.T.);
#16379 = ORIENTED_EDGE('',*,*,#16380,.F.);
#16380 = EDGE_CURVE('',#2569,#7908,#16381,.T.);
#16381 = LINE('',#16382,#16383);
#16382 = CARTESIAN_POINT('',(55.268556,-141.83344,0.));
#16383 = VECTOR('',#16384,1.);
#16384 = DIRECTION('',(0.,0.,1.));
#16385 = ORIENTED_EDGE('',*,*,#2576,.F.);
#16386 = PLANE('',#16387);
#16387 = AXIS2_PLACEMENT_3D('',#16388,#16389,#16390);
#16388 = CARTESIAN_POINT('',(56.667894,-141.133361,0.));
#16389 = DIRECTION('',(0.447423209292,-0.894322353398,0.));
#16390 = DIRECTION('',(-0.894322353398,-0.447423209292,0.));
#16391 = ADVANCED_FACE('',(#16392),#16403,.T.);
#16392 = FACE_BOUND('',#16393,.T.);
#16393 = EDGE_LOOP('',(#16394,#16400,#16401,#16402));
#16394 = ORIENTED_EDGE('',*,*,#16395,.T.);
#16395 = EDGE_CURVE('',#1456,#6795,#16396,.T.);
#16396 = LINE('',#16397,#16398);
#16397 = CARTESIAN_POINT('',(-47.883389,28.201223,0.));
#16398 = VECTOR('',#16399,1.);
#16399 = DIRECTION('',(0.,0.,1.));
#16400 = ORIENTED_EDGE('',*,*,#6794,.T.);
#16401 = ORIENTED_EDGE('',*,*,#16361,.F.);
#16402 = ORIENTED_EDGE('',*,*,#1455,.F.);
#16403 = PLANE('',#16404);
#16404 = AXIS2_PLACEMENT_3D('',#16405,#16406,#16407);
#16405 = CARTESIAN_POINT('',(-47.883389,28.201223,0.));
#16406 = DIRECTION('',(-0.537825443445,0.843056221365,0.));
#16407 = DIRECTION('',(0.843056221365,0.537825443445,0.));
#16408 = ADVANCED_FACE('',(#16409),#16420,.T.);
#16409 = FACE_BOUND('',#16410,.T.);
#16410 = EDGE_LOOP('',(#16411,#16412,#16413,#16419));
#16411 = ORIENTED_EDGE('',*,*,#16380,.T.);
#16412 = ORIENTED_EDGE('',*,*,#7907,.T.);
#16413 = ORIENTED_EDGE('',*,*,#16414,.F.);
#16414 = EDGE_CURVE('',#2561,#7900,#16415,.T.);
#16415 = LINE('',#16416,#16417);
#16416 = CARTESIAN_POINT('',(53.899317,-142.507175,0.));
#16417 = VECTOR('',#16418,1.);
#16418 = DIRECTION('',(0.,0.,1.));
#16419 = ORIENTED_EDGE('',*,*,#2568,.F.);
#16420 = PLANE('',#16421);
#16421 = AXIS2_PLACEMENT_3D('',#16422,#16423,#16424);
#16422 = CARTESIAN_POINT('',(55.268556,-141.83344,0.));
#16423 = DIRECTION('',(0.441498406285,-0.897262033772,0.));
#16424 = DIRECTION('',(-0.897262033772,-0.441498406285,0.));
#16425 = ADVANCED_FACE('',(#16426),#16437,.T.);
#16426 = FACE_BOUND('',#16427,.T.);
#16427 = EDGE_LOOP('',(#16428,#16434,#16435,#16436));
#16428 = ORIENTED_EDGE('',*,*,#16429,.T.);
#16429 = EDGE_CURVE('',#1464,#6803,#16430,.T.);
#16430 = LINE('',#16431,#16432);
#16431 = CARTESIAN_POINT('',(-48.411573,27.852112,0.));
#16432 = VECTOR('',#16433,1.);
#16433 = DIRECTION('',(0.,0.,1.));
#16434 = ORIENTED_EDGE('',*,*,#6802,.T.);
#16435 = ORIENTED_EDGE('',*,*,#16395,.F.);
#16436 = ORIENTED_EDGE('',*,*,#1463,.F.);
#16437 = PLANE('',#16438);
#16438 = AXIS2_PLACEMENT_3D('',#16439,#16440,#16441);
#16439 = CARTESIAN_POINT('',(-48.411573,27.852112,0.));
#16440 = DIRECTION('',(-0.551402702318,0.834239210225,0.));
#16441 = DIRECTION('',(0.834239210225,0.551402702318,0.));
#16442 = ADVANCED_FACE('',(#16443),#16454,.T.);
#16443 = FACE_BOUND('',#16444,.T.);
#16444 = EDGE_LOOP('',(#16445,#16446,#16447,#16453));
#16445 = ORIENTED_EDGE('',*,*,#16414,.T.);
#16446 = ORIENTED_EDGE('',*,*,#7899,.T.);
#16447 = ORIENTED_EDGE('',*,*,#16448,.F.);
#16448 = EDGE_CURVE('',#2553,#7892,#16449,.T.);
#16449 = LINE('',#16450,#16451);
#16450 = CARTESIAN_POINT('',(52.589447,-143.140569,0.));
#16451 = VECTOR('',#16452,1.);
#16452 = DIRECTION('',(0.,0.,1.));
#16453 = ORIENTED_EDGE('',*,*,#2560,.F.);
#16454 = PLANE('',#16455);
#16455 = AXIS2_PLACEMENT_3D('',#16456,#16457,#16458);
#16456 = CARTESIAN_POINT('',(53.899317,-142.507175,0.));
#16457 = DIRECTION('',(0.435330317859,-0.900270800567,0.));
#16458 = DIRECTION('',(-0.900270800567,-0.435330317859,0.));
#16459 = ADVANCED_FACE('',(#16460),#16471,.T.);
#16460 = FACE_BOUND('',#16461,.T.);
#16461 = EDGE_LOOP('',(#16462,#16468,#16469,#16470));
#16462 = ORIENTED_EDGE('',*,*,#16463,.T.);
#16463 = EDGE_CURVE('',#1472,#6811,#16464,.T.);
#16464 = LINE('',#16465,#16466);
#16465 = CARTESIAN_POINT('',(-48.925864,27.500036,0.));
#16466 = VECTOR('',#16467,1.);
#16467 = DIRECTION('',(0.,0.,1.));
#16468 = ORIENTED_EDGE('',*,*,#6810,.T.);
#16469 = ORIENTED_EDGE('',*,*,#16429,.F.);
#16470 = ORIENTED_EDGE('',*,*,#1471,.F.);
#16471 = PLANE('',#16472);
#16472 = AXIS2_PLACEMENT_3D('',#16473,#16474,#16475);
#16473 = CARTESIAN_POINT('',(-48.925864,27.500036,0.));
#16474 = DIRECTION('',(-0.564894472965,0.825163156238,0.));
#16475 = DIRECTION('',(0.825163156238,0.564894472965,0.));
#16476 = ADVANCED_FACE('',(#16477),#16488,.T.);
#16477 = FACE_BOUND('',#16478,.T.);
#16478 = EDGE_LOOP('',(#16479,#16480,#16481,#16487));
#16479 = ORIENTED_EDGE('',*,*,#16448,.T.);
#16480 = ORIENTED_EDGE('',*,*,#7891,.T.);
#16481 = ORIENTED_EDGE('',*,*,#16482,.F.);
#16482 = EDGE_CURVE('',#2545,#7884,#16483,.T.);
#16483 = LINE('',#16484,#16485);
#16484 = CARTESIAN_POINT('',(51.308712,-143.748655,0.));
#16485 = VECTOR('',#16486,1.);
#16486 = DIRECTION('',(0.,0.,1.));
#16487 = ORIENTED_EDGE('',*,*,#2552,.F.);
#16488 = PLANE('',#16489);
#16489 = AXIS2_PLACEMENT_3D('',#16490,#16491,#16492);
#16490 = CARTESIAN_POINT('',(52.589447,-143.140569,0.));
#16491 = DIRECTION('',(0.42890538235,-0.903349419102,0.));
#16492 = DIRECTION('',(-0.903349419102,-0.42890538235,0.));
#16493 = ADVANCED_FACE('',(#16494),#16505,.T.);
#16494 = FACE_BOUND('',#16495,.T.);
#16495 = EDGE_LOOP('',(#16496,#16502,#16503,#16504));
#16496 = ORIENTED_EDGE('',*,*,#16497,.T.);
#16497 = EDGE_CURVE('',#1480,#6819,#16498,.T.);
#16498 = LINE('',#16499,#16500);
#16499 = CARTESIAN_POINT('',(-49.437387,27.137463,0.));
#16500 = VECTOR('',#16501,1.);
#16501 = DIRECTION('',(0.,0.,1.));
#16502 = ORIENTED_EDGE('',*,*,#6818,.T.);
#16503 = ORIENTED_EDGE('',*,*,#16463,.F.);
#16504 = ORIENTED_EDGE('',*,*,#1479,.F.);
#16505 = PLANE('',#16506);
#16506 = AXIS2_PLACEMENT_3D('',#16507,#16508,#16509);
#16507 = CARTESIAN_POINT('',(-49.437387,27.137463,0.));
#16508 = DIRECTION('',(-0.578276674017,0.815840724828,0.));
#16509 = DIRECTION('',(0.815840724828,0.578276674017,0.));
#16510 = ADVANCED_FACE('',(#16511),#16522,.T.);
#16511 = FACE_BOUND('',#16512,.T.);
#16512 = EDGE_LOOP('',(#16513,#16514,#16515,#16521));
#16513 = ORIENTED_EDGE('',*,*,#16482,.T.);
#16514 = ORIENTED_EDGE('',*,*,#7883,.T.);
#16515 = ORIENTED_EDGE('',*,*,#16516,.F.);
#16516 = EDGE_CURVE('',#2536,#7875,#16517,.T.);
#16517 = LINE('',#16518,#16519);
#16518 = CARTESIAN_POINT('',(51.149482,-143.823444,0.));
#16519 = VECTOR('',#16520,1.);
#16520 = DIRECTION('',(0.,0.,1.));
#16521 = ORIENTED_EDGE('',*,*,#2544,.F.);
#16522 = PLANE('',#16523);
#16523 = AXIS2_PLACEMENT_3D('',#16524,#16525,#16526);
#16524 = CARTESIAN_POINT('',(51.308712,-143.748655,0.));
#16525 = DIRECTION('',(0.425132520055,-0.90513111779,0.));
#16526 = DIRECTION('',(-0.90513111779,-0.425132520055,0.));
#16527 = ADVANCED_FACE('',(#16528),#16539,.T.);
#16528 = FACE_BOUND('',#16529,.T.);
#16529 = EDGE_LOOP('',(#16530,#16536,#16537,#16538));
#16530 = ORIENTED_EDGE('',*,*,#16531,.T.);
#16531 = EDGE_CURVE('',#1488,#6827,#16532,.T.);
#16532 = LINE('',#16533,#16534);
#16533 = CARTESIAN_POINT('',(-49.936607,26.771201,0.));
#16534 = VECTOR('',#16535,1.);
#16535 = DIRECTION('',(0.,0.,1.));
#16536 = ORIENTED_EDGE('',*,*,#6826,.T.);
#16537 = ORIENTED_EDGE('',*,*,#16497,.F.);
#16538 = ORIENTED_EDGE('',*,*,#1487,.F.);
#16539 = PLANE('',#16540);
#16540 = AXIS2_PLACEMENT_3D('',#16541,#16542,#16543);
#16541 = CARTESIAN_POINT('',(-49.936607,26.771201,0.));
#16542 = DIRECTION('',(-0.591539393658,0.806276097717,0.));
#16543 = DIRECTION('',(0.806276097717,0.591539393658,0.));
#16544 = ADVANCED_FACE('',(#16545),#16556,.T.);
#16545 = FACE_BOUND('',#16546,.T.);
#16546 = EDGE_LOOP('',(#16547,#16548,#16549,#16555));
#16547 = ORIENTED_EDGE('',*,*,#16516,.T.);
#16548 = ORIENTED_EDGE('',*,*,#7874,.T.);
#16549 = ORIENTED_EDGE('',*,*,#16550,.F.);
#16550 = EDGE_CURVE('',#2528,#7867,#16551,.T.);
#16551 = LINE('',#16552,#16553);
#16552 = CARTESIAN_POINT('',(38.711421,-143.823444,0.));
#16553 = VECTOR('',#16554,1.);
#16554 = DIRECTION('',(0.,0.,1.));
#16555 = ORIENTED_EDGE('',*,*,#2535,.F.);
#16556 = CYLINDRICAL_SURFACE('',#16557,14.900009385038);
#16557 = AXIS2_PLACEMENT_3D('',#16558,#16559,#16560);
#16558 = CARTESIAN_POINT('',(44.9304515,-130.2833576149,0.));
#16559 = DIRECTION('',(-0.,0.,-1.));
#16560 = DIRECTION('',(0.417384334418,-0.908730057488,-0.));
#16561 = ADVANCED_FACE('',(#16562),#16573,.T.);
#16562 = FACE_BOUND('',#16563,.T.);
#16563 = EDGE_LOOP('',(#16564,#16570,#16571,#16572));
#16564 = ORIENTED_EDGE('',*,*,#16565,.T.);
#16565 = EDGE_CURVE('',#1496,#6835,#16566,.T.);
#16566 = LINE('',#16567,#16568);
#16567 = CARTESIAN_POINT('',(-50.433034,26.394329,0.));
#16568 = VECTOR('',#16569,1.);
#16569 = DIRECTION('',(0.,0.,1.));
#16570 = ORIENTED_EDGE('',*,*,#6834,.T.);
#16571 = ORIENTED_EDGE('',*,*,#16531,.F.);
#16572 = ORIENTED_EDGE('',*,*,#1495,.F.);
#16573 = PLANE('',#16574);
#16574 = AXIS2_PLACEMENT_3D('',#16575,#16576,#16577);
#16575 = CARTESIAN_POINT('',(-50.433034,26.394329,0.));
#16576 = DIRECTION('',(-0.604663648621,0.796480930114,0.));
#16577 = DIRECTION('',(0.796480930114,0.604663648621,0.));
#16578 = ADVANCED_FACE('',(#16579),#16590,.T.);
#16579 = FACE_BOUND('',#16580,.T.);
#16580 = EDGE_LOOP('',(#16581,#16582,#16583,#16589));
#16581 = ORIENTED_EDGE('',*,*,#16550,.T.);
#16582 = ORIENTED_EDGE('',*,*,#7866,.T.);
#16583 = ORIENTED_EDGE('',*,*,#16584,.F.);
#16584 = EDGE_CURVE('',#2520,#7859,#16585,.T.);
#16585 = LINE('',#16586,#16587);
#16586 = CARTESIAN_POINT('',(38.552193,-143.748656,0.));
#16587 = VECTOR('',#16588,1.);
#16588 = DIRECTION('',(0.,0.,1.));
#16589 = ORIENTED_EDGE('',*,*,#2527,.F.);
#16590 = PLANE('',#16591);
#16591 = AXIS2_PLACEMENT_3D('',#16592,#16593,#16594);
#16592 = CARTESIAN_POINT('',(38.711421,-143.823444,0.));
#16593 = DIRECTION('',(-0.425132237757,-0.905131250383,0.));
#16594 = DIRECTION('',(-0.905131250383,0.425132237757,0.));
#16595 = ADVANCED_FACE('',(#16596),#16607,.T.);
#16596 = FACE_BOUND('',#16597,.T.);
#16597 = EDGE_LOOP('',(#16598,#16604,#16605,#16606));
#16598 = ORIENTED_EDGE('',*,*,#16599,.T.);
#16599 = EDGE_CURVE('',#1504,#6843,#16600,.T.);
#16600 = LINE('',#16601,#16602);
#16601 = CARTESIAN_POINT('',(-51.20732,25.780092,0.));
#16602 = VECTOR('',#16603,1.);
#16603 = DIRECTION('',(0.,0.,1.));
#16604 = ORIENTED_EDGE('',*,*,#6842,.T.);
#16605 = ORIENTED_EDGE('',*,*,#16565,.F.);
#16606 = ORIENTED_EDGE('',*,*,#1503,.F.);
#16607 = PLANE('',#16608);
#16608 = AXIS2_PLACEMENT_3D('',#16609,#16610,#16611);
#16609 = CARTESIAN_POINT('',(-51.20732,25.780092,0.));
#16610 = DIRECTION('',(-0.621486695839,0.783424716802,0.));
#16611 = DIRECTION('',(0.783424716802,0.621486695839,0.));
#16612 = ADVANCED_FACE('',(#16613),#16624,.T.);
#16613 = FACE_BOUND('',#16614,.T.);
#16614 = EDGE_LOOP('',(#16615,#16616,#16617,#16623));
#16615 = ORIENTED_EDGE('',*,*,#16584,.T.);
#16616 = ORIENTED_EDGE('',*,*,#7858,.T.);
#16617 = ORIENTED_EDGE('',*,*,#16618,.F.);
#16618 = EDGE_CURVE('',#2512,#7851,#16619,.T.);
#16619 = LINE('',#16620,#16621);
#16620 = CARTESIAN_POINT('',(37.271456,-143.140569,0.));
#16621 = VECTOR('',#16622,1.);
#16622 = DIRECTION('',(0.,0.,1.));
#16623 = ORIENTED_EDGE('',*,*,#2519,.F.);
#16624 = PLANE('',#16625);
#16625 = AXIS2_PLACEMENT_3D('',#16626,#16627,#16628);
#16626 = CARTESIAN_POINT('',(38.552193,-143.748656,0.));
#16627 = DIRECTION('',(-0.428905411365,-0.903349405325,0.));
#16628 = DIRECTION('',(-0.903349405325,0.428905411365,0.));
#16629 = ADVANCED_FACE('',(#16630),#16641,.T.);
#16630 = FACE_BOUND('',#16631,.T.);
#16631 = EDGE_LOOP('',(#16632,#16638,#16639,#16640));
#16632 = ORIENTED_EDGE('',*,*,#16633,.T.);
#16633 = EDGE_CURVE('',#1512,#6851,#16634,.T.);
#16634 = LINE('',#16635,#16636);
#16635 = CARTESIAN_POINT('',(-52.146031,24.989392,0.));
#16636 = VECTOR('',#16637,1.);
#16637 = DIRECTION('',(0.,0.,1.));
#16638 = ORIENTED_EDGE('',*,*,#6850,.T.);
#16639 = ORIENTED_EDGE('',*,*,#16599,.F.);
#16640 = ORIENTED_EDGE('',*,*,#1511,.F.);
#16641 = PLANE('',#16642);
#16642 = AXIS2_PLACEMENT_3D('',#16643,#16644,#16645);
#16643 = CARTESIAN_POINT('',(-52.146031,24.989392,0.));
#16644 = DIRECTION('',(-0.644234193564,0.764828283893,0.));
#16645 = DIRECTION('',(0.764828283893,0.644234193564,0.));
#16646 = ADVANCED_FACE('',(#16647),#16658,.T.);
#16647 = FACE_BOUND('',#16648,.T.);
#16648 = EDGE_LOOP('',(#16649,#16650,#16651,#16657));
#16649 = ORIENTED_EDGE('',*,*,#16618,.T.);
#16650 = ORIENTED_EDGE('',*,*,#7850,.T.);
#16651 = ORIENTED_EDGE('',*,*,#16652,.F.);
#16652 = EDGE_CURVE('',#2504,#7843,#16653,.T.);
#16653 = LINE('',#16654,#16655);
#16654 = CARTESIAN_POINT('',(35.961584,-142.507174,0.));
#16655 = VECTOR('',#16656,1.);
#16656 = DIRECTION('',(0.,0.,1.));
#16657 = ORIENTED_EDGE('',*,*,#2511,.F.);
#16658 = PLANE('',#16659);
#16659 = AXIS2_PLACEMENT_3D('',#16660,#16661,#16662);
#16660 = CARTESIAN_POINT('',(37.271456,-143.140569,0.));
#16661 = DIRECTION('',(-0.43533033618,-0.900270791707,0.));
#16662 = DIRECTION('',(-0.900270791707,0.43533033618,0.));
#16663 = ADVANCED_FACE('',(#16664),#16675,.T.);
#16664 = FACE_BOUND('',#16665,.T.);
#16665 = EDGE_LOOP('',(#16666,#16672,#16673,#16674));
#16666 = ORIENTED_EDGE('',*,*,#16667,.T.);
#16667 = EDGE_CURVE('',#1520,#6859,#16668,.T.);
#16668 = LINE('',#16669,#16670);
#16669 = CARTESIAN_POINT('',(-53.077758,24.152042,0.));
#16670 = VECTOR('',#16671,1.);
#16671 = DIRECTION('',(0.,0.,1.));
#16672 = ORIENTED_EDGE('',*,*,#6858,.T.);
#16673 = ORIENTED_EDGE('',*,*,#16633,.F.);
#16674 = ORIENTED_EDGE('',*,*,#1519,.F.);
#16675 = PLANE('',#16676);
#16676 = AXIS2_PLACEMENT_3D('',#16677,#16678,#16679);
#16677 = CARTESIAN_POINT('',(-53.077758,24.152042,0.));
#16678 = DIRECTION('',(-0.66843342299,0.743771980536,0.));
#16679 = DIRECTION('',(0.743771980536,0.66843342299,0.));
#16680 = ADVANCED_FACE('',(#16681),#16692,.T.);
#16681 = FACE_BOUND('',#16682,.T.);
#16682 = EDGE_LOOP('',(#16683,#16684,#16685,#16691));
#16683 = ORIENTED_EDGE('',*,*,#16652,.T.);
#16684 = ORIENTED_EDGE('',*,*,#7842,.T.);
#16685 = ORIENTED_EDGE('',*,*,#16686,.F.);
#16686 = EDGE_CURVE('',#2496,#7835,#16687,.T.);
#16687 = LINE('',#16688,#16689);
#16688 = CARTESIAN_POINT('',(34.592344,-141.833438,0.));
#16689 = VECTOR('',#16690,1.);
#16690 = DIRECTION('',(0.,0.,1.));
#16691 = ORIENTED_EDGE('',*,*,#2503,.F.);
#16692 = PLANE('',#16693);
#16693 = AXIS2_PLACEMENT_3D('',#16694,#16695,#16696);
#16694 = CARTESIAN_POINT('',(35.961584,-142.507174,0.));
#16695 = DIRECTION('',(-0.441498674263,-0.897261901913,0.));
#16696 = DIRECTION('',(-0.897261901913,0.441498674263,0.));
#16697 = ADVANCED_FACE('',(#16698),#16709,.T.);
#16698 = FACE_BOUND('',#16699,.T.);
#16699 = EDGE_LOOP('',(#16700,#16706,#16707,#16708));
#16700 = ORIENTED_EDGE('',*,*,#16701,.T.);
#16701 = EDGE_CURVE('',#1528,#6867,#16702,.T.);
#16702 = LINE('',#16703,#16704);
#16703 = CARTESIAN_POINT('',(-54.000885,23.26839,0.));
#16704 = VECTOR('',#16705,1.);
#16705 = DIRECTION('',(0.,0.,1.));
#16706 = ORIENTED_EDGE('',*,*,#6866,.T.);
#16707 = ORIENTED_EDGE('',*,*,#16667,.F.);
#16708 = ORIENTED_EDGE('',*,*,#1527,.F.);
#16709 = PLANE('',#16710);
#16710 = AXIS2_PLACEMENT_3D('',#16711,#16712,#16713);
#16711 = CARTESIAN_POINT('',(-54.000885,23.26839,0.));
#16712 = DIRECTION('',(-0.691492698225,0.722383449632,0.));
#16713 = DIRECTION('',(0.722383449632,0.691492698225,0.));
#16714 = ADVANCED_FACE('',(#16715),#16726,.T.);
#16715 = FACE_BOUND('',#16716,.T.);
#16716 = EDGE_LOOP('',(#16717,#16718,#16719,#16725));
#16717 = ORIENTED_EDGE('',*,*,#16686,.T.);
#16718 = ORIENTED_EDGE('',*,*,#7834,.T.);
#16719 = ORIENTED_EDGE('',*,*,#16720,.F.);
#16720 = EDGE_CURVE('',#2488,#7827,#16721,.T.);
#16721 = LINE('',#16722,#16723);
#16722 = CARTESIAN_POINT('',(33.193004,-141.133358,0.));
#16723 = VECTOR('',#16724,1.);
#16724 = DIRECTION('',(0.,0.,1.));
#16725 = ORIENTED_EDGE('',*,*,#2495,.F.);
#16726 = PLANE('',#16727);
#16727 = AXIS2_PLACEMENT_3D('',#16728,#16729,#16730);
#16728 = CARTESIAN_POINT('',(34.592344,-141.833438,0.));
#16729 = DIRECTION('',(-0.447423208993,-0.894322353548,0.));
#16730 = DIRECTION('',(-0.894322353548,0.447423208993,0.));
#16731 = ADVANCED_FACE('',(#16732),#16743,.T.);
#16732 = FACE_BOUND('',#16733,.T.);
#16733 = EDGE_LOOP('',(#16734,#16740,#16741,#16742));
#16734 = ORIENTED_EDGE('',*,*,#16735,.T.);
#16735 = EDGE_CURVE('',#1536,#6875,#16736,.T.);
#16736 = LINE('',#16737,#16738);
#16737 = CARTESIAN_POINT('',(-54.913764,22.338904,0.));
#16738 = VECTOR('',#16739,1.);
#16739 = DIRECTION('',(0.,0.,1.));
#16740 = ORIENTED_EDGE('',*,*,#6874,.T.);
#16741 = ORIENTED_EDGE('',*,*,#16701,.F.);
#16742 = ORIENTED_EDGE('',*,*,#1535,.F.);
#16743 = PLANE('',#16744);
#16744 = AXIS2_PLACEMENT_3D('',#16745,#16746,#16747);
#16745 = CARTESIAN_POINT('',(-54.913764,22.338904,0.));
#16746 = DIRECTION('',(-0.713451627839,0.700704484597,0.));
#16747 = DIRECTION('',(0.700704484597,0.713451627839,0.));
#16748 = ADVANCED_FACE('',(#16749),#16760,.T.);
#16749 = FACE_BOUND('',#16750,.T.);
#16750 = EDGE_LOOP('',(#16751,#16752,#16753,#16759));
#16751 = ORIENTED_EDGE('',*,*,#16720,.T.);
#16752 = ORIENTED_EDGE('',*,*,#7826,.T.);
#16753 = ORIENTED_EDGE('',*,*,#16754,.F.);
#16754 = EDGE_CURVE('',#2480,#7819,#16755,.T.);
#16755 = LINE('',#16756,#16757);
#16756 = CARTESIAN_POINT('',(31.733209,-140.391352,0.));
#16757 = VECTOR('',#16758,1.);
#16758 = DIRECTION('',(0.,0.,1.));
#16759 = ORIENTED_EDGE('',*,*,#2487,.F.);
#16760 = PLANE('',#16761);
#16761 = AXIS2_PLACEMENT_3D('',#16762,#16763,#16764);
#16762 = CARTESIAN_POINT('',(33.193004,-141.133358,0.));
#16763 = DIRECTION('',(-0.453119232424,-0.891449920751,0.));
#16764 = DIRECTION('',(-0.891449920751,0.453119232424,0.));
#16765 = ADVANCED_FACE('',(#16766),#16777,.T.);
#16766 = FACE_BOUND('',#16767,.T.);
#16767 = EDGE_LOOP('',(#16768,#16774,#16775,#16776));
#16768 = ORIENTED_EDGE('',*,*,#16769,.T.);
#16769 = EDGE_CURVE('',#1544,#6883,#16770,.T.);
#16770 = LINE('',#16771,#16772);
#16771 = CARTESIAN_POINT('',(-55.814727,21.364172,0.));
#16772 = VECTOR('',#16773,1.);
#16773 = DIRECTION('',(0.,0.,1.));
#16774 = ORIENTED_EDGE('',*,*,#6882,.T.);
#16775 = ORIENTED_EDGE('',*,*,#16735,.F.);
#16776 = ORIENTED_EDGE('',*,*,#1543,.F.);
#16777 = PLANE('',#16778);
#16778 = AXIS2_PLACEMENT_3D('',#16779,#16780,#16781);
#16779 = CARTESIAN_POINT('',(-55.814727,21.364172,0.));
#16780 = DIRECTION('',(-0.734348793351,0.678772310649,0.));
#16781 = DIRECTION('',(0.678772310649,0.734348793351,0.));
#16782 = ADVANCED_FACE('',(#16783),#16794,.T.);
#16783 = FACE_BOUND('',#16784,.T.);
#16784 = EDGE_LOOP('',(#16785,#16786,#16787,#16793));
#16785 = ORIENTED_EDGE('',*,*,#16754,.T.);
#16786 = ORIENTED_EDGE('',*,*,#7818,.T.);
#16787 = ORIENTED_EDGE('',*,*,#16788,.F.);
#16788 = EDGE_CURVE('',#2472,#7811,#16789,.T.);
#16789 = LINE('',#16790,#16791);
#16790 = CARTESIAN_POINT('',(30.242412,-139.621998,0.));
#16791 = VECTOR('',#16792,1.);
#16792 = DIRECTION('',(0.,0.,1.));
#16793 = ORIENTED_EDGE('',*,*,#2479,.F.);
#16794 = PLANE('',#16795);
#16795 = AXIS2_PLACEMENT_3D('',#16796,#16797,#16798);
#16796 = CARTESIAN_POINT('',(31.733209,-140.391352,0.));
#16797 = DIRECTION('',(-0.458600738737,-0.888642426643,0.));
#16798 = DIRECTION('',(-0.888642426643,0.458600738737,0.));
#16799 = ADVANCED_FACE('',(#16800),#16811,.T.);
#16800 = FACE_BOUND('',#16801,.T.);
#16801 = EDGE_LOOP('',(#16802,#16808,#16809,#16810));
#16802 = ORIENTED_EDGE('',*,*,#16803,.T.);
#16803 = EDGE_CURVE('',#1552,#6891,#16804,.T.);
#16804 = LINE('',#16805,#16806);
#16805 = CARTESIAN_POINT('',(-56.702103,20.344896,0.));
#16806 = VECTOR('',#16807,1.);
#16807 = DIRECTION('',(0.,0.,1.));
#16808 = ORIENTED_EDGE('',*,*,#6890,.T.);
#16809 = ORIENTED_EDGE('',*,*,#16769,.F.);
#16810 = ORIENTED_EDGE('',*,*,#1551,.F.);
#16811 = PLANE('',#16812);
#16812 = AXIS2_PLACEMENT_3D('',#16813,#16814,#16815);
#16813 = CARTESIAN_POINT('',(-56.702103,20.344896,0.));
#16814 = DIRECTION('',(-0.754221028935,0.656620620688,0.));
#16815 = DIRECTION('',(0.656620620688,0.754221028935,0.));
#16816 = ADVANCED_FACE('',(#16817),#16828,.T.);
#16817 = FACE_BOUND('',#16818,.T.);
#16818 = EDGE_LOOP('',(#16819,#16820,#16821,#16827));
#16819 = ORIENTED_EDGE('',*,*,#16788,.T.);
#16820 = ORIENTED_EDGE('',*,*,#7810,.T.);
#16821 = ORIENTED_EDGE('',*,*,#16822,.F.);
#16822 = EDGE_CURVE('',#2464,#7803,#16823,.T.);
#16823 = LINE('',#16824,#16825);
#16824 = CARTESIAN_POINT('',(28.690314,-138.80928,0.));
#16825 = VECTOR('',#16826,1.);
#16826 = DIRECTION('',(0.,0.,1.));
#16827 = ORIENTED_EDGE('',*,*,#2471,.F.);
#16828 = PLANE('',#16829);
#16829 = AXIS2_PLACEMENT_3D('',#16830,#16831,#16832);
#16830 = CARTESIAN_POINT('',(30.242412,-139.621998,0.));
#16831 = DIRECTION('',(-0.463879022506,-0.88589855654,0.));
#16832 = DIRECTION('',(-0.88589855654,0.463879022506,0.));
#16833 = ADVANCED_FACE('',(#16834),#16845,.T.);
#16834 = FACE_BOUND('',#16835,.T.);
#16835 = EDGE_LOOP('',(#16836,#16842,#16843,#16844));
#16836 = ORIENTED_EDGE('',*,*,#16837,.T.);
#16837 = EDGE_CURVE('',#1560,#6899,#16838,.T.);
#16838 = LINE('',#16839,#16840);
#16839 = CARTESIAN_POINT('',(-57.57422,19.281891,0.));
#16840 = VECTOR('',#16841,1.);
#16841 = DIRECTION('',(0.,0.,1.));
#16842 = ORIENTED_EDGE('',*,*,#6898,.T.);
#16843 = ORIENTED_EDGE('',*,*,#16803,.F.);
#16844 = ORIENTED_EDGE('',*,*,#1559,.F.);
#16845 = PLANE('',#16846);
#16846 = AXIS2_PLACEMENT_3D('',#16847,#16848,#16849);
#16847 = CARTESIAN_POINT('',(-57.57422,19.281891,0.));
#16848 = DIRECTION('',(-0.773106262673,0.634276522202,0.));
#16849 = DIRECTION('',(0.634276522202,0.773106262673,0.));
#16850 = ADVANCED_FACE('',(#16851),#16862,.T.);
#16851 = FACE_BOUND('',#16852,.T.);
#16852 = EDGE_LOOP('',(#16853,#16854,#16855,#16861));
#16853 = ORIENTED_EDGE('',*,*,#16822,.T.);
#16854 = ORIENTED_EDGE('',*,*,#7802,.T.);
#16855 = ORIENTED_EDGE('',*,*,#16856,.F.);
#16856 = EDGE_CURVE('',#2456,#7795,#16857,.T.);
#16857 = LINE('',#16858,#16859);
#16858 = CARTESIAN_POINT('',(27.106376,-137.968247,0.));
#16859 = VECTOR('',#16860,1.);
#16860 = DIRECTION('',(0.,0.,1.));
#16861 = ORIENTED_EDGE('',*,*,#2463,.F.);
#16862 = PLANE('',#16863);
#16863 = AXIS2_PLACEMENT_3D('',#16864,#16865,#16866);
#16864 = CARTESIAN_POINT('',(28.690314,-138.80928,0.));
#16865 = DIRECTION('',(-0.46896645252,-0.883215979481,0.));
#16866 = DIRECTION('',(-0.883215979481,0.46896645252,0.));
#16867 = ADVANCED_FACE('',(#16868),#16879,.T.);
#16868 = FACE_BOUND('',#16869,.T.);
#16869 = EDGE_LOOP('',(#16870,#16876,#16877,#16878));
#16870 = ORIENTED_EDGE('',*,*,#16871,.T.);
#16871 = EDGE_CURVE('',#1568,#6907,#16872,.T.);
#16872 = LINE('',#16873,#16874);
#16873 = CARTESIAN_POINT('',(-58.429423,18.176077,0.));
#16874 = VECTOR('',#16875,1.);
#16875 = DIRECTION('',(0.,0.,1.));
#16876 = ORIENTED_EDGE('',*,*,#6906,.T.);
#16877 = ORIENTED_EDGE('',*,*,#16837,.F.);
#16878 = ORIENTED_EDGE('',*,*,#1567,.F.);
#16879 = PLANE('',#16880);
#16880 = AXIS2_PLACEMENT_3D('',#16881,#16882,#16883);
#16881 = CARTESIAN_POINT('',(-58.429423,18.176077,0.));
#16882 = DIRECTION('',(-0.791039076968,0.611765624002,0.));
#16883 = DIRECTION('',(0.611765624002,0.791039076968,0.));
#16884 = ADVANCED_FACE('',(#16885),#16896,.T.);
#16885 = FACE_BOUND('',#16886,.T.);
#16886 = EDGE_LOOP('',(#16887,#16888,#16889,#16895));
#16887 = ORIENTED_EDGE('',*,*,#16856,.T.);
#16888 = ORIENTED_EDGE('',*,*,#7794,.T.);
#16889 = ORIENTED_EDGE('',*,*,#16890,.F.);
#16890 = EDGE_CURVE('',#2448,#7787,#16891,.T.);
#16891 = LINE('',#16892,#16893);
#16892 = CARTESIAN_POINT('',(25.460546,-137.082578,0.));
#16893 = VECTOR('',#16894,1.);
#16894 = DIRECTION('',(0.,0.,1.));
#16895 = ORIENTED_EDGE('',*,*,#2455,.F.);
#16896 = PLANE('',#16897);
#16897 = AXIS2_PLACEMENT_3D('',#16898,#16899,#16900);
#16898 = CARTESIAN_POINT('',(27.106376,-137.968247,0.));
#16899 = DIRECTION('',(-0.473872857353,-0.880593274483,0.));
#16900 = DIRECTION('',(-0.880593274483,0.473872857353,0.));
#16901 = ADVANCED_FACE('',(#16902),#16913,.T.);
#16902 = FACE_BOUND('',#16903,.T.);
#16903 = EDGE_LOOP('',(#16904,#16910,#16911,#16912));
#16904 = ORIENTED_EDGE('',*,*,#16905,.T.);
#16905 = EDGE_CURVE('',#1576,#6915,#16906,.T.);
#16906 = LINE('',#16907,#16908);
#16907 = CARTESIAN_POINT('',(-58.850344,17.607194,0.));
#16908 = VECTOR('',#16909,1.);
#16909 = DIRECTION('',(0.,0.,1.));
#16910 = ORIENTED_EDGE('',*,*,#6914,.T.);
#16911 = ORIENTED_EDGE('',*,*,#16871,.F.);
#16912 = ORIENTED_EDGE('',*,*,#1575,.F.);
#16913 = PLANE('',#16914);
#16914 = AXIS2_PLACEMENT_3D('',#16915,#16916,#16917);
#16915 = CARTESIAN_POINT('',(-58.850344,17.607194,0.));
#16916 = DIRECTION('',(-0.803877316822,0.594795140783,0.));
#16917 = DIRECTION('',(0.594795140783,0.803877316822,0.));
#16918 = ADVANCED_FACE('',(#16919),#16930,.T.);
#16919 = FACE_BOUND('',#16920,.T.);
#16920 = EDGE_LOOP('',(#16921,#16922,#16923,#16929));
#16921 = ORIENTED_EDGE('',*,*,#16890,.T.);
#16922 = ORIENTED_EDGE('',*,*,#7786,.T.);
#16923 = ORIENTED_EDGE('',*,*,#16924,.F.);
#16924 = EDGE_CURVE('',#2440,#7779,#16925,.T.);
#16925 = LINE('',#16926,#16927);
#16926 = CARTESIAN_POINT('',(23.782113,-136.167671,0.));
#16927 = VECTOR('',#16928,1.);
#16928 = DIRECTION('',(0.,0.,1.));
#16929 = ORIENTED_EDGE('',*,*,#2447,.F.);
#16930 = PLANE('',#16931);
#16931 = AXIS2_PLACEMENT_3D('',#16932,#16933,#16934);
#16932 = CARTESIAN_POINT('',(25.460546,-137.082578,0.));
#16933 = DIRECTION('',(-0.478609439681,-0.878027906304,0.));
#16934 = DIRECTION('',(-0.878027906304,0.478609439681,0.));
#16935 = ADVANCED_FACE('',(#16936),#16947,.T.);
#16936 = FACE_BOUND('',#16937,.T.);
#16937 = EDGE_LOOP('',(#16938,#16944,#16945,#16946));
#16938 = ORIENTED_EDGE('',*,*,#16939,.T.);
#16939 = EDGE_CURVE('',#1584,#6923,#16940,.T.);
#16940 = LINE('',#16941,#16942);
#16941 = CARTESIAN_POINT('',(-59.266084,17.028468,0.));
#16942 = VECTOR('',#16943,1.);
#16943 = DIRECTION('',(0.,0.,1.));
#16944 = ORIENTED_EDGE('',*,*,#6922,.T.);
#16945 = ORIENTED_EDGE('',*,*,#16905,.F.);
#16946 = ORIENTED_EDGE('',*,*,#1583,.F.);
#16947 = PLANE('',#16948);
#16948 = AXIS2_PLACEMENT_3D('',#16949,#16950,#16951);
#16949 = CARTESIAN_POINT('',(-59.266084,17.028468,0.));
#16950 = DIRECTION('',(-0.812161206918,0.583433092974,0.));
#16951 = DIRECTION('',(0.583433092974,0.812161206918,0.));
#16952 = ADVANCED_FACE('',(#16953),#16964,.T.);
#16953 = FACE_BOUND('',#16954,.T.);
#16954 = EDGE_LOOP('',(#16955,#16956,#16957,#16963));
#16955 = ORIENTED_EDGE('',*,*,#16924,.T.);
#16956 = ORIENTED_EDGE('',*,*,#7778,.T.);
#16957 = ORIENTED_EDGE('',*,*,#16958,.F.);
#16958 = EDGE_CURVE('',#2432,#7771,#16959,.T.);
#16959 = LINE('',#16960,#16961);
#16960 = CARTESIAN_POINT('',(20.927763,-134.587975,0.));
#16961 = VECTOR('',#16962,1.);
#16962 = DIRECTION('',(0.,0.,1.));
#16963 = ORIENTED_EDGE('',*,*,#2439,.F.);
#16964 = PLANE('',#16965);
#16965 = AXIS2_PLACEMENT_3D('',#16966,#16967,#16968);
#16966 = CARTESIAN_POINT('',(23.782113,-136.167671,0.));
#16967 = DIRECTION('',(-0.484224232301,-0.874943936977,0.));
#16968 = DIRECTION('',(-0.874943936977,0.484224232301,0.));
#16969 = ADVANCED_FACE('',(#16970),#16981,.T.);
#16970 = FACE_BOUND('',#16971,.T.);
#16971 = EDGE_LOOP('',(#16972,#16978,#16979,#16980));
#16972 = ORIENTED_EDGE('',*,*,#16973,.T.);
#16973 = EDGE_CURVE('',#1592,#6931,#16974,.T.);
#16974 = LINE('',#16975,#16976);
#16975 = CARTESIAN_POINT('',(-59.677075,16.439167,0.));
#16976 = VECTOR('',#16977,1.);
#16977 = DIRECTION('',(0.,0.,1.));
#16978 = ORIENTED_EDGE('',*,*,#6930,.T.);
#16979 = ORIENTED_EDGE('',*,*,#16939,.F.);
#16980 = ORIENTED_EDGE('',*,*,#1591,.F.);
#16981 = PLANE('',#16982);
#16982 = AXIS2_PLACEMENT_3D('',#16983,#16984,#16985);
#16983 = CARTESIAN_POINT('',(-59.677075,16.439167,0.));
#16984 = DIRECTION('',(-0.820224413098,0.572041879724,0.));
#16985 = DIRECTION('',(0.572041879724,0.820224413098,0.));
#16986 = ADVANCED_FACE('',(#16987),#16998,.T.);
#16987 = FACE_BOUND('',#16988,.T.);
#16988 = EDGE_LOOP('',(#16989,#16990,#16991,#16997));
#16989 = ORIENTED_EDGE('',*,*,#16958,.T.);
#16990 = ORIENTED_EDGE('',*,*,#7770,.T.);
#16991 = ORIENTED_EDGE('',*,*,#16992,.F.);
#16992 = EDGE_CURVE('',#2424,#7763,#16993,.T.);
#16993 = LINE('',#16994,#16995);
#16994 = CARTESIAN_POINT('',(17.46271,-132.631265,0.));
#16995 = VECTOR('',#16996,1.);
#16996 = DIRECTION('',(0.,0.,1.));
#16997 = ORIENTED_EDGE('',*,*,#2431,.F.);
#16998 = PLANE('',#16999);
#16999 = AXIS2_PLACEMENT_3D('',#17000,#17001,#17002);
#17000 = CARTESIAN_POINT('',(20.927763,-134.587975,0.));
#17001 = DIRECTION('',(-0.491714743329,-0.870756344331,0.));
#17002 = DIRECTION('',(-0.870756344331,0.491714743329,0.));
#17003 = ADVANCED_FACE('',(#17004),#17015,.T.);
#17004 = FACE_BOUND('',#17005,.T.);
#17005 = EDGE_LOOP('',(#17006,#17012,#17013,#17014));
#17006 = ORIENTED_EDGE('',*,*,#17007,.T.);
#17007 = EDGE_CURVE('',#1600,#6939,#17008,.T.);
#17008 = LINE('',#17009,#17010);
#17009 = CARTESIAN_POINT('',(-60.082608,15.840168,0.));
#17010 = VECTOR('',#17011,1.);
#17011 = DIRECTION('',(0.,0.,1.));
#17012 = ORIENTED_EDGE('',*,*,#6938,.T.);
#17013 = ORIENTED_EDGE('',*,*,#16973,.F.);
#17014 = ORIENTED_EDGE('',*,*,#1599,.F.);
#17015 = PLANE('',#17016);
#17016 = AXIS2_PLACEMENT_3D('',#17017,#17018,#17019);
#17017 = CARTESIAN_POINT('',(-60.082608,15.840168,0.));
#17018 = DIRECTION('',(-0.82807304932,0.560620214575,0.));
#17019 = DIRECTION('',(0.560620214575,0.82807304932,0.));
#17020 = ADVANCED_FACE('',(#17021),#17032,.T.);
#17021 = FACE_BOUND('',#17022,.T.);
#17022 = EDGE_LOOP('',(#17023,#17024,#17025,#17031));
#17023 = ORIENTED_EDGE('',*,*,#16992,.T.);
#17024 = ORIENTED_EDGE('',*,*,#7762,.T.);
#17025 = ORIENTED_EDGE('',*,*,#17026,.F.);
#17026 = EDGE_CURVE('',#2416,#7755,#17027,.T.);
#17027 = LINE('',#17028,#17029);
#17028 = CARTESIAN_POINT('',(14.055075,-130.663431,0.));
#17029 = VECTOR('',#17030,1.);
#17030 = DIRECTION('',(0.,0.,1.));
#17031 = ORIENTED_EDGE('',*,*,#2423,.F.);
#17032 = PLANE('',#17033);
#17033 = AXIS2_PLACEMENT_3D('',#17034,#17035,#17036);
#17034 = CARTESIAN_POINT('',(17.46271,-132.631265,0.));
#17035 = DIRECTION('',(-0.500082910111,-0.865977530318,0.));
#17036 = DIRECTION('',(-0.865977530318,0.500082910111,0.));
#17037 = ADVANCED_FACE('',(#17038),#17049,.T.);
#17038 = FACE_BOUND('',#17039,.T.);
#17039 = EDGE_LOOP('',(#17040,#17046,#17047,#17048));
#17040 = ORIENTED_EDGE('',*,*,#17041,.T.);
#17041 = EDGE_CURVE('',#1608,#6947,#17042,.T.);
#17042 = LINE('',#17043,#17044);
#17043 = CARTESIAN_POINT('',(-60.482891,15.231035,0.));
#17044 = VECTOR('',#17045,1.);
#17045 = DIRECTION('',(0.,0.,1.));
#17046 = ORIENTED_EDGE('',*,*,#6946,.T.);
#17047 = ORIENTED_EDGE('',*,*,#17007,.F.);
#17048 = ORIENTED_EDGE('',*,*,#1607,.F.);
#17049 = PLANE('',#17050);
#17050 = AXIS2_PLACEMENT_3D('',#17051,#17052,#17053);
#17051 = CARTESIAN_POINT('',(-60.482891,15.231035,0.));
#17052 = DIRECTION('',(-0.835708250212,0.549173670643,0.));
#17053 = DIRECTION('',(0.549173670643,0.835708250212,0.));
#17054 = ADVANCED_FACE('',(#17055),#17066,.T.);
#17055 = FACE_BOUND('',#17056,.T.);
#17056 = EDGE_LOOP('',(#17057,#17058,#17059,#17065));
#17057 = ORIENTED_EDGE('',*,*,#17026,.T.);
#17058 = ORIENTED_EDGE('',*,*,#7754,.T.);
#17059 = ORIENTED_EDGE('',*,*,#17060,.F.);
#17060 = EDGE_CURVE('',#2408,#7747,#17061,.T.);
#17061 = LINE('',#17062,#17063);
#17062 = CARTESIAN_POINT('',(10.704601,-128.6846,0.));
#17063 = VECTOR('',#17064,1.);
#17064 = DIRECTION('',(0.,0.,1.));
#17065 = ORIENTED_EDGE('',*,*,#2415,.F.);
#17066 = PLANE('',#17067);
#17067 = AXIS2_PLACEMENT_3D('',#17068,#17069,#17070);
#17068 = CARTESIAN_POINT('',(14.055075,-130.663431,0.));
#17069 = DIRECTION('',(-0.508539859189,-0.861038449557,0.));
#17070 = DIRECTION('',(-0.861038449557,0.508539859189,0.));
#17071 = ADVANCED_FACE('',(#17072),#17083,.T.);
#17072 = FACE_BOUND('',#17073,.T.);
#17073 = EDGE_LOOP('',(#17074,#17080,#17081,#17082));
#17074 = ORIENTED_EDGE('',*,*,#17075,.T.);
#17075 = EDGE_CURVE('',#1616,#6955,#17076,.T.);
#17076 = LINE('',#17077,#17078);
#17077 = CARTESIAN_POINT('',(-60.877445,14.612358,0.));
#17078 = VECTOR('',#17079,1.);
#17079 = DIRECTION('',(0.,0.,1.));
#17080 = ORIENTED_EDGE('',*,*,#6954,.T.);
#17081 = ORIENTED_EDGE('',*,*,#17041,.F.);
#17082 = ORIENTED_EDGE('',*,*,#1615,.F.);
#17083 = PLANE('',#17084);
#17084 = AXIS2_PLACEMENT_3D('',#17085,#17086,#17087);
#17085 = CARTESIAN_POINT('',(-60.877445,14.612358,0.));
#17086 = DIRECTION('',(-0.843136123905,0.537700173485,0.));
#17087 = DIRECTION('',(0.537700173485,0.843136123905,0.));
#17088 = ADVANCED_FACE('',(#17089),#17100,.T.);
#17089 = FACE_BOUND('',#17090,.T.);
#17090 = EDGE_LOOP('',(#17091,#17092,#17093,#17099));
#17091 = ORIENTED_EDGE('',*,*,#17060,.T.);
#17092 = ORIENTED_EDGE('',*,*,#7746,.T.);
#17093 = ORIENTED_EDGE('',*,*,#17094,.F.);
#17094 = EDGE_CURVE('',#2400,#7739,#17095,.T.);
#17095 = LINE('',#17096,#17097);
#17096 = CARTESIAN_POINT('',(7.411484,-126.695221,0.));
#17097 = VECTOR('',#17098,1.);
#17098 = DIRECTION('',(0.,0.,1.));
#17099 = ORIENTED_EDGE('',*,*,#2407,.F.);
#17100 = PLANE('',#17101);
#17101 = AXIS2_PLACEMENT_3D('',#17102,#17103,#17104);
#17102 = CARTESIAN_POINT('',(10.704601,-128.6846,0.));
#17103 = DIRECTION('',(-0.517075172489,-0.855939989716,0.));
#17104 = DIRECTION('',(-0.855939989716,0.517075172489,0.));
#17105 = ADVANCED_FACE('',(#17106),#17117,.T.);
#17106 = FACE_BOUND('',#17107,.T.);
#17107 = EDGE_LOOP('',(#17108,#17114,#17115,#17116));
#17108 = ORIENTED_EDGE('',*,*,#17109,.T.);
#17109 = EDGE_CURVE('',#1624,#6963,#17110,.T.);
#17110 = LINE('',#17111,#17112);
#17111 = CARTESIAN_POINT('',(-60.928696,14.530615,0.));
#17112 = VECTOR('',#17113,1.);
#17113 = DIRECTION('',(0.,0.,1.));
#17114 = ORIENTED_EDGE('',*,*,#6962,.T.);
#17115 = ORIENTED_EDGE('',*,*,#17075,.F.);
#17116 = ORIENTED_EDGE('',*,*,#1623,.F.);
#17117 = PLANE('',#17118);
#17118 = AXIS2_PLACEMENT_3D('',#17119,#17120,#17121);
#17119 = CARTESIAN_POINT('',(-60.928696,14.530615,0.));
#17120 = DIRECTION('',(-0.847244549347,0.531203043668,0.));
#17121 = DIRECTION('',(0.531203043668,0.847244549347,0.));
#17122 = ADVANCED_FACE('',(#17123),#17134,.T.);
#17123 = FACE_BOUND('',#17124,.T.);
#17124 = EDGE_LOOP('',(#17125,#17126,#17127,#17133));
#17125 = ORIENTED_EDGE('',*,*,#17094,.T.);
#17126 = ORIENTED_EDGE('',*,*,#7738,.T.);
#17127 = ORIENTED_EDGE('',*,*,#17128,.F.);
#17128 = EDGE_CURVE('',#2392,#7731,#17129,.T.);
#17129 = LINE('',#17130,#17131);
#17130 = CARTESIAN_POINT('',(4.176118,-124.695905,0.));
#17131 = VECTOR('',#17132,1.);
#17132 = DIRECTION('',(0.,0.,1.));
#17133 = ORIENTED_EDGE('',*,*,#2399,.F.);
#17134 = PLANE('',#17135);
#17135 = AXIS2_PLACEMENT_3D('',#17136,#17137,#17138);
#17136 = CARTESIAN_POINT('',(7.411484,-126.695221,0.));
#17137 = DIRECTION('',(-0.5256835172,-0.85068022179,0.));
#17138 = DIRECTION('',(-0.85068022179,0.5256835172,0.));
#17139 = ADVANCED_FACE('',(#17140),#17151,.T.);
#17140 = FACE_BOUND('',#17141,.T.);
#17141 = EDGE_LOOP('',(#17142,#17148,#17149,#17150));
#17142 = ORIENTED_EDGE('',*,*,#17143,.T.);
#17143 = EDGE_CURVE('',#1632,#6971,#17144,.T.);
#17144 = LINE('',#17145,#17146);
#17145 = CARTESIAN_POINT('',(-61.700046,13.260323,0.));
#17146 = VECTOR('',#17147,1.);
#17147 = DIRECTION('',(0.,0.,1.));
#17148 = ORIENTED_EDGE('',*,*,#6970,.T.);
#17149 = ORIENTED_EDGE('',*,*,#17109,.F.);
#17150 = ORIENTED_EDGE('',*,*,#1631,.F.);
#17151 = PLANE('',#17152);
#17152 = AXIS2_PLACEMENT_3D('',#17153,#17154,#17155);
#17153 = CARTESIAN_POINT('',(-61.700046,13.260323,0.));
#17154 = DIRECTION('',(-0.854757279836,0.51902793043,0.));
#17155 = DIRECTION('',(0.51902793043,0.854757279836,0.));
#17156 = ADVANCED_FACE('',(#17157),#17168,.T.);
#17157 = FACE_BOUND('',#17158,.T.);
#17158 = EDGE_LOOP('',(#17159,#17160,#17161,#17167));
#17159 = ORIENTED_EDGE('',*,*,#17128,.T.);
#17160 = ORIENTED_EDGE('',*,*,#7730,.T.);
#17161 = ORIENTED_EDGE('',*,*,#17162,.F.);
#17162 = EDGE_CURVE('',#2384,#7723,#17163,.T.);
#17163 = LINE('',#17164,#17165);
#17164 = CARTESIAN_POINT('',(0.998961,-122.687345,0.));
#17165 = VECTOR('',#17166,1.);
#17166 = DIRECTION('',(0.,0.,1.));
#17167 = ORIENTED_EDGE('',*,*,#2391,.F.);
#17168 = PLANE('',#17169);
#17169 = AXIS2_PLACEMENT_3D('',#17170,#17171,#17172);
#17170 = CARTESIAN_POINT('',(4.176118,-124.695905,0.));
#17171 = DIRECTION('',(-0.534360849727,-0.845256459472,0.));
#17172 = DIRECTION('',(-0.845256459472,0.534360849727,0.));
#17173 = ADVANCED_FACE('',(#17174),#17185,.T.);
#17174 = FACE_BOUND('',#17175,.T.);
#17175 = EDGE_LOOP('',(#17176,#17182,#17183,#17184));
#17176 = ORIENTED_EDGE('',*,*,#17177,.T.);
#17177 = EDGE_CURVE('',#1640,#6979,#17178,.T.);
#17178 = LINE('',#17179,#17180);
#17179 = CARTESIAN_POINT('',(-62.452919,11.943334,0.));
#17180 = VECTOR('',#17181,1.);
#17181 = DIRECTION('',(0.,0.,1.));
#17182 = ORIENTED_EDGE('',*,*,#6978,.T.);
#17183 = ORIENTED_EDGE('',*,*,#17143,.F.);
#17184 = ORIENTED_EDGE('',*,*,#1639,.F.);
#17185 = PLANE('',#17186);
#17186 = AXIS2_PLACEMENT_3D('',#17187,#17188,#17189);
#17187 = CARTESIAN_POINT('',(-62.452919,11.943334,0.));
#17188 = DIRECTION('',(-0.868155708931,0.496291915157,0.));
#17189 = DIRECTION('',(0.496291915157,0.868155708931,0.));
#17190 = ADVANCED_FACE('',(#17191),#17202,.T.);
#17191 = FACE_BOUND('',#17192,.T.);
#17192 = EDGE_LOOP('',(#17193,#17194,#17195,#17201));
#17193 = ORIENTED_EDGE('',*,*,#17162,.T.);
#17194 = ORIENTED_EDGE('',*,*,#7722,.T.);
#17195 = ORIENTED_EDGE('',*,*,#17196,.F.);
#17196 = EDGE_CURVE('',#2376,#7715,#17197,.T.);
#17197 = LINE('',#17198,#17199);
#17198 = CARTESIAN_POINT('',(0.306763,-122.243505,0.));
#17199 = VECTOR('',#17200,1.);
#17200 = DIRECTION('',(0.,0.,1.));
#17201 = ORIENTED_EDGE('',*,*,#2383,.F.);
#17202 = PLANE('',#17203);
#17203 = AXIS2_PLACEMENT_3D('',#17204,#17205,#17206);
#17204 = CARTESIAN_POINT('',(0.998961,-122.687345,0.));
#17205 = DIRECTION('',(-0.539772417994,-0.84181098637,0.));
#17206 = DIRECTION('',(-0.84181098637,0.539772417994,0.));
#17207 = ADVANCED_FACE('',(#17208),#17219,.T.);
#17208 = FACE_BOUND('',#17209,.T.);
#17209 = EDGE_LOOP('',(#17210,#17216,#17217,#17218));
#17210 = ORIENTED_EDGE('',*,*,#17211,.T.);
#17211 = EDGE_CURVE('',#1648,#6987,#17212,.T.);
#17212 = LINE('',#17213,#17214);
#17213 = CARTESIAN_POINT('',(-63.184917,10.582192,0.));
#17214 = VECTOR('',#17215,1.);
#17215 = DIRECTION('',(0.,0.,1.));
#17216 = ORIENTED_EDGE('',*,*,#6986,.T.);
#17217 = ORIENTED_EDGE('',*,*,#17177,.F.);
#17218 = ORIENTED_EDGE('',*,*,#1647,.F.);
#17219 = PLANE('',#17220);
#17220 = AXIS2_PLACEMENT_3D('',#17221,#17222,#17223);
#17221 = CARTESIAN_POINT('',(-63.184917,10.582192,0.));
#17222 = DIRECTION('',(-0.88072071356,0.473635962218,0.));
#17223 = DIRECTION('',(0.473635962218,0.88072071356,0.));
#17224 = ADVANCED_FACE('',(#17225),#17236,.T.);
#17225 = FACE_BOUND('',#17226,.T.);
#17226 = EDGE_LOOP('',(#17227,#17228,#17229,#17235));
#17227 = ORIENTED_EDGE('',*,*,#17196,.T.);
#17228 = ORIENTED_EDGE('',*,*,#7714,.T.);
#17229 = ORIENTED_EDGE('',*,*,#17230,.F.);
#17230 = EDGE_CURVE('',#2368,#7707,#17231,.T.);
#17231 = LINE('',#17232,#17233);
#17232 = CARTESIAN_POINT('',(-2.447417,-120.451465,0.));
#17233 = VECTOR('',#17234,1.);
#17234 = DIRECTION('',(0.,0.,1.));
#17235 = ORIENTED_EDGE('',*,*,#2375,.F.);
#17236 = PLANE('',#17237);
#17237 = AXIS2_PLACEMENT_3D('',#17238,#17239,#17240);
#17238 = CARTESIAN_POINT('',(0.306763,-122.243505,0.));
#17239 = DIRECTION('',(-0.545378309547,-0.838190013944,0.));
#17240 = DIRECTION('',(-0.838190013944,0.545378309547,0.));
#17241 = ADVANCED_FACE('',(#17242),#17253,.T.);
#17242 = FACE_BOUND('',#17243,.T.);
#17243 = EDGE_LOOP('',(#17244,#17250,#17251,#17252));
#17244 = ORIENTED_EDGE('',*,*,#17245,.T.);
#17245 = EDGE_CURVE('',#1656,#6995,#17246,.T.);
#17246 = LINE('',#17247,#17248);
#17247 = CARTESIAN_POINT('',(-63.893642,9.179789,0.));
#17248 = VECTOR('',#17249,1.);
#17249 = DIRECTION('',(0.,0.,1.));
#17250 = ORIENTED_EDGE('',*,*,#6994,.T.);
#17251 = ORIENTED_EDGE('',*,*,#17211,.F.);
#17252 = ORIENTED_EDGE('',*,*,#1655,.F.);
#17253 = PLANE('',#17254);
#17254 = AXIS2_PLACEMENT_3D('',#17255,#17256,#17257);
#17255 = CARTESIAN_POINT('',(-63.893642,9.179789,0.));
#17256 = DIRECTION('',(-0.892503775682,0.451039921064,0.));
#17257 = DIRECTION('',(0.451039921064,0.892503775682,0.));
#17258 = ADVANCED_FACE('',(#17259),#17270,.T.);
#17259 = FACE_BOUND('',#17260,.T.);
#17260 = EDGE_LOOP('',(#17261,#17262,#17263,#17269));
#17261 = ORIENTED_EDGE('',*,*,#17230,.T.);
#17262 = ORIENTED_EDGE('',*,*,#7706,.T.);
#17263 = ORIENTED_EDGE('',*,*,#17264,.F.);
#17264 = EDGE_CURVE('',#2360,#7699,#17265,.T.);
#17265 = LINE('',#17266,#17267);
#17266 = CARTESIAN_POINT('',(-5.026046,-118.730753,0.));
#17267 = VECTOR('',#17268,1.);
#17268 = DIRECTION('',(0.,0.,1.));
#17269 = ORIENTED_EDGE('',*,*,#2367,.F.);
#17270 = PLANE('',#17271);
#17271 = AXIS2_PLACEMENT_3D('',#17272,#17273,#17274);
#17272 = CARTESIAN_POINT('',(-2.447417,-120.451465,0.));
#17273 = DIRECTION('',(-0.555063266602,-0.831808132967,0.));
#17274 = DIRECTION('',(-0.831808132967,0.555063266602,0.));
#17275 = ADVANCED_FACE('',(#17276),#17287,.T.);
#17276 = FACE_BOUND('',#17277,.T.);
#17277 = EDGE_LOOP('',(#17278,#17284,#17285,#17286));
#17278 = ORIENTED_EDGE('',*,*,#17279,.T.);
#17279 = EDGE_CURVE('',#1664,#7003,#17280,.T.);
#17280 = LINE('',#17281,#17282);
#17281 = CARTESIAN_POINT('',(-64.576723,7.739343,0.));
#17282 = VECTOR('',#17283,1.);
#17283 = DIRECTION('',(0.,0.,1.));
#17284 = ORIENTED_EDGE('',*,*,#7002,.T.);
#17285 = ORIENTED_EDGE('',*,*,#17245,.F.);
#17286 = ORIENTED_EDGE('',*,*,#1663,.F.);
#17287 = PLANE('',#17288);
#17288 = AXIS2_PLACEMENT_3D('',#17289,#17290,#17291);
#17289 = CARTESIAN_POINT('',(-64.576723,7.739343,0.));
#17290 = DIRECTION('',(-0.903552233204,0.428477959611,0.));
#17291 = DIRECTION('',(0.428477959611,0.903552233204,0.));
#17292 = ADVANCED_FACE('',(#17293),#17304,.T.);
#17293 = FACE_BOUND('',#17294,.T.);
#17294 = EDGE_LOOP('',(#17295,#17296,#17297,#17303));
#17295 = ORIENTED_EDGE('',*,*,#17264,.T.);
#17296 = ORIENTED_EDGE('',*,*,#7698,.T.);
#17297 = ORIENTED_EDGE('',*,*,#17298,.F.);
#17298 = EDGE_CURVE('',#2352,#7691,#17299,.T.);
#17299 = LINE('',#17300,#17301);
#17300 = CARTESIAN_POINT('',(-7.469671,-117.055961,0.));
#17301 = VECTOR('',#17302,1.);
#17302 = DIRECTION('',(0.,0.,1.));
#17303 = ORIENTED_EDGE('',*,*,#2359,.F.);
#17304 = PLANE('',#17305);
#17305 = AXIS2_PLACEMENT_3D('',#17306,#17307,#17308);
#17306 = CARTESIAN_POINT('',(-5.026046,-118.730753,0.));
#17307 = DIRECTION('',(-0.56533626498,-0.824860538211,0.));
#17308 = DIRECTION('',(-0.824860538211,0.56533626498,0.));
#17309 = ADVANCED_FACE('',(#17310),#17321,.T.);
#17310 = FACE_BOUND('',#17311,.T.);
#17311 = EDGE_LOOP('',(#17312,#17318,#17319,#17320));
#17312 = ORIENTED_EDGE('',*,*,#17313,.T.);
#17313 = EDGE_CURVE('',#1672,#7011,#17314,.T.);
#17314 = LINE('',#17315,#17316);
#17315 = CARTESIAN_POINT('',(-65.231851,6.264371,0.));
#17316 = VECTOR('',#17317,1.);
#17317 = DIRECTION('',(0.,0.,1.));
#17318 = ORIENTED_EDGE('',*,*,#7010,.T.);
#17319 = ORIENTED_EDGE('',*,*,#17279,.F.);
#17320 = ORIENTED_EDGE('',*,*,#1671,.F.);
#17321 = PLANE('',#17322);
#17322 = AXIS2_PLACEMENT_3D('',#17323,#17324,#17325);
#17323 = CARTESIAN_POINT('',(-65.231851,6.264371,0.));
#17324 = DIRECTION('',(-0.913906981602,0.405923673834,0.));
#17325 = DIRECTION('',(0.405923673834,0.913906981602,0.));
#17326 = ADVANCED_FACE('',(#17327),#17338,.T.);
#17327 = FACE_BOUND('',#17328,.T.);
#17328 = EDGE_LOOP('',(#17329,#17330,#17331,#17337));
#17329 = ORIENTED_EDGE('',*,*,#17298,.T.);
#17330 = ORIENTED_EDGE('',*,*,#7690,.T.);
#17331 = ORIENTED_EDGE('',*,*,#17332,.F.);
#17332 = EDGE_CURVE('',#2344,#7683,#17333,.T.);
#17333 = LINE('',#17334,#17335);
#17334 = CARTESIAN_POINT('',(-9.804435,-115.410575,0.));
#17335 = VECTOR('',#17336,1.);
#17336 = DIRECTION('',(0.,0.,1.));
#17337 = ORIENTED_EDGE('',*,*,#2351,.F.);
#17338 = PLANE('',#17339);
#17339 = AXIS2_PLACEMENT_3D('',#17340,#17341,#17342);
#17340 = CARTESIAN_POINT('',(-7.469671,-117.055961,0.));
#17341 = DIRECTION('',(-0.576056154157,-0.817410121822,0.));
#17342 = DIRECTION('',(-0.817410121822,0.576056154157,0.));
#17343 = ADVANCED_FACE('',(#17344),#17355,.T.);
#17344 = FACE_BOUND('',#17345,.T.);
#17345 = EDGE_LOOP('',(#17346,#17352,#17353,#17354));
#17346 = ORIENTED_EDGE('',*,*,#17347,.T.);
#17347 = EDGE_CURVE('',#1680,#7019,#17348,.T.);
#17348 = LINE('',#17349,#17350);
#17349 = CARTESIAN_POINT('',(-65.856805,4.758654,0.));
#17350 = VECTOR('',#17351,1.);
#17351 = DIRECTION('',(0.,0.,1.));
#17352 = ORIENTED_EDGE('',*,*,#7018,.T.);
#17353 = ORIENTED_EDGE('',*,*,#17313,.F.);
#17354 = ORIENTED_EDGE('',*,*,#1679,.F.);
#17355 = PLANE('',#17356);
#17356 = AXIS2_PLACEMENT_3D('',#17357,#17358,#17359);
#17357 = CARTESIAN_POINT('',(-65.856805,4.758654,0.));
#17358 = DIRECTION('',(-0.923604825787,0.383345960958,0.));
#17359 = DIRECTION('',(0.383345960958,0.923604825787,0.));
#17360 = ADVANCED_FACE('',(#17361),#17372,.T.);
#17361 = FACE_BOUND('',#17362,.T.);
#17362 = EDGE_LOOP('',(#17363,#17364,#17365,#17371));
#17363 = ORIENTED_EDGE('',*,*,#17332,.T.);
#17364 = ORIENTED_EDGE('',*,*,#7682,.T.);
#17365 = ORIENTED_EDGE('',*,*,#17366,.F.);
#17366 = EDGE_CURVE('',#2336,#7675,#17367,.T.);
#17367 = LINE('',#17368,#17369);
#17368 = CARTESIAN_POINT('',(-12.048368,-113.783089,0.));
#17369 = VECTOR('',#17370,1.);
#17370 = DIRECTION('',(0.,0.,1.));
#17371 = ORIENTED_EDGE('',*,*,#2343,.F.);
#17372 = PLANE('',#17373);
#17373 = AXIS2_PLACEMENT_3D('',#17374,#17375,#17376);
#17374 = CARTESIAN_POINT('',(-9.804435,-115.410575,0.));
#17375 = DIRECTION('',(-0.587117613802,-0.809501641483,0.));
#17376 = DIRECTION('',(-0.809501641483,0.587117613802,0.));
#17377 = ADVANCED_FACE('',(#17378),#17389,.T.);
#17378 = FACE_BOUND('',#17379,.T.);
#17379 = EDGE_LOOP('',(#17380,#17386,#17387,#17388));
#17380 = ORIENTED_EDGE('',*,*,#17381,.T.);
#17381 = EDGE_CURVE('',#1688,#7027,#17382,.T.);
#17382 = LINE('',#17383,#17384);
#17383 = CARTESIAN_POINT('',(-66.449483,3.226189,0.));
#17384 = VECTOR('',#17385,1.);
#17385 = DIRECTION('',(0.,0.,1.));
#17386 = ORIENTED_EDGE('',*,*,#7026,.T.);
#17387 = ORIENTED_EDGE('',*,*,#17347,.F.);
#17388 = ORIENTED_EDGE('',*,*,#1687,.F.);
#17389 = PLANE('',#17390);
#17390 = AXIS2_PLACEMENT_3D('',#17391,#17392,#17393);
#17391 = CARTESIAN_POINT('',(-66.449483,3.226189,0.));
#17392 = DIRECTION('',(-0.932677519748,0.360711303063,0.));
#17393 = DIRECTION('',(0.360711303063,0.932677519748,0.));
#17394 = ADVANCED_FACE('',(#17395),#17406,.T.);
#17395 = FACE_BOUND('',#17396,.T.);
#17396 = EDGE_LOOP('',(#17397,#17398,#17399,#17405));
#17397 = ORIENTED_EDGE('',*,*,#17366,.T.);
#17398 = ORIENTED_EDGE('',*,*,#7674,.T.);
#17399 = ORIENTED_EDGE('',*,*,#17400,.F.);
#17400 = EDGE_CURVE('',#2328,#7667,#17401,.T.);
#17401 = LINE('',#17402,#17403);
#17402 = CARTESIAN_POINT('',(-14.214531,-112.165061,0.));
#17403 = VECTOR('',#17404,1.);
#17404 = DIRECTION('',(0.,0.,1.));
#17405 = ORIENTED_EDGE('',*,*,#2335,.F.);
#17406 = PLANE('',#17407);
#17407 = AXIS2_PLACEMENT_3D('',#17408,#17409,#17410);
#17408 = CARTESIAN_POINT('',(-12.048368,-113.783089,0.));
#17409 = DIRECTION('',(-0.598437945723,-0.801169161363,0.));
#17410 = DIRECTION('',(-0.801169161363,0.598437945723,0.));
#17411 = ADVANCED_FACE('',(#17412),#17423,.T.);
#17412 = FACE_BOUND('',#17413,.T.);
#17413 = EDGE_LOOP('',(#17414,#17420,#17421,#17422));
#17414 = ORIENTED_EDGE('',*,*,#17415,.T.);
#17415 = EDGE_CURVE('',#1696,#7035,#17416,.T.);
#17416 = LINE('',#17417,#17418);
#17417 = CARTESIAN_POINT('',(-66.733127,2.451154,0.));
#17418 = VECTOR('',#17419,1.);
#17419 = DIRECTION('',(0.,0.,1.));
#17420 = ORIENTED_EDGE('',*,*,#7034,.T.);
#17421 = ORIENTED_EDGE('',*,*,#17381,.F.);
#17422 = ORIENTED_EDGE('',*,*,#1695,.F.);
#17423 = PLANE('',#17424);
#17424 = AXIS2_PLACEMENT_3D('',#17425,#17426,#17427);
#17425 = CARTESIAN_POINT('',(-66.733127,2.451154,0.));
#17426 = DIRECTION('',(-0.939085857718,0.343682632431,0.));
#17427 = DIRECTION('',(0.343682632431,0.939085857718,0.));
#17428 = ADVANCED_FACE('',(#17429),#17440,.T.);
#17429 = FACE_BOUND('',#17430,.T.);
#17430 = EDGE_LOOP('',(#17431,#17432,#17433,#17439));
#17431 = ORIENTED_EDGE('',*,*,#17400,.T.);
#17432 = ORIENTED_EDGE('',*,*,#7666,.T.);
#17433 = ORIENTED_EDGE('',*,*,#17434,.F.);
#17434 = EDGE_CURVE('',#2320,#7659,#17435,.T.);
#17435 = LINE('',#17436,#17437);
#17436 = CARTESIAN_POINT('',(-16.312751,-110.550038,0.));
#17437 = VECTOR('',#17438,1.);
#17438 = DIRECTION('',(0.,0.,1.));
#17439 = ORIENTED_EDGE('',*,*,#2327,.F.);
#17440 = PLANE('',#17441);
#17441 = AXIS2_PLACEMENT_3D('',#17442,#17443,#17444);
#17442 = CARTESIAN_POINT('',(-14.214531,-112.165061,0.));
#17443 = DIRECTION('',(-0.609949813861,-0.79244004478,0.));
#17444 = DIRECTION('',(-0.79244004478,0.609949813861,0.));
#17445 = ADVANCED_FACE('',(#17446),#17457,.T.);
#17446 = FACE_BOUND('',#17447,.T.);
#17447 = EDGE_LOOP('',(#17448,#17454,#17455,#17456));
#17448 = ORIENTED_EDGE('',*,*,#17449,.T.);
#17449 = EDGE_CURVE('',#1704,#7043,#17450,.T.);
#17450 = LINE('',#17451,#17452);
#17451 = CARTESIAN_POINT('',(-67.007932,1.671148,0.));
#17452 = VECTOR('',#17453,1.);
#17453 = DIRECTION('',(0.,0.,1.));
#17454 = ORIENTED_EDGE('',*,*,#7042,.T.);
#17455 = ORIENTED_EDGE('',*,*,#17415,.F.);
#17456 = ORIENTED_EDGE('',*,*,#1703,.F.);
#17457 = PLANE('',#17458);
#17458 = AXIS2_PLACEMENT_3D('',#17459,#17460,#17461);
#17459 = CARTESIAN_POINT('',(-67.007932,1.671148,0.));
#17460 = DIRECTION('',(-0.943176609492,0.332291864641,0.));
#17461 = DIRECTION('',(0.332291864641,0.943176609492,0.));
#17462 = ADVANCED_FACE('',(#17463),#17474,.T.);
#17463 = FACE_BOUND('',#17464,.T.);
#17464 = EDGE_LOOP('',(#17465,#17466,#17467,#17473));
#17465 = ORIENTED_EDGE('',*,*,#17434,.T.);
#17466 = ORIENTED_EDGE('',*,*,#7658,.T.);
#17467 = ORIENTED_EDGE('',*,*,#17468,.F.);
#17468 = EDGE_CURVE('',#2312,#7651,#17469,.T.);
#17469 = LINE('',#17470,#17471);
#17470 = CARTESIAN_POINT('',(-18.350642,-108.932924,0.));
#17471 = VECTOR('',#17472,1.);
#17472 = DIRECTION('',(0.,0.,1.));
#17473 = ORIENTED_EDGE('',*,*,#2319,.F.);
#17474 = PLANE('',#17475);
#17475 = AXIS2_PLACEMENT_3D('',#17476,#17477,#17478);
#17476 = CARTESIAN_POINT('',(-16.312751,-110.550038,0.));
#17477 = DIRECTION('',(-0.621596584965,-0.783337529779,0.));
#17478 = DIRECTION('',(-0.783337529779,0.621596584965,0.));
#17479 = ADVANCED_FACE('',(#17480),#17491,.T.);
#17480 = FACE_BOUND('',#17481,.T.);
#17481 = EDGE_LOOP('',(#17482,#17488,#17489,#17490));
#17482 = ORIENTED_EDGE('',*,*,#17483,.T.);
#17483 = EDGE_CURVE('',#1712,#7051,#17484,.T.);
#17484 = LINE('',#17485,#17486);
#17485 = CARTESIAN_POINT('',(-67.273697,0.886674,0.));
#17486 = VECTOR('',#17487,1.);
#17487 = DIRECTION('',(0.,0.,1.));
#17488 = ORIENTED_EDGE('',*,*,#7050,.T.);
#17489 = ORIENTED_EDGE('',*,*,#17449,.F.);
#17490 = ORIENTED_EDGE('',*,*,#1711,.F.);
#17491 = PLANE('',#17492);
#17492 = AXIS2_PLACEMENT_3D('',#17493,#17494,#17495);
#17493 = CARTESIAN_POINT('',(-67.273697,0.886674,0.));
#17494 = DIRECTION('',(-0.947124006417,0.32086775542,0.));
#17495 = DIRECTION('',(0.32086775542,0.947124006417,0.));
#17496 = ADVANCED_FACE('',(#17497),#17508,.T.);
#17497 = FACE_BOUND('',#17498,.T.);
#17498 = EDGE_LOOP('',(#17499,#17500,#17501,#17507));
#17499 = ORIENTED_EDGE('',*,*,#17468,.T.);
#17500 = ORIENTED_EDGE('',*,*,#7650,.T.);
#17501 = ORIENTED_EDGE('',*,*,#17502,.F.);
#17502 = EDGE_CURVE('',#2304,#7643,#17503,.T.);
#17503 = LINE('',#17504,#17505);
#17504 = CARTESIAN_POINT('',(-20.334248,-107.309578,0.));
#17505 = VECTOR('',#17506,1.);
#17506 = DIRECTION('',(0.,0.,1.));
#17507 = ORIENTED_EDGE('',*,*,#2311,.F.);
#17508 = PLANE('',#17509);
#17509 = AXIS2_PLACEMENT_3D('',#17510,#17511,#17512);
#17510 = CARTESIAN_POINT('',(-18.350642,-108.932924,0.));
#17511 = DIRECTION('',(-0.633330244769,-0.773881645383,0.));
#17512 = DIRECTION('',(-0.773881645383,0.633330244769,0.));
#17513 = ADVANCED_FACE('',(#17514),#17525,.T.);
#17514 = FACE_BOUND('',#17515,.T.);
#17515 = EDGE_LOOP('',(#17516,#17522,#17523,#17524));
#17516 = ORIENTED_EDGE('',*,*,#17517,.T.);
#17517 = EDGE_CURVE('',#1720,#7059,#17518,.T.);
#17518 = LINE('',#17519,#17520);
#17519 = CARTESIAN_POINT('',(-67.530368,9.7818E-02,0.));
#17520 = VECTOR('',#17521,1.);
#17521 = DIRECTION('',(0.,0.,1.));
#17522 = ORIENTED_EDGE('',*,*,#7058,.T.);
#17523 = ORIENTED_EDGE('',*,*,#17483,.F.);
#17524 = ORIENTED_EDGE('',*,*,#1719,.F.);
#17525 = PLANE('',#17526);
#17526 = AXIS2_PLACEMENT_3D('',#17527,#17528,#17529);
#17527 = CARTESIAN_POINT('',(-67.530368,9.7818E-02,0.));
#17528 = DIRECTION('',(-0.950930262902,0.309405292613,0.));
#17529 = DIRECTION('',(0.309405292613,0.950930262902,0.));
#17530 = ADVANCED_FACE('',(#17531),#17542,.T.);
#17531 = FACE_BOUND('',#17532,.T.);
#17532 = EDGE_LOOP('',(#17533,#17534,#17535,#17541));
#17533 = ORIENTED_EDGE('',*,*,#17502,.T.);
#17534 = ORIENTED_EDGE('',*,*,#7642,.T.);
#17535 = ORIENTED_EDGE('',*,*,#17536,.F.);
#17536 = EDGE_CURVE('',#2296,#7635,#17537,.T.);
#17537 = LINE('',#17538,#17539);
#17538 = CARTESIAN_POINT('',(-22.26846,-105.676559,0.));
#17539 = VECTOR('',#17540,1.);
#17540 = DIRECTION('',(0.,0.,1.));
#17541 = ORIENTED_EDGE('',*,*,#2303,.F.);
#17542 = PLANE('',#17543);
#17543 = AXIS2_PLACEMENT_3D('',#17544,#17545,#17546);
#17544 = CARTESIAN_POINT('',(-20.334248,-107.309578,0.));
#17545 = DIRECTION('',(-0.645108042221,-0.764091364865,0.));
#17546 = DIRECTION('',(-0.764091364865,0.645108042221,0.));
#17547 = ADVANCED_FACE('',(#17548),#17559,.T.);
#17548 = FACE_BOUND('',#17549,.T.);
#17549 = EDGE_LOOP('',(#17550,#17556,#17557,#17558));
#17550 = ORIENTED_EDGE('',*,*,#17551,.T.);
#17551 = EDGE_CURVE('',#1728,#7067,#17552,.T.);
#17552 = LINE('',#17553,#17554);
#17553 = CARTESIAN_POINT('',(-67.777447,-0.693923,0.));
#17554 = VECTOR('',#17555,1.);
#17555 = DIRECTION('',(0.,0.,1.));
#17556 = ORIENTED_EDGE('',*,*,#7066,.T.);
#17557 = ORIENTED_EDGE('',*,*,#17517,.F.);
#17558 = ORIENTED_EDGE('',*,*,#1727,.F.);
#17559 = PLANE('',#17560);
#17560 = AXIS2_PLACEMENT_3D('',#17561,#17562,#17563);
#17561 = CARTESIAN_POINT('',(-67.777447,-0.693923,0.));
#17562 = DIRECTION('',(-0.954596634054,0.297901437144,0.));
#17563 = DIRECTION('',(0.297901437144,0.954596634054,0.));
#17564 = ADVANCED_FACE('',(#17565),#17576,.T.);
#17565 = FACE_BOUND('',#17566,.T.);
#17566 = EDGE_LOOP('',(#17567,#17568,#17569,#17575));
#17567 = ORIENTED_EDGE('',*,*,#17536,.T.);
#17568 = ORIENTED_EDGE('',*,*,#7634,.T.);
#17569 = ORIENTED_EDGE('',*,*,#17570,.F.);
#17570 = EDGE_CURVE('',#2288,#7627,#17571,.T.);
#17571 = LINE('',#17572,#17573);
#17572 = CARTESIAN_POINT('',(-24.157305,-104.030941,0.));
#17573 = VECTOR('',#17574,1.);
#17574 = DIRECTION('',(0.,0.,1.));
#17575 = ORIENTED_EDGE('',*,*,#2295,.F.);
#17576 = PLANE('',#17577);
#17577 = AXIS2_PLACEMENT_3D('',#17578,#17579,#17580);
#17578 = CARTESIAN_POINT('',(-22.26846,-105.676559,0.));
#17579 = DIRECTION('',(-0.656893081787,-0.753983739281,0.));
#17580 = DIRECTION('',(-0.753983739281,0.656893081787,0.));
#17581 = ADVANCED_FACE('',(#17582),#17593,.T.);
#17582 = FACE_BOUND('',#17583,.T.);
#17583 = EDGE_LOOP('',(#17584,#17590,#17591,#17592));
#17584 = ORIENTED_EDGE('',*,*,#17585,.T.);
#17585 = EDGE_CURVE('',#1736,#7075,#17586,.T.);
#17586 = LINE('',#17587,#17588);
#17587 = CARTESIAN_POINT('',(-68.015201,-1.48945,0.));
#17588 = VECTOR('',#17589,1.);
#17589 = DIRECTION('',(0.,0.,1.));
#17590 = ORIENTED_EDGE('',*,*,#7074,.T.);
#17591 = ORIENTED_EDGE('',*,*,#17551,.F.);
#17592 = ORIENTED_EDGE('',*,*,#1735,.F.);
#17593 = PLANE('',#17594);
#17594 = AXIS2_PLACEMENT_3D('',#17595,#17596,#17597);
#17595 = CARTESIAN_POINT('',(-68.015201,-1.48945,0.));
#17596 = DIRECTION('',(-0.958125458706,0.286348747823,0.));
#17597 = DIRECTION('',(0.286348747823,0.958125458706,0.));
#17598 = ADVANCED_FACE('',(#17599),#17610,.T.);
#17599 = FACE_BOUND('',#17600,.T.);
#17600 = EDGE_LOOP('',(#17601,#17602,#17603,#17609));
#17601 = ORIENTED_EDGE('',*,*,#17570,.T.);
#17602 = ORIENTED_EDGE('',*,*,#7626,.T.);
#17603 = ORIENTED_EDGE('',*,*,#17604,.F.);
#17604 = EDGE_CURVE('',#2280,#7619,#17605,.T.);
#17605 = LINE('',#17606,#17607);
#17606 = CARTESIAN_POINT('',(-26.00414,-102.370195,0.));
#17607 = VECTOR('',#17608,1.);
#17608 = DIRECTION('',(0.,0.,1.));
#17609 = ORIENTED_EDGE('',*,*,#2287,.F.);
#17610 = PLANE('',#17611);
#17611 = AXIS2_PLACEMENT_3D('',#17612,#17613,#17614);
#17612 = CARTESIAN_POINT('',(-24.157305,-104.030941,0.));
#17613 = DIRECTION('',(-0.668652029073,-0.743575459531,0.));
#17614 = DIRECTION('',(-0.743575459531,0.668652029073,0.));
#17615 = ADVANCED_FACE('',(#17616),#17627,.T.);
#17616 = FACE_BOUND('',#17617,.T.);
#17617 = EDGE_LOOP('',(#17618,#17624,#17625,#17626));
#17618 = ORIENTED_EDGE('',*,*,#17619,.T.);
#17619 = EDGE_CURVE('',#1744,#7083,#17620,.T.);
#17620 = LINE('',#17621,#17622);
#17621 = CARTESIAN_POINT('',(-68.242888,-2.28628,0.));
#17622 = VECTOR('',#17623,1.);
#17623 = DIRECTION('',(0.,0.,1.));
#17624 = ORIENTED_EDGE('',*,*,#7082,.T.);
#17625 = ORIENTED_EDGE('',*,*,#17585,.F.);
#17626 = ORIENTED_EDGE('',*,*,#1743,.F.);
#17627 = PLANE('',#17628);
#17628 = AXIS2_PLACEMENT_3D('',#17629,#17630,#17631);
#17629 = CARTESIAN_POINT('',(-68.242888,-2.28628,0.));
#17630 = DIRECTION('',(-0.96151716263,0.274744874324,0.));
#17631 = DIRECTION('',(0.274744874324,0.96151716263,0.));
#17632 = ADVANCED_FACE('',(#17633),#17644,.T.);
#17633 = FACE_BOUND('',#17634,.T.);
#17634 = EDGE_LOOP('',(#17635,#17636,#17637,#17643));
#17635 = ORIENTED_EDGE('',*,*,#17604,.T.);
#17636 = ORIENTED_EDGE('',*,*,#7618,.T.);
#17637 = ORIENTED_EDGE('',*,*,#17638,.F.);
#17638 = EDGE_CURVE('',#2272,#7611,#17639,.T.);
#17639 = LINE('',#17640,#17641);
#17640 = CARTESIAN_POINT('',(-27.435742,-101.04535,0.));
#17641 = VECTOR('',#17642,1.);
#17642 = DIRECTION('',(0.,0.,1.));
#17643 = ORIENTED_EDGE('',*,*,#2279,.F.);
#17644 = PLANE('',#17645);
#17645 = AXIS2_PLACEMENT_3D('',#17646,#17647,#17648);
#17646 = CARTESIAN_POINT('',(-26.00414,-102.370195,0.));
#17647 = DIRECTION('',(-0.679211364702,-0.733942723964,0.));
#17648 = DIRECTION('',(-0.733942723964,0.679211364702,0.));
#17649 = ADVANCED_FACE('',(#17650),#17661,.T.);
#17650 = FACE_BOUND('',#17651,.T.);
#17651 = EDGE_LOOP('',(#17652,#17658,#17659,#17660));
#17652 = ORIENTED_EDGE('',*,*,#17653,.T.);
#17653 = EDGE_CURVE('',#1752,#7091,#17654,.T.);
#17654 = LINE('',#17655,#17656);
#17655 = CARTESIAN_POINT('',(-68.461045,-3.086296,0.));
#17656 = VECTOR('',#17657,1.);
#17657 = DIRECTION('',(0.,0.,1.));
#17658 = ORIENTED_EDGE('',*,*,#7090,.T.);
#17659 = ORIENTED_EDGE('',*,*,#17619,.F.);
#17660 = ORIENTED_EDGE('',*,*,#1751,.F.);
#17661 = PLANE('',#17662);
#17662 = AXIS2_PLACEMENT_3D('',#17663,#17664,#17665);
#17663 = CARTESIAN_POINT('',(-68.461045,-3.086296,0.));
#17664 = DIRECTION('',(-0.964772753928,0.263084650405,0.));
#17665 = DIRECTION('',(0.263084650405,0.964772753928,0.));
#17666 = ADVANCED_FACE('',(#17667),#17678,.T.);
#17667 = FACE_BOUND('',#17668,.T.);
#17668 = EDGE_LOOP('',(#17669,#17670,#17671,#17677));
#17669 = ORIENTED_EDGE('',*,*,#17638,.T.);
#17670 = ORIENTED_EDGE('',*,*,#7610,.T.);
#17671 = ORIENTED_EDGE('',*,*,#17672,.F.);
#17672 = EDGE_CURVE('',#2264,#7603,#17673,.T.);
#17673 = LINE('',#17674,#17675);
#17674 = CARTESIAN_POINT('',(-28.340327,-100.190663,0.));
#17675 = VECTOR('',#17676,1.);
#17676 = DIRECTION('',(0.,0.,1.));
#17677 = ORIENTED_EDGE('',*,*,#2271,.F.);
#17678 = PLANE('',#17679);
#17679 = AXIS2_PLACEMENT_3D('',#17680,#17681,#17682);
#17680 = CARTESIAN_POINT('',(-27.435742,-101.04535,0.));
#17681 = DIRECTION('',(-0.686775021355,-0.726870050314,0.));
#17682 = DIRECTION('',(-0.726870050314,0.686775021355,0.));
#17683 = ADVANCED_FACE('',(#17684),#17695,.T.);
#17684 = FACE_BOUND('',#17685,.T.);
#17685 = EDGE_LOOP('',(#17686,#17692,#17693,#17694));
#17686 = ORIENTED_EDGE('',*,*,#17687,.T.);
#17687 = EDGE_CURVE('',#1760,#7099,#17688,.T.);
#17688 = LINE('',#17689,#17690);
#17689 = CARTESIAN_POINT('',(-68.668745,-3.886054,0.));
#17690 = VECTOR('',#17691,1.);
#17691 = DIRECTION('',(0.,0.,1.));
#17692 = ORIENTED_EDGE('',*,*,#7098,.T.);
#17693 = ORIENTED_EDGE('',*,*,#17653,.F.);
#17694 = ORIENTED_EDGE('',*,*,#1759,.F.);
#17695 = PLANE('',#17696);
#17696 = AXIS2_PLACEMENT_3D('',#17697,#17698,#17699);
#17697 = CARTESIAN_POINT('',(-68.668745,-3.886054,0.));
#17698 = DIRECTION('',(-0.967892345494,0.251365088138,0.));
#17699 = DIRECTION('',(0.251365088138,0.967892345494,0.));
#17700 = ADVANCED_FACE('',(#17701),#17712,.T.);
#17701 = FACE_BOUND('',#17702,.T.);
#17702 = EDGE_LOOP('',(#17703,#17704,#17705,#17711));
#17703 = ORIENTED_EDGE('',*,*,#17672,.T.);
#17704 = ORIENTED_EDGE('',*,*,#7602,.T.);
#17705 = ORIENTED_EDGE('',*,*,#17706,.F.);
#17706 = EDGE_CURVE('',#2256,#7595,#17707,.T.);
#17707 = LINE('',#17708,#17709);
#17708 = CARTESIAN_POINT('',(-29.243258,-99.323771,0.));
#17709 = VECTOR('',#17710,1.);
#17710 = DIRECTION('',(0.,0.,1.));
#17711 = ORIENTED_EDGE('',*,*,#2263,.F.);
#17712 = PLANE('',#17713);
#17713 = AXIS2_PLACEMENT_3D('',#17714,#17715,#17716);
#17714 = CARTESIAN_POINT('',(-28.340327,-100.190663,0.));
#17715 = DIRECTION('',(-0.692564355758,-0.721356093156,0.));
#17716 = DIRECTION('',(-0.721356093156,0.692564355758,0.));
#17717 = ADVANCED_FACE('',(#17718),#17729,.T.);
#17718 = FACE_BOUND('',#17719,.T.);
#17719 = EDGE_LOOP('',(#17720,#17726,#17727,#17728));
#17720 = ORIENTED_EDGE('',*,*,#17721,.T.);
#17721 = EDGE_CURVE('',#1768,#7107,#17722,.T.);
#17722 = LINE('',#17723,#17724);
#17723 = CARTESIAN_POINT('',(-68.866735,-4.688402,0.));
#17724 = VECTOR('',#17725,1.);
#17725 = DIRECTION('',(0.,0.,1.));
#17726 = ORIENTED_EDGE('',*,*,#7106,.T.);
#17727 = ORIENTED_EDGE('',*,*,#17687,.F.);
#17728 = ORIENTED_EDGE('',*,*,#1767,.F.);
#17729 = PLANE('',#17730);
#17730 = AXIS2_PLACEMENT_3D('',#17731,#17732,#17733);
#17731 = CARTESIAN_POINT('',(-68.866735,-4.688402,0.));
#17732 = DIRECTION('',(-0.970877400559,0.239576862579,0.));
#17733 = DIRECTION('',(0.239576862579,0.970877400559,0.));
#17734 = ADVANCED_FACE('',(#17735),#17746,.T.);
#17735 = FACE_BOUND('',#17736,.T.);
#17736 = EDGE_LOOP('',(#17737,#17738,#17739,#17745));
#17737 = ORIENTED_EDGE('',*,*,#17706,.T.);
#17738 = ORIENTED_EDGE('',*,*,#7594,.T.);
#17739 = ORIENTED_EDGE('',*,*,#17740,.F.);
#17740 = EDGE_CURVE('',#2248,#7587,#17741,.T.);
#17741 = LINE('',#17742,#17743);
#17742 = CARTESIAN_POINT('',(-31.038316,-97.558736,0.));
#17743 = VECTOR('',#17744,1.);
#17744 = DIRECTION('',(0.,0.,1.));
#17745 = ORIENTED_EDGE('',*,*,#2255,.F.);
#17746 = PLANE('',#17747);
#17747 = AXIS2_PLACEMENT_3D('',#17748,#17749,#17750);
#17748 = CARTESIAN_POINT('',(-29.243258,-99.323771,0.));
#17749 = DIRECTION('',(-0.701118672592,-0.713044603754,0.));
#17750 = DIRECTION('',(-0.713044603754,0.701118672592,0.));
#17751 = ADVANCED_FACE('',(#17752),#17763,.T.);
#17752 = FACE_BOUND('',#17753,.T.);
#17753 = EDGE_LOOP('',(#17754,#17760,#17761,#17762));
#17754 = ORIENTED_EDGE('',*,*,#17755,.T.);
#17755 = EDGE_CURVE('',#1776,#7115,#17756,.T.);
#17756 = LINE('',#17757,#17758);
#17757 = CARTESIAN_POINT('',(-69.053961,-5.488976,0.));
#17758 = VECTOR('',#17759,1.);
#17759 = DIRECTION('',(0.,0.,1.));
#17760 = ORIENTED_EDGE('',*,*,#7114,.T.);
#17761 = ORIENTED_EDGE('',*,*,#17721,.F.);
#17762 = ORIENTED_EDGE('',*,*,#1775,.F.);
#17763 = PLANE('',#17764);
#17764 = AXIS2_PLACEMENT_3D('',#17765,#17766,#17767);
#17765 = CARTESIAN_POINT('',(-69.053961,-5.488976,0.));
#17766 = DIRECTION('',(-0.973726591225,0.227720279161,0.));
#17767 = DIRECTION('',(0.227720279161,0.973726591225,0.));
#17768 = ADVANCED_FACE('',(#17769),#17780,.T.);
#17769 = FACE_BOUND('',#17770,.T.);
#17770 = EDGE_LOOP('',(#17771,#17772,#17773,#17779));
#17771 = ORIENTED_EDGE('',*,*,#17740,.T.);
#17772 = ORIENTED_EDGE('',*,*,#7586,.T.);
#17773 = ORIENTED_EDGE('',*,*,#17774,.F.);
#17774 = EDGE_CURVE('',#2240,#7579,#17775,.T.);
#17775 = LINE('',#17776,#17777);
#17776 = CARTESIAN_POINT('',(-32.817933,-95.752781,0.));
#17777 = VECTOR('',#17778,1.);
#17778 = DIRECTION('',(0.,0.,1.));
#17779 = ORIENTED_EDGE('',*,*,#2247,.F.);
#17780 = PLANE('',#17781);
#17781 = AXIS2_PLACEMENT_3D('',#17782,#17783,#17784);
#17782 = CARTESIAN_POINT('',(-31.038316,-97.558736,0.));
#17783 = DIRECTION('',(-0.712281653647,-0.701893756831,0.));
#17784 = DIRECTION('',(-0.701893756831,0.712281653647,0.));
#17785 = ADVANCED_FACE('',(#17786),#17797,.T.);
#17786 = FACE_BOUND('',#17787,.T.);
#17787 = EDGE_LOOP('',(#17788,#17794,#17795,#17796));
#17788 = ORIENTED_EDGE('',*,*,#17789,.T.);
#17789 = EDGE_CURVE('',#1784,#7123,#17790,.T.);
#17790 = LINE('',#17791,#17792);
#17791 = CARTESIAN_POINT('',(-69.231326,-6.291549,0.));
#17792 = VECTOR('',#17793,1.);
#17793 = DIRECTION('',(0.,0.,1.));
#17794 = ORIENTED_EDGE('',*,*,#7122,.T.);
#17795 = ORIENTED_EDGE('',*,*,#17755,.F.);
#17796 = ORIENTED_EDGE('',*,*,#1783,.F.);
#17797 = PLANE('',#17798);
#17798 = AXIS2_PLACEMENT_3D('',#17799,#17800,#17801);
#17799 = CARTESIAN_POINT('',(-69.231326,-6.291549,0.));
#17800 = DIRECTION('',(-0.976440054476,0.215788831997,0.));
#17801 = DIRECTION('',(0.215788831997,0.976440054476,0.));
#17802 = ADVANCED_FACE('',(#17803),#17814,.T.);
#17803 = FACE_BOUND('',#17804,.T.);
#17804 = EDGE_LOOP('',(#17805,#17806,#17807,#17813));
#17805 = ORIENTED_EDGE('',*,*,#17774,.T.);
#17806 = ORIENTED_EDGE('',*,*,#7578,.T.);
#17807 = ORIENTED_EDGE('',*,*,#17808,.F.);
#17808 = EDGE_CURVE('',#2232,#7571,#17809,.T.);
#17809 = LINE('',#17810,#17811);
#17810 = CARTESIAN_POINT('',(-34.579271,-93.908453,0.));
#17811 = VECTOR('',#17812,1.);
#17812 = DIRECTION('',(0.,0.,1.));
#17813 = ORIENTED_EDGE('',*,*,#2239,.F.);
#17814 = PLANE('',#17815);
#17815 = AXIS2_PLACEMENT_3D('',#17816,#17817,#17818);
#17816 = CARTESIAN_POINT('',(-32.817933,-95.752781,0.));
#17817 = DIRECTION('',(-0.723190407466,-0.690648705602,0.));
#17818 = DIRECTION('',(-0.690648705602,0.723190407466,0.));
#17819 = ADVANCED_FACE('',(#17820),#17831,.T.);
#17820 = FACE_BOUND('',#17821,.T.);
#17821 = EDGE_LOOP('',(#17822,#17828,#17829,#17830));
#17822 = ORIENTED_EDGE('',*,*,#17823,.T.);
#17823 = EDGE_CURVE('',#1792,#7131,#17824,.T.);
#17824 = LINE('',#17825,#17826);
#17825 = CARTESIAN_POINT('',(-69.350329,-6.858189,0.));
#17826 = VECTOR('',#17827,1.);
#17827 = DIRECTION('',(0.,0.,1.));
#17828 = ORIENTED_EDGE('',*,*,#7130,.T.);
#17829 = ORIENTED_EDGE('',*,*,#17789,.F.);
#17830 = ORIENTED_EDGE('',*,*,#1791,.F.);
#17831 = PLANE('',#17832);
#17832 = AXIS2_PLACEMENT_3D('',#17833,#17834,#17835);
#17833 = CARTESIAN_POINT('',(-69.350329,-6.858189,0.));
#17834 = DIRECTION('',(-0.97865050908,0.205531460066,0.));
#17835 = DIRECTION('',(0.205531460066,0.97865050908,0.));
#17836 = ADVANCED_FACE('',(#17837),#17848,.T.);
#17837 = FACE_BOUND('',#17838,.T.);
#17838 = EDGE_LOOP('',(#17839,#17840,#17841,#17847));
#17839 = ORIENTED_EDGE('',*,*,#17808,.T.);
#17840 = ORIENTED_EDGE('',*,*,#7570,.T.);
#17841 = ORIENTED_EDGE('',*,*,#17842,.F.);
#17842 = EDGE_CURVE('',#2224,#7563,#17843,.T.);
#17843 = LINE('',#17844,#17845);
#17844 = CARTESIAN_POINT('',(-36.319646,-92.028294,0.));
#17845 = VECTOR('',#17846,1.);
#17846 = DIRECTION('',(0.,0.,1.));
#17847 = ORIENTED_EDGE('',*,*,#2231,.F.);
#17848 = PLANE('',#17849);
#17849 = AXIS2_PLACEMENT_3D('',#17850,#17851,#17852);
#17850 = CARTESIAN_POINT('',(-34.579271,-93.908453,0.));
#17851 = DIRECTION('',(-0.733860479773,-0.679300225399,0.));
#17852 = DIRECTION('',(-0.679300225399,0.733860479773,0.));
#17853 = ADVANCED_FACE('',(#17854),#17865,.T.);
#17854 = FACE_BOUND('',#17855,.T.);
#17855 = EDGE_LOOP('',(#17856,#17862,#17863,#17864));
#17856 = ORIENTED_EDGE('',*,*,#17857,.T.);
#17857 = EDGE_CURVE('',#1800,#7139,#17858,.T.);
#17858 = LINE('',#17859,#17860);
#17859 = CARTESIAN_POINT('',(-69.659027,-8.4598,0.));
#17860 = VECTOR('',#17861,1.);
#17861 = DIRECTION('',(0.,0.,1.));
#17862 = ORIENTED_EDGE('',*,*,#7138,.T.);
#17863 = ORIENTED_EDGE('',*,*,#17823,.F.);
#17864 = ORIENTED_EDGE('',*,*,#1799,.F.);
#17865 = PLANE('',#17866);
#17866 = AXIS2_PLACEMENT_3D('',#17867,#17868,#17869);
#17867 = CARTESIAN_POINT('',(-69.659027,-8.4598,0.));
#17868 = DIRECTION('',(-0.981927241059,0.189258799709,0.));
#17869 = DIRECTION('',(0.189258799709,0.981927241059,0.));
#17870 = ADVANCED_FACE('',(#17871),#17882,.T.);
#17871 = FACE_BOUND('',#17872,.T.);
#17872 = EDGE_LOOP('',(#17873,#17874,#17875,#17881));
#17873 = ORIENTED_EDGE('',*,*,#17842,.T.);
#17874 = ORIENTED_EDGE('',*,*,#7562,.T.);
#17875 = ORIENTED_EDGE('',*,*,#17876,.F.);
#17876 = EDGE_CURVE('',#2216,#7555,#17877,.T.);
#17877 = LINE('',#17878,#17879);
#17878 = CARTESIAN_POINT('',(-38.036536,-90.114827,0.));
#17879 = VECTOR('',#17880,1.);
#17880 = DIRECTION('',(0.,0.,1.));
#17881 = ORIENTED_EDGE('',*,*,#2223,.F.);
#17882 = PLANE('',#17883);
#17883 = AXIS2_PLACEMENT_3D('',#17884,#17885,#17886);
#17884 = CARTESIAN_POINT('',(-36.319646,-92.028294,0.));
#17885 = DIRECTION('',(-0.744304923439,-0.66783993662,0.));
#17886 = DIRECTION('',(-0.66783993662,0.744304923439,0.));
#17887 = ADVANCED_FACE('',(#17888),#17899,.T.);
#17888 = FACE_BOUND('',#17889,.T.);
#17889 = EDGE_LOOP('',(#17890,#17896,#17897,#17898));
#17890 = ORIENTED_EDGE('',*,*,#17891,.T.);
#17891 = EDGE_CURVE('',#1808,#7147,#17892,.T.);
#17892 = LINE('',#17893,#17894);
#17893 = CARTESIAN_POINT('',(-69.928272,-10.067723,0.));
#17894 = VECTOR('',#17895,1.);
#17895 = DIRECTION('',(0.,0.,1.));
#17896 = ORIENTED_EDGE('',*,*,#7146,.T.);
#17897 = ORIENTED_EDGE('',*,*,#17857,.F.);
#17898 = ORIENTED_EDGE('',*,*,#1807,.F.);
#17899 = PLANE('',#17900);
#17900 = AXIS2_PLACEMENT_3D('',#17901,#17902,#17903);
#17901 = CARTESIAN_POINT('',(-69.928272,-10.067723,0.));
#17902 = DIRECTION('',(-0.986268525154,0.165149617895,0.));
#17903 = DIRECTION('',(0.165149617895,0.986268525154,0.));
#17904 = ADVANCED_FACE('',(#17905),#17916,.T.);
#17905 = FACE_BOUND('',#17906,.T.);
#17906 = EDGE_LOOP('',(#17907,#17908,#17909,#17915));
#17907 = ORIENTED_EDGE('',*,*,#17876,.T.);
#17908 = ORIENTED_EDGE('',*,*,#7554,.T.);
#17909 = ORIENTED_EDGE('',*,*,#17910,.F.);
#17910 = EDGE_CURVE('',#2208,#7547,#17911,.T.);
#17911 = LINE('',#17912,#17913);
#17912 = CARTESIAN_POINT('',(-39.727585,-88.170536,0.));
#17913 = VECTOR('',#17914,1.);
#17914 = DIRECTION('',(0.,0.,1.));
#17915 = ORIENTED_EDGE('',*,*,#2215,.F.);
#17916 = PLANE('',#17917);
#17917 = AXIS2_PLACEMENT_3D('',#17918,#17919,#17920);
#17918 = CARTESIAN_POINT('',(-38.036536,-90.114827,0.));
#17919 = DIRECTION('',(-0.7545361151,-0.656258524523,0.));
#17920 = DIRECTION('',(-0.656258524523,0.7545361151,0.));
#17921 = ADVANCED_FACE('',(#17922),#17933,.T.);
#17922 = FACE_BOUND('',#17923,.T.);
#17923 = EDGE_LOOP('',(#17924,#17930,#17931,#17932));
#17924 = ORIENTED_EDGE('',*,*,#17925,.T.);
#17925 = EDGE_CURVE('',#1816,#7155,#17926,.T.);
#17926 = LINE('',#17927,#17928);
#17927 = CARTESIAN_POINT('',(-70.157898,-11.680875,0.));
#17928 = VECTOR('',#17929,1.);
#17929 = DIRECTION('',(0.,0.,1.));
#17930 = ORIENTED_EDGE('',*,*,#7154,.T.);
#17931 = ORIENTED_EDGE('',*,*,#17891,.F.);
#17932 = ORIENTED_EDGE('',*,*,#1815,.F.);
#17933 = PLANE('',#17934);
#17934 = AXIS2_PLACEMENT_3D('',#17935,#17936,#17937);
#17935 = CARTESIAN_POINT('',(-70.157898,-11.680875,0.));
#17936 = DIRECTION('',(-0.990020192565,0.140925577216,0.));
#17937 = DIRECTION('',(0.140925577216,0.990020192565,0.));
#17938 = ADVANCED_FACE('',(#17939),#17950,.T.);
#17939 = FACE_BOUND('',#17940,.T.);
#17940 = EDGE_LOOP('',(#17941,#17942,#17943,#17949));
#17941 = ORIENTED_EDGE('',*,*,#17910,.T.);
#17942 = ORIENTED_EDGE('',*,*,#7546,.T.);
#17943 = ORIENTED_EDGE('',*,*,#17944,.F.);
#17944 = EDGE_CURVE('',#2200,#7539,#17945,.T.);
#17945 = LINE('',#17946,#17947);
#17946 = CARTESIAN_POINT('',(-41.390602,-86.197858,0.));
#17947 = VECTOR('',#17948,1.);
#17948 = DIRECTION('',(0.,0.,1.));
#17949 = ORIENTED_EDGE('',*,*,#2207,.F.);
#17950 = PLANE('',#17951);
#17951 = AXIS2_PLACEMENT_3D('',#17952,#17953,#17954);
#17952 = CARTESIAN_POINT('',(-39.727585,-88.170536,0.));
#17953 = DIRECTION('',(-0.764564592368,-0.644547115498,0.));
#17954 = DIRECTION('',(-0.644547115498,0.764564592368,0.));
#17955 = ADVANCED_FACE('',(#17956),#17967,.T.);
#17956 = FACE_BOUND('',#17957,.T.);
#17957 = EDGE_LOOP('',(#17958,#17964,#17965,#17966));
#17958 = ORIENTED_EDGE('',*,*,#17959,.T.);
#17959 = EDGE_CURVE('',#1824,#7163,#17960,.T.);
#17960 = LINE('',#17961,#17962);
#17961 = CARTESIAN_POINT('',(-70.347763,-13.298151,0.));
#17962 = VECTOR('',#17963,1.);
#17963 = DIRECTION('',(0.,0.,1.));
#17964 = ORIENTED_EDGE('',*,*,#7162,.T.);
#17965 = ORIENTED_EDGE('',*,*,#17925,.F.);
#17966 = ORIENTED_EDGE('',*,*,#1823,.F.);
#17967 = PLANE('',#17968);
#17968 = AXIS2_PLACEMENT_3D('',#17969,#17970,#17971);
#17969 = CARTESIAN_POINT('',(-70.347763,-13.298151,0.));
#17970 = DIRECTION('',(-0.993179275965,0.116597280385,0.));
#17971 = DIRECTION('',(0.116597280385,0.993179275965,0.));
#17972 = ADVANCED_FACE('',(#17973),#17984,.T.);
#17973 = FACE_BOUND('',#17974,.T.);
#17974 = EDGE_LOOP('',(#17975,#17976,#17977,#17983));
#17975 = ORIENTED_EDGE('',*,*,#17944,.T.);
#17976 = ORIENTED_EDGE('',*,*,#7538,.T.);
#17977 = ORIENTED_EDGE('',*,*,#17978,.F.);
#17978 = EDGE_CURVE('',#2192,#7531,#17979,.T.);
#17979 = LINE('',#17980,#17981);
#17980 = CARTESIAN_POINT('',(-43.023566,-84.199168,0.));
#17981 = VECTOR('',#17982,1.);
#17982 = DIRECTION('',(0.,0.,1.));
#17983 = ORIENTED_EDGE('',*,*,#2199,.F.);
#17984 = PLANE('',#17985);
#17985 = AXIS2_PLACEMENT_3D('',#17986,#17987,#17988);
#17986 = CARTESIAN_POINT('',(-41.390602,-86.197858,0.));
#17987 = DIRECTION('',(-0.774399141209,-0.632697376394,0.));
#17988 = DIRECTION('',(-0.632697376394,0.774399141209,0.));
#17989 = ADVANCED_FACE('',(#17990),#18001,.T.);
#17990 = FACE_BOUND('',#17991,.T.);
#17991 = EDGE_LOOP('',(#17992,#17998,#17999,#18000));
#17992 = ORIENTED_EDGE('',*,*,#17993,.T.);
#17993 = EDGE_CURVE('',#1832,#7171,#17994,.T.);
#17994 = LINE('',#17995,#17996);
#17995 = CARTESIAN_POINT('',(-70.497756,-14.918434,0.));
#17996 = VECTOR('',#17997,1.);
#17997 = DIRECTION('',(0.,0.,1.));
#17998 = ORIENTED_EDGE('',*,*,#7170,.T.);
#17999 = ORIENTED_EDGE('',*,*,#17959,.F.);
#18000 = ORIENTED_EDGE('',*,*,#1831,.F.);
#18001 = PLANE('',#18002);
#18002 = AXIS2_PLACEMENT_3D('',#18003,#18004,#18005);
#18003 = CARTESIAN_POINT('',(-70.497756,-14.918434,0.));
#18004 = DIRECTION('',(-0.995742547168,9.217797870952E-02,0.));
#18005 = DIRECTION('',(9.217797870952E-02,0.995742547168,0.));
#18006 = ADVANCED_FACE('',(#18007),#18018,.T.);
#18007 = FACE_BOUND('',#18008,.T.);
#18008 = EDGE_LOOP('',(#18009,#18010,#18011,#18017));
#18009 = ORIENTED_EDGE('',*,*,#17978,.T.);
#18010 = ORIENTED_EDGE('',*,*,#7530,.T.);
#18011 = ORIENTED_EDGE('',*,*,#18012,.F.);
#18012 = EDGE_CURVE('',#2184,#7523,#18013,.T.);
#18013 = LINE('',#18014,#18015);
#18014 = CARTESIAN_POINT('',(-43.396617,-83.733714,0.));
#18015 = VECTOR('',#18016,1.);
#18016 = DIRECTION('',(0.,0.,1.));
#18017 = ORIENTED_EDGE('',*,*,#2191,.F.);
#18018 = PLANE('',#18019);
#18019 = AXIS2_PLACEMENT_3D('',#18020,#18021,#18022);
#18020 = CARTESIAN_POINT('',(-43.023566,-84.199168,0.));
#18021 = DIRECTION('',(-0.780306026623,-0.625397877208,0.));
#18022 = DIRECTION('',(-0.625397877208,0.780306026623,0.));
#18023 = ADVANCED_FACE('',(#18024),#18035,.T.);
#18024 = FACE_BOUND('',#18025,.T.);
#18025 = EDGE_LOOP('',(#18026,#18032,#18033,#18034));
#18026 = ORIENTED_EDGE('',*,*,#18027,.T.);
#18027 = EDGE_CURVE('',#1840,#7179,#18028,.T.);
#18028 = LINE('',#18029,#18030);
#18029 = CARTESIAN_POINT('',(-70.607794,-16.540592,0.));
#18030 = VECTOR('',#18031,1.);
#18031 = DIRECTION('',(0.,0.,1.));
#18032 = ORIENTED_EDGE('',*,*,#7178,.T.);
#18033 = ORIENTED_EDGE('',*,*,#17993,.F.);
#18034 = ORIENTED_EDGE('',*,*,#1839,.F.);
#18035 = PLANE('',#18036);
#18036 = AXIS2_PLACEMENT_3D('',#18037,#18038,#18039);
#18037 = CARTESIAN_POINT('',(-70.607794,-16.540592,0.));
#18038 = DIRECTION('',(-0.99770716172,6.767879618467E-02,0.));
#18039 = DIRECTION('',(6.767879618467E-02,0.99770716172,0.));
#18040 = ADVANCED_FACE('',(#18041),#18052,.T.);
#18041 = FACE_BOUND('',#18042,.T.);
#18042 = EDGE_LOOP('',(#18043,#18044,#18045,#18051));
#18043 = ORIENTED_EDGE('',*,*,#18012,.T.);
#18044 = ORIENTED_EDGE('',*,*,#7522,.T.);
#18045 = ORIENTED_EDGE('',*,*,#18046,.F.);
#18046 = EDGE_CURVE('',#2176,#7515,#18047,.T.);
#18047 = LINE('',#18048,#18049);
#18048 = CARTESIAN_POINT('',(-45.030279,-81.656517,0.));
#18049 = VECTOR('',#18050,1.);
#18050 = DIRECTION('',(0.,0.,1.));
#18051 = ORIENTED_EDGE('',*,*,#2183,.F.);
#18052 = PLANE('',#18053);
#18053 = AXIS2_PLACEMENT_3D('',#18054,#18055,#18056);
#18054 = CARTESIAN_POINT('',(-43.396617,-83.733714,0.));
#18055 = DIRECTION('',(-0.786028046533,-0.618190836283,0.));
#18056 = DIRECTION('',(-0.618190836283,0.786028046533,0.));
#18057 = ADVANCED_FACE('',(#18058),#18069,.T.);
#18058 = FACE_BOUND('',#18059,.T.);
#18059 = EDGE_LOOP('',(#18060,#18066,#18067,#18068));
#18060 = ORIENTED_EDGE('',*,*,#18061,.T.);
#18061 = EDGE_CURVE('',#1848,#7187,#18062,.T.);
#18062 = LINE('',#18063,#18064);
#18063 = CARTESIAN_POINT('',(-70.647816,-17.352077,0.));
#18064 = VECTOR('',#18065,1.);
#18065 = DIRECTION('',(0.,0.,1.));
#18066 = ORIENTED_EDGE('',*,*,#7186,.T.);
#18067 = ORIENTED_EDGE('',*,*,#18027,.F.);
#18068 = ORIENTED_EDGE('',*,*,#1847,.F.);
#18069 = PLANE('',#18070);
#18070 = AXIS2_PLACEMENT_3D('',#18071,#18072,#18073);
#18071 = CARTESIAN_POINT('',(-70.647816,-17.352077,0.));
#18072 = DIRECTION('',(-0.998786009796,4.925958419942E-02,0.));
#18073 = DIRECTION('',(4.925958419942E-02,0.998786009796,0.));
#18074 = ADVANCED_FACE('',(#18075),#18086,.T.);
#18075 = FACE_BOUND('',#18076,.T.);
#18076 = EDGE_LOOP('',(#18077,#18078,#18079,#18085));
#18077 = ORIENTED_EDGE('',*,*,#18046,.T.);
#18078 = ORIENTED_EDGE('',*,*,#7514,.T.);
#18079 = ORIENTED_EDGE('',*,*,#18080,.F.);
#18080 = EDGE_CURVE('',#2168,#7507,#18081,.T.);
#18081 = LINE('',#18082,#18083);
#18082 = CARTESIAN_POINT('',(-46.626458,-79.562914,0.));
#18083 = VECTOR('',#18084,1.);
#18084 = DIRECTION('',(0.,0.,1.));
#18085 = ORIENTED_EDGE('',*,*,#2175,.F.);
#18086 = PLANE('',#18087);
#18087 = AXIS2_PLACEMENT_3D('',#18088,#18089,#18090);
#18088 = CARTESIAN_POINT('',(-45.030279,-81.656517,0.));
#18089 = DIRECTION('',(-0.795238883408,-0.606296229839,0.));
#18090 = DIRECTION('',(-0.606296229839,0.795238883408,0.));
#18091 = ADVANCED_FACE('',(#18092),#18103,.T.);
#18092 = FACE_BOUND('',#18093,.T.);
#18093 = EDGE_LOOP('',(#18094,#18100,#18101,#18102));
#18094 = ORIENTED_EDGE('',*,*,#18095,.T.);
#18095 = EDGE_CURVE('',#1856,#7195,#18096,.T.);
#18096 = LINE('',#18097,#18098);
#18097 = CARTESIAN_POINT('',(-70.677827,-18.163484,0.));
#18098 = VECTOR('',#18099,1.);
#18099 = DIRECTION('',(0.,0.,1.));
#18100 = ORIENTED_EDGE('',*,*,#7194,.T.);
#18101 = ORIENTED_EDGE('',*,*,#18061,.F.);
#18102 = ORIENTED_EDGE('',*,*,#1855,.F.);
#18103 = PLANE('',#18104);
#18104 = AXIS2_PLACEMENT_3D('',#18105,#18106,#18107);
#18105 = CARTESIAN_POINT('',(-70.677827,-18.163484,0.));
#18106 = DIRECTION('',(-0.999316705172,3.696109799262E-02,0.));
#18107 = DIRECTION('',(3.696109799262E-02,0.999316705172,0.));
#18108 = ADVANCED_FACE('',(#18109),#18120,.T.);
#18109 = FACE_BOUND('',#18110,.T.);
#18110 = EDGE_LOOP('',(#18111,#18112,#18113,#18119));
#18111 = ORIENTED_EDGE('',*,*,#18080,.T.);
#18112 = ORIENTED_EDGE('',*,*,#7506,.T.);
#18113 = ORIENTED_EDGE('',*,*,#18114,.F.);
#18114 = EDGE_CURVE('',#2160,#7499,#18115,.T.);
#18115 = LINE('',#18116,#18117);
#18116 = CARTESIAN_POINT('',(-48.181812,-77.457658,0.));
#18117 = VECTOR('',#18118,1.);
#18118 = DIRECTION('',(0.,0.,1.));
#18119 = ORIENTED_EDGE('',*,*,#2167,.F.);
#18120 = PLANE('',#18121);
#18121 = AXIS2_PLACEMENT_3D('',#18122,#18123,#18124);
#18122 = CARTESIAN_POINT('',(-46.626458,-79.562914,0.));
#18123 = DIRECTION('',(-0.80430482731,-0.594216917266,0.));
#18124 = DIRECTION('',(-0.594216917266,0.80430482731,0.));
#18125 = ADVANCED_FACE('',(#18126),#18137,.T.);
#18126 = FACE_BOUND('',#18127,.T.);
#18127 = EDGE_LOOP('',(#18128,#18134,#18135,#18136));
#18128 = ORIENTED_EDGE('',*,*,#18129,.T.);
#18129 = EDGE_CURVE('',#1864,#7203,#18130,.T.);
#18130 = LINE('',#18131,#18132);
#18131 = CARTESIAN_POINT('',(-70.697835,-18.974865,0.));
#18132 = VECTOR('',#18133,1.);
#18133 = DIRECTION('',(0.,0.,1.));
#18134 = ORIENTED_EDGE('',*,*,#7202,.T.);
#18135 = ORIENTED_EDGE('',*,*,#18095,.F.);
#18136 = ORIENTED_EDGE('',*,*,#1863,.F.);
#18137 = PLANE('',#18138);
#18138 = AXIS2_PLACEMENT_3D('',#18139,#18140,#18141);
#18139 = CARTESIAN_POINT('',(-70.697835,-18.974865,0.));
#18140 = DIRECTION('',(-0.999696100709,2.465169825642E-02,0.));
#18141 = DIRECTION('',(2.465169825642E-02,0.999696100709,0.));
#18142 = ADVANCED_FACE('',(#18143),#18154,.T.);
#18143 = FACE_BOUND('',#18144,.T.);
#18144 = EDGE_LOOP('',(#18145,#18146,#18147,#18153));
#18145 = ORIENTED_EDGE('',*,*,#18114,.T.);
#18146 = ORIENTED_EDGE('',*,*,#7498,.T.);
#18147 = ORIENTED_EDGE('',*,*,#18148,.F.);
#18148 = EDGE_CURVE('',#2152,#7491,#18149,.T.);
#18149 = LINE('',#18150,#18151);
#18150 = CARTESIAN_POINT('',(-49.693372,-75.345274,0.));
#18151 = VECTOR('',#18152,1.);
#18152 = DIRECTION('',(0.,0.,1.));
#18153 = ORIENTED_EDGE('',*,*,#2159,.F.);
#18154 = PLANE('',#18155);
#18155 = AXIS2_PLACEMENT_3D('',#18156,#18157,#18158);
#18156 = CARTESIAN_POINT('',(-48.181812,-77.457658,0.));
#18157 = DIRECTION('',(-0.813238937832,-0.581929918456,0.));
#18158 = DIRECTION('',(-0.581929918456,0.813238937832,0.));
#18159 = ADVANCED_FACE('',(#18160),#18171,.T.);
#18160 = FACE_BOUND('',#18161,.T.);
#18161 = EDGE_LOOP('',(#18162,#18168,#18169,#18170));
#18162 = ORIENTED_EDGE('',*,*,#18163,.T.);
#18163 = EDGE_CURVE('',#1872,#7211,#18164,.T.);
#18164 = LINE('',#18165,#18166);
#18165 = CARTESIAN_POINT('',(-70.707836,-19.785962,0.));
#18166 = VECTOR('',#18167,1.);
#18167 = DIRECTION('',(0.,0.,1.));
#18168 = ORIENTED_EDGE('',*,*,#7210,.T.);
#18169 = ORIENTED_EDGE('',*,*,#18129,.F.);
#18170 = ORIENTED_EDGE('',*,*,#1871,.F.);
#18171 = PLANE('',#18172);
#18172 = AXIS2_PLACEMENT_3D('',#18173,#18174,#18175);
#18173 = CARTESIAN_POINT('',(-70.707836,-19.785962,0.));
#18174 = DIRECTION('',(-0.999923991572,1.232927731173E-02,0.));
#18175 = DIRECTION('',(1.232927731173E-02,0.999923991572,0.));
#18176 = ADVANCED_FACE('',(#18177),#18188,.T.);
#18177 = FACE_BOUND('',#18178,.T.);
#18178 = EDGE_LOOP('',(#18179,#18180,#18181,#18187));
#18179 = ORIENTED_EDGE('',*,*,#18148,.T.);
#18180 = ORIENTED_EDGE('',*,*,#7490,.T.);
#18181 = ORIENTED_EDGE('',*,*,#18182,.F.);
#18182 = EDGE_CURVE('',#2144,#7483,#18183,.T.);
#18183 = LINE('',#18184,#18185);
#18184 = CARTESIAN_POINT('',(-51.158533,-73.230036,0.));
#18185 = VECTOR('',#18186,1.);
#18186 = DIRECTION('',(0.,0.,1.));
#18187 = ORIENTED_EDGE('',*,*,#2151,.F.);
#18188 = PLANE('',#18189);
#18189 = AXIS2_PLACEMENT_3D('',#18190,#18191,#18192);
#18190 = CARTESIAN_POINT('',(-49.693372,-75.345274,0.));
#18191 = DIRECTION('',(-0.822052944439,-0.569411061132,0.));
#18192 = DIRECTION('',(-0.569411061132,0.822052944439,0.));
#18193 = ADVANCED_FACE('',(#18194),#18205,.T.);
#18194 = FACE_BOUND('',#18195,.T.);
#18195 = EDGE_LOOP('',(#18196,#18202,#18203,#18204));
#18196 = ORIENTED_EDGE('',*,*,#18197,.T.);
#18197 = EDGE_CURVE('',#1880,#7219,#18198,.T.);
#18198 = LINE('',#18199,#18200);
#18199 = CARTESIAN_POINT('',(-70.707835,-20.596665,0.));
#18200 = VECTOR('',#18201,1.);
#18201 = DIRECTION('',(0.,0.,1.));
#18202 = ORIENTED_EDGE('',*,*,#7218,.T.);
#18203 = ORIENTED_EDGE('',*,*,#18163,.F.);
#18204 = ORIENTED_EDGE('',*,*,#1879,.F.);
#18205 = PLANE('',#18206);
#18206 = AXIS2_PLACEMENT_3D('',#18207,#18208,#18209);
#18207 = CARTESIAN_POINT('',(-70.707835,-20.596665,0.));
#18208 = DIRECTION('',(-0.999999999999,-1.233497344249E-06,0.));
#18209 = DIRECTION('',(-1.233497344249E-06,0.999999999999,0.));
#18210 = ADVANCED_FACE('',(#18211),#18222,.T.);
#18211 = FACE_BOUND('',#18212,.T.);
#18212 = EDGE_LOOP('',(#18213,#18214,#18215,#18221));
#18213 = ORIENTED_EDGE('',*,*,#18182,.T.);
#18214 = ORIENTED_EDGE('',*,*,#7482,.T.);
#18215 = ORIENTED_EDGE('',*,*,#18216,.F.);
#18216 = EDGE_CURVE('',#2136,#7475,#18217,.T.);
#18217 = LINE('',#18218,#18219);
#18218 = CARTESIAN_POINT('',(-52.575048,-71.115948,0.));
#18219 = VECTOR('',#18220,1.);
#18220 = DIRECTION('',(0.,0.,1.));
#18221 = ORIENTED_EDGE('',*,*,#2143,.F.);
#18222 = PLANE('',#18223);
#18223 = AXIS2_PLACEMENT_3D('',#18224,#18225,#18226);
#18224 = CARTESIAN_POINT('',(-51.158533,-73.230036,0.));
#18225 = DIRECTION('',(-0.83075616023,-0.556636508181,0.));
#18226 = DIRECTION('',(-0.556636508181,0.83075616023,0.));
#18227 = ADVANCED_FACE('',(#18228),#18239,.T.);
#18228 = FACE_BOUND('',#18229,.T.);
#18229 = EDGE_LOOP('',(#18230,#18236,#18237,#18238));
#18230 = ORIENTED_EDGE('',*,*,#18231,.T.);
#18231 = EDGE_CURVE('',#1888,#7227,#18232,.T.);
#18232 = LINE('',#18233,#18234);
#18233 = CARTESIAN_POINT('',(-70.697835,-21.406877,0.));
#18234 = VECTOR('',#18235,1.);
#18235 = DIRECTION('',(0.,0.,1.));
#18236 = ORIENTED_EDGE('',*,*,#7226,.T.);
#18237 = ORIENTED_EDGE('',*,*,#18197,.F.);
#18238 = ORIENTED_EDGE('',*,*,#1887,.F.);
#18239 = PLANE('',#18240);
#18240 = AXIS2_PLACEMENT_3D('',#18241,#18242,#18243);
#18241 = CARTESIAN_POINT('',(-70.697835,-21.406877,0.));
#18242 = DIRECTION('',(-0.999923840682,-1.234150865061E-02,0.));
#18243 = DIRECTION('',(-1.234150865061E-02,0.999923840682,0.));
#18244 = ADVANCED_FACE('',(#18245),#18256,.T.);
#18245 = FACE_BOUND('',#18246,.T.);
#18246 = EDGE_LOOP('',(#18247,#18248,#18249,#18255));
#18247 = ORIENTED_EDGE('',*,*,#18216,.T.);
#18248 = ORIENTED_EDGE('',*,*,#7474,.T.);
#18249 = ORIENTED_EDGE('',*,*,#18250,.F.);
#18250 = EDGE_CURVE('',#2128,#7467,#18251,.T.);
#18251 = LINE('',#18252,#18253);
#18252 = CARTESIAN_POINT('',(-53.941013,-69.006738,0.));
#18253 = VECTOR('',#18254,1.);
#18254 = DIRECTION('',(0.,0.,1.));
#18255 = ORIENTED_EDGE('',*,*,#2135,.F.);
#18256 = PLANE('',#18257);
#18257 = AXIS2_PLACEMENT_3D('',#18258,#18259,#18260);
#18258 = CARTESIAN_POINT('',(-52.575048,-71.115948,0.));
#18259 = DIRECTION('',(-0.839355544414,-0.543582808836,0.));
#18260 = DIRECTION('',(-0.543582808836,0.839355544414,0.));
#18261 = ADVANCED_FACE('',(#18262),#18273,.T.);
#18262 = FACE_BOUND('',#18263,.T.);
#18263 = EDGE_LOOP('',(#18264,#18270,#18271,#18272));
#18264 = ORIENTED_EDGE('',*,*,#18265,.T.);
#18265 = EDGE_CURVE('',#1896,#7235,#18266,.T.);
#18266 = LINE('',#18267,#18268);
#18267 = CARTESIAN_POINT('',(-70.677845,-22.216325,0.));
#18268 = VECTOR('',#18269,1.);
#18269 = DIRECTION('',(0.,0.,1.));
#18270 = ORIENTED_EDGE('',*,*,#7234,.T.);
#18271 = ORIENTED_EDGE('',*,*,#18231,.F.);
#18272 = ORIENTED_EDGE('',*,*,#1895,.F.);
#18273 = PLANE('',#18274);
#18274 = AXIS2_PLACEMENT_3D('',#18275,#18276,#18277);
#18275 = CARTESIAN_POINT('',(-70.677845,-22.216325,0.));
#18276 = DIRECTION('',(-0.999695197105,-2.468831474057E-02,0.));
#18277 = DIRECTION('',(-2.468831474057E-02,0.999695197105,0.));
#18278 = ADVANCED_FACE('',(#18279),#18290,.T.);
#18279 = FACE_BOUND('',#18280,.T.);
#18280 = EDGE_LOOP('',(#18281,#18282,#18283,#18289));
#18281 = ORIENTED_EDGE('',*,*,#18250,.T.);
#18282 = ORIENTED_EDGE('',*,*,#7466,.T.);
#18283 = ORIENTED_EDGE('',*,*,#18284,.F.);
#18284 = EDGE_CURVE('',#2120,#7459,#18285,.T.);
#18285 = LINE('',#18286,#18287);
#18286 = CARTESIAN_POINT('',(-55.254851,-66.905849,0.));
#18287 = VECTOR('',#18288,1.);
#18288 = DIRECTION('',(0.,0.,1.));
#18289 = ORIENTED_EDGE('',*,*,#2127,.F.);
#18290 = PLANE('',#18291);
#18291 = AXIS2_PLACEMENT_3D('',#18292,#18293,#18294);
#18292 = CARTESIAN_POINT('',(-53.941013,-69.006738,0.));
#18293 = DIRECTION('',(-0.847856366508,-0.530225972367,0.));
#18294 = DIRECTION('',(-0.530225972367,0.847856366508,0.));
#18295 = ADVANCED_FACE('',(#18296),#18307,.T.);
#18296 = FACE_BOUND('',#18297,.T.);
#18297 = EDGE_LOOP('',(#18298,#18304,#18305,#18306));
#18298 = ORIENTED_EDGE('',*,*,#18299,.T.);
#18299 = EDGE_CURVE('',#1904,#7243,#18300,.T.);
#18300 = LINE('',#18301,#18302);
#18301 = CARTESIAN_POINT('',(-70.647868,-23.025078,0.));
#18302 = VECTOR('',#18303,1.);
#18303 = DIRECTION('',(0.,0.,1.));
#18304 = ORIENTED_EDGE('',*,*,#7242,.T.);
#18305 = ORIENTED_EDGE('',*,*,#18265,.F.);
#18306 = ORIENTED_EDGE('',*,*,#1903,.F.);
#18307 = PLANE('',#18308);
#18308 = AXIS2_PLACEMENT_3D('',#18309,#18310,#18311);
#18309 = CARTESIAN_POINT('',(-70.647868,-23.025078,0.));
#18310 = DIRECTION('',(-0.999313773768,-3.704026939777E-02,0.));
#18311 = DIRECTION('',(-3.704026939777E-02,0.999313773768,0.));
#18312 = ADVANCED_FACE('',(#18313),#18324,.T.);
#18313 = FACE_BOUND('',#18314,.T.);
#18314 = EDGE_LOOP('',(#18315,#18316,#18317,#18323));
#18315 = ORIENTED_EDGE('',*,*,#18284,.T.);
#18316 = ORIENTED_EDGE('',*,*,#7458,.T.);
#18317 = ORIENTED_EDGE('',*,*,#18318,.F.);
#18318 = EDGE_CURVE('',#2112,#7451,#18319,.T.);
#18319 = LINE('',#18320,#18321);
#18320 = CARTESIAN_POINT('',(-56.515293,-64.816442,0.));
#18321 = VECTOR('',#18322,1.);
#18322 = DIRECTION('',(0.,0.,1.));
#18323 = ORIENTED_EDGE('',*,*,#2119,.F.);
#18324 = PLANE('',#18325);
#18325 = AXIS2_PLACEMENT_3D('',#18326,#18327,#18328);
#18326 = CARTESIAN_POINT('',(-55.254851,-66.905849,0.));
#18327 = DIRECTION('',(-0.856261444612,-0.516542678267,0.));
#18328 = DIRECTION('',(-0.516542678267,0.856261444612,0.));
#18329 = ADVANCED_FACE('',(#18330),#18341,.T.);
#18330 = FACE_BOUND('',#18331,.T.);
#18331 = EDGE_LOOP('',(#18332,#18338,#18339,#18340));
#18332 = ORIENTED_EDGE('',*,*,#18333,.T.);
#18333 = EDGE_CURVE('',#1912,#7251,#18334,.T.);
#18334 = LINE('',#18335,#18336);
#18335 = CARTESIAN_POINT('',(-70.607927,-23.832698,0.));
#18336 = VECTOR('',#18337,1.);
#18337 = DIRECTION('',(0.,0.,1.));
#18338 = ORIENTED_EDGE('',*,*,#7250,.T.);
#18339 = ORIENTED_EDGE('',*,*,#18299,.F.);
#18340 = ORIENTED_EDGE('',*,*,#1911,.F.);
#18341 = PLANE('',#18342);
#18342 = AXIS2_PLACEMENT_3D('',#18343,#18344,#18345);
#18343 = CARTESIAN_POINT('',(-70.607927,-23.832698,0.));
#18344 = DIRECTION('',(-0.998779330818,-4.93948208962E-02,0.));
#18345 = DIRECTION('',(-4.93948208962E-02,0.998779330818,0.));
#18346 = ADVANCED_FACE('',(#18347),#18358,.T.);
#18347 = FACE_BOUND('',#18348,.T.);
#18348 = EDGE_LOOP('',(#18349,#18350,#18351,#18357));
#18349 = ORIENTED_EDGE('',*,*,#18318,.T.);
#18350 = ORIENTED_EDGE('',*,*,#7450,.T.);
#18351 = ORIENTED_EDGE('',*,*,#18352,.F.);
#18352 = EDGE_CURVE('',#2104,#7443,#18353,.T.);
#18353 = LINE('',#18354,#18355);
#18354 = CARTESIAN_POINT('',(-57.721357,-62.741399,0.));
#18355 = VECTOR('',#18356,1.);
#18356 = DIRECTION('',(0.,0.,1.));
#18357 = ORIENTED_EDGE('',*,*,#2111,.F.);
#18358 = PLANE('',#18359);
#18359 = AXIS2_PLACEMENT_3D('',#18360,#18361,#18362);
#18360 = CARTESIAN_POINT('',(-56.515293,-64.816442,0.));
#18361 = DIRECTION('',(-0.864571694165,-0.502509488117,0.));
#18362 = DIRECTION('',(-0.502509488117,0.864571694165,0.));
#18363 = ADVANCED_FACE('',(#18364),#18375,.T.);
#18364 = FACE_BOUND('',#18365,.T.);
#18365 = EDGE_LOOP('',(#18366,#18372,#18373,#18374));
#18366 = ORIENTED_EDGE('',*,*,#18367,.T.);
#18367 = EDGE_CURVE('',#1920,#7259,#18368,.T.);
#18368 = LINE('',#18369,#18370);
#18369 = CARTESIAN_POINT('',(-70.558014,-24.639418,0.));
#18370 = VECTOR('',#18371,1.);
#18371 = DIRECTION('',(0.,0.,1.));
#18372 = ORIENTED_EDGE('',*,*,#7258,.T.);
#18373 = ORIENTED_EDGE('',*,*,#18333,.F.);
#18374 = ORIENTED_EDGE('',*,*,#1919,.F.);
#18375 = PLANE('',#18376);
#18376 = AXIS2_PLACEMENT_3D('',#18377,#18378,#18379);
#18377 = CARTESIAN_POINT('',(-70.558014,-24.639418,0.));
#18378 = DIRECTION('',(-0.998091434809,-6.175344330826E-02,0.));
#18379 = DIRECTION('',(-6.175344330826E-02,0.998091434809,0.));
#18380 = ADVANCED_FACE('',(#18381),#18392,.T.);
#18381 = FACE_BOUND('',#18382,.T.);
#18382 = EDGE_LOOP('',(#18383,#18384,#18385,#18391));
#18383 = ORIENTED_EDGE('',*,*,#18352,.T.);
#18384 = ORIENTED_EDGE('',*,*,#7442,.T.);
#18385 = ORIENTED_EDGE('',*,*,#18386,.F.);
#18386 = EDGE_CURVE('',#2096,#7435,#18387,.T.);
#18387 = LINE('',#18388,#18389);
#18388 = CARTESIAN_POINT('',(-58.872324,-60.683329,0.));
#18389 = VECTOR('',#18390,1.);
#18390 = DIRECTION('',(0.,0.,1.));
#18391 = ORIENTED_EDGE('',*,*,#2103,.F.);
#18392 = PLANE('',#18393);
#18393 = AXIS2_PLACEMENT_3D('',#18394,#18395,#18396);
#18394 = CARTESIAN_POINT('',(-57.721357,-62.741399,0.));
#18395 = DIRECTION('',(-0.872786493224,-0.488102179103,0.));
#18396 = DIRECTION('',(-0.488102179103,0.872786493224,0.));
#18397 = ADVANCED_FACE('',(#18398),#18409,.T.);
#18398 = FACE_BOUND('',#18399,.T.);
#18399 = EDGE_LOOP('',(#18400,#18406,#18407,#18408));
#18400 = ORIENTED_EDGE('',*,*,#18401,.T.);
#18401 = EDGE_CURVE('',#1928,#7267,#18402,.T.);
#18402 = LINE('',#18403,#18404);
#18403 = CARTESIAN_POINT('',(-70.498175,-25.444639,0.));
#18404 = VECTOR('',#18405,1.);
#18405 = DIRECTION('',(0.,0.,1.));
#18406 = ORIENTED_EDGE('',*,*,#7266,.T.);
#18407 = ORIENTED_EDGE('',*,*,#18367,.F.);
#18408 = ORIENTED_EDGE('',*,*,#1927,.F.);
#18409 = PLANE('',#18410);
#18410 = AXIS2_PLACEMENT_3D('',#18411,#18412,#18413);
#18411 = CARTESIAN_POINT('',(-70.498175,-25.444639,0.));
#18412 = DIRECTION('',(-0.997250117066,-7.410940568507E-02,0.));
#18413 = DIRECTION('',(-7.410940568507E-02,0.997250117066,0.));
#18414 = ADVANCED_FACE('',(#18415),#18426,.T.);
#18415 = FACE_BOUND('',#18416,.T.);
#18416 = EDGE_LOOP('',(#18417,#18418,#18419,#18425));
#18417 = ORIENTED_EDGE('',*,*,#18386,.T.);
#18418 = ORIENTED_EDGE('',*,*,#7434,.T.);
#18419 = ORIENTED_EDGE('',*,*,#18420,.F.);
#18420 = EDGE_CURVE('',#2088,#7427,#18421,.T.);
#18421 = LINE('',#18422,#18423);
#18422 = CARTESIAN_POINT('',(-59.96772,-58.644579,0.));
#18423 = VECTOR('',#18424,1.);
#18424 = DIRECTION('',(0.,0.,1.));
#18425 = ORIENTED_EDGE('',*,*,#2095,.F.);
#18426 = PLANE('',#18427);
#18427 = AXIS2_PLACEMENT_3D('',#18428,#18429,#18430);
#18428 = CARTESIAN_POINT('',(-58.872324,-60.683329,0.));
#18429 = DIRECTION('',(-0.88090224795,-0.473298245884,0.));
#18430 = DIRECTION('',(-0.473298245884,0.88090224795,0.));
#18431 = ADVANCED_FACE('',(#18432),#18443,.T.);
#18432 = FACE_BOUND('',#18433,.T.);
#18433 = EDGE_LOOP('',(#18434,#18440,#18441,#18442));
#18434 = ORIENTED_EDGE('',*,*,#18435,.T.);
#18435 = EDGE_CURVE('',#1936,#7275,#18436,.T.);
#18436 = LINE('',#18437,#18438);
#18437 = CARTESIAN_POINT('',(-70.428384,-26.248757,0.));
#18438 = VECTOR('',#18439,1.);
#18439 = DIRECTION('',(0.,0.,1.));
#18440 = ORIENTED_EDGE('',*,*,#7274,.T.);
#18441 = ORIENTED_EDGE('',*,*,#18401,.F.);
#18442 = ORIENTED_EDGE('',*,*,#1935,.F.);
#18443 = PLANE('',#18444);
#18444 = AXIS2_PLACEMENT_3D('',#18445,#18446,#18447);
#18445 = CARTESIAN_POINT('',(-70.428384,-26.248757,0.));
#18446 = DIRECTION('',(-0.996254721619,-8.646692808333E-02,0.));
#18447 = DIRECTION('',(-8.646692808333E-02,0.996254721619,0.));
#18448 = ADVANCED_FACE('',(#18449),#18460,.T.);
#18449 = FACE_BOUND('',#18450,.T.);
#18450 = EDGE_LOOP('',(#18451,#18452,#18453,#18459));
#18451 = ORIENTED_EDGE('',*,*,#18420,.T.);
#18452 = ORIENTED_EDGE('',*,*,#7426,.T.);
#18453 = ORIENTED_EDGE('',*,*,#18454,.F.);
#18454 = EDGE_CURVE('',#2080,#7419,#18455,.T.);
#18455 = LINE('',#18456,#18457);
#18456 = CARTESIAN_POINT('',(-61.007289,-56.627242,0.));
#18457 = VECTOR('',#18458,1.);
#18458 = DIRECTION('',(0.,0.,1.));
#18459 = ORIENTED_EDGE('',*,*,#2087,.F.);
#18460 = PLANE('',#18461);
#18461 = AXIS2_PLACEMENT_3D('',#18462,#18463,#18464);
#18462 = CARTESIAN_POINT('',(-59.96772,-58.644579,0.));
#18463 = DIRECTION('',(-0.888914491607,-0.458073167312,0.));
#18464 = DIRECTION('',(-0.458073167312,0.888914491607,0.));
#18465 = ADVANCED_FACE('',(#18466),#18477,.T.);
#18466 = FACE_BOUND('',#18467,.T.);
#18467 = EDGE_LOOP('',(#18468,#18474,#18475,#18476));
#18468 = ORIENTED_EDGE('',*,*,#18469,.T.);
#18469 = EDGE_CURVE('',#1944,#7283,#18470,.T.);
#18470 = LINE('',#18471,#18472);
#18471 = CARTESIAN_POINT('',(-70.367798,-26.867771,0.));
#18472 = VECTOR('',#18473,1.);
#18473 = DIRECTION('',(0.,0.,1.));
#18474 = ORIENTED_EDGE('',*,*,#7282,.T.);
#18475 = ORIENTED_EDGE('',*,*,#18435,.F.);
#18476 = ORIENTED_EDGE('',*,*,#1943,.F.);
#18477 = PLANE('',#18478);
#18478 = AXIS2_PLACEMENT_3D('',#18479,#18480,#18481);
#18479 = CARTESIAN_POINT('',(-70.367798,-26.867771,0.));
#18480 = DIRECTION('',(-0.995244381686,-9.740955149452E-02,0.));
#18481 = DIRECTION('',(-9.740955149452E-02,0.995244381686,0.));
#18482 = ADVANCED_FACE('',(#18483),#18494,.T.);
#18483 = FACE_BOUND('',#18484,.T.);
#18484 = EDGE_LOOP('',(#18485,#18486,#18487,#18493));
#18485 = ORIENTED_EDGE('',*,*,#18454,.T.);
#18486 = ORIENTED_EDGE('',*,*,#7418,.T.);
#18487 = ORIENTED_EDGE('',*,*,#18488,.F.);
#18488 = EDGE_CURVE('',#2072,#7411,#18489,.T.);
#18489 = LINE('',#18490,#18491);
#18490 = CARTESIAN_POINT('',(-61.990976,-54.633172,0.));
#18491 = VECTOR('',#18492,1.);
#18492 = DIRECTION('',(0.,0.,1.));
#18493 = ORIENTED_EDGE('',*,*,#2079,.F.);
#18494 = PLANE('',#18495);
#18495 = AXIS2_PLACEMENT_3D('',#18496,#18497,#18498);
#18496 = CARTESIAN_POINT('',(-61.007289,-56.627242,0.));
#18497 = DIRECTION('',(-0.896815556184,-0.442404631741,0.));
#18498 = DIRECTION('',(-0.442404631741,0.896815556184,0.));
#18499 = ADVANCED_FACE('',(#18500),#18511,.T.);
#18500 = FACE_BOUND('',#18501,.T.);
#18501 = EDGE_LOOP('',(#18502,#18508,#18509,#18510));
#18502 = ORIENTED_EDGE('',*,*,#18503,.T.);
#18503 = EDGE_CURVE('',#1952,#7291,#18504,.T.);
#18504 = LINE('',#18505,#18506);
#18505 = CARTESIAN_POINT('',(-70.182784,-28.474624,0.));
#18506 = VECTOR('',#18507,1.);
#18507 = DIRECTION('',(0.,0.,1.));
#18508 = ORIENTED_EDGE('',*,*,#7290,.T.);
#18509 = ORIENTED_EDGE('',*,*,#18469,.F.);
#18510 = ORIENTED_EDGE('',*,*,#1951,.F.);
#18511 = PLANE('',#18512);
#18512 = AXIS2_PLACEMENT_3D('',#18513,#18514,#18515);
#18513 = CARTESIAN_POINT('',(-70.182784,-28.474624,0.));
#18514 = DIRECTION('',(-0.99343651169,-0.114384864561,0.));
#18515 = DIRECTION('',(-0.114384864561,0.99343651169,0.));
#18516 = ADVANCED_FACE('',(#18517),#18528,.T.);
#18517 = FACE_BOUND('',#18518,.T.);
#18518 = EDGE_LOOP('',(#18519,#18520,#18521,#18527));
#18519 = ORIENTED_EDGE('',*,*,#18488,.T.);
#18520 = ORIENTED_EDGE('',*,*,#7410,.T.);
#18521 = ORIENTED_EDGE('',*,*,#18522,.F.);
#18522 = EDGE_CURVE('',#2064,#7403,#18523,.T.);
#18523 = LINE('',#18524,#18525);
#18524 = CARTESIAN_POINT('',(-62.861439,-52.787004,0.));
#18525 = VECTOR('',#18526,1.);
#18526 = DIRECTION('',(0.,0.,1.));
#18527 = ORIENTED_EDGE('',*,*,#2071,.F.);
#18528 = PLANE('',#18529);
#18529 = AXIS2_PLACEMENT_3D('',#18530,#18531,#18532);
#18530 = CARTESIAN_POINT('',(-61.990976,-54.633172,0.));
#18531 = DIRECTION('',(-0.904501707007,-0.426470001314,0.));
#18532 = DIRECTION('',(-0.426470001314,0.904501707007,0.));
#18533 = ADVANCED_FACE('',(#18534),#18545,.T.);
#18534 = FACE_BOUND('',#18535,.T.);
#18535 = EDGE_LOOP('',(#18536,#18542,#18543,#18544));
#18536 = ORIENTED_EDGE('',*,*,#18537,.T.);
#18537 = EDGE_CURVE('',#1960,#7299,#18538,.T.);
#18538 = LINE('',#18539,#18540);
#18539 = CARTESIAN_POINT('',(-69.956295,-30.093652,0.));
#18540 = VECTOR('',#18541,1.);
#18541 = DIRECTION('',(0.,0.,1.));
#18542 = ORIENTED_EDGE('',*,*,#7298,.T.);
#18543 = ORIENTED_EDGE('',*,*,#18503,.F.);
#18544 = ORIENTED_EDGE('',*,*,#1959,.F.);
#18545 = PLANE('',#18546);
#18546 = AXIS2_PLACEMENT_3D('',#18547,#18548,#18549);
#18547 = CARTESIAN_POINT('',(-69.956295,-30.093652,0.));
#18548 = DIRECTION('',(-0.990356432909,-0.138542902367,0.));
#18549 = DIRECTION('',(-0.138542902367,0.990356432909,0.));
#18550 = ADVANCED_FACE('',(#18551),#18562,.T.);
#18551 = FACE_BOUND('',#18552,.T.);
#18552 = EDGE_LOOP('',(#18553,#18554,#18555,#18561));
#18553 = ORIENTED_EDGE('',*,*,#18522,.T.);
#18554 = ORIENTED_EDGE('',*,*,#7402,.T.);
#18555 = ORIENTED_EDGE('',*,*,#18556,.F.);
#18556 = EDGE_CURVE('',#2056,#7395,#18557,.T.);
#18557 = LINE('',#18558,#18559);
#18558 = CARTESIAN_POINT('',(-63.711291,-50.895603,0.));
#18559 = VECTOR('',#18560,1.);
#18560 = DIRECTION('',(0.,0.,1.));
#18561 = ORIENTED_EDGE('',*,*,#2063,.F.);
#18562 = PLANE('',#18563);
#18563 = AXIS2_PLACEMENT_3D('',#18564,#18565,#18566);
#18564 = CARTESIAN_POINT('',(-62.861439,-52.787004,0.));
#18565 = DIRECTION('',(-0.912152086124,-0.409851890052,0.));
#18566 = DIRECTION('',(-0.409851890052,0.912152086124,0.));
#18567 = ADVANCED_FACE('',(#18568),#18579,.T.);
#18568 = FACE_BOUND('',#18569,.T.);
#18569 = EDGE_LOOP('',(#18570,#18576,#18577,#18578));
#18570 = ORIENTED_EDGE('',*,*,#18571,.T.);
#18571 = EDGE_CURVE('',#1968,#7307,#18572,.T.);
#18572 = LINE('',#18573,#18574);
#18573 = CARTESIAN_POINT('',(-69.687763,-31.725881,0.));
#18574 = VECTOR('',#18575,1.);
#18575 = DIRECTION('',(0.,0.,1.));
#18576 = ORIENTED_EDGE('',*,*,#7306,.T.);
#18577 = ORIENTED_EDGE('',*,*,#18537,.F.);
#18578 = ORIENTED_EDGE('',*,*,#1967,.F.);
#18579 = PLANE('',#18580);
#18580 = AXIS2_PLACEMENT_3D('',#18581,#18582,#18583);
#18581 = CARTESIAN_POINT('',(-69.687763,-31.725881,0.));
#18582 = DIRECTION('',(-0.98673548552,-0.162336322537,0.));
#18583 = DIRECTION('',(-0.162336322537,0.98673548552,0.));
#18584 = ADVANCED_FACE('',(#18585),#18596,.T.);
#18585 = FACE_BOUND('',#18586,.T.);
#18586 = EDGE_LOOP('',(#18587,#18588,#18589,#18595));
#18587 = ORIENTED_EDGE('',*,*,#18556,.T.);
#18588 = ORIENTED_EDGE('',*,*,#7394,.T.);
#18589 = ORIENTED_EDGE('',*,*,#18590,.F.);
#18590 = EDGE_CURVE('',#2048,#7387,#18591,.T.);
#18591 = LINE('',#18592,#18593);
#18592 = CARTESIAN_POINT('',(-64.50487,-49.034857,0.));
#18593 = VECTOR('',#18594,1.);
#18594 = DIRECTION('',(0.,0.,1.));
#18595 = ORIENTED_EDGE('',*,*,#2055,.F.);
#18596 = PLANE('',#18597);
#18597 = AXIS2_PLACEMENT_3D('',#18598,#18599,#18600);
#18598 = CARTESIAN_POINT('',(-63.711291,-50.895603,0.));
#18599 = DIRECTION('',(-0.919838698864,-0.392296785701,0.));
#18600 = DIRECTION('',(-0.392296785701,0.919838698864,0.));
#18601 = ADVANCED_FACE('',(#18602),#18613,.T.);
#18602 = FACE_BOUND('',#18603,.T.);
#18603 = EDGE_LOOP('',(#18604,#18610,#18611,#18612));
#18604 = ORIENTED_EDGE('',*,*,#18605,.T.);
#18605 = EDGE_CURVE('',#1976,#7315,#18606,.T.);
#18606 = LINE('',#18607,#18608);
#18607 = CARTESIAN_POINT('',(-69.376542,-33.372375,0.));
#18608 = VECTOR('',#18609,1.);
#18609 = DIRECTION('',(0.,0.,1.));
#18610 = ORIENTED_EDGE('',*,*,#7314,.T.);
#18611 = ORIENTED_EDGE('',*,*,#18571,.F.);
#18612 = ORIENTED_EDGE('',*,*,#1975,.F.);
#18613 = PLANE('',#18614);
#18614 = AXIS2_PLACEMENT_3D('',#18615,#18616,#18617);
#18615 = CARTESIAN_POINT('',(-69.376542,-33.372375,0.));
#18616 = DIRECTION('',(-0.982600520892,-0.185731570666,0.));
#18617 = DIRECTION('',(-0.185731570666,0.982600520892,0.));
#18618 = ADVANCED_FACE('',(#18619),#18630,.T.);
#18619 = FACE_BOUND('',#18620,.T.);
#18620 = EDGE_LOOP('',(#18621,#18622,#18623,#18629));
#18621 = ORIENTED_EDGE('',*,*,#18590,.T.);
#18622 = ORIENTED_EDGE('',*,*,#7386,.T.);
#18623 = ORIENTED_EDGE('',*,*,#18624,.F.);
#18624 = EDGE_CURVE('',#2040,#7379,#18625,.T.);
#18625 = LINE('',#18626,#18627);
#18626 = CARTESIAN_POINT('',(-65.244058,-47.202692,0.));
#18627 = VECTOR('',#18628,1.);
#18628 = DIRECTION('',(0.,0.,1.));
#18629 = ORIENTED_EDGE('',*,*,#2047,.F.);
#18630 = PLANE('',#18631);
#18631 = AXIS2_PLACEMENT_3D('',#18632,#18633,#18634);
#18632 = CARTESIAN_POINT('',(-64.50487,-49.034857,0.));
#18633 = DIRECTION('',(-0.927369163485,-0.374147610733,0.));
#18634 = DIRECTION('',(-0.374147610733,0.927369163485,0.));
#18635 = ADVANCED_FACE('',(#18636),#18647,.T.);
#18636 = FACE_BOUND('',#18637,.T.);
#18637 = EDGE_LOOP('',(#18638,#18644,#18645,#18646));
#18638 = ORIENTED_EDGE('',*,*,#18639,.T.);
#18639 = EDGE_CURVE('',#1984,#7323,#18640,.T.);
#18640 = LINE('',#18641,#18642);
#18641 = CARTESIAN_POINT('',(-69.021903,-35.034239,0.));
#18642 = VECTOR('',#18643,1.);
#18643 = DIRECTION('',(0.,0.,1.));
#18644 = ORIENTED_EDGE('',*,*,#7322,.T.);
#18645 = ORIENTED_EDGE('',*,*,#18605,.F.);
#18646 = ORIENTED_EDGE('',*,*,#1983,.F.);
#18647 = PLANE('',#18648);
#18648 = AXIS2_PLACEMENT_3D('',#18649,#18650,#18651);
#18649 = CARTESIAN_POINT('',(-69.021903,-35.034239,0.));
#18650 = DIRECTION('',(-0.977979864478,-0.208699268507,0.));
#18651 = DIRECTION('',(-0.208699268507,0.977979864478,0.));
#18652 = ADVANCED_FACE('',(#18653),#18664,.T.);
#18653 = FACE_BOUND('',#18654,.T.);
#18654 = EDGE_LOOP('',(#18655,#18656,#18657,#18663));
#18655 = ORIENTED_EDGE('',*,*,#18624,.T.);
#18656 = ORIENTED_EDGE('',*,*,#7378,.T.);
#18657 = ORIENTED_EDGE('',*,*,#18658,.F.);
#18658 = EDGE_CURVE('',#2032,#7371,#18659,.T.);
#18659 = LINE('',#18660,#18661);
#18660 = CARTESIAN_POINT('',(-65.930565,-45.397205,0.));
#18661 = VECTOR('',#18662,1.);
#18662 = DIRECTION('',(0.,0.,1.));
#18663 = ORIENTED_EDGE('',*,*,#2039,.F.);
#18664 = PLANE('',#18665);
#18665 = AXIS2_PLACEMENT_3D('',#18666,#18667,#18668);
#18666 = CARTESIAN_POINT('',(-65.244058,-47.202692,0.));
#18667 = DIRECTION('',(-0.934711027465,-0.355408631207,0.));
#18668 = DIRECTION('',(-0.355408631207,0.934711027465,0.));
#18669 = ADVANCED_FACE('',(#18670),#18681,.T.);
#18670 = FACE_BOUND('',#18671,.T.);
#18671 = EDGE_LOOP('',(#18672,#18678,#18679,#18680));
#18672 = ORIENTED_EDGE('',*,*,#18673,.T.);
#18673 = EDGE_CURVE('',#1992,#7331,#18674,.T.);
#18674 = LINE('',#18675,#18676);
#18675 = CARTESIAN_POINT('',(-68.623038,-36.712628,0.));
#18676 = VECTOR('',#18677,1.);
#18677 = DIRECTION('',(0.,0.,1.));
#18678 = ORIENTED_EDGE('',*,*,#7330,.T.);
#18679 = ORIENTED_EDGE('',*,*,#18639,.F.);
#18680 = ORIENTED_EDGE('',*,*,#1991,.F.);
#18681 = PLANE('',#18682);
#18682 = AXIS2_PLACEMENT_3D('',#18683,#18684,#18685);
#18683 = CARTESIAN_POINT('',(-68.623038,-36.712628,0.));
#18684 = DIRECTION('',(-0.972904272441,-0.231208297139,0.));
#18685 = DIRECTION('',(-0.231208297139,0.972904272441,0.));
#18686 = ADVANCED_FACE('',(#18687),#18698,.T.);
#18687 = FACE_BOUND('',#18688,.T.);
#18688 = EDGE_LOOP('',(#18689,#18690,#18691,#18697));
#18689 = ORIENTED_EDGE('',*,*,#18658,.T.);
#18690 = ORIENTED_EDGE('',*,*,#7370,.T.);
#18691 = ORIENTED_EDGE('',*,*,#18692,.F.);
#18692 = EDGE_CURVE('',#2024,#7363,#18693,.T.);
#18693 = LINE('',#18694,#18695);
#18694 = CARTESIAN_POINT('',(-66.565952,-43.616642,0.));
#18695 = VECTOR('',#18696,1.);
#18696 = DIRECTION('',(0.,0.,1.));
#18697 = ORIENTED_EDGE('',*,*,#2031,.F.);
#18698 = PLANE('',#18699);
#18699 = AXIS2_PLACEMENT_3D('',#18700,#18701,#18702);
#18700 = CARTESIAN_POINT('',(-65.930565,-45.397205,0.));
#18701 = DIRECTION('',(-0.941830400466,-0.33608852518,0.));
#18702 = DIRECTION('',(-0.33608852518,0.941830400466,0.));
#18703 = ADVANCED_FACE('',(#18704),#18715,.T.);
#18704 = FACE_BOUND('',#18705,.T.);
#18705 = EDGE_LOOP('',(#18706,#18712,#18713,#18714));
#18706 = ORIENTED_EDGE('',*,*,#18707,.T.);
#18707 = EDGE_CURVE('',#2000,#7339,#18708,.T.);
#18708 = LINE('',#18709,#18710);
#18709 = CARTESIAN_POINT('',(-68.179049,-38.408755,0.));
#18710 = VECTOR('',#18711,1.);
#18711 = DIRECTION('',(0.,0.,1.));
#18712 = ORIENTED_EDGE('',*,*,#7338,.T.);
#18713 = ORIENTED_EDGE('',*,*,#18673,.F.);
#18714 = ORIENTED_EDGE('',*,*,#1999,.F.);
#18715 = PLANE('',#18716);
#18716 = AXIS2_PLACEMENT_3D('',#18717,#18718,#18719);
#18717 = CARTESIAN_POINT('',(-68.179049,-38.408755,0.));
#18718 = DIRECTION('',(-0.967405029644,-0.253234098453,0.));
#18719 = DIRECTION('',(-0.253234098453,0.967405029644,0.));
#18720 = ADVANCED_FACE('',(#18721),#18732,.T.);
#18721 = FACE_BOUND('',#18722,.T.);
#18722 = EDGE_LOOP('',(#18723,#18724,#18725,#18731));
#18723 = ORIENTED_EDGE('',*,*,#18692,.T.);
#18724 = ORIENTED_EDGE('',*,*,#7362,.T.);
#18725 = ORIENTED_EDGE('',*,*,#18726,.F.);
#18726 = EDGE_CURVE('',#2016,#7355,#18727,.T.);
#18727 = LINE('',#18728,#18729);
#18728 = CARTESIAN_POINT('',(-67.151645,-41.859377,0.));
#18729 = VECTOR('',#18730,1.);
#18730 = DIRECTION('',(0.,0.,1.));
#18731 = ORIENTED_EDGE('',*,*,#2023,.F.);
#18732 = PLANE('',#18733);
#18733 = AXIS2_PLACEMENT_3D('',#18734,#18735,#18736);
#18734 = CARTESIAN_POINT('',(-66.565952,-43.616642,0.));
#18735 = DIRECTION('',(-0.94869333914,-0.316197641153,0.));
#18736 = DIRECTION('',(-0.316197641153,0.94869333914,0.));
#18737 = ADVANCED_FACE('',(#18738),#18749,.T.);
#18738 = FACE_BOUND('',#18739,.T.);
#18739 = EDGE_LOOP('',(#18740,#18746,#18747,#18748));
#18740 = ORIENTED_EDGE('',*,*,#18741,.T.);
#18741 = EDGE_CURVE('',#2008,#7347,#18742,.T.);
#18742 = LINE('',#18743,#18744);
#18743 = CARTESIAN_POINT('',(-67.688947,-40.12389,0.));
#18744 = VECTOR('',#18745,1.);
#18745 = DIRECTION('',(0.,0.,1.));
#18746 = ORIENTED_EDGE('',*,*,#7346,.T.);
#18747 = ORIENTED_EDGE('',*,*,#18707,.F.);
#18748 = ORIENTED_EDGE('',*,*,#2007,.F.);
#18749 = PLANE('',#18750);
#18750 = AXIS2_PLACEMENT_3D('',#18751,#18752,#18753);
#18751 = CARTESIAN_POINT('',(-67.688947,-40.12389,0.));
#18752 = DIRECTION('',(-0.961514554288,-0.274754002505,0.));
#18753 = DIRECTION('',(-0.274754002505,0.961514554288,0.));
#18754 = ADVANCED_FACE('',(#18755),#18761,.T.);
#18755 = FACE_BOUND('',#18756,.T.);
#18756 = EDGE_LOOP('',(#18757,#18758,#18759,#18760));
#18757 = ORIENTED_EDGE('',*,*,#18726,.T.);
#18758 = ORIENTED_EDGE('',*,*,#7354,.T.);
#18759 = ORIENTED_EDGE('',*,*,#18741,.F.);
#18760 = ORIENTED_EDGE('',*,*,#2015,.F.);
#18761 = PLANE('',#18762);
#18762 = AXIS2_PLACEMENT_3D('',#18763,#18764,#18765);
#18763 = CARTESIAN_POINT('',(-67.151645,-41.859377,0.));
#18764 = DIRECTION('',(-0.955266072741,-0.295747747702,0.));
#18765 = DIRECTION('',(-0.295747747702,0.955266072741,0.));
#18766 = ADVANCED_FACE('',(#18767),#18778,.F.);
#18767 = FACE_BOUND('',#18768,.T.);
#18768 = EDGE_LOOP('',(#18769,#18770,#18776,#18777));
#18769 = ORIENTED_EDGE('',*,*,#3889,.T.);
#18770 = ORIENTED_EDGE('',*,*,#18771,.T.);
#18771 = EDGE_CURVE('',#3890,#9229,#18772,.T.);
#18772 = LINE('',#18773,#18774);
#18773 = CARTESIAN_POINT('',(-21.345133,-103.004867,-4.6E-02));
#18774 = VECTOR('',#18775,1.);
#18775 = DIRECTION('',(0.,0.,1.));
#18776 = ORIENTED_EDGE('',*,*,#9228,.F.);
#18777 = ORIENTED_EDGE('',*,*,#18771,.F.);
#18778 = CYLINDRICAL_SURFACE('',#18779,0.45);
#18779 = AXIS2_PLACEMENT_3D('',#18780,#18781,#18782);
#18780 = CARTESIAN_POINT('',(-21.345133,-102.554867,-4.6E-02));
#18781 = DIRECTION('',(-0.,-0.,-1.));
#18782 = DIRECTION('',(-0.,-1.,0.));
#18783 = ADVANCED_FACE('',(#18784),#18795,.F.);
#18784 = FACE_BOUND('',#18785,.T.);
#18785 = EDGE_LOOP('',(#18786,#18787,#18793,#18794));
#18786 = ORIENTED_EDGE('',*,*,#3900,.T.);
#18787 = ORIENTED_EDGE('',*,*,#18788,.T.);
#18788 = EDGE_CURVE('',#3901,#9240,#18789,.T.);
#18789 = LINE('',#18790,#18791);
#18790 = CARTESIAN_POINT('',(-23.68,-100.67,-4.6E-02));
#18791 = VECTOR('',#18792,1.);
#18792 = DIRECTION('',(0.,0.,1.));
#18793 = ORIENTED_EDGE('',*,*,#9239,.F.);
#18794 = ORIENTED_EDGE('',*,*,#18788,.F.);
#18795 = CYLINDRICAL_SURFACE('',#18796,0.45);
#18796 = AXIS2_PLACEMENT_3D('',#18797,#18798,#18799);
#18797 = CARTESIAN_POINT('',(-23.68,-100.22,-4.6E-02));
#18798 = DIRECTION('',(-0.,-0.,-1.));
#18799 = DIRECTION('',(-0.,-1.,0.));
#18800 = ADVANCED_FACE('',(#18801),#18812,.F.);
#18801 = FACE_BOUND('',#18802,.T.);
#18802 = EDGE_LOOP('',(#18803,#18804,#18810,#18811));
#18803 = ORIENTED_EDGE('',*,*,#3911,.T.);
#18804 = ORIENTED_EDGE('',*,*,#18805,.T.);
#18805 = EDGE_CURVE('',#3912,#9251,#18806,.T.);
#18806 = LINE('',#18807,#18808);
#18807 = CARTESIAN_POINT('',(-21.524738,-100.67,-4.6E-02));
#18808 = VECTOR('',#18809,1.);
#18809 = DIRECTION('',(0.,0.,1.));
#18810 = ORIENTED_EDGE('',*,*,#9250,.F.);
#18811 = ORIENTED_EDGE('',*,*,#18805,.F.);
#18812 = CYLINDRICAL_SURFACE('',#18813,0.45);
#18813 = AXIS2_PLACEMENT_3D('',#18814,#18815,#18816);
#18814 = CARTESIAN_POINT('',(-21.524738,-100.22,-4.6E-02));
#18815 = DIRECTION('',(-0.,-0.,-1.));
#18816 = DIRECTION('',(-0.,-1.,0.));
#18817 = ADVANCED_FACE('',(#18818),#18829,.F.);
#18818 = FACE_BOUND('',#18819,.T.);
#18819 = EDGE_LOOP('',(#18820,#18821,#18827,#18828));
#18820 = ORIENTED_EDGE('',*,*,#3922,.T.);
#18821 = ORIENTED_EDGE('',*,*,#18822,.T.);
#18822 = EDGE_CURVE('',#3923,#9262,#18823,.T.);
#18823 = LINE('',#18824,#18825);
#18824 = CARTESIAN_POINT('',(-23.68,-98.514739,-4.6E-02));
#18825 = VECTOR('',#18826,1.);
#18826 = DIRECTION('',(0.,0.,1.));
#18827 = ORIENTED_EDGE('',*,*,#9261,.F.);
#18828 = ORIENTED_EDGE('',*,*,#18822,.F.);
#18829 = CYLINDRICAL_SURFACE('',#18830,0.45);
#18830 = AXIS2_PLACEMENT_3D('',#18831,#18832,#18833);
#18831 = CARTESIAN_POINT('',(-23.68,-98.064739,-4.6E-02));
#18832 = DIRECTION('',(-0.,-0.,-1.));
#18833 = DIRECTION('',(-0.,-1.,0.));
#18834 = ADVANCED_FACE('',(#18835),#18846,.F.);
#18835 = FACE_BOUND('',#18836,.T.);
#18836 = EDGE_LOOP('',(#18837,#18838,#18844,#18845));
#18837 = ORIENTED_EDGE('',*,*,#3933,.T.);
#18838 = ORIENTED_EDGE('',*,*,#18839,.T.);
#18839 = EDGE_CURVE('',#3934,#9273,#18840,.T.);
#18840 = LINE('',#18841,#18842);
#18841 = CARTESIAN_POINT('',(6.228,-122.984,-4.6E-02));
#18842 = VECTOR('',#18843,1.);
#18843 = DIRECTION('',(0.,0.,1.));
#18844 = ORIENTED_EDGE('',*,*,#9272,.F.);
#18845 = ORIENTED_EDGE('',*,*,#18839,.F.);
#18846 = CYLINDRICAL_SURFACE('',#18847,0.45);
#18847 = AXIS2_PLACEMENT_3D('',#18848,#18849,#18850);
#18848 = CARTESIAN_POINT('',(6.228,-122.534,-4.6E-02));
#18849 = DIRECTION('',(-0.,-0.,-1.));
#18850 = DIRECTION('',(-0.,-1.,0.));
#18851 = ADVANCED_FACE('',(#18852),#18863,.F.);
#18852 = FACE_BOUND('',#18853,.T.);
#18853 = EDGE_LOOP('',(#18854,#18855,#18861,#18862));
#18854 = ORIENTED_EDGE('',*,*,#3944,.T.);
#18855 = ORIENTED_EDGE('',*,*,#18856,.T.);
#18856 = EDGE_CURVE('',#3945,#9284,#18857,.T.);
#18857 = LINE('',#18858,#18859);
#18858 = CARTESIAN_POINT('',(9.276,-122.984,-4.6E-02));
#18859 = VECTOR('',#18860,1.);
#18860 = DIRECTION('',(0.,0.,1.));
#18861 = ORIENTED_EDGE('',*,*,#9283,.F.);
#18862 = ORIENTED_EDGE('',*,*,#18856,.F.);
#18863 = CYLINDRICAL_SURFACE('',#18864,0.45);
#18864 = AXIS2_PLACEMENT_3D('',#18865,#18866,#18867);
#18865 = CARTESIAN_POINT('',(9.276,-122.534,-4.6E-02));
#18866 = DIRECTION('',(-0.,-0.,-1.));
#18867 = DIRECTION('',(-0.,-1.,0.));
#18868 = ADVANCED_FACE('',(#18869),#18880,.F.);
#18869 = FACE_BOUND('',#18870,.T.);
#18870 = EDGE_LOOP('',(#18871,#18872,#18878,#18879));
#18871 = ORIENTED_EDGE('',*,*,#3955,.T.);
#18872 = ORIENTED_EDGE('',*,*,#18873,.T.);
#18873 = EDGE_CURVE('',#3956,#9295,#18874,.T.);
#18874 = LINE('',#18875,#18876);
#18875 = CARTESIAN_POINT('',(4.45,-121.46,-4.6E-02));
#18876 = VECTOR('',#18877,1.);
#18877 = DIRECTION('',(0.,0.,1.));
#18878 = ORIENTED_EDGE('',*,*,#9294,.F.);
#18879 = ORIENTED_EDGE('',*,*,#18873,.F.);
#18880 = CYLINDRICAL_SURFACE('',#18881,0.45);
#18881 = AXIS2_PLACEMENT_3D('',#18882,#18883,#18884);
#18882 = CARTESIAN_POINT('',(4.45,-121.01,-4.6E-02));
#18883 = DIRECTION('',(-0.,-0.,-1.));
#18884 = DIRECTION('',(-0.,-1.,0.));
#18885 = ADVANCED_FACE('',(#18886),#18897,.F.);
#18886 = FACE_BOUND('',#18887,.T.);
#18887 = EDGE_LOOP('',(#18888,#18889,#18895,#18896));
#18888 = ORIENTED_EDGE('',*,*,#3966,.T.);
#18889 = ORIENTED_EDGE('',*,*,#18890,.T.);
#18890 = EDGE_CURVE('',#3967,#9306,#18891,.T.);
#18891 = LINE('',#18892,#18893);
#18892 = CARTESIAN_POINT('',(7.752001,-121.46,-4.6E-02));
#18893 = VECTOR('',#18894,1.);
#18894 = DIRECTION('',(0.,0.,1.));
#18895 = ORIENTED_EDGE('',*,*,#9305,.F.);
#18896 = ORIENTED_EDGE('',*,*,#18890,.F.);
#18897 = CYLINDRICAL_SURFACE('',#18898,0.45);
#18898 = AXIS2_PLACEMENT_3D('',#18899,#18900,#18901);
#18899 = CARTESIAN_POINT('',(7.752001,-121.01,-4.6E-02));
#18900 = DIRECTION('',(-0.,-0.,-1.));
#18901 = DIRECTION('',(-0.,-1.,0.));
#18902 = ADVANCED_FACE('',(#18903),#18914,.F.);
#18903 = FACE_BOUND('',#18904,.T.);
#18904 = EDGE_LOOP('',(#18905,#18906,#18912,#18913));
#18905 = ORIENTED_EDGE('',*,*,#3977,.T.);
#18906 = ORIENTED_EDGE('',*,*,#18907,.T.);
#18907 = EDGE_CURVE('',#3978,#9317,#18908,.T.);
#18908 = LINE('',#18909,#18910);
#18909 = CARTESIAN_POINT('',(35.532,-140.384,-4.6E-02));
#18910 = VECTOR('',#18911,1.);
#18911 = DIRECTION('',(0.,0.,1.));
#18912 = ORIENTED_EDGE('',*,*,#9316,.F.);
#18913 = ORIENTED_EDGE('',*,*,#18907,.F.);
#18914 = CYLINDRICAL_SURFACE('',#18915,0.45);
#18915 = AXIS2_PLACEMENT_3D('',#18916,#18917,#18918);
#18916 = CARTESIAN_POINT('',(35.532,-139.934,-4.6E-02));
#18917 = DIRECTION('',(-0.,-0.,-1.));
#18918 = DIRECTION('',(-0.,-1.,0.));
#18919 = ADVANCED_FACE('',(#18920),#18931,.F.);
#18920 = FACE_BOUND('',#18921,.T.);
#18921 = EDGE_LOOP('',(#18922,#18923,#18929,#18930));
#18922 = ORIENTED_EDGE('',*,*,#3988,.T.);
#18923 = ORIENTED_EDGE('',*,*,#18924,.T.);
#18924 = EDGE_CURVE('',#3989,#9328,#18925,.T.);
#18925 = LINE('',#18926,#18927);
#18926 = CARTESIAN_POINT('',(37.31,-138.86,-4.6E-02));
#18927 = VECTOR('',#18928,1.);
#18928 = DIRECTION('',(0.,0.,1.));
#18929 = ORIENTED_EDGE('',*,*,#9327,.F.);
#18930 = ORIENTED_EDGE('',*,*,#18924,.F.);
#18931 = CYLINDRICAL_SURFACE('',#18932,0.45);
#18932 = AXIS2_PLACEMENT_3D('',#18933,#18934,#18935);
#18933 = CARTESIAN_POINT('',(37.31,-138.41,-4.6E-02));
#18934 = DIRECTION('',(-0.,-0.,-1.));
#18935 = DIRECTION('',(-0.,-1.,0.));
#18936 = ADVANCED_FACE('',(#18937),#18948,.F.);
#18937 = FACE_BOUND('',#18938,.T.);
#18938 = EDGE_LOOP('',(#18939,#18940,#18946,#18947));
#18939 = ORIENTED_EDGE('',*,*,#3999,.T.);
#18940 = ORIENTED_EDGE('',*,*,#18941,.T.);
#18941 = EDGE_CURVE('',#4000,#9339,#18942,.T.);
#18942 = LINE('',#18943,#18944);
#18943 = CARTESIAN_POINT('',(38.834,-140.384,-4.6E-02));
#18944 = VECTOR('',#18945,1.);
#18945 = DIRECTION('',(0.,0.,1.));
#18946 = ORIENTED_EDGE('',*,*,#9338,.F.);
#18947 = ORIENTED_EDGE('',*,*,#18941,.F.);
#18948 = CYLINDRICAL_SURFACE('',#18949,0.45);
#18949 = AXIS2_PLACEMENT_3D('',#18950,#18951,#18952);
#18950 = CARTESIAN_POINT('',(38.834,-139.934,-4.6E-02));
#18951 = DIRECTION('',(-0.,-0.,-1.));
#18952 = DIRECTION('',(-0.,-1.,0.));
#18953 = ADVANCED_FACE('',(#18954),#18965,.F.);
#18954 = FACE_BOUND('',#18955,.T.);
#18955 = EDGE_LOOP('',(#18956,#18957,#18963,#18964));
#18956 = ORIENTED_EDGE('',*,*,#4010,.T.);
#18957 = ORIENTED_EDGE('',*,*,#18958,.T.);
#18958 = EDGE_CURVE('',#4011,#9350,#18959,.T.);
#18959 = LINE('',#18960,#18961);
#18960 = CARTESIAN_POINT('',(40.358,-138.86,-4.6E-02));
#18961 = VECTOR('',#18962,1.);
#18962 = DIRECTION('',(0.,0.,1.));
#18963 = ORIENTED_EDGE('',*,*,#9349,.F.);
#18964 = ORIENTED_EDGE('',*,*,#18958,.F.);
#18965 = CYLINDRICAL_SURFACE('',#18966,0.45);
#18966 = AXIS2_PLACEMENT_3D('',#18967,#18968,#18969);
#18967 = CARTESIAN_POINT('',(40.358,-138.41,-4.6E-02));
#18968 = DIRECTION('',(-0.,-0.,-1.));
#18969 = DIRECTION('',(-1.578983857245E-14,-1.,0.));
#18970 = ADVANCED_FACE('',(#18971),#18982,.F.);
#18971 = FACE_BOUND('',#18972,.T.);
#18972 = EDGE_LOOP('',(#18973,#18974,#18980,#18981));
#18973 = ORIENTED_EDGE('',*,*,#4021,.T.);
#18974 = ORIENTED_EDGE('',*,*,#18975,.T.);
#18975 = EDGE_CURVE('',#4022,#9361,#18976,.T.);
#18976 = LINE('',#18977,#18978);
#18977 = CARTESIAN_POINT('',(35.526,-133.344,-4.6E-02));
#18978 = VECTOR('',#18979,1.);
#18979 = DIRECTION('',(0.,0.,1.));
#18980 = ORIENTED_EDGE('',*,*,#9360,.F.);
#18981 = ORIENTED_EDGE('',*,*,#18975,.F.);
#18982 = CYLINDRICAL_SURFACE('',#18983,0.45);
#18983 = AXIS2_PLACEMENT_3D('',#18984,#18985,#18986);
#18984 = CARTESIAN_POINT('',(35.526,-132.894,-4.6E-02));
#18985 = DIRECTION('',(-0.,0.,-1.));
#18986 = DIRECTION('',(1.578983857245E-14,-1.,-0.));
#18987 = ADVANCED_FACE('',(#18988),#18999,.F.);
#18988 = FACE_BOUND('',#18989,.T.);
#18989 = EDGE_LOOP('',(#18990,#18991,#18997,#18998));
#18990 = ORIENTED_EDGE('',*,*,#4032,.T.);
#18991 = ORIENTED_EDGE('',*,*,#18992,.T.);
#18992 = EDGE_CURVE('',#4033,#9372,#18993,.T.);
#18993 = LINE('',#18994,#18995);
#18994 = CARTESIAN_POINT('',(37.05,-131.82,-4.6E-02));
#18995 = VECTOR('',#18996,1.);
#18996 = DIRECTION('',(0.,0.,1.));
#18997 = ORIENTED_EDGE('',*,*,#9371,.F.);
#18998 = ORIENTED_EDGE('',*,*,#18992,.F.);
#18999 = CYLINDRICAL_SURFACE('',#19000,0.45);
#19000 = AXIS2_PLACEMENT_3D('',#19001,#19002,#19003);
#19001 = CARTESIAN_POINT('',(37.05,-131.37,-4.6E-02));
#19002 = DIRECTION('',(-0.,-0.,-1.));
#19003 = DIRECTION('',(-0.,-1.,0.));
#19004 = ADVANCED_FACE('',(#19005),#19016,.F.);
#19005 = FACE_BOUND('',#19006,.T.);
#19006 = EDGE_LOOP('',(#19007,#19008,#19014,#19015));
#19007 = ORIENTED_EDGE('',*,*,#4043,.T.);
#19008 = ORIENTED_EDGE('',*,*,#19009,.T.);
#19009 = EDGE_CURVE('',#4044,#9383,#19010,.T.);
#19010 = LINE('',#19011,#19012);
#19011 = CARTESIAN_POINT('',(38.574,-133.344,-4.6E-02));
#19012 = VECTOR('',#19013,1.);
#19013 = DIRECTION('',(0.,0.,1.));
#19014 = ORIENTED_EDGE('',*,*,#9382,.F.);
#19015 = ORIENTED_EDGE('',*,*,#19009,.F.);
#19016 = CYLINDRICAL_SURFACE('',#19017,0.45);
#19017 = AXIS2_PLACEMENT_3D('',#19018,#19019,#19020);
#19018 = CARTESIAN_POINT('',(38.574,-132.894,-4.6E-02));
#19019 = DIRECTION('',(-0.,-0.,-1.));
#19020 = DIRECTION('',(-0.,-1.,0.));
#19021 = ADVANCED_FACE('',(#19022),#19033,.F.);
#19022 = FACE_BOUND('',#19023,.T.);
#19023 = EDGE_LOOP('',(#19024,#19025,#19031,#19032));
#19024 = ORIENTED_EDGE('',*,*,#4054,.T.);
#19025 = ORIENTED_EDGE('',*,*,#19026,.T.);
#19026 = EDGE_CURVE('',#4055,#9394,#19027,.T.);
#19027 = LINE('',#19028,#19029);
#19028 = CARTESIAN_POINT('',(40.352,-131.82,-4.6E-02));
#19029 = VECTOR('',#19030,1.);
#19030 = DIRECTION('',(0.,0.,1.));
#19031 = ORIENTED_EDGE('',*,*,#9393,.F.);
#19032 = ORIENTED_EDGE('',*,*,#19026,.F.);
#19033 = CYLINDRICAL_SURFACE('',#19034,0.45);
#19034 = AXIS2_PLACEMENT_3D('',#19035,#19036,#19037);
#19035 = CARTESIAN_POINT('',(40.352,-131.37,-4.6E-02));
#19036 = DIRECTION('',(-0.,-0.,-1.));
#19037 = DIRECTION('',(-1.578983857245E-14,-1.,0.));
#19038 = ADVANCED_FACE('',(#19039),#19050,.F.);
#19039 = FACE_BOUND('',#19040,.T.);
#19040 = EDGE_LOOP('',(#19041,#19042,#19048,#19049));
#19041 = ORIENTED_EDGE('',*,*,#4065,.T.);
#19042 = ORIENTED_EDGE('',*,*,#19043,.T.);
#19043 = EDGE_CURVE('',#4066,#9405,#19044,.T.);
#19044 = LINE('',#19045,#19046);
#19045 = CARTESIAN_POINT('',(35.494,-123.374,-4.6E-02));
#19046 = VECTOR('',#19047,1.);
#19047 = DIRECTION('',(0.,0.,1.));
#19048 = ORIENTED_EDGE('',*,*,#9404,.F.);
#19049 = ORIENTED_EDGE('',*,*,#19043,.F.);
#19050 = CYLINDRICAL_SURFACE('',#19051,0.45);
#19051 = AXIS2_PLACEMENT_3D('',#19052,#19053,#19054);
#19052 = CARTESIAN_POINT('',(35.494,-122.924,-4.6E-02));
#19053 = DIRECTION('',(-0.,-0.,-1.));
#19054 = DIRECTION('',(-0.,-1.,0.));
#19055 = ADVANCED_FACE('',(#19056),#19067,.F.);
#19056 = FACE_BOUND('',#19057,.T.);
#19057 = EDGE_LOOP('',(#19058,#19059,#19065,#19066));
#19058 = ORIENTED_EDGE('',*,*,#4076,.T.);
#19059 = ORIENTED_EDGE('',*,*,#19060,.T.);
#19060 = EDGE_CURVE('',#4077,#9416,#19061,.T.);
#19061 = LINE('',#19062,#19063);
#19062 = CARTESIAN_POINT('',(37.272,-121.85,-4.6E-02));
#19063 = VECTOR('',#19064,1.);
#19064 = DIRECTION('',(0.,0.,1.));
#19065 = ORIENTED_EDGE('',*,*,#9415,.F.);
#19066 = ORIENTED_EDGE('',*,*,#19060,.F.);
#19067 = CYLINDRICAL_SURFACE('',#19068,0.45);
#19068 = AXIS2_PLACEMENT_3D('',#19069,#19070,#19071);
#19069 = CARTESIAN_POINT('',(37.272,-121.4,-4.6E-02));
#19070 = DIRECTION('',(-0.,-0.,-1.));
#19071 = DIRECTION('',(-1.578983857245E-14,-1.,0.));
#19072 = ADVANCED_FACE('',(#19073),#19084,.F.);
#19073 = FACE_BOUND('',#19074,.T.);
#19074 = EDGE_LOOP('',(#19075,#19076,#19082,#19083));
#19075 = ORIENTED_EDGE('',*,*,#4087,.T.);
#19076 = ORIENTED_EDGE('',*,*,#19077,.T.);
#19077 = EDGE_CURVE('',#4088,#9427,#19078,.T.);
#19078 = LINE('',#19079,#19080);
#19079 = CARTESIAN_POINT('',(38.796,-123.374,-4.6E-02));
#19080 = VECTOR('',#19081,1.);
#19081 = DIRECTION('',(0.,0.,1.));
#19082 = ORIENTED_EDGE('',*,*,#9426,.F.);
#19083 = ORIENTED_EDGE('',*,*,#19077,.F.);
#19084 = CYLINDRICAL_SURFACE('',#19085,0.45);
#19085 = AXIS2_PLACEMENT_3D('',#19086,#19087,#19088);
#19086 = CARTESIAN_POINT('',(38.796,-122.924,-4.6E-02));
#19087 = DIRECTION('',(-0.,-0.,-1.));
#19088 = DIRECTION('',(-0.,-1.,0.));
#19089 = ADVANCED_FACE('',(#19090),#19101,.F.);
#19090 = FACE_BOUND('',#19091,.T.);
#19091 = EDGE_LOOP('',(#19092,#19093,#19099,#19100));
#19092 = ORIENTED_EDGE('',*,*,#4098,.T.);
#19093 = ORIENTED_EDGE('',*,*,#19094,.T.);
#19094 = EDGE_CURVE('',#4099,#9438,#19095,.T.);
#19095 = LINE('',#19096,#19097);
#19096 = CARTESIAN_POINT('',(40.32,-121.85,-4.6E-02));
#19097 = VECTOR('',#19098,1.);
#19098 = DIRECTION('',(0.,0.,1.));
#19099 = ORIENTED_EDGE('',*,*,#9437,.F.);
#19100 = ORIENTED_EDGE('',*,*,#19094,.F.);
#19101 = CYLINDRICAL_SURFACE('',#19102,0.45);
#19102 = AXIS2_PLACEMENT_3D('',#19103,#19104,#19105);
#19103 = CARTESIAN_POINT('',(40.32,-121.4,-4.6E-02));
#19104 = DIRECTION('',(-0.,-0.,-1.));
#19105 = DIRECTION('',(-0.,-1.,0.));
#19106 = ADVANCED_FACE('',(#19107),#19118,.F.);
#19107 = FACE_BOUND('',#19108,.T.);
#19108 = EDGE_LOOP('',(#19109,#19110,#19116,#19117));
#19109 = ORIENTED_EDGE('',*,*,#4109,.T.);
#19110 = ORIENTED_EDGE('',*,*,#19111,.T.);
#19111 = EDGE_CURVE('',#4110,#9449,#19112,.T.);
#19112 = LINE('',#19113,#19114);
#19113 = CARTESIAN_POINT('',(35.516,-111.324,-4.6E-02));
#19114 = VECTOR('',#19115,1.);
#19115 = DIRECTION('',(0.,0.,1.));
#19116 = ORIENTED_EDGE('',*,*,#9448,.F.);
#19117 = ORIENTED_EDGE('',*,*,#19111,.F.);
#19118 = CYLINDRICAL_SURFACE('',#19119,0.45);
#19119 = AXIS2_PLACEMENT_3D('',#19120,#19121,#19122);
#19120 = CARTESIAN_POINT('',(35.516,-110.874,-4.6E-02));
#19121 = DIRECTION('',(-0.,-0.,-1.));
#19122 = DIRECTION('',(-1.578983857245E-14,-1.,0.));
#19123 = ADVANCED_FACE('',(#19124),#19135,.F.);
#19124 = FACE_BOUND('',#19125,.T.);
#19125 = EDGE_LOOP('',(#19126,#19127,#19133,#19134));
#19126 = ORIENTED_EDGE('',*,*,#4120,.T.);
#19127 = ORIENTED_EDGE('',*,*,#19128,.T.);
#19128 = EDGE_CURVE('',#4121,#9460,#19129,.T.);
#19129 = LINE('',#19130,#19131);
#19130 = CARTESIAN_POINT('',(37.04,-109.8,-4.6E-02));
#19131 = VECTOR('',#19132,1.);
#19132 = DIRECTION('',(0.,0.,1.));
#19133 = ORIENTED_EDGE('',*,*,#9459,.F.);
#19134 = ORIENTED_EDGE('',*,*,#19128,.F.);
#19135 = CYLINDRICAL_SURFACE('',#19136,0.45);
#19136 = AXIS2_PLACEMENT_3D('',#19137,#19138,#19139);
#19137 = CARTESIAN_POINT('',(37.04,-109.35,-4.6E-02));
#19138 = DIRECTION('',(-0.,-0.,-1.));
#19139 = DIRECTION('',(-1.578983857245E-14,-1.,0.));
#19140 = ADVANCED_FACE('',(#19141),#19152,.F.);
#19141 = FACE_BOUND('',#19142,.T.);
#19142 = EDGE_LOOP('',(#19143,#19144,#19150,#19151));
#19143 = ORIENTED_EDGE('',*,*,#4131,.T.);
#19144 = ORIENTED_EDGE('',*,*,#19145,.T.);
#19145 = EDGE_CURVE('',#4132,#9471,#19146,.T.);
#19146 = LINE('',#19147,#19148);
#19147 = CARTESIAN_POINT('',(38.564,-111.324,-4.6E-02));
#19148 = VECTOR('',#19149,1.);
#19149 = DIRECTION('',(0.,0.,1.));
#19150 = ORIENTED_EDGE('',*,*,#9470,.F.);
#19151 = ORIENTED_EDGE('',*,*,#19145,.F.);
#19152 = CYLINDRICAL_SURFACE('',#19153,0.45);
#19153 = AXIS2_PLACEMENT_3D('',#19154,#19155,#19156);
#19154 = CARTESIAN_POINT('',(38.564,-110.874,-4.6E-02));
#19155 = DIRECTION('',(-0.,-0.,-1.));
#19156 = DIRECTION('',(-0.,-1.,0.));
#19157 = ADVANCED_FACE('',(#19158),#19169,.F.);
#19158 = FACE_BOUND('',#19159,.T.);
#19159 = EDGE_LOOP('',(#19160,#19161,#19167,#19168));
#19160 = ORIENTED_EDGE('',*,*,#4142,.T.);
#19161 = ORIENTED_EDGE('',*,*,#19162,.T.);
#19162 = EDGE_CURVE('',#4143,#9482,#19163,.T.);
#19163 = LINE('',#19164,#19165);
#19164 = CARTESIAN_POINT('',(40.342,-109.8,-4.6E-02));
#19165 = VECTOR('',#19166,1.);
#19166 = DIRECTION('',(0.,0.,1.));
#19167 = ORIENTED_EDGE('',*,*,#9481,.F.);
#19168 = ORIENTED_EDGE('',*,*,#19162,.F.);
#19169 = CYLINDRICAL_SURFACE('',#19170,0.45);
#19170 = AXIS2_PLACEMENT_3D('',#19171,#19172,#19173);
#19171 = CARTESIAN_POINT('',(40.342,-109.35,-4.6E-02));
#19172 = DIRECTION('',(-0.,-0.,-1.));
#19173 = DIRECTION('',(-0.,-1.,0.));
#19174 = ADVANCED_FACE('',(#19175),#19186,.F.);
#19175 = FACE_BOUND('',#19176,.T.);
#19176 = EDGE_LOOP('',(#19177,#19178,#19184,#19185));
#19177 = ORIENTED_EDGE('',*,*,#4153,.T.);
#19178 = ORIENTED_EDGE('',*,*,#19179,.T.);
#19179 = EDGE_CURVE('',#4154,#9493,#19180,.T.);
#19180 = LINE('',#19181,#19182);
#19181 = CARTESIAN_POINT('',(-46.365133,-74.264867,-4.6E-02));
#19182 = VECTOR('',#19183,1.);
#19183 = DIRECTION('',(0.,0.,1.));
#19184 = ORIENTED_EDGE('',*,*,#9492,.F.);
#19185 = ORIENTED_EDGE('',*,*,#19179,.F.);
#19186 = CYLINDRICAL_SURFACE('',#19187,0.45);
#19187 = AXIS2_PLACEMENT_3D('',#19188,#19189,#19190);
#19188 = CARTESIAN_POINT('',(-46.365133,-73.814867,-4.6E-02));
#19189 = DIRECTION('',(-0.,-0.,-1.));
#19190 = DIRECTION('',(-0.,-1.,0.));
#19191 = ADVANCED_FACE('',(#19192),#19203,.F.);
#19192 = FACE_BOUND('',#19193,.T.);
#19193 = EDGE_LOOP('',(#19194,#19195,#19201,#19202));
#19194 = ORIENTED_EDGE('',*,*,#4164,.T.);
#19195 = ORIENTED_EDGE('',*,*,#19196,.T.);
#19196 = EDGE_CURVE('',#4165,#9504,#19197,.T.);
#19197 = LINE('',#19198,#19199);
#19198 = CARTESIAN_POINT('',(-48.7,-71.93,-4.6E-02));
#19199 = VECTOR('',#19200,1.);
#19200 = DIRECTION('',(0.,0.,1.));
#19201 = ORIENTED_EDGE('',*,*,#9503,.F.);
#19202 = ORIENTED_EDGE('',*,*,#19196,.F.);
#19203 = CYLINDRICAL_SURFACE('',#19204,0.45);
#19204 = AXIS2_PLACEMENT_3D('',#19205,#19206,#19207);
#19205 = CARTESIAN_POINT('',(-48.7,-71.48,-4.6E-02));
#19206 = DIRECTION('',(-0.,-0.,-1.));
#19207 = DIRECTION('',(-0.,-1.,0.));
#19208 = ADVANCED_FACE('',(#19209),#19220,.F.);
#19209 = FACE_BOUND('',#19210,.T.);
#19210 = EDGE_LOOP('',(#19211,#19212,#19218,#19219));
#19211 = ORIENTED_EDGE('',*,*,#4175,.T.);
#19212 = ORIENTED_EDGE('',*,*,#19213,.T.);
#19213 = EDGE_CURVE('',#4176,#9515,#19214,.T.);
#19214 = LINE('',#19215,#19216);
#19215 = CARTESIAN_POINT('',(-46.544738,-71.93,-4.6E-02));
#19216 = VECTOR('',#19217,1.);
#19217 = DIRECTION('',(0.,0.,1.));
#19218 = ORIENTED_EDGE('',*,*,#9514,.F.);
#19219 = ORIENTED_EDGE('',*,*,#19213,.F.);
#19220 = CYLINDRICAL_SURFACE('',#19221,0.45);
#19221 = AXIS2_PLACEMENT_3D('',#19222,#19223,#19224);
#19222 = CARTESIAN_POINT('',(-46.544738,-71.48,-4.6E-02));
#19223 = DIRECTION('',(-0.,-0.,-1.));
#19224 = DIRECTION('',(-1.578983857245E-14,-1.,0.));
#19225 = ADVANCED_FACE('',(#19226),#19237,.F.);
#19226 = FACE_BOUND('',#19227,.T.);
#19227 = EDGE_LOOP('',(#19228,#19229,#19235,#19236));
#19228 = ORIENTED_EDGE('',*,*,#4186,.T.);
#19229 = ORIENTED_EDGE('',*,*,#19230,.T.);
#19230 = EDGE_CURVE('',#4187,#9526,#19231,.T.);
#19231 = LINE('',#19232,#19233);
#19232 = CARTESIAN_POINT('',(-48.7,-69.774739,-4.6E-02));
#19233 = VECTOR('',#19234,1.);
#19234 = DIRECTION('',(0.,0.,1.));
#19235 = ORIENTED_EDGE('',*,*,#9525,.F.);
#19236 = ORIENTED_EDGE('',*,*,#19230,.F.);
#19237 = CYLINDRICAL_SURFACE('',#19238,0.45);
#19238 = AXIS2_PLACEMENT_3D('',#19239,#19240,#19241);
#19239 = CARTESIAN_POINT('',(-48.7,-69.324739,-4.6E-02));
#19240 = DIRECTION('',(-0.,-0.,-1.));
#19241 = DIRECTION('',(-0.,-1.,0.));
#19242 = ADVANCED_FACE('',(#19243),#19254,.F.);
#19243 = FACE_BOUND('',#19244,.T.);
#19244 = EDGE_LOOP('',(#19245,#19246,#19252,#19253));
#19245 = ORIENTED_EDGE('',*,*,#4197,.T.);
#19246 = ORIENTED_EDGE('',*,*,#19247,.T.);
#19247 = EDGE_CURVE('',#4198,#9537,#19248,.T.);
#19248 = LINE('',#19249,#19250);
#19249 = CARTESIAN_POINT('',(-1.355854680849E-31,-71.6,-4.6E-02));
#19250 = VECTOR('',#19251,1.);
#19251 = DIRECTION('',(0.,0.,1.));
#19252 = ORIENTED_EDGE('',*,*,#9536,.F.);
#19253 = ORIENTED_EDGE('',*,*,#19247,.F.);
#19254 = CYLINDRICAL_SURFACE('',#19255,1.6);
#19255 = AXIS2_PLACEMENT_3D('',#19256,#19257,#19258);
#19256 = CARTESIAN_POINT('',(5.551115123126E-17,-70.,-4.6E-02));
#19257 = DIRECTION('',(-0.,-0.,-1.));
#19258 = DIRECTION('',(-3.469446951954E-17,-1.,0.));
#19259 = ADVANCED_FACE('',(#19260),#19271,.F.);
#19260 = FACE_BOUND('',#19261,.T.);
#19261 = EDGE_LOOP('',(#19262,#19263,#19269,#19270));
#19262 = ORIENTED_EDGE('',*,*,#4208,.T.);
#19263 = ORIENTED_EDGE('',*,*,#19264,.T.);
#19264 = EDGE_CURVE('',#4209,#9548,#19265,.T.);
#19265 = LINE('',#19266,#19267);
#19266 = CARTESIAN_POINT('',(6.02,-60.128,-4.6E-02));
#19267 = VECTOR('',#19268,1.);
#19268 = DIRECTION('',(0.,0.,1.));
#19269 = ORIENTED_EDGE('',*,*,#9547,.F.);
#19270 = ORIENTED_EDGE('',*,*,#19264,.F.);
#19271 = CYLINDRICAL_SURFACE('',#19272,0.45);
#19272 = AXIS2_PLACEMENT_3D('',#19273,#19274,#19275);
#19273 = CARTESIAN_POINT('',(6.02,-59.678,-4.6E-02));
#19274 = DIRECTION('',(-0.,-0.,-1.));
#19275 = DIRECTION('',(-0.,-1.,0.));
#19276 = ADVANCED_FACE('',(#19277),#19288,.F.);
#19277 = FACE_BOUND('',#19278,.T.);
#19278 = EDGE_LOOP('',(#19279,#19280,#19286,#19287));
#19279 = ORIENTED_EDGE('',*,*,#4219,.T.);
#19280 = ORIENTED_EDGE('',*,*,#19281,.T.);
#19281 = EDGE_CURVE('',#4220,#9559,#19282,.T.);
#19282 = LINE('',#19283,#19284);
#19283 = CARTESIAN_POINT('',(8.56,-60.128,-4.6E-02));
#19284 = VECTOR('',#19285,1.);
#19285 = DIRECTION('',(0.,0.,1.));
#19286 = ORIENTED_EDGE('',*,*,#9558,.F.);
#19287 = ORIENTED_EDGE('',*,*,#19281,.F.);
#19288 = CYLINDRICAL_SURFACE('',#19289,0.45);
#19289 = AXIS2_PLACEMENT_3D('',#19290,#19291,#19292);
#19290 = CARTESIAN_POINT('',(8.56,-59.678,-4.6E-02));
#19291 = DIRECTION('',(-0.,0.,-1.));
#19292 = DIRECTION('',(3.947459643112E-15,-1.,-0.));
#19293 = ADVANCED_FACE('',(#19294),#19305,.F.);
#19294 = FACE_BOUND('',#19295,.T.);
#19295 = EDGE_LOOP('',(#19296,#19297,#19303,#19304));
#19296 = ORIENTED_EDGE('',*,*,#4230,.T.);
#19297 = ORIENTED_EDGE('',*,*,#19298,.T.);
#19298 = EDGE_CURVE('',#4231,#9570,#19299,.T.);
#19299 = LINE('',#19300,#19301);
#19300 = CARTESIAN_POINT('',(11.1,-60.128,-4.6E-02));
#19301 = VECTOR('',#19302,1.);
#19302 = DIRECTION('',(0.,0.,1.));
#19303 = ORIENTED_EDGE('',*,*,#9569,.F.);
#19304 = ORIENTED_EDGE('',*,*,#19298,.F.);
#19305 = CYLINDRICAL_SURFACE('',#19306,0.45);
#19306 = AXIS2_PLACEMENT_3D('',#19307,#19308,#19309);
#19307 = CARTESIAN_POINT('',(11.1,-59.678,-4.6E-02));
#19308 = DIRECTION('',(-0.,-0.,-1.));
#19309 = DIRECTION('',(-3.947459643112E-15,-1.,0.));
#19310 = ADVANCED_FACE('',(#19311),#19322,.F.);
#19311 = FACE_BOUND('',#19312,.T.);
#19312 = EDGE_LOOP('',(#19313,#19314,#19320,#19321));
#19313 = ORIENTED_EDGE('',*,*,#4241,.T.);
#19314 = ORIENTED_EDGE('',*,*,#19315,.T.);
#19315 = EDGE_CURVE('',#4242,#9581,#19316,.T.);
#19316 = LINE('',#19317,#19318);
#19317 = CARTESIAN_POINT('',(13.64,-60.128,-4.6E-02));
#19318 = VECTOR('',#19319,1.);
#19319 = DIRECTION('',(0.,0.,1.));
#19320 = ORIENTED_EDGE('',*,*,#9580,.F.);
#19321 = ORIENTED_EDGE('',*,*,#19315,.F.);
#19322 = CYLINDRICAL_SURFACE('',#19323,0.45);
#19323 = AXIS2_PLACEMENT_3D('',#19324,#19325,#19326);
#19324 = CARTESIAN_POINT('',(13.64,-59.678,-4.6E-02));
#19325 = DIRECTION('',(-0.,-0.,-1.));
#19326 = DIRECTION('',(-0.,-1.,0.));
#19327 = ADVANCED_FACE('',(#19328),#19339,.F.);
#19328 = FACE_BOUND('',#19329,.T.);
#19329 = EDGE_LOOP('',(#19330,#19331,#19337,#19338));
#19330 = ORIENTED_EDGE('',*,*,#4252,.T.);
#19331 = ORIENTED_EDGE('',*,*,#19332,.T.);
#19332 = EDGE_CURVE('',#4253,#9592,#19333,.T.);
#19333 = LINE('',#19334,#19335);
#19334 = CARTESIAN_POINT('',(16.18,-60.128,-4.6E-02));
#19335 = VECTOR('',#19336,1.);
#19336 = DIRECTION('',(0.,0.,1.));
#19337 = ORIENTED_EDGE('',*,*,#9591,.F.);
#19338 = ORIENTED_EDGE('',*,*,#19332,.F.);
#19339 = CYLINDRICAL_SURFACE('',#19340,0.45);
#19340 = AXIS2_PLACEMENT_3D('',#19341,#19342,#19343);
#19341 = CARTESIAN_POINT('',(16.18,-59.678,-4.6E-02));
#19342 = DIRECTION('',(-0.,-0.,-1.));
#19343 = DIRECTION('',(-0.,-1.,0.));
#19344 = ADVANCED_FACE('',(#19345),#19356,.F.);
#19345 = FACE_BOUND('',#19346,.T.);
#19346 = EDGE_LOOP('',(#19347,#19348,#19354,#19355));
#19347 = ORIENTED_EDGE('',*,*,#4263,.T.);
#19348 = ORIENTED_EDGE('',*,*,#19349,.T.);
#19349 = EDGE_CURVE('',#4264,#9603,#19350,.T.);
#19350 = LINE('',#19351,#19352);
#19351 = CARTESIAN_POINT('',(35.39,-74.51,-4.6E-02));
#19352 = VECTOR('',#19353,1.);
#19353 = DIRECTION('',(0.,0.,1.));
#19354 = ORIENTED_EDGE('',*,*,#9602,.F.);
#19355 = ORIENTED_EDGE('',*,*,#19349,.F.);
#19356 = CYLINDRICAL_SURFACE('',#19357,0.45);
#19357 = AXIS2_PLACEMENT_3D('',#19358,#19359,#19360);
#19358 = CARTESIAN_POINT('',(35.39,-74.06,-4.6E-02));
#19359 = DIRECTION('',(-0.,-0.,-1.));
#19360 = DIRECTION('',(-0.,-1.,0.));
#19361 = ADVANCED_FACE('',(#19362),#19373,.F.);
#19362 = FACE_BOUND('',#19363,.T.);
#19363 = EDGE_LOOP('',(#19364,#19365,#19371,#19372));
#19364 = ORIENTED_EDGE('',*,*,#4274,.T.);
#19365 = ORIENTED_EDGE('',*,*,#19366,.T.);
#19366 = EDGE_CURVE('',#4275,#9614,#19367,.T.);
#19367 = LINE('',#19368,#19369);
#19368 = CARTESIAN_POINT('',(37.168,-72.986,-4.6E-02));
#19369 = VECTOR('',#19370,1.);
#19370 = DIRECTION('',(0.,0.,1.));
#19371 = ORIENTED_EDGE('',*,*,#9613,.F.);
#19372 = ORIENTED_EDGE('',*,*,#19366,.F.);
#19373 = CYLINDRICAL_SURFACE('',#19374,0.45);
#19374 = AXIS2_PLACEMENT_3D('',#19375,#19376,#19377);
#19375 = CARTESIAN_POINT('',(37.168,-72.536,-4.6E-02));
#19376 = DIRECTION('',(-0.,-0.,-1.));
#19377 = DIRECTION('',(-1.578983857245E-14,-1.,0.));
#19378 = ADVANCED_FACE('',(#19379),#19390,.F.);
#19379 = FACE_BOUND('',#19380,.T.);
#19380 = EDGE_LOOP('',(#19381,#19382,#19388,#19389));
#19381 = ORIENTED_EDGE('',*,*,#4285,.T.);
#19382 = ORIENTED_EDGE('',*,*,#19383,.T.);
#19383 = EDGE_CURVE('',#4286,#9625,#19384,.T.);
#19384 = LINE('',#19385,#19386);
#19385 = CARTESIAN_POINT('',(38.692,-74.51,-4.6E-02));
#19386 = VECTOR('',#19387,1.);
#19387 = DIRECTION('',(0.,0.,1.));
#19388 = ORIENTED_EDGE('',*,*,#9624,.F.);
#19389 = ORIENTED_EDGE('',*,*,#19383,.F.);
#19390 = CYLINDRICAL_SURFACE('',#19391,0.45);
#19391 = AXIS2_PLACEMENT_3D('',#19392,#19393,#19394);
#19392 = CARTESIAN_POINT('',(38.692,-74.06,-4.6E-02));
#19393 = DIRECTION('',(-0.,-0.,-1.));
#19394 = DIRECTION('',(-0.,-1.,0.));
#19395 = ADVANCED_FACE('',(#19396),#19407,.F.);
#19396 = FACE_BOUND('',#19397,.T.);
#19397 = EDGE_LOOP('',(#19398,#19399,#19405,#19406));
#19398 = ORIENTED_EDGE('',*,*,#4296,.T.);
#19399 = ORIENTED_EDGE('',*,*,#19400,.T.);
#19400 = EDGE_CURVE('',#4297,#9636,#19401,.T.);
#19401 = LINE('',#19402,#19403);
#19402 = CARTESIAN_POINT('',(40.216,-72.986,-4.6E-02));
#19403 = VECTOR('',#19404,1.);
#19404 = DIRECTION('',(0.,0.,1.));
#19405 = ORIENTED_EDGE('',*,*,#9635,.F.);
#19406 = ORIENTED_EDGE('',*,*,#19400,.F.);
#19407 = CYLINDRICAL_SURFACE('',#19408,0.45);
#19408 = AXIS2_PLACEMENT_3D('',#19409,#19410,#19411);
#19409 = CARTESIAN_POINT('',(40.216,-72.536,-4.6E-02));
#19410 = DIRECTION('',(-0.,0.,-1.));
#19411 = DIRECTION('',(1.578983857245E-14,-1.,-0.));
#19412 = ADVANCED_FACE('',(#19413),#19424,.F.);
#19413 = FACE_BOUND('',#19414,.T.);
#19414 = EDGE_LOOP('',(#19415,#19416,#19422,#19423));
#19415 = ORIENTED_EDGE('',*,*,#4307,.T.);
#19416 = ORIENTED_EDGE('',*,*,#19417,.T.);
#19417 = EDGE_CURVE('',#4308,#9647,#19418,.T.);
#19418 = LINE('',#19419,#19420);
#19419 = CARTESIAN_POINT('',(18.72,-60.128,-4.6E-02));
#19420 = VECTOR('',#19421,1.);
#19421 = DIRECTION('',(0.,0.,1.));
#19422 = ORIENTED_EDGE('',*,*,#9646,.F.);
#19423 = ORIENTED_EDGE('',*,*,#19417,.F.);
#19424 = CYLINDRICAL_SURFACE('',#19425,0.45);
#19425 = AXIS2_PLACEMENT_3D('',#19426,#19427,#19428);
#19426 = CARTESIAN_POINT('',(18.72,-59.678,-4.6E-02));
#19427 = DIRECTION('',(-0.,-0.,-1.));
#19428 = DIRECTION('',(-0.,-1.,0.));
#19429 = ADVANCED_FACE('',(#19430),#19441,.F.);
#19430 = FACE_BOUND('',#19431,.T.);
#19431 = EDGE_LOOP('',(#19432,#19433,#19439,#19440));
#19432 = ORIENTED_EDGE('',*,*,#4318,.T.);
#19433 = ORIENTED_EDGE('',*,*,#19434,.T.);
#19434 = EDGE_CURVE('',#4319,#9658,#19435,.T.);
#19435 = LINE('',#19436,#19437);
#19436 = CARTESIAN_POINT('',(21.26,-60.128,-4.6E-02));
#19437 = VECTOR('',#19438,1.);
#19438 = DIRECTION('',(0.,0.,1.));
#19439 = ORIENTED_EDGE('',*,*,#9657,.F.);
#19440 = ORIENTED_EDGE('',*,*,#19434,.F.);
#19441 = CYLINDRICAL_SURFACE('',#19442,0.45);
#19442 = AXIS2_PLACEMENT_3D('',#19443,#19444,#19445);
#19443 = CARTESIAN_POINT('',(21.26,-59.678,-4.6E-02));
#19444 = DIRECTION('',(-0.,0.,-1.));
#19445 = DIRECTION('',(7.894919286223E-15,-1.,-0.));
#19446 = ADVANCED_FACE('',(#19447),#19458,.F.);
#19447 = FACE_BOUND('',#19448,.T.);
#19448 = EDGE_LOOP('',(#19449,#19450,#19456,#19457));
#19449 = ORIENTED_EDGE('',*,*,#4329,.T.);
#19450 = ORIENTED_EDGE('',*,*,#19451,.T.);
#19451 = EDGE_CURVE('',#4330,#9669,#19452,.T.);
#19452 = LINE('',#19453,#19454);
#19453 = CARTESIAN_POINT('',(23.8,-60.128,-4.6E-02));
#19454 = VECTOR('',#19455,1.);
#19455 = DIRECTION('',(0.,0.,1.));
#19456 = ORIENTED_EDGE('',*,*,#9668,.F.);
#19457 = ORIENTED_EDGE('',*,*,#19451,.F.);
#19458 = CYLINDRICAL_SURFACE('',#19459,0.45);
#19459 = AXIS2_PLACEMENT_3D('',#19460,#19461,#19462);
#19460 = CARTESIAN_POINT('',(23.8,-59.678,-4.6E-02));
#19461 = DIRECTION('',(-0.,-0.,-1.));
#19462 = DIRECTION('',(-0.,-1.,0.));
#19463 = ADVANCED_FACE('',(#19464),#19475,.F.);
#19464 = FACE_BOUND('',#19465,.T.);
#19465 = EDGE_LOOP('',(#19466,#19467,#19473,#19474));
#19466 = ORIENTED_EDGE('',*,*,#4340,.T.);
#19467 = ORIENTED_EDGE('',*,*,#19468,.T.);
#19468 = EDGE_CURVE('',#4341,#9680,#19469,.T.);
#19469 = LINE('',#19470,#19471);
#19470 = CARTESIAN_POINT('',(49.51,-140.364,-4.6E-02));
#19471 = VECTOR('',#19472,1.);
#19472 = DIRECTION('',(0.,0.,1.));
#19473 = ORIENTED_EDGE('',*,*,#9679,.F.);
#19474 = ORIENTED_EDGE('',*,*,#19468,.F.);
#19475 = CYLINDRICAL_SURFACE('',#19476,0.45);
#19476 = AXIS2_PLACEMENT_3D('',#19477,#19478,#19479);
#19477 = CARTESIAN_POINT('',(49.51,-139.914,-4.6E-02));
#19478 = DIRECTION('',(-0.,-0.,-1.));
#19479 = DIRECTION('',(-1.578983857245E-14,-1.,0.));
#19480 = ADVANCED_FACE('',(#19481),#19492,.F.);
#19481 = FACE_BOUND('',#19482,.T.);
#19482 = EDGE_LOOP('',(#19483,#19484,#19490,#19491));
#19483 = ORIENTED_EDGE('',*,*,#4351,.T.);
#19484 = ORIENTED_EDGE('',*,*,#19485,.T.);
#19485 = EDGE_CURVE('',#4352,#9691,#19486,.T.);
#19486 = LINE('',#19487,#19488);
#19487 = CARTESIAN_POINT('',(51.288,-138.84,-4.6E-02));
#19488 = VECTOR('',#19489,1.);
#19489 = DIRECTION('',(0.,0.,1.));
#19490 = ORIENTED_EDGE('',*,*,#9690,.F.);
#19491 = ORIENTED_EDGE('',*,*,#19485,.F.);
#19492 = CYLINDRICAL_SURFACE('',#19493,0.45);
#19493 = AXIS2_PLACEMENT_3D('',#19494,#19495,#19496);
#19494 = CARTESIAN_POINT('',(51.288,-138.39,-4.6E-02));
#19495 = DIRECTION('',(-0.,-0.,-1.));
#19496 = DIRECTION('',(-0.,-1.,0.));
#19497 = ADVANCED_FACE('',(#19498),#19509,.F.);
#19498 = FACE_BOUND('',#19499,.T.);
#19499 = EDGE_LOOP('',(#19500,#19501,#19507,#19508));
#19500 = ORIENTED_EDGE('',*,*,#4362,.T.);
#19501 = ORIENTED_EDGE('',*,*,#19502,.T.);
#19502 = EDGE_CURVE('',#4363,#9702,#19503,.T.);
#19503 = LINE('',#19504,#19505);
#19504 = CARTESIAN_POINT('',(52.812,-140.364,-4.6E-02));
#19505 = VECTOR('',#19506,1.);
#19506 = DIRECTION('',(0.,0.,1.));
#19507 = ORIENTED_EDGE('',*,*,#9701,.F.);
#19508 = ORIENTED_EDGE('',*,*,#19502,.F.);
#19509 = CYLINDRICAL_SURFACE('',#19510,0.45);
#19510 = AXIS2_PLACEMENT_3D('',#19511,#19512,#19513);
#19511 = CARTESIAN_POINT('',(52.812,-139.914,-4.6E-02));
#19512 = DIRECTION('',(-0.,-0.,-1.));
#19513 = DIRECTION('',(-0.,-1.,0.));
#19514 = ADVANCED_FACE('',(#19515),#19526,.F.);
#19515 = FACE_BOUND('',#19516,.T.);
#19516 = EDGE_LOOP('',(#19517,#19518,#19524,#19525));
#19517 = ORIENTED_EDGE('',*,*,#4373,.T.);
#19518 = ORIENTED_EDGE('',*,*,#19519,.T.);
#19519 = EDGE_CURVE('',#4374,#9713,#19520,.T.);
#19520 = LINE('',#19521,#19522);
#19521 = CARTESIAN_POINT('',(54.336,-138.84,-4.6E-02));
#19522 = VECTOR('',#19523,1.);
#19523 = DIRECTION('',(0.,0.,1.));
#19524 = ORIENTED_EDGE('',*,*,#9712,.F.);
#19525 = ORIENTED_EDGE('',*,*,#19519,.F.);
#19526 = CYLINDRICAL_SURFACE('',#19527,0.45);
#19527 = AXIS2_PLACEMENT_3D('',#19528,#19529,#19530);
#19528 = CARTESIAN_POINT('',(54.336,-138.39,-4.6E-02));
#19529 = DIRECTION('',(-0.,-0.,-1.));
#19530 = DIRECTION('',(-0.,-1.,0.));
#19531 = ADVANCED_FACE('',(#19532),#19543,.F.);
#19532 = FACE_BOUND('',#19533,.T.);
#19533 = EDGE_LOOP('',(#19534,#19535,#19541,#19542));
#19534 = ORIENTED_EDGE('',*,*,#4384,.T.);
#19535 = ORIENTED_EDGE('',*,*,#19536,.T.);
#19536 = EDGE_CURVE('',#4385,#9724,#19537,.T.);
#19537 = LINE('',#19538,#19539);
#19538 = CARTESIAN_POINT('',(49.486,-133.354,-4.6E-02));
#19539 = VECTOR('',#19540,1.);
#19540 = DIRECTION('',(0.,0.,1.));
#19541 = ORIENTED_EDGE('',*,*,#9723,.F.);
#19542 = ORIENTED_EDGE('',*,*,#19536,.F.);
#19543 = CYLINDRICAL_SURFACE('',#19544,0.45);
#19544 = AXIS2_PLACEMENT_3D('',#19545,#19546,#19547);
#19545 = CARTESIAN_POINT('',(49.486,-132.904,-4.6E-02));
#19546 = DIRECTION('',(-0.,-0.,-1.));
#19547 = DIRECTION('',(-1.578983857245E-14,-1.,0.));
#19548 = ADVANCED_FACE('',(#19549),#19560,.F.);
#19549 = FACE_BOUND('',#19550,.T.);
#19550 = EDGE_LOOP('',(#19551,#19552,#19558,#19559));
#19551 = ORIENTED_EDGE('',*,*,#4395,.T.);
#19552 = ORIENTED_EDGE('',*,*,#19553,.T.);
#19553 = EDGE_CURVE('',#4396,#9735,#19554,.T.);
#19554 = LINE('',#19555,#19556);
#19555 = CARTESIAN_POINT('',(51.01,-131.83,-4.6E-02));
#19556 = VECTOR('',#19557,1.);
#19557 = DIRECTION('',(0.,0.,1.));
#19558 = ORIENTED_EDGE('',*,*,#9734,.F.);
#19559 = ORIENTED_EDGE('',*,*,#19553,.F.);
#19560 = CYLINDRICAL_SURFACE('',#19561,0.45);
#19561 = AXIS2_PLACEMENT_3D('',#19562,#19563,#19564);
#19562 = CARTESIAN_POINT('',(51.01,-131.38,-4.6E-02));
#19563 = DIRECTION('',(-0.,-0.,-1.));
#19564 = DIRECTION('',(-1.578983857245E-14,-1.,0.));
#19565 = ADVANCED_FACE('',(#19566),#19577,.F.);
#19566 = FACE_BOUND('',#19567,.T.);
#19567 = EDGE_LOOP('',(#19568,#19569,#19575,#19576));
#19568 = ORIENTED_EDGE('',*,*,#4406,.T.);
#19569 = ORIENTED_EDGE('',*,*,#19570,.T.);
#19570 = EDGE_CURVE('',#4407,#9746,#19571,.T.);
#19571 = LINE('',#19572,#19573);
#19572 = CARTESIAN_POINT('',(52.534,-133.354,-4.6E-02));
#19573 = VECTOR('',#19574,1.);
#19574 = DIRECTION('',(0.,0.,1.));
#19575 = ORIENTED_EDGE('',*,*,#9745,.F.);
#19576 = ORIENTED_EDGE('',*,*,#19570,.F.);
#19577 = CYLINDRICAL_SURFACE('',#19578,0.45);
#19578 = AXIS2_PLACEMENT_3D('',#19579,#19580,#19581);
#19579 = CARTESIAN_POINT('',(52.534,-132.904,-4.6E-02));
#19580 = DIRECTION('',(-0.,-0.,-1.));
#19581 = DIRECTION('',(-1.578983857245E-14,-1.,0.));
#19582 = ADVANCED_FACE('',(#19583),#19594,.F.);
#19583 = FACE_BOUND('',#19584,.T.);
#19584 = EDGE_LOOP('',(#19585,#19586,#19592,#19593));
#19585 = ORIENTED_EDGE('',*,*,#4417,.T.);
#19586 = ORIENTED_EDGE('',*,*,#19587,.T.);
#19587 = EDGE_CURVE('',#4418,#9757,#19588,.T.);
#19588 = LINE('',#19589,#19590);
#19589 = CARTESIAN_POINT('',(54.312,-131.83,-4.6E-02));
#19590 = VECTOR('',#19591,1.);
#19591 = DIRECTION('',(0.,0.,1.));
#19592 = ORIENTED_EDGE('',*,*,#9756,.F.);
#19593 = ORIENTED_EDGE('',*,*,#19587,.F.);
#19594 = CYLINDRICAL_SURFACE('',#19595,0.45);
#19595 = AXIS2_PLACEMENT_3D('',#19596,#19597,#19598);
#19596 = CARTESIAN_POINT('',(54.312,-131.38,-4.6E-02));
#19597 = DIRECTION('',(-0.,-0.,-1.));
#19598 = DIRECTION('',(-0.,-1.,0.));
#19599 = ADVANCED_FACE('',(#19600),#19611,.F.);
#19600 = FACE_BOUND('',#19601,.T.);
#19601 = EDGE_LOOP('',(#19602,#19603,#19609,#19610));
#19602 = ORIENTED_EDGE('',*,*,#4428,.T.);
#19603 = ORIENTED_EDGE('',*,*,#19604,.T.);
#19604 = EDGE_CURVE('',#4429,#9768,#19605,.T.);
#19605 = LINE('',#19606,#19607);
#19606 = CARTESIAN_POINT('',(49.532,-123.414,-4.6E-02));
#19607 = VECTOR('',#19608,1.);
#19608 = DIRECTION('',(0.,0.,1.));
#19609 = ORIENTED_EDGE('',*,*,#9767,.F.);
#19610 = ORIENTED_EDGE('',*,*,#19604,.F.);
#19611 = CYLINDRICAL_SURFACE('',#19612,0.45);
#19612 = AXIS2_PLACEMENT_3D('',#19613,#19614,#19615);
#19613 = CARTESIAN_POINT('',(49.532,-122.964,-4.6E-02));
#19614 = DIRECTION('',(-0.,-0.,-1.));
#19615 = DIRECTION('',(-0.,-1.,0.));
#19616 = ADVANCED_FACE('',(#19617),#19628,.F.);
#19617 = FACE_BOUND('',#19618,.T.);
#19618 = EDGE_LOOP('',(#19619,#19620,#19626,#19627));
#19619 = ORIENTED_EDGE('',*,*,#4439,.T.);
#19620 = ORIENTED_EDGE('',*,*,#19621,.T.);
#19621 = EDGE_CURVE('',#4440,#9779,#19622,.T.);
#19622 = LINE('',#19623,#19624);
#19623 = CARTESIAN_POINT('',(51.31,-121.89,-4.6E-02));
#19624 = VECTOR('',#19625,1.);
#19625 = DIRECTION('',(0.,0.,1.));
#19626 = ORIENTED_EDGE('',*,*,#9778,.F.);
#19627 = ORIENTED_EDGE('',*,*,#19621,.F.);
#19628 = CYLINDRICAL_SURFACE('',#19629,0.45);
#19629 = AXIS2_PLACEMENT_3D('',#19630,#19631,#19632);
#19630 = CARTESIAN_POINT('',(51.31,-121.44,-4.6E-02));
#19631 = DIRECTION('',(-0.,-0.,-1.));
#19632 = DIRECTION('',(-0.,-1.,0.));
#19633 = ADVANCED_FACE('',(#19634),#19645,.F.);
#19634 = FACE_BOUND('',#19635,.T.);
#19635 = EDGE_LOOP('',(#19636,#19637,#19643,#19644));
#19636 = ORIENTED_EDGE('',*,*,#4450,.T.);
#19637 = ORIENTED_EDGE('',*,*,#19638,.T.);
#19638 = EDGE_CURVE('',#4451,#9790,#19639,.T.);
#19639 = LINE('',#19640,#19641);
#19640 = CARTESIAN_POINT('',(52.834,-123.414,-4.6E-02));
#19641 = VECTOR('',#19642,1.);
#19642 = DIRECTION('',(0.,0.,1.));
#19643 = ORIENTED_EDGE('',*,*,#9789,.F.);
#19644 = ORIENTED_EDGE('',*,*,#19638,.F.);
#19645 = CYLINDRICAL_SURFACE('',#19646,0.45);
#19646 = AXIS2_PLACEMENT_3D('',#19647,#19648,#19649);
#19647 = CARTESIAN_POINT('',(52.834,-122.964,-4.6E-02));
#19648 = DIRECTION('',(-0.,-0.,-1.));
#19649 = DIRECTION('',(-0.,-1.,0.));
#19650 = ADVANCED_FACE('',(#19651),#19662,.F.);
#19651 = FACE_BOUND('',#19652,.T.);
#19652 = EDGE_LOOP('',(#19653,#19654,#19660,#19661));
#19653 = ORIENTED_EDGE('',*,*,#4461,.T.);
#19654 = ORIENTED_EDGE('',*,*,#19655,.T.);
#19655 = EDGE_CURVE('',#4462,#9801,#19656,.T.);
#19656 = LINE('',#19657,#19658);
#19657 = CARTESIAN_POINT('',(54.358,-121.89,-4.6E-02));
#19658 = VECTOR('',#19659,1.);
#19659 = DIRECTION('',(0.,0.,1.));
#19660 = ORIENTED_EDGE('',*,*,#9800,.F.);
#19661 = ORIENTED_EDGE('',*,*,#19655,.F.);
#19662 = CYLINDRICAL_SURFACE('',#19663,0.45);
#19663 = AXIS2_PLACEMENT_3D('',#19664,#19665,#19666);
#19664 = CARTESIAN_POINT('',(54.358,-121.44,-4.6E-02));
#19665 = DIRECTION('',(-0.,-0.,-1.));
#19666 = DIRECTION('',(-1.578983857245E-14,-1.,0.));
#19667 = ADVANCED_FACE('',(#19668),#19679,.F.);
#19668 = FACE_BOUND('',#19669,.T.);
#19669 = EDGE_LOOP('',(#19670,#19671,#19677,#19678));
#19670 = ORIENTED_EDGE('',*,*,#4472,.T.);
#19671 = ORIENTED_EDGE('',*,*,#19672,.T.);
#19672 = EDGE_CURVE('',#4473,#9812,#19673,.T.);
#19673 = LINE('',#19674,#19675);
#19674 = CARTESIAN_POINT('',(80.548472,-123.626726,-4.6E-02));
#19675 = VECTOR('',#19676,1.);
#19676 = DIRECTION('',(0.,0.,1.));
#19677 = ORIENTED_EDGE('',*,*,#9811,.F.);
#19678 = ORIENTED_EDGE('',*,*,#19672,.F.);
#19679 = CYLINDRICAL_SURFACE('',#19680,0.45);
#19680 = AXIS2_PLACEMENT_3D('',#19681,#19682,#19683);
#19681 = CARTESIAN_POINT('',(80.548472,-123.176726,-4.6E-02));
#19682 = DIRECTION('',(-0.,-0.,-1.));
#19683 = DIRECTION('',(-0.,-1.,0.));
#19684 = ADVANCED_FACE('',(#19685),#19696,.F.);
#19685 = FACE_BOUND('',#19686,.T.);
#19686 = EDGE_LOOP('',(#19687,#19688,#19694,#19695));
#19687 = ORIENTED_EDGE('',*,*,#4483,.T.);
#19688 = ORIENTED_EDGE('',*,*,#19689,.T.);
#19689 = EDGE_CURVE('',#4484,#9823,#19690,.T.);
#19690 = LINE('',#19691,#19692);
#19691 = CARTESIAN_POINT('',(82.883339,-123.447121,-4.6E-02));
#19692 = VECTOR('',#19693,1.);
#19693 = DIRECTION('',(0.,0.,1.));
#19694 = ORIENTED_EDGE('',*,*,#9822,.F.);
#19695 = ORIENTED_EDGE('',*,*,#19689,.F.);
#19696 = CYLINDRICAL_SURFACE('',#19697,0.45);
#19697 = AXIS2_PLACEMENT_3D('',#19698,#19699,#19700);
#19698 = CARTESIAN_POINT('',(82.883339,-122.997121,-4.6E-02));
#19699 = DIRECTION('',(-0.,-0.,-1.));
#19700 = DIRECTION('',(-0.,-1.,0.));
#19701 = ADVANCED_FACE('',(#19702),#19713,.F.);
#19702 = FACE_BOUND('',#19703,.T.);
#19703 = EDGE_LOOP('',(#19704,#19705,#19711,#19712));
#19704 = ORIENTED_EDGE('',*,*,#4494,.T.);
#19705 = ORIENTED_EDGE('',*,*,#19706,.T.);
#19706 = EDGE_CURVE('',#4495,#9834,#19707,.T.);
#19707 = LINE('',#19708,#19709);
#19708 = CARTESIAN_POINT('',(82.883339,-121.291859,-4.6E-02));
#19709 = VECTOR('',#19710,1.);
#19710 = DIRECTION('',(0.,0.,1.));
#19711 = ORIENTED_EDGE('',*,*,#9833,.F.);
#19712 = ORIENTED_EDGE('',*,*,#19706,.F.);
#19713 = CYLINDRICAL_SURFACE('',#19714,0.45);
#19714 = AXIS2_PLACEMENT_3D('',#19715,#19716,#19717);
#19715 = CARTESIAN_POINT('',(82.883339,-120.841859,-4.6E-02));
#19716 = DIRECTION('',(-0.,-0.,-1.));
#19717 = DIRECTION('',(-0.,-1.,0.));
#19718 = ADVANCED_FACE('',(#19719),#19730,.F.);
#19719 = FACE_BOUND('',#19720,.T.);
#19720 = EDGE_LOOP('',(#19721,#19722,#19728,#19729));
#19721 = ORIENTED_EDGE('',*,*,#4505,.T.);
#19722 = ORIENTED_EDGE('',*,*,#19723,.T.);
#19723 = EDGE_CURVE('',#4506,#9845,#19724,.T.);
#19724 = LINE('',#19725,#19726);
#19725 = CARTESIAN_POINT('',(85.0386,-121.291859,-4.6E-02));
#19726 = VECTOR('',#19727,1.);
#19727 = DIRECTION('',(0.,0.,1.));
#19728 = ORIENTED_EDGE('',*,*,#9844,.F.);
#19729 = ORIENTED_EDGE('',*,*,#19723,.F.);
#19730 = CYLINDRICAL_SURFACE('',#19731,0.45);
#19731 = AXIS2_PLACEMENT_3D('',#19732,#19733,#19734);
#19732 = CARTESIAN_POINT('',(85.0386,-120.841859,-4.6E-02));
#19733 = DIRECTION('',(-0.,-0.,-1.));
#19734 = DIRECTION('',(-0.,-1.,0.));
#19735 = ADVANCED_FACE('',(#19736),#19747,.F.);
#19736 = FACE_BOUND('',#19737,.T.);
#19737 = EDGE_LOOP('',(#19738,#19739,#19745,#19746));
#19738 = ORIENTED_EDGE('',*,*,#4516,.T.);
#19739 = ORIENTED_EDGE('',*,*,#19740,.T.);
#19740 = EDGE_CURVE('',#4517,#9856,#19741,.T.);
#19741 = LINE('',#19742,#19743);
#19742 = CARTESIAN_POINT('',(49.536,-111.364,-4.6E-02));
#19743 = VECTOR('',#19744,1.);
#19744 = DIRECTION('',(0.,0.,1.));
#19745 = ORIENTED_EDGE('',*,*,#9855,.F.);
#19746 = ORIENTED_EDGE('',*,*,#19740,.F.);
#19747 = CYLINDRICAL_SURFACE('',#19748,0.45);
#19748 = AXIS2_PLACEMENT_3D('',#19749,#19750,#19751);
#19749 = CARTESIAN_POINT('',(49.536,-110.914,-4.6E-02));
#19750 = DIRECTION('',(-0.,-0.,-1.));
#19751 = DIRECTION('',(-0.,-1.,0.));
#19752 = ADVANCED_FACE('',(#19753),#19764,.F.);
#19753 = FACE_BOUND('',#19754,.T.);
#19754 = EDGE_LOOP('',(#19755,#19756,#19762,#19763));
#19755 = ORIENTED_EDGE('',*,*,#4527,.T.);
#19756 = ORIENTED_EDGE('',*,*,#19757,.T.);
#19757 = EDGE_CURVE('',#4528,#9867,#19758,.T.);
#19758 = LINE('',#19759,#19760);
#19759 = CARTESIAN_POINT('',(51.06,-109.84,-4.6E-02));
#19760 = VECTOR('',#19761,1.);
#19761 = DIRECTION('',(0.,0.,1.));
#19762 = ORIENTED_EDGE('',*,*,#9866,.F.);
#19763 = ORIENTED_EDGE('',*,*,#19757,.F.);
#19764 = CYLINDRICAL_SURFACE('',#19765,0.45);
#19765 = AXIS2_PLACEMENT_3D('',#19766,#19767,#19768);
#19766 = CARTESIAN_POINT('',(51.06,-109.39,-4.6E-02));
#19767 = DIRECTION('',(-0.,-0.,-1.));
#19768 = DIRECTION('',(-0.,-1.,0.));
#19769 = ADVANCED_FACE('',(#19770),#19781,.F.);
#19770 = FACE_BOUND('',#19771,.T.);
#19771 = EDGE_LOOP('',(#19772,#19773,#19779,#19780));
#19772 = ORIENTED_EDGE('',*,*,#4538,.T.);
#19773 = ORIENTED_EDGE('',*,*,#19774,.T.);
#19774 = EDGE_CURVE('',#4539,#9878,#19775,.T.);
#19775 = LINE('',#19776,#19777);
#19776 = CARTESIAN_POINT('',(52.584,-111.364,-4.6E-02));
#19777 = VECTOR('',#19778,1.);
#19778 = DIRECTION('',(0.,0.,1.));
#19779 = ORIENTED_EDGE('',*,*,#9877,.F.);
#19780 = ORIENTED_EDGE('',*,*,#19774,.F.);
#19781 = CYLINDRICAL_SURFACE('',#19782,0.45);
#19782 = AXIS2_PLACEMENT_3D('',#19783,#19784,#19785);
#19783 = CARTESIAN_POINT('',(52.584,-110.914,-4.6E-02));
#19784 = DIRECTION('',(-0.,-0.,-1.));
#19785 = DIRECTION('',(-0.,-1.,0.));
#19786 = ADVANCED_FACE('',(#19787),#19798,.F.);
#19787 = FACE_BOUND('',#19788,.T.);
#19788 = EDGE_LOOP('',(#19789,#19790,#19796,#19797));
#19789 = ORIENTED_EDGE('',*,*,#4549,.T.);
#19790 = ORIENTED_EDGE('',*,*,#19791,.T.);
#19791 = EDGE_CURVE('',#4550,#9889,#19792,.T.);
#19792 = LINE('',#19793,#19794);
#19793 = CARTESIAN_POINT('',(54.362,-109.84,-4.6E-02));
#19794 = VECTOR('',#19795,1.);
#19795 = DIRECTION('',(0.,0.,1.));
#19796 = ORIENTED_EDGE('',*,*,#9888,.F.);
#19797 = ORIENTED_EDGE('',*,*,#19791,.F.);
#19798 = CYLINDRICAL_SURFACE('',#19799,0.45);
#19799 = AXIS2_PLACEMENT_3D('',#19800,#19801,#19802);
#19800 = CARTESIAN_POINT('',(54.362,-109.39,-4.6E-02));
#19801 = DIRECTION('',(-0.,0.,-1.));
#19802 = DIRECTION('',(1.578983857245E-14,-1.,-0.));
#19803 = ADVANCED_FACE('',(#19804),#19815,.F.);
#19804 = FACE_BOUND('',#19805,.T.);
#19805 = EDGE_LOOP('',(#19806,#19807,#19813,#19814));
#19806 = ORIENTED_EDGE('',*,*,#4560,.T.);
#19807 = ORIENTED_EDGE('',*,*,#19808,.T.);
#19808 = EDGE_CURVE('',#4561,#9900,#19809,.T.);
#19809 = LINE('',#19810,#19811);
#19810 = CARTESIAN_POINT('',(109.745133,-102.274867,-4.6E-02));
#19811 = VECTOR('',#19812,1.);
#19812 = DIRECTION('',(0.,0.,1.));
#19813 = ORIENTED_EDGE('',*,*,#9899,.F.);
#19814 = ORIENTED_EDGE('',*,*,#19808,.F.);
#19815 = CYLINDRICAL_SURFACE('',#19816,0.45);
#19816 = AXIS2_PLACEMENT_3D('',#19817,#19818,#19819);
#19817 = CARTESIAN_POINT('',(109.745133,-101.824867,-4.6E-02));
#19818 = DIRECTION('',(-0.,-0.,-1.));
#19819 = DIRECTION('',(-3.157967714489E-14,-1.,0.));
#19820 = ADVANCED_FACE('',(#19821),#19832,.F.);
#19821 = FACE_BOUND('',#19822,.T.);
#19822 = EDGE_LOOP('',(#19823,#19824,#19830,#19831));
#19823 = ORIENTED_EDGE('',*,*,#4571,.T.);
#19824 = ORIENTED_EDGE('',*,*,#19825,.T.);
#19825 = EDGE_CURVE('',#4572,#9911,#19826,.T.);
#19826 = LINE('',#19827,#19828);
#19827 = CARTESIAN_POINT('',(112.08,-102.095262,-4.6E-02));
#19828 = VECTOR('',#19829,1.);
#19829 = DIRECTION('',(0.,0.,1.));
#19830 = ORIENTED_EDGE('',*,*,#9910,.F.);
#19831 = ORIENTED_EDGE('',*,*,#19825,.F.);
#19832 = CYLINDRICAL_SURFACE('',#19833,0.45);
#19833 = AXIS2_PLACEMENT_3D('',#19834,#19835,#19836);
#19834 = CARTESIAN_POINT('',(112.08,-101.645262,-4.6E-02));
#19835 = DIRECTION('',(-0.,-0.,-1.));
#19836 = DIRECTION('',(-0.,-1.,0.));
#19837 = ADVANCED_FACE('',(#19838),#19849,.F.);
#19838 = FACE_BOUND('',#19839,.T.);
#19839 = EDGE_LOOP('',(#19840,#19841,#19847,#19848));
#19840 = ORIENTED_EDGE('',*,*,#4582,.T.);
#19841 = ORIENTED_EDGE('',*,*,#19842,.T.);
#19842 = EDGE_CURVE('',#4583,#9922,#19843,.T.);
#19843 = LINE('',#19844,#19845);
#19844 = CARTESIAN_POINT('',(112.08,-99.94,-4.6E-02));
#19845 = VECTOR('',#19846,1.);
#19846 = DIRECTION('',(0.,0.,1.));
#19847 = ORIENTED_EDGE('',*,*,#9921,.F.);
#19848 = ORIENTED_EDGE('',*,*,#19842,.F.);
#19849 = CYLINDRICAL_SURFACE('',#19850,0.45);
#19850 = AXIS2_PLACEMENT_3D('',#19851,#19852,#19853);
#19851 = CARTESIAN_POINT('',(112.08,-99.49,-4.6E-02));
#19852 = DIRECTION('',(-0.,-0.,-1.));
#19853 = DIRECTION('',(-0.,-1.,0.));
#19854 = ADVANCED_FACE('',(#19855),#19866,.F.);
#19855 = FACE_BOUND('',#19856,.T.);
#19856 = EDGE_LOOP('',(#19857,#19858,#19864,#19865));
#19857 = ORIENTED_EDGE('',*,*,#4593,.T.);
#19858 = ORIENTED_EDGE('',*,*,#19859,.T.);
#19859 = EDGE_CURVE('',#4594,#9933,#19860,.T.);
#19860 = LINE('',#19861,#19862);
#19861 = CARTESIAN_POINT('',(114.235261,-99.94,-4.6E-02));
#19862 = VECTOR('',#19863,1.);
#19863 = DIRECTION('',(0.,0.,1.));
#19864 = ORIENTED_EDGE('',*,*,#9932,.F.);
#19865 = ORIENTED_EDGE('',*,*,#19859,.F.);
#19866 = CYLINDRICAL_SURFACE('',#19867,0.45);
#19867 = AXIS2_PLACEMENT_3D('',#19868,#19869,#19870);
#19868 = CARTESIAN_POINT('',(114.235261,-99.49,-4.6E-02));
#19869 = DIRECTION('',(-0.,-0.,-1.));
#19870 = DIRECTION('',(-3.157967714489E-14,-1.,0.));
#19871 = ADVANCED_FACE('',(#19872),#19883,.F.);
#19872 = FACE_BOUND('',#19873,.T.);
#19873 = EDGE_LOOP('',(#19874,#19875,#19881,#19882));
#19874 = ORIENTED_EDGE('',*,*,#4604,.T.);
#19875 = ORIENTED_EDGE('',*,*,#19876,.T.);
#19876 = EDGE_CURVE('',#4605,#9944,#19877,.T.);
#19877 = LINE('',#19878,#19879);
#19878 = CARTESIAN_POINT('',(49.44,-74.51,-4.6E-02));
#19879 = VECTOR('',#19880,1.);
#19880 = DIRECTION('',(0.,0.,1.));
#19881 = ORIENTED_EDGE('',*,*,#9943,.F.);
#19882 = ORIENTED_EDGE('',*,*,#19876,.F.);
#19883 = CYLINDRICAL_SURFACE('',#19884,0.45);
#19884 = AXIS2_PLACEMENT_3D('',#19885,#19886,#19887);
#19885 = CARTESIAN_POINT('',(49.44,-74.06,-4.6E-02));
#19886 = DIRECTION('',(-0.,-0.,-1.));
#19887 = DIRECTION('',(-0.,-1.,0.));
#19888 = ADVANCED_FACE('',(#19889),#19900,.F.);
#19889 = FACE_BOUND('',#19890,.T.);
#19890 = EDGE_LOOP('',(#19891,#19892,#19898,#19899));
#19891 = ORIENTED_EDGE('',*,*,#4615,.T.);
#19892 = ORIENTED_EDGE('',*,*,#19893,.T.);
#19893 = EDGE_CURVE('',#4616,#9955,#19894,.T.);
#19894 = LINE('',#19895,#19896);
#19895 = CARTESIAN_POINT('',(51.218,-72.986,-4.6E-02));
#19896 = VECTOR('',#19897,1.);
#19897 = DIRECTION('',(0.,0.,1.));
#19898 = ORIENTED_EDGE('',*,*,#9954,.F.);
#19899 = ORIENTED_EDGE('',*,*,#19893,.F.);
#19900 = CYLINDRICAL_SURFACE('',#19901,0.45);
#19901 = AXIS2_PLACEMENT_3D('',#19902,#19903,#19904);
#19902 = CARTESIAN_POINT('',(51.218,-72.536,-4.6E-02));
#19903 = DIRECTION('',(-0.,-0.,-1.));
#19904 = DIRECTION('',(-0.,-1.,0.));
#19905 = ADVANCED_FACE('',(#19906),#19917,.F.);
#19906 = FACE_BOUND('',#19907,.T.);
#19907 = EDGE_LOOP('',(#19908,#19909,#19915,#19916));
#19908 = ORIENTED_EDGE('',*,*,#4626,.T.);
#19909 = ORIENTED_EDGE('',*,*,#19910,.T.);
#19910 = EDGE_CURVE('',#4627,#9966,#19911,.T.);
#19911 = LINE('',#19912,#19913);
#19912 = CARTESIAN_POINT('',(52.742,-74.51,-4.6E-02));
#19913 = VECTOR('',#19914,1.);
#19914 = DIRECTION('',(0.,0.,1.));
#19915 = ORIENTED_EDGE('',*,*,#9965,.F.);
#19916 = ORIENTED_EDGE('',*,*,#19910,.F.);
#19917 = CYLINDRICAL_SURFACE('',#19918,0.45);
#19918 = AXIS2_PLACEMENT_3D('',#19919,#19920,#19921);
#19919 = CARTESIAN_POINT('',(52.742,-74.06,-4.6E-02));
#19920 = DIRECTION('',(-0.,-0.,-1.));
#19921 = DIRECTION('',(-1.578983857245E-14,-1.,0.));
#19922 = ADVANCED_FACE('',(#19923),#19934,.F.);
#19923 = FACE_BOUND('',#19924,.T.);
#19924 = EDGE_LOOP('',(#19925,#19926,#19932,#19933));
#19925 = ORIENTED_EDGE('',*,*,#4637,.T.);
#19926 = ORIENTED_EDGE('',*,*,#19927,.T.);
#19927 = EDGE_CURVE('',#4638,#9977,#19928,.T.);
#19928 = LINE('',#19929,#19930);
#19929 = CARTESIAN_POINT('',(54.266,-72.986,-4.6E-02));
#19930 = VECTOR('',#19931,1.);
#19931 = DIRECTION('',(0.,0.,1.));
#19932 = ORIENTED_EDGE('',*,*,#9976,.F.);
#19933 = ORIENTED_EDGE('',*,*,#19927,.F.);
#19934 = CYLINDRICAL_SURFACE('',#19935,0.45);
#19935 = AXIS2_PLACEMENT_3D('',#19936,#19937,#19938);
#19936 = CARTESIAN_POINT('',(54.266,-72.536,-4.6E-02));
#19937 = DIRECTION('',(-0.,-0.,-1.));
#19938 = DIRECTION('',(-1.578983857245E-14,-1.,0.));
#19939 = ADVANCED_FACE('',(#19940),#19951,.F.);
#19940 = FACE_BOUND('',#19941,.T.);
#19941 = EDGE_LOOP('',(#19942,#19943,#19949,#19950));
#19942 = ORIENTED_EDGE('',*,*,#4648,.T.);
#19943 = ORIENTED_EDGE('',*,*,#19944,.T.);
#19944 = EDGE_CURVE('',#4649,#9988,#19945,.T.);
#19945 = LINE('',#19946,#19947);
#19946 = CARTESIAN_POINT('',(66.885511,-69.563462,-4.6E-02));
#19947 = VECTOR('',#19948,1.);
#19948 = DIRECTION('',(0.,0.,1.));
#19949 = ORIENTED_EDGE('',*,*,#9987,.F.);
#19950 = ORIENTED_EDGE('',*,*,#19944,.F.);
#19951 = CYLINDRICAL_SURFACE('',#19952,0.6);
#19952 = AXIS2_PLACEMENT_3D('',#19953,#19954,#19955);
#19953 = CARTESIAN_POINT('',(66.885511,-68.963462,-4.6E-02));
#19954 = DIRECTION('',(-0.,-0.,-1.));
#19955 = DIRECTION('',(-2.368475785867E-14,-1.,0.));
#19956 = ADVANCED_FACE('',(#19957),#19968,.F.);
#19957 = FACE_BOUND('',#19958,.T.);
#19958 = EDGE_LOOP('',(#19959,#19960,#19966,#19967));
#19959 = ORIENTED_EDGE('',*,*,#4659,.T.);
#19960 = ORIENTED_EDGE('',*,*,#19961,.T.);
#19961 = EDGE_CURVE('',#4660,#9999,#19962,.T.);
#19962 = LINE('',#19963,#19964);
#19963 = CARTESIAN_POINT('',(69.425511,-69.563462,-4.6E-02));
#19964 = VECTOR('',#19965,1.);
#19965 = DIRECTION('',(0.,0.,1.));
#19966 = ORIENTED_EDGE('',*,*,#9998,.F.);
#19967 = ORIENTED_EDGE('',*,*,#19961,.F.);
#19968 = CYLINDRICAL_SURFACE('',#19969,0.6);
#19969 = AXIS2_PLACEMENT_3D('',#19970,#19971,#19972);
#19970 = CARTESIAN_POINT('',(69.425511,-68.963462,-4.6E-02));
#19971 = DIRECTION('',(-0.,-0.,-1.));
#19972 = DIRECTION('',(-0.,-1.,0.));
#19973 = ADVANCED_FACE('',(#19974),#19985,.F.);
#19974 = FACE_BOUND('',#19975,.T.);
#19975 = EDGE_LOOP('',(#19976,#19977,#19983,#19984));
#19976 = ORIENTED_EDGE('',*,*,#4670,.T.);
#19977 = ORIENTED_EDGE('',*,*,#19978,.T.);
#19978 = EDGE_CURVE('',#4671,#10010,#19979,.T.);
#19979 = LINE('',#19980,#19981);
#19980 = CARTESIAN_POINT('',(71.965511,-69.563462,-4.6E-02));
#19981 = VECTOR('',#19982,1.);
#19982 = DIRECTION('',(0.,0.,1.));
#19983 = ORIENTED_EDGE('',*,*,#10009,.F.);
#19984 = ORIENTED_EDGE('',*,*,#19978,.F.);
#19985 = CYLINDRICAL_SURFACE('',#19986,0.6);
#19986 = AXIS2_PLACEMENT_3D('',#19987,#19988,#19989);
#19987 = CARTESIAN_POINT('',(71.965511,-68.963462,-4.6E-02));
#19988 = DIRECTION('',(-0.,0.,-1.));
#19989 = DIRECTION('',(2.368475785867E-14,-1.,-0.));
#19990 = ADVANCED_FACE('',(#19991),#20002,.F.);
#19991 = FACE_BOUND('',#19992,.T.);
#19992 = EDGE_LOOP('',(#19993,#19999,#20000,#20001));
#19993 = ORIENTED_EDGE('',*,*,#19994,.T.);
#19994 = EDGE_CURVE('',#4682,#10021,#19995,.T.);
#19995 = LINE('',#19996,#19997);
#19996 = CARTESIAN_POINT('',(44.940452,-53.833194,0.));
#19997 = VECTOR('',#19998,1.);
#19998 = DIRECTION('',(0.,0.,1.));
#19999 = ORIENTED_EDGE('',*,*,#10020,.T.);
#20000 = ORIENTED_EDGE('',*,*,#19994,.F.);
#20001 = ORIENTED_EDGE('',*,*,#4681,.F.);
#20002 = CYLINDRICAL_SURFACE('',#20003,1.E-02);
#20003 = AXIS2_PLACEMENT_3D('',#20004,#20005,#20006);
#20004 = CARTESIAN_POINT('',(44.930452,-53.833194,0.));
#20005 = DIRECTION('',(-0.,-0.,-1.));
#20006 = DIRECTION('',(1.,0.,-0.));
#20007 = ADVANCED_FACE('',(#20008),#20019,.F.);
#20008 = FACE_BOUND('',#20009,.T.);
#20009 = EDGE_LOOP('',(#20010,#20011,#20017,#20018));
#20010 = ORIENTED_EDGE('',*,*,#4692,.T.);
#20011 = ORIENTED_EDGE('',*,*,#20012,.T.);
#20012 = EDGE_CURVE('',#4693,#10032,#20013,.T.);
#20013 = LINE('',#20014,#20015);
#20014 = CARTESIAN_POINT('',(90.,-71.6,-4.6E-02));
#20015 = VECTOR('',#20016,1.);
#20016 = DIRECTION('',(0.,0.,1.));
#20017 = ORIENTED_EDGE('',*,*,#10031,.F.);
#20018 = ORIENTED_EDGE('',*,*,#20012,.F.);
#20019 = CYLINDRICAL_SURFACE('',#20020,1.6);
#20020 = AXIS2_PLACEMENT_3D('',#20021,#20022,#20023);
#20021 = CARTESIAN_POINT('',(90.,-70.,-4.6E-02));
#20022 = DIRECTION('',(-0.,-0.,-1.));
#20023 = DIRECTION('',(-0.,-1.,0.));
#20024 = ADVANCED_FACE('',(#20025),#20036,.F.);
#20025 = FACE_BOUND('',#20026,.T.);
#20026 = EDGE_LOOP('',(#20027,#20028,#20034,#20035));
#20027 = ORIENTED_EDGE('',*,*,#4703,.T.);
#20028 = ORIENTED_EDGE('',*,*,#20029,.T.);
#20029 = EDGE_CURVE('',#4704,#10043,#20030,.T.);
#20030 = LINE('',#20031,#20032);
#20031 = CARTESIAN_POINT('',(105.99,-65.87,-4.6E-02));
#20032 = VECTOR('',#20033,1.);
#20033 = DIRECTION('',(0.,0.,1.));
#20034 = ORIENTED_EDGE('',*,*,#10042,.F.);
#20035 = ORIENTED_EDGE('',*,*,#20029,.F.);
#20036 = CYLINDRICAL_SURFACE('',#20037,0.5);
#20037 = AXIS2_PLACEMENT_3D('',#20038,#20039,#20040);
#20038 = CARTESIAN_POINT('',(105.99,-65.37,-4.6E-02));
#20039 = DIRECTION('',(-0.,-0.,-1.));
#20040 = DIRECTION('',(-0.,-1.,0.));
#20041 = ADVANCED_FACE('',(#20042),#20053,.F.);
#20042 = FACE_BOUND('',#20043,.T.);
#20043 = EDGE_LOOP('',(#20044,#20045,#20051,#20052));
#20044 = ORIENTED_EDGE('',*,*,#4714,.T.);
#20045 = ORIENTED_EDGE('',*,*,#20046,.T.);
#20046 = EDGE_CURVE('',#4715,#10054,#20047,.T.);
#20047 = LINE('',#20048,#20049);
#20048 = CARTESIAN_POINT('',(105.99,-63.33,-4.6E-02));
#20049 = VECTOR('',#20050,1.);
#20050 = DIRECTION('',(0.,0.,1.));
#20051 = ORIENTED_EDGE('',*,*,#10053,.F.);
#20052 = ORIENTED_EDGE('',*,*,#20046,.F.);
#20053 = CYLINDRICAL_SURFACE('',#20054,0.5);
#20054 = AXIS2_PLACEMENT_3D('',#20055,#20056,#20057);
#20055 = CARTESIAN_POINT('',(105.99,-62.83,-4.6E-02));
#20056 = DIRECTION('',(-0.,-0.,-1.));
#20057 = DIRECTION('',(-0.,-1.,0.));
#20058 = ADVANCED_FACE('',(#20059),#20070,.F.);
#20059 = FACE_BOUND('',#20060,.T.);
#20060 = EDGE_LOOP('',(#20061,#20062,#20068,#20069));
#20061 = ORIENTED_EDGE('',*,*,#4725,.T.);
#20062 = ORIENTED_EDGE('',*,*,#20063,.T.);
#20063 = EDGE_CURVE('',#4726,#10065,#20064,.T.);
#20064 = LINE('',#20065,#20066);
#20065 = CARTESIAN_POINT('',(105.99,-60.79,-4.6E-02));
#20066 = VECTOR('',#20067,1.);
#20067 = DIRECTION('',(0.,0.,1.));
#20068 = ORIENTED_EDGE('',*,*,#10064,.F.);
#20069 = ORIENTED_EDGE('',*,*,#20063,.F.);
#20070 = CYLINDRICAL_SURFACE('',#20071,0.5);
#20071 = AXIS2_PLACEMENT_3D('',#20072,#20073,#20074);
#20072 = CARTESIAN_POINT('',(105.99,-60.29,-4.6E-02));
#20073 = DIRECTION('',(-0.,-0.,-1.));
#20074 = DIRECTION('',(-0.,-1.,0.));
#20075 = ADVANCED_FACE('',(#20076),#20087,.F.);
#20076 = FACE_BOUND('',#20077,.T.);
#20077 = EDGE_LOOP('',(#20078,#20079,#20085,#20086));
#20078 = ORIENTED_EDGE('',*,*,#4736,.T.);
#20079 = ORIENTED_EDGE('',*,*,#20080,.T.);
#20080 = EDGE_CURVE('',#4737,#10076,#20081,.T.);
#20081 = LINE('',#20082,#20083);
#20082 = CARTESIAN_POINT('',(135.375133,-72.924867,-4.6E-02));
#20083 = VECTOR('',#20084,1.);
#20084 = DIRECTION('',(0.,0.,1.));
#20085 = ORIENTED_EDGE('',*,*,#10075,.F.);
#20086 = ORIENTED_EDGE('',*,*,#20080,.F.);
#20087 = CYLINDRICAL_SURFACE('',#20088,0.45);
#20088 = AXIS2_PLACEMENT_3D('',#20089,#20090,#20091);
#20089 = CARTESIAN_POINT('',(135.375133,-72.474867,-4.6E-02));
#20090 = DIRECTION('',(-0.,-0.,-1.));
#20091 = DIRECTION('',(-0.,-1.,0.));
#20092 = ADVANCED_FACE('',(#20093),#20104,.F.);
#20093 = FACE_BOUND('',#20094,.T.);
#20094 = EDGE_LOOP('',(#20095,#20096,#20102,#20103));
#20095 = ORIENTED_EDGE('',*,*,#4747,.T.);
#20096 = ORIENTED_EDGE('',*,*,#20097,.T.);
#20097 = EDGE_CURVE('',#4748,#10087,#20098,.T.);
#20098 = LINE('',#20099,#20100);
#20099 = CARTESIAN_POINT('',(137.71,-72.745262,-4.6E-02));
#20100 = VECTOR('',#20101,1.);
#20101 = DIRECTION('',(0.,0.,1.));
#20102 = ORIENTED_EDGE('',*,*,#10086,.F.);
#20103 = ORIENTED_EDGE('',*,*,#20097,.F.);
#20104 = CYLINDRICAL_SURFACE('',#20105,0.45);
#20105 = AXIS2_PLACEMENT_3D('',#20106,#20107,#20108);
#20106 = CARTESIAN_POINT('',(137.71,-72.295262,-4.6E-02));
#20107 = DIRECTION('',(-0.,0.,-1.));
#20108 = DIRECTION('',(6.315935428978E-14,-1.,-0.));
#20109 = ADVANCED_FACE('',(#20110),#20121,.F.);
#20110 = FACE_BOUND('',#20111,.T.);
#20111 = EDGE_LOOP('',(#20112,#20113,#20119,#20120));
#20112 = ORIENTED_EDGE('',*,*,#4758,.T.);
#20113 = ORIENTED_EDGE('',*,*,#20114,.T.);
#20114 = EDGE_CURVE('',#4759,#10098,#20115,.T.);
#20115 = LINE('',#20116,#20117);
#20116 = CARTESIAN_POINT('',(137.71,-70.59,-4.6E-02));
#20117 = VECTOR('',#20118,1.);
#20118 = DIRECTION('',(0.,0.,1.));
#20119 = ORIENTED_EDGE('',*,*,#10097,.F.);
#20120 = ORIENTED_EDGE('',*,*,#20114,.F.);
#20121 = CYLINDRICAL_SURFACE('',#20122,0.45);
#20122 = AXIS2_PLACEMENT_3D('',#20123,#20124,#20125);
#20123 = CARTESIAN_POINT('',(137.71,-70.14,-4.6E-02));
#20124 = DIRECTION('',(-0.,0.,-1.));
#20125 = DIRECTION('',(6.315935428978E-14,-1.,-0.));
#20126 = ADVANCED_FACE('',(#20127),#20138,.F.);
#20127 = FACE_BOUND('',#20128,.T.);
#20128 = EDGE_LOOP('',(#20129,#20130,#20136,#20137));
#20129 = ORIENTED_EDGE('',*,*,#4769,.T.);
#20130 = ORIENTED_EDGE('',*,*,#20131,.T.);
#20131 = EDGE_CURVE('',#4770,#10109,#20132,.T.);
#20132 = LINE('',#20133,#20134);
#20133 = CARTESIAN_POINT('',(139.865261,-70.59,-4.6E-02));
#20134 = VECTOR('',#20135,1.);
#20135 = DIRECTION('',(0.,0.,1.));
#20136 = ORIENTED_EDGE('',*,*,#10108,.F.);
#20137 = ORIENTED_EDGE('',*,*,#20131,.F.);
#20138 = CYLINDRICAL_SURFACE('',#20139,0.45);
#20139 = AXIS2_PLACEMENT_3D('',#20140,#20141,#20142);
#20140 = CARTESIAN_POINT('',(139.865261,-70.14,-4.6E-02));
#20141 = DIRECTION('',(-0.,0.,-1.));
#20142 = DIRECTION('',(6.315935428978E-14,-1.,-0.));
#20143 = ADVANCED_FACE('',(#20144),#20155,.F.);
#20144 = FACE_BOUND('',#20145,.T.);
#20145 = EDGE_LOOP('',(#20146,#20147,#20153,#20154));
#20146 = ORIENTED_EDGE('',*,*,#4780,.T.);
#20147 = ORIENTED_EDGE('',*,*,#20148,.T.);
#20148 = EDGE_CURVE('',#4781,#10120,#20149,.T.);
#20149 = LINE('',#20150,#20151);
#20150 = CARTESIAN_POINT('',(-61.925133,-44.494867,-4.6E-02));
#20151 = VECTOR('',#20152,1.);
#20152 = DIRECTION('',(0.,0.,1.));
#20153 = ORIENTED_EDGE('',*,*,#10119,.F.);
#20154 = ORIENTED_EDGE('',*,*,#20148,.F.);
#20155 = CYLINDRICAL_SURFACE('',#20156,0.45);
#20156 = AXIS2_PLACEMENT_3D('',#20157,#20158,#20159);
#20157 = CARTESIAN_POINT('',(-61.925133,-44.044867,-4.6E-02));
#20158 = DIRECTION('',(-0.,-0.,-1.));
#20159 = DIRECTION('',(-0.,-1.,0.));
#20160 = ADVANCED_FACE('',(#20161),#20172,.F.);
#20161 = FACE_BOUND('',#20162,.T.);
#20162 = EDGE_LOOP('',(#20163,#20164,#20170,#20171));
#20163 = ORIENTED_EDGE('',*,*,#4791,.T.);
#20164 = ORIENTED_EDGE('',*,*,#20165,.T.);
#20165 = EDGE_CURVE('',#4792,#10131,#20166,.T.);
#20166 = LINE('',#20167,#20168);
#20167 = CARTESIAN_POINT('',(-64.26,-42.16,-4.6E-02));
#20168 = VECTOR('',#20169,1.);
#20169 = DIRECTION('',(0.,0.,1.));
#20170 = ORIENTED_EDGE('',*,*,#10130,.F.);
#20171 = ORIENTED_EDGE('',*,*,#20165,.F.);
#20172 = CYLINDRICAL_SURFACE('',#20173,0.45);
#20173 = AXIS2_PLACEMENT_3D('',#20174,#20175,#20176);
#20174 = CARTESIAN_POINT('',(-64.26,-41.71,-4.6E-02));
#20175 = DIRECTION('',(-0.,-0.,-1.));
#20176 = DIRECTION('',(-3.157967714489E-14,-1.,0.));
#20177 = ADVANCED_FACE('',(#20178),#20189,.F.);
#20178 = FACE_BOUND('',#20179,.T.);
#20179 = EDGE_LOOP('',(#20180,#20181,#20187,#20188));
#20180 = ORIENTED_EDGE('',*,*,#4802,.T.);
#20181 = ORIENTED_EDGE('',*,*,#20182,.T.);
#20182 = EDGE_CURVE('',#4803,#10142,#20183,.T.);
#20183 = LINE('',#20184,#20185);
#20184 = CARTESIAN_POINT('',(-62.104738,-42.16,-4.6E-02));
#20185 = VECTOR('',#20186,1.);
#20186 = DIRECTION('',(0.,0.,1.));
#20187 = ORIENTED_EDGE('',*,*,#10141,.F.);
#20188 = ORIENTED_EDGE('',*,*,#20182,.F.);
#20189 = CYLINDRICAL_SURFACE('',#20190,0.45);
#20190 = AXIS2_PLACEMENT_3D('',#20191,#20192,#20193);
#20191 = CARTESIAN_POINT('',(-62.104738,-41.71,-4.6E-02));
#20192 = DIRECTION('',(-0.,-0.,-1.));
#20193 = DIRECTION('',(-0.,-1.,0.));
#20194 = ADVANCED_FACE('',(#20195),#20206,.F.);
#20195 = FACE_BOUND('',#20196,.T.);
#20196 = EDGE_LOOP('',(#20197,#20198,#20204,#20205));
#20197 = ORIENTED_EDGE('',*,*,#4813,.T.);
#20198 = ORIENTED_EDGE('',*,*,#20199,.T.);
#20199 = EDGE_CURVE('',#4814,#10153,#20200,.T.);
#20200 = LINE('',#20201,#20202);
#20201 = CARTESIAN_POINT('',(-64.26,-40.004739,-4.6E-02));
#20202 = VECTOR('',#20203,1.);
#20203 = DIRECTION('',(0.,0.,1.));
#20204 = ORIENTED_EDGE('',*,*,#10152,.F.);
#20205 = ORIENTED_EDGE('',*,*,#20199,.F.);
#20206 = CYLINDRICAL_SURFACE('',#20207,0.45);
#20207 = AXIS2_PLACEMENT_3D('',#20208,#20209,#20210);
#20208 = CARTESIAN_POINT('',(-64.26,-39.554739,-4.6E-02));
#20209 = DIRECTION('',(-0.,-0.,-1.));
#20210 = DIRECTION('',(-3.157967714489E-14,-1.,0.));
#20211 = ADVANCED_FACE('',(#20212),#20223,.F.);
#20212 = FACE_BOUND('',#20213,.T.);
#20213 = EDGE_LOOP('',(#20214,#20215,#20221,#20222));
#20214 = ORIENTED_EDGE('',*,*,#4824,.T.);
#20215 = ORIENTED_EDGE('',*,*,#20216,.T.);
#20216 = EDGE_CURVE('',#4825,#10164,#20217,.T.);
#20217 = LINE('',#20218,#20219);
#20218 = CARTESIAN_POINT('',(-13.385489,-41.639462,-4.6E-02));
#20219 = VECTOR('',#20220,1.);
#20220 = DIRECTION('',(0.,0.,1.));
#20221 = ORIENTED_EDGE('',*,*,#10163,.F.);
#20222 = ORIENTED_EDGE('',*,*,#20216,.F.);
#20223 = CYLINDRICAL_SURFACE('',#20224,0.45);
#20224 = AXIS2_PLACEMENT_3D('',#20225,#20226,#20227);
#20225 = CARTESIAN_POINT('',(-13.385489,-41.189462,-4.6E-02));
#20226 = DIRECTION('',(-0.,-0.,-1.));
#20227 = DIRECTION('',(-0.,-1.,0.));
#20228 = ADVANCED_FACE('',(#20229),#20240,.F.);
#20229 = FACE_BOUND('',#20230,.T.);
#20230 = EDGE_LOOP('',(#20231,#20232,#20238,#20239));
#20231 = ORIENTED_EDGE('',*,*,#4835,.T.);
#20232 = ORIENTED_EDGE('',*,*,#20233,.T.);
#20233 = EDGE_CURVE('',#4836,#10175,#20234,.T.);
#20234 = LINE('',#20235,#20236);
#20235 = CARTESIAN_POINT('',(-14.909489,-40.115462,-4.6E-02));
#20236 = VECTOR('',#20237,1.);
#20237 = DIRECTION('',(0.,0.,1.));
#20238 = ORIENTED_EDGE('',*,*,#10174,.F.);
#20239 = ORIENTED_EDGE('',*,*,#20233,.F.);
#20240 = CYLINDRICAL_SURFACE('',#20241,0.45);
#20241 = AXIS2_PLACEMENT_3D('',#20242,#20243,#20244);
#20242 = CARTESIAN_POINT('',(-14.909489,-39.665462,-4.6E-02));
#20243 = DIRECTION('',(-0.,-0.,-1.));
#20244 = DIRECTION('',(-0.,-1.,0.));
#20245 = ADVANCED_FACE('',(#20246),#20257,.F.);
#20246 = FACE_BOUND('',#20247,.T.);
#20247 = EDGE_LOOP('',(#20248,#20249,#20255,#20256));
#20248 = ORIENTED_EDGE('',*,*,#4846,.T.);
#20249 = ORIENTED_EDGE('',*,*,#20250,.T.);
#20250 = EDGE_CURVE('',#4847,#10186,#20251,.T.);
#20251 = LINE('',#20252,#20253);
#20252 = CARTESIAN_POINT('',(-13.385489,-38.591462,-4.6E-02));
#20253 = VECTOR('',#20254,1.);
#20254 = DIRECTION('',(0.,0.,1.));
#20255 = ORIENTED_EDGE('',*,*,#10185,.F.);
#20256 = ORIENTED_EDGE('',*,*,#20250,.F.);
#20257 = CYLINDRICAL_SURFACE('',#20258,0.45);
#20258 = AXIS2_PLACEMENT_3D('',#20259,#20260,#20261);
#20259 = CARTESIAN_POINT('',(-13.385489,-38.141462,-4.6E-02));
#20260 = DIRECTION('',(-0.,-0.,-1.));
#20261 = DIRECTION('',(-0.,-1.,0.));
#20262 = ADVANCED_FACE('',(#20263),#20274,.F.);
#20263 = FACE_BOUND('',#20264,.T.);
#20264 = EDGE_LOOP('',(#20265,#20266,#20272,#20273));
#20265 = ORIENTED_EDGE('',*,*,#4857,.T.);
#20266 = ORIENTED_EDGE('',*,*,#20267,.T.);
#20267 = EDGE_CURVE('',#4858,#10197,#20268,.T.);
#20268 = LINE('',#20269,#20270);
#20269 = CARTESIAN_POINT('',(-14.909489,-36.813462,-4.6E-02));
#20270 = VECTOR('',#20271,1.);
#20271 = DIRECTION('',(0.,0.,1.));
#20272 = ORIENTED_EDGE('',*,*,#10196,.F.);
#20273 = ORIENTED_EDGE('',*,*,#20267,.F.);
#20274 = CYLINDRICAL_SURFACE('',#20275,0.45);
#20275 = AXIS2_PLACEMENT_3D('',#20276,#20277,#20278);
#20276 = CARTESIAN_POINT('',(-14.909489,-36.363462,-4.6E-02));
#20277 = DIRECTION('',(-0.,-0.,-1.));
#20278 = DIRECTION('',(-0.,-1.,0.));
#20279 = ADVANCED_FACE('',(#20280),#20291,.F.);
#20280 = FACE_BOUND('',#20281,.T.);
#20281 = EDGE_LOOP('',(#20282,#20283,#20289,#20290));
#20282 = ORIENTED_EDGE('',*,*,#4868,.T.);
#20283 = ORIENTED_EDGE('',*,*,#20284,.T.);
#20284 = EDGE_CURVE('',#4869,#10208,#20285,.T.);
#20285 = LINE('',#20286,#20287);
#20286 = CARTESIAN_POINT('',(6.02,-44.888,-4.6E-02));
#20287 = VECTOR('',#20288,1.);
#20288 = DIRECTION('',(0.,0.,1.));
#20289 = ORIENTED_EDGE('',*,*,#10207,.F.);
#20290 = ORIENTED_EDGE('',*,*,#20284,.F.);
#20291 = CYLINDRICAL_SURFACE('',#20292,0.45);
#20292 = AXIS2_PLACEMENT_3D('',#20293,#20294,#20295);
#20293 = CARTESIAN_POINT('',(6.02,-44.438,-4.6E-02));
#20294 = DIRECTION('',(-0.,-0.,-1.));
#20295 = DIRECTION('',(-0.,-1.,0.));
#20296 = ADVANCED_FACE('',(#20297),#20308,.F.);
#20297 = FACE_BOUND('',#20298,.T.);
#20298 = EDGE_LOOP('',(#20299,#20300,#20306,#20307));
#20299 = ORIENTED_EDGE('',*,*,#4879,.T.);
#20300 = ORIENTED_EDGE('',*,*,#20301,.T.);
#20301 = EDGE_CURVE('',#4880,#10219,#20302,.T.);
#20302 = LINE('',#20303,#20304);
#20303 = CARTESIAN_POINT('',(8.56,-44.888,-4.6E-02));
#20304 = VECTOR('',#20305,1.);
#20305 = DIRECTION('',(0.,0.,1.));
#20306 = ORIENTED_EDGE('',*,*,#10218,.F.);
#20307 = ORIENTED_EDGE('',*,*,#20301,.F.);
#20308 = CYLINDRICAL_SURFACE('',#20309,0.45);
#20309 = AXIS2_PLACEMENT_3D('',#20310,#20311,#20312);
#20310 = CARTESIAN_POINT('',(8.56,-44.438,-4.6E-02));
#20311 = DIRECTION('',(-0.,0.,-1.));
#20312 = DIRECTION('',(3.947459643112E-15,-1.,-0.));
#20313 = ADVANCED_FACE('',(#20314),#20325,.F.);
#20314 = FACE_BOUND('',#20315,.T.);
#20315 = EDGE_LOOP('',(#20316,#20317,#20323,#20324));
#20316 = ORIENTED_EDGE('',*,*,#4890,.T.);
#20317 = ORIENTED_EDGE('',*,*,#20318,.T.);
#20318 = EDGE_CURVE('',#4891,#10230,#20319,.T.);
#20319 = LINE('',#20320,#20321);
#20320 = CARTESIAN_POINT('',(11.1,-44.888,-4.6E-02));
#20321 = VECTOR('',#20322,1.);
#20322 = DIRECTION('',(0.,0.,1.));
#20323 = ORIENTED_EDGE('',*,*,#10229,.F.);
#20324 = ORIENTED_EDGE('',*,*,#20318,.F.);
#20325 = CYLINDRICAL_SURFACE('',#20326,0.45);
#20326 = AXIS2_PLACEMENT_3D('',#20327,#20328,#20329);
#20327 = CARTESIAN_POINT('',(11.1,-44.438,-4.6E-02));
#20328 = DIRECTION('',(-0.,-0.,-1.));
#20329 = DIRECTION('',(-3.947459643112E-15,-1.,0.));
#20330 = ADVANCED_FACE('',(#20331),#20342,.F.);
#20331 = FACE_BOUND('',#20332,.T.);
#20332 = EDGE_LOOP('',(#20333,#20334,#20340,#20341));
#20333 = ORIENTED_EDGE('',*,*,#4901,.T.);
#20334 = ORIENTED_EDGE('',*,*,#20335,.T.);
#20335 = EDGE_CURVE('',#4902,#10241,#20336,.T.);
#20336 = LINE('',#20337,#20338);
#20337 = CARTESIAN_POINT('',(13.64,-44.888,-4.6E-02));
#20338 = VECTOR('',#20339,1.);
#20339 = DIRECTION('',(0.,0.,1.));
#20340 = ORIENTED_EDGE('',*,*,#10240,.F.);
#20341 = ORIENTED_EDGE('',*,*,#20335,.F.);
#20342 = CYLINDRICAL_SURFACE('',#20343,0.45);
#20343 = AXIS2_PLACEMENT_3D('',#20344,#20345,#20346);
#20344 = CARTESIAN_POINT('',(13.64,-44.438,-4.6E-02));
#20345 = DIRECTION('',(-0.,-0.,-1.));
#20346 = DIRECTION('',(-0.,-1.,0.));
#20347 = ADVANCED_FACE('',(#20348),#20359,.F.);
#20348 = FACE_BOUND('',#20349,.T.);
#20349 = EDGE_LOOP('',(#20350,#20351,#20357,#20358));
#20350 = ORIENTED_EDGE('',*,*,#4912,.T.);
#20351 = ORIENTED_EDGE('',*,*,#20352,.T.);
#20352 = EDGE_CURVE('',#4913,#10252,#20353,.T.);
#20353 = LINE('',#20354,#20355);
#20354 = CARTESIAN_POINT('',(16.18,-44.888,-4.6E-02));
#20355 = VECTOR('',#20356,1.);
#20356 = DIRECTION('',(0.,0.,1.));
#20357 = ORIENTED_EDGE('',*,*,#10251,.F.);
#20358 = ORIENTED_EDGE('',*,*,#20352,.F.);
#20359 = CYLINDRICAL_SURFACE('',#20360,0.45);
#20360 = AXIS2_PLACEMENT_3D('',#20361,#20362,#20363);
#20361 = CARTESIAN_POINT('',(16.18,-44.438,-4.6E-02));
#20362 = DIRECTION('',(-0.,-0.,-1.));
#20363 = DIRECTION('',(-0.,-1.,0.));
#20364 = ADVANCED_FACE('',(#20365),#20381,.T.);
#20365 = FACE_BOUND('',#20366,.T.);
#20366 = EDGE_LOOP('',(#20367,#20373,#20374,#20380));
#20367 = ORIENTED_EDGE('',*,*,#20368,.T.);
#20368 = EDGE_CURVE('',#4924,#10263,#20369,.T.);
#20369 = LINE('',#20370,#20371);
#20370 = CARTESIAN_POINT('',(15.867,-57.108,0.));
#20371 = VECTOR('',#20372,1.);
#20372 = DIRECTION('',(0.,0.,1.));
#20373 = ORIENTED_EDGE('',*,*,#10262,.T.);
#20374 = ORIENTED_EDGE('',*,*,#20375,.F.);
#20375 = EDGE_CURVE('',#4926,#10265,#20376,.T.);
#20376 = LINE('',#20377,#20378);
#20377 = CARTESIAN_POINT('',(35.867,-57.108,0.));
#20378 = VECTOR('',#20379,1.);
#20379 = DIRECTION('',(0.,0.,1.));
#20380 = ORIENTED_EDGE('',*,*,#4923,.F.);
#20381 = PLANE('',#20382);
#20382 = AXIS2_PLACEMENT_3D('',#20383,#20384,#20385);
#20383 = CARTESIAN_POINT('',(15.867,-57.108,0.));
#20384 = DIRECTION('',(0.,1.,0.));
#20385 = DIRECTION('',(1.,0.,0.));
#20386 = ADVANCED_FACE('',(#20387),#20398,.T.);
#20387 = FACE_BOUND('',#20388,.T.);
#20388 = EDGE_LOOP('',(#20389,#20395,#20396,#20397));
#20389 = ORIENTED_EDGE('',*,*,#20390,.T.);
#20390 = EDGE_CURVE('',#4934,#10273,#20391,.T.);
#20391 = LINE('',#20392,#20393);
#20392 = CARTESIAN_POINT('',(15.867,-47.108,0.));
#20393 = VECTOR('',#20394,1.);
#20394 = DIRECTION('',(0.,0.,1.));
#20395 = ORIENTED_EDGE('',*,*,#10272,.T.);
#20396 = ORIENTED_EDGE('',*,*,#20368,.F.);
#20397 = ORIENTED_EDGE('',*,*,#4933,.F.);
#20398 = PLANE('',#20399);
#20399 = AXIS2_PLACEMENT_3D('',#20400,#20401,#20402);
#20400 = CARTESIAN_POINT('',(15.867,-47.108,0.));
#20401 = DIRECTION('',(1.,0.,-0.));
#20402 = DIRECTION('',(0.,-1.,0.));
#20403 = ADVANCED_FACE('',(#20404),#20415,.T.);
#20404 = FACE_BOUND('',#20405,.T.);
#20405 = EDGE_LOOP('',(#20406,#20407,#20408,#20414));
#20406 = ORIENTED_EDGE('',*,*,#20375,.T.);
#20407 = ORIENTED_EDGE('',*,*,#10288,.T.);
#20408 = ORIENTED_EDGE('',*,*,#20409,.F.);
#20409 = EDGE_CURVE('',#4942,#10281,#20410,.T.);
#20410 = LINE('',#20411,#20412);
#20411 = CARTESIAN_POINT('',(35.867,-47.108,0.));
#20412 = VECTOR('',#20413,1.);
#20413 = DIRECTION('',(0.,0.,1.));
#20414 = ORIENTED_EDGE('',*,*,#4949,.F.);
#20415 = PLANE('',#20416);
#20416 = AXIS2_PLACEMENT_3D('',#20417,#20418,#20419);
#20417 = CARTESIAN_POINT('',(35.867,-57.108,0.));
#20418 = DIRECTION('',(-1.,0.,0.));
#20419 = DIRECTION('',(0.,1.,0.));
#20420 = ADVANCED_FACE('',(#20421),#20427,.T.);
#20421 = FACE_BOUND('',#20422,.T.);
#20422 = EDGE_LOOP('',(#20423,#20424,#20425,#20426));
#20423 = ORIENTED_EDGE('',*,*,#20409,.T.);
#20424 = ORIENTED_EDGE('',*,*,#10280,.T.);
#20425 = ORIENTED_EDGE('',*,*,#20390,.F.);
#20426 = ORIENTED_EDGE('',*,*,#4941,.F.);
#20427 = PLANE('',#20428);
#20428 = AXIS2_PLACEMENT_3D('',#20429,#20430,#20431);
#20429 = CARTESIAN_POINT('',(35.867,-47.108,0.));
#20430 = DIRECTION('',(0.,-1.,0.));
#20431 = DIRECTION('',(-1.,0.,0.));
#20432 = ADVANCED_FACE('',(#20433),#20444,.F.);
#20433 = FACE_BOUND('',#20434,.T.);
#20434 = EDGE_LOOP('',(#20435,#20436,#20442,#20443));
#20435 = ORIENTED_EDGE('',*,*,#4957,.T.);
#20436 = ORIENTED_EDGE('',*,*,#20437,.T.);
#20437 = EDGE_CURVE('',#4958,#10297,#20438,.T.);
#20438 = LINE('',#20439,#20440);
#20439 = CARTESIAN_POINT('',(18.72,-44.888,-4.6E-02));
#20440 = VECTOR('',#20441,1.);
#20441 = DIRECTION('',(0.,0.,1.));
#20442 = ORIENTED_EDGE('',*,*,#10296,.F.);
#20443 = ORIENTED_EDGE('',*,*,#20437,.F.);
#20444 = CYLINDRICAL_SURFACE('',#20445,0.45);
#20445 = AXIS2_PLACEMENT_3D('',#20446,#20447,#20448);
#20446 = CARTESIAN_POINT('',(18.72,-44.438,-4.6E-02));
#20447 = DIRECTION('',(-0.,-0.,-1.));
#20448 = DIRECTION('',(-0.,-1.,0.));
#20449 = ADVANCED_FACE('',(#20450),#20461,.F.);
#20450 = FACE_BOUND('',#20451,.T.);
#20451 = EDGE_LOOP('',(#20452,#20453,#20459,#20460));
#20452 = ORIENTED_EDGE('',*,*,#4968,.T.);
#20453 = ORIENTED_EDGE('',*,*,#20454,.T.);
#20454 = EDGE_CURVE('',#4969,#10308,#20455,.T.);
#20455 = LINE('',#20456,#20457);
#20456 = CARTESIAN_POINT('',(21.26,-44.888,-4.6E-02));
#20457 = VECTOR('',#20458,1.);
#20458 = DIRECTION('',(0.,0.,1.));
#20459 = ORIENTED_EDGE('',*,*,#10307,.F.);
#20460 = ORIENTED_EDGE('',*,*,#20454,.F.);
#20461 = CYLINDRICAL_SURFACE('',#20462,0.45);
#20462 = AXIS2_PLACEMENT_3D('',#20463,#20464,#20465);
#20463 = CARTESIAN_POINT('',(21.26,-44.438,-4.6E-02));
#20464 = DIRECTION('',(-0.,0.,-1.));
#20465 = DIRECTION('',(7.894919286223E-15,-1.,-0.));
#20466 = ADVANCED_FACE('',(#20467),#20478,.F.);
#20467 = FACE_BOUND('',#20468,.T.);
#20468 = EDGE_LOOP('',(#20469,#20470,#20476,#20477));
#20469 = ORIENTED_EDGE('',*,*,#4979,.T.);
#20470 = ORIENTED_EDGE('',*,*,#20471,.T.);
#20471 = EDGE_CURVE('',#4980,#10319,#20472,.T.);
#20472 = LINE('',#20473,#20474);
#20473 = CARTESIAN_POINT('',(23.8,-44.888,-4.6E-02));
#20474 = VECTOR('',#20475,1.);
#20475 = DIRECTION('',(0.,0.,1.));
#20476 = ORIENTED_EDGE('',*,*,#10318,.F.);
#20477 = ORIENTED_EDGE('',*,*,#20471,.F.);
#20478 = CYLINDRICAL_SURFACE('',#20479,0.45);
#20479 = AXIS2_PLACEMENT_3D('',#20480,#20481,#20482);
#20480 = CARTESIAN_POINT('',(23.8,-44.438,-4.6E-02));
#20481 = DIRECTION('',(-0.,-0.,-1.));
#20482 = DIRECTION('',(-0.,-1.,0.));
#20483 = ADVANCED_FACE('',(#20484),#20495,.F.);
#20484 = FACE_BOUND('',#20485,.T.);
#20485 = EDGE_LOOP('',(#20486,#20487,#20493,#20494));
#20486 = ORIENTED_EDGE('',*,*,#4990,.T.);
#20487 = ORIENTED_EDGE('',*,*,#20488,.T.);
#20488 = EDGE_CURVE('',#4991,#10330,#20489,.T.);
#20489 = LINE('',#20490,#20491);
#20490 = CARTESIAN_POINT('',(5.117,-19.103,-4.6E-02));
#20491 = VECTOR('',#20492,1.);
#20492 = DIRECTION('',(0.,0.,1.));
#20493 = ORIENTED_EDGE('',*,*,#10329,.F.);
#20494 = ORIENTED_EDGE('',*,*,#20488,.F.);
#20495 = CYLINDRICAL_SURFACE('',#20496,0.595);
#20496 = AXIS2_PLACEMENT_3D('',#20497,#20498,#20499);
#20497 = CARTESIAN_POINT('',(5.117,-18.508,-4.6E-02));
#20498 = DIRECTION('',(-0.,-0.,-1.));
#20499 = DIRECTION('',(-0.,-1.,0.));
#20500 = ADVANCED_FACE('',(#20501),#20512,.F.);
#20501 = FACE_BOUND('',#20502,.T.);
#20502 = EDGE_LOOP('',(#20503,#20504,#20510,#20511));
#20503 = ORIENTED_EDGE('',*,*,#5001,.T.);
#20504 = ORIENTED_EDGE('',*,*,#20505,.T.);
#20505 = EDGE_CURVE('',#5002,#10341,#20506,.T.);
#20506 = LINE('',#20507,#20508);
#20507 = CARTESIAN_POINT('',(7.657,-19.103,-4.6E-02));
#20508 = VECTOR('',#20509,1.);
#20509 = DIRECTION('',(0.,0.,1.));
#20510 = ORIENTED_EDGE('',*,*,#10340,.F.);
#20511 = ORIENTED_EDGE('',*,*,#20505,.F.);
#20512 = CYLINDRICAL_SURFACE('',#20513,0.595);
#20513 = AXIS2_PLACEMENT_3D('',#20514,#20515,#20516);
#20514 = CARTESIAN_POINT('',(7.657,-18.508,-4.6E-02));
#20515 = DIRECTION('',(-0.,-0.,-1.));
#20516 = DIRECTION('',(-0.,-1.,0.));
#20517 = ADVANCED_FACE('',(#20518),#20529,.F.);
#20518 = FACE_BOUND('',#20519,.T.);
#20519 = EDGE_LOOP('',(#20520,#20521,#20527,#20528));
#20520 = ORIENTED_EDGE('',*,*,#5012,.T.);
#20521 = ORIENTED_EDGE('',*,*,#20522,.T.);
#20522 = EDGE_CURVE('',#5013,#10352,#20523,.T.);
#20523 = LINE('',#20524,#20525);
#20524 = CARTESIAN_POINT('',(35.559511,-12.967462,-4.6E-02));
#20525 = VECTOR('',#20526,1.);
#20526 = DIRECTION('',(0.,0.,1.));
#20527 = ORIENTED_EDGE('',*,*,#10351,.F.);
#20528 = ORIENTED_EDGE('',*,*,#20522,.F.);
#20529 = CYLINDRICAL_SURFACE('',#20530,0.45);
#20530 = AXIS2_PLACEMENT_3D('',#20531,#20532,#20533);
#20531 = CARTESIAN_POINT('',(35.559511,-12.517462,-4.6E-02));
#20532 = DIRECTION('',(-0.,-0.,-1.));
#20533 = DIRECTION('',(-0.,-1.,0.));
#20534 = ADVANCED_FACE('',(#20535),#20546,.F.);
#20535 = FACE_BOUND('',#20536,.T.);
#20536 = EDGE_LOOP('',(#20537,#20538,#20544,#20545));
#20537 = ORIENTED_EDGE('',*,*,#5023,.T.);
#20538 = ORIENTED_EDGE('',*,*,#20539,.T.);
#20539 = EDGE_CURVE('',#5024,#10363,#20540,.T.);
#20540 = LINE('',#20541,#20542);
#20541 = CARTESIAN_POINT('',(37.083511,-11.443462,-4.6E-02));
#20542 = VECTOR('',#20543,1.);
#20543 = DIRECTION('',(0.,0.,1.));
#20544 = ORIENTED_EDGE('',*,*,#10362,.F.);
#20545 = ORIENTED_EDGE('',*,*,#20539,.F.);
#20546 = CYLINDRICAL_SURFACE('',#20547,0.45);
#20547 = AXIS2_PLACEMENT_3D('',#20548,#20549,#20550);
#20548 = CARTESIAN_POINT('',(37.083511,-10.993462,-4.6E-02));
#20549 = DIRECTION('',(-0.,-0.,-1.));
#20550 = DIRECTION('',(-0.,-1.,0.));
#20551 = ADVANCED_FACE('',(#20552),#20563,.F.);
#20552 = FACE_BOUND('',#20553,.T.);
#20553 = EDGE_LOOP('',(#20554,#20555,#20561,#20562));
#20554 = ORIENTED_EDGE('',*,*,#5034,.T.);
#20555 = ORIENTED_EDGE('',*,*,#20556,.T.);
#20556 = EDGE_CURVE('',#5035,#10374,#20557,.T.);
#20557 = LINE('',#20558,#20559);
#20558 = CARTESIAN_POINT('',(38.607511,-12.967462,-4.6E-02));
#20559 = VECTOR('',#20560,1.);
#20560 = DIRECTION('',(0.,0.,1.));
#20561 = ORIENTED_EDGE('',*,*,#10373,.F.);
#20562 = ORIENTED_EDGE('',*,*,#20556,.F.);
#20563 = CYLINDRICAL_SURFACE('',#20564,0.45);
#20564 = AXIS2_PLACEMENT_3D('',#20565,#20566,#20567);
#20565 = CARTESIAN_POINT('',(38.607511,-12.517462,-4.6E-02));
#20566 = DIRECTION('',(-0.,-0.,-1.));
#20567 = DIRECTION('',(-0.,-1.,0.));
#20568 = ADVANCED_FACE('',(#20569),#20580,.F.);
#20569 = FACE_BOUND('',#20570,.T.);
#20570 = EDGE_LOOP('',(#20571,#20572,#20578,#20579));
#20571 = ORIENTED_EDGE('',*,*,#5045,.T.);
#20572 = ORIENTED_EDGE('',*,*,#20573,.T.);
#20573 = EDGE_CURVE('',#5046,#10385,#20574,.T.);
#20574 = LINE('',#20575,#20576);
#20575 = CARTESIAN_POINT('',(40.385511,-11.443462,-4.6E-02));
#20576 = VECTOR('',#20577,1.);
#20577 = DIRECTION('',(0.,0.,1.));
#20578 = ORIENTED_EDGE('',*,*,#10384,.F.);
#20579 = ORIENTED_EDGE('',*,*,#20573,.F.);
#20580 = CYLINDRICAL_SURFACE('',#20581,0.45);
#20581 = AXIS2_PLACEMENT_3D('',#20582,#20583,#20584);
#20582 = CARTESIAN_POINT('',(40.385511,-10.993462,-4.6E-02));
#20583 = DIRECTION('',(-0.,0.,-1.));
#20584 = DIRECTION('',(1.578983857245E-14,-1.,-0.));
#20585 = ADVANCED_FACE('',(#20586),#20597,.F.);
#20586 = FACE_BOUND('',#20587,.T.);
#20587 = EDGE_LOOP('',(#20588,#20589,#20595,#20596));
#20588 = ORIENTED_EDGE('',*,*,#5056,.T.);
#20589 = ORIENTED_EDGE('',*,*,#20590,.T.);
#20590 = EDGE_CURVE('',#5057,#10396,#20591,.T.);
#20591 = LINE('',#20592,#20593);
#20592 = CARTESIAN_POINT('',(-25.144,31.286,-4.6E-02));
#20593 = VECTOR('',#20594,1.);
#20594 = DIRECTION('',(0.,0.,1.));
#20595 = ORIENTED_EDGE('',*,*,#10395,.F.);
#20596 = ORIENTED_EDGE('',*,*,#20590,.F.);
#20597 = CYLINDRICAL_SURFACE('',#20598,0.45);
#20598 = AXIS2_PLACEMENT_3D('',#20599,#20600,#20601);
#20599 = CARTESIAN_POINT('',(-25.144,31.736,-4.6E-02));
#20600 = DIRECTION('',(-0.,-0.,-1.));
#20601 = DIRECTION('',(-0.,-1.,0.));
#20602 = ADVANCED_FACE('',(#20603),#20614,.F.);
#20603 = FACE_BOUND('',#20604,.T.);
#20604 = EDGE_LOOP('',(#20605,#20606,#20612,#20613));
#20605 = ORIENTED_EDGE('',*,*,#5067,.T.);
#20606 = ORIENTED_EDGE('',*,*,#20607,.T.);
#20607 = EDGE_CURVE('',#5068,#10407,#20608,.T.);
#20608 = LINE('',#20609,#20610);
#20609 = CARTESIAN_POINT('',(-26.668,32.81,-4.6E-02));
#20610 = VECTOR('',#20611,1.);
#20611 = DIRECTION('',(0.,0.,1.));
#20612 = ORIENTED_EDGE('',*,*,#10406,.F.);
#20613 = ORIENTED_EDGE('',*,*,#20607,.F.);
#20614 = CYLINDRICAL_SURFACE('',#20615,0.45);
#20615 = AXIS2_PLACEMENT_3D('',#20616,#20617,#20618);
#20616 = CARTESIAN_POINT('',(-26.668,33.26,-4.6E-02));
#20617 = DIRECTION('',(-0.,-0.,-1.));
#20618 = DIRECTION('',(-0.,-1.,0.));
#20619 = ADVANCED_FACE('',(#20620),#20631,.F.);
#20620 = FACE_BOUND('',#20621,.T.);
#20621 = EDGE_LOOP('',(#20622,#20623,#20629,#20630));
#20622 = ORIENTED_EDGE('',*,*,#5078,.T.);
#20623 = ORIENTED_EDGE('',*,*,#20624,.T.);
#20624 = EDGE_CURVE('',#5079,#10418,#20625,.T.);
#20625 = LINE('',#20626,#20627);
#20626 = CARTESIAN_POINT('',(-21.842,31.286,-4.6E-02));
#20627 = VECTOR('',#20628,1.);
#20628 = DIRECTION('',(0.,0.,1.));
#20629 = ORIENTED_EDGE('',*,*,#10417,.F.);
#20630 = ORIENTED_EDGE('',*,*,#20624,.F.);
#20631 = CYLINDRICAL_SURFACE('',#20632,0.45);
#20632 = AXIS2_PLACEMENT_3D('',#20633,#20634,#20635);
#20633 = CARTESIAN_POINT('',(-21.842,31.736,-4.6E-02));
#20634 = DIRECTION('',(-0.,-0.,-1.));
#20635 = DIRECTION('',(-0.,-1.,0.));
#20636 = ADVANCED_FACE('',(#20637),#20648,.F.);
#20637 = FACE_BOUND('',#20638,.T.);
#20638 = EDGE_LOOP('',(#20639,#20640,#20646,#20647));
#20639 = ORIENTED_EDGE('',*,*,#5089,.T.);
#20640 = ORIENTED_EDGE('',*,*,#20641,.T.);
#20641 = EDGE_CURVE('',#5090,#10429,#20642,.T.);
#20642 = LINE('',#20643,#20644);
#20643 = CARTESIAN_POINT('',(-23.62,32.81,-4.6E-02));
#20644 = VECTOR('',#20645,1.);
#20645 = DIRECTION('',(0.,0.,1.));
#20646 = ORIENTED_EDGE('',*,*,#10428,.F.);
#20647 = ORIENTED_EDGE('',*,*,#20641,.F.);
#20648 = CYLINDRICAL_SURFACE('',#20649,0.45);
#20649 = AXIS2_PLACEMENT_3D('',#20650,#20651,#20652);
#20650 = CARTESIAN_POINT('',(-23.62,33.26,-4.6E-02));
#20651 = DIRECTION('',(-0.,-0.,-1.));
#20652 = DIRECTION('',(-0.,-1.,0.));
#20653 = ADVANCED_FACE('',(#20654),#20665,.F.);
#20654 = FACE_BOUND('',#20655,.T.);
#20655 = EDGE_LOOP('',(#20656,#20657,#20663,#20664));
#20656 = ORIENTED_EDGE('',*,*,#5100,.T.);
#20657 = ORIENTED_EDGE('',*,*,#20658,.T.);
#20658 = EDGE_CURVE('',#5101,#10440,#20659,.T.);
#20659 = LINE('',#20660,#20661);
#20660 = CARTESIAN_POINT('',(0.115511,-1.663462,-4.6E-02));
#20661 = VECTOR('',#20662,1.);
#20662 = DIRECTION('',(0.,0.,1.));
#20663 = ORIENTED_EDGE('',*,*,#10439,.F.);
#20664 = ORIENTED_EDGE('',*,*,#20658,.F.);
#20665 = CYLINDRICAL_SURFACE('',#20666,1.6);
#20666 = AXIS2_PLACEMENT_3D('',#20667,#20668,#20669);
#20667 = CARTESIAN_POINT('',(0.115511,-6.3462E-02,-4.6E-02));
#20668 = DIRECTION('',(-0.,0.,-1.));
#20669 = DIRECTION('',(5.20417042793E-17,-1.,-0.));
#20670 = ADVANCED_FACE('',(#20671),#20682,.F.);
#20671 = FACE_BOUND('',#20672,.T.);
#20672 = EDGE_LOOP('',(#20673,#20674,#20680,#20681));
#20673 = ORIENTED_EDGE('',*,*,#5111,.T.);
#20674 = ORIENTED_EDGE('',*,*,#20675,.T.);
#20675 = EDGE_CURVE('',#5112,#10451,#20676,.T.);
#20676 = LINE('',#20677,#20678);
#20677 = CARTESIAN_POINT('',(35.565511,-4.913462,-4.6E-02));
#20678 = VECTOR('',#20679,1.);
#20679 = DIRECTION('',(0.,0.,1.));
#20680 = ORIENTED_EDGE('',*,*,#10450,.F.);
#20681 = ORIENTED_EDGE('',*,*,#20675,.F.);
#20682 = CYLINDRICAL_SURFACE('',#20683,0.45);
#20683 = AXIS2_PLACEMENT_3D('',#20684,#20685,#20686);
#20684 = CARTESIAN_POINT('',(35.565511,-4.463462,-4.6E-02));
#20685 = DIRECTION('',(-0.,-0.,-1.));
#20686 = DIRECTION('',(-0.,-1.,0.));
#20687 = ADVANCED_FACE('',(#20688),#20699,.F.);
#20688 = FACE_BOUND('',#20689,.T.);
#20689 = EDGE_LOOP('',(#20690,#20691,#20697,#20698));
#20690 = ORIENTED_EDGE('',*,*,#5122,.T.);
#20691 = ORIENTED_EDGE('',*,*,#20692,.T.);
#20692 = EDGE_CURVE('',#5123,#10462,#20693,.T.);
#20693 = LINE('',#20694,#20695);
#20694 = CARTESIAN_POINT('',(38.867511,-4.913462,-4.6E-02));
#20695 = VECTOR('',#20696,1.);
#20696 = DIRECTION('',(0.,0.,1.));
#20697 = ORIENTED_EDGE('',*,*,#10461,.F.);
#20698 = ORIENTED_EDGE('',*,*,#20692,.F.);
#20699 = CYLINDRICAL_SURFACE('',#20700,0.45);
#20700 = AXIS2_PLACEMENT_3D('',#20701,#20702,#20703);
#20701 = CARTESIAN_POINT('',(38.867511,-4.463462,-4.6E-02));
#20702 = DIRECTION('',(-0.,-0.,-1.));
#20703 = DIRECTION('',(-0.,-1.,0.));
#20704 = ADVANCED_FACE('',(#20705),#20716,.F.);
#20705 = FACE_BOUND('',#20706,.T.);
#20706 = EDGE_LOOP('',(#20707,#20708,#20714,#20715));
#20707 = ORIENTED_EDGE('',*,*,#5133,.T.);
#20708 = ORIENTED_EDGE('',*,*,#20709,.T.);
#20709 = EDGE_CURVE('',#5134,#10473,#20710,.T.);
#20710 = LINE('',#20711,#20712);
#20711 = CARTESIAN_POINT('',(37.343511,-3.389462,-4.6E-02));
#20712 = VECTOR('',#20713,1.);
#20713 = DIRECTION('',(0.,0.,1.));
#20714 = ORIENTED_EDGE('',*,*,#10472,.F.);
#20715 = ORIENTED_EDGE('',*,*,#20709,.F.);
#20716 = CYLINDRICAL_SURFACE('',#20717,0.45);
#20717 = AXIS2_PLACEMENT_3D('',#20718,#20719,#20720);
#20718 = CARTESIAN_POINT('',(37.343511,-2.939462,-4.6E-02));
#20719 = DIRECTION('',(-0.,-0.,-1.));
#20720 = DIRECTION('',(-0.,-1.,0.));
#20721 = ADVANCED_FACE('',(#20722),#20733,.F.);
#20722 = FACE_BOUND('',#20723,.T.);
#20723 = EDGE_LOOP('',(#20724,#20725,#20731,#20732));
#20724 = ORIENTED_EDGE('',*,*,#5144,.T.);
#20725 = ORIENTED_EDGE('',*,*,#20726,.T.);
#20726 = EDGE_CURVE('',#5145,#10484,#20727,.T.);
#20727 = LINE('',#20728,#20729);
#20728 = CARTESIAN_POINT('',(40.391511,-3.389462,-4.6E-02));
#20729 = VECTOR('',#20730,1.);
#20730 = DIRECTION('',(0.,0.,1.));
#20731 = ORIENTED_EDGE('',*,*,#10483,.F.);
#20732 = ORIENTED_EDGE('',*,*,#20726,.F.);
#20733 = CYLINDRICAL_SURFACE('',#20734,0.45);
#20734 = AXIS2_PLACEMENT_3D('',#20735,#20736,#20737);
#20735 = CARTESIAN_POINT('',(40.391511,-2.939462,-4.6E-02));
#20736 = DIRECTION('',(-0.,0.,-1.));
#20737 = DIRECTION('',(1.578983857245E-14,-1.,-0.));
#20738 = ADVANCED_FACE('',(#20739),#20750,.F.);
#20739 = FACE_BOUND('',#20740,.T.);
#20740 = EDGE_LOOP('',(#20741,#20742,#20748,#20749));
#20741 = ORIENTED_EDGE('',*,*,#5155,.T.);
#20742 = ORIENTED_EDGE('',*,*,#20743,.T.);
#20743 = EDGE_CURVE('',#5156,#10495,#20744,.T.);
#20744 = LINE('',#20745,#20746);
#20745 = CARTESIAN_POINT('',(35.582,3.62,-4.6E-02));
#20746 = VECTOR('',#20747,1.);
#20747 = DIRECTION('',(0.,0.,1.));
#20748 = ORIENTED_EDGE('',*,*,#10494,.F.);
#20749 = ORIENTED_EDGE('',*,*,#20743,.F.);
#20750 = CYLINDRICAL_SURFACE('',#20751,0.45);
#20751 = AXIS2_PLACEMENT_3D('',#20752,#20753,#20754);
#20752 = CARTESIAN_POINT('',(35.582,4.07,-4.6E-02));
#20753 = DIRECTION('',(-0.,0.,-1.));
#20754 = DIRECTION('',(1.578983857245E-14,-1.,-0.));
#20755 = ADVANCED_FACE('',(#20756),#20767,.F.);
#20756 = FACE_BOUND('',#20757,.T.);
#20757 = EDGE_LOOP('',(#20758,#20759,#20765,#20766));
#20758 = ORIENTED_EDGE('',*,*,#5166,.T.);
#20759 = ORIENTED_EDGE('',*,*,#20760,.T.);
#20760 = EDGE_CURVE('',#5167,#10506,#20761,.T.);
#20761 = LINE('',#20762,#20763);
#20762 = CARTESIAN_POINT('',(37.105999,5.144,-4.6E-02));
#20763 = VECTOR('',#20764,1.);
#20764 = DIRECTION('',(0.,0.,1.));
#20765 = ORIENTED_EDGE('',*,*,#10505,.F.);
#20766 = ORIENTED_EDGE('',*,*,#20760,.F.);
#20767 = CYLINDRICAL_SURFACE('',#20768,0.45);
#20768 = AXIS2_PLACEMENT_3D('',#20769,#20770,#20771);
#20769 = CARTESIAN_POINT('',(37.105999,5.594,-4.6E-02));
#20770 = DIRECTION('',(-0.,-0.,-1.));
#20771 = DIRECTION('',(-0.,-1.,0.));
#20772 = ADVANCED_FACE('',(#20773),#20784,.F.);
#20773 = FACE_BOUND('',#20774,.T.);
#20774 = EDGE_LOOP('',(#20775,#20776,#20782,#20783));
#20775 = ORIENTED_EDGE('',*,*,#5177,.T.);
#20776 = ORIENTED_EDGE('',*,*,#20777,.T.);
#20777 = EDGE_CURVE('',#5178,#10517,#20778,.T.);
#20778 = LINE('',#20779,#20780);
#20779 = CARTESIAN_POINT('',(38.63,3.62,-4.6E-02));
#20780 = VECTOR('',#20781,1.);
#20781 = DIRECTION('',(0.,0.,1.));
#20782 = ORIENTED_EDGE('',*,*,#10516,.F.);
#20783 = ORIENTED_EDGE('',*,*,#20777,.F.);
#20784 = CYLINDRICAL_SURFACE('',#20785,0.45);
#20785 = AXIS2_PLACEMENT_3D('',#20786,#20787,#20788);
#20786 = CARTESIAN_POINT('',(38.63,4.07,-4.6E-02));
#20787 = DIRECTION('',(-0.,0.,-1.));
#20788 = DIRECTION('',(1.578983857245E-14,-1.,-0.));
#20789 = ADVANCED_FACE('',(#20790),#20801,.F.);
#20790 = FACE_BOUND('',#20791,.T.);
#20791 = EDGE_LOOP('',(#20792,#20793,#20799,#20800));
#20792 = ORIENTED_EDGE('',*,*,#5188,.T.);
#20793 = ORIENTED_EDGE('',*,*,#20794,.T.);
#20794 = EDGE_CURVE('',#5189,#10528,#20795,.T.);
#20795 = LINE('',#20796,#20797);
#20796 = CARTESIAN_POINT('',(40.408,5.144,-4.6E-02));
#20797 = VECTOR('',#20798,1.);
#20798 = DIRECTION('',(0.,0.,1.));
#20799 = ORIENTED_EDGE('',*,*,#10527,.F.);
#20800 = ORIENTED_EDGE('',*,*,#20794,.F.);
#20801 = CYLINDRICAL_SURFACE('',#20802,0.45);
#20802 = AXIS2_PLACEMENT_3D('',#20803,#20804,#20805);
#20803 = CARTESIAN_POINT('',(40.408,5.594,-4.6E-02));
#20804 = DIRECTION('',(-0.,-0.,-1.));
#20805 = DIRECTION('',(-0.,-1.,0.));
#20806 = ADVANCED_FACE('',(#20807),#20818,.F.);
#20807 = FACE_BOUND('',#20808,.T.);
#20808 = EDGE_LOOP('',(#20809,#20810,#20816,#20817));
#20809 = ORIENTED_EDGE('',*,*,#5199,.T.);
#20810 = ORIENTED_EDGE('',*,*,#20811,.T.);
#20811 = EDGE_CURVE('',#5200,#10539,#20812,.T.);
#20812 = LINE('',#20813,#20814);
#20813 = CARTESIAN_POINT('',(49.649511,-13.027462,-4.6E-02));
#20814 = VECTOR('',#20815,1.);
#20815 = DIRECTION('',(0.,0.,1.));
#20816 = ORIENTED_EDGE('',*,*,#10538,.F.);
#20817 = ORIENTED_EDGE('',*,*,#20811,.F.);
#20818 = CYLINDRICAL_SURFACE('',#20819,0.45);
#20819 = AXIS2_PLACEMENT_3D('',#20820,#20821,#20822);
#20820 = CARTESIAN_POINT('',(49.649511,-12.577462,-4.6E-02));
#20821 = DIRECTION('',(-0.,-0.,-1.));
#20822 = DIRECTION('',(-1.578983857245E-14,-1.,0.));
#20823 = ADVANCED_FACE('',(#20824),#20835,.F.);
#20824 = FACE_BOUND('',#20825,.T.);
#20825 = EDGE_LOOP('',(#20826,#20827,#20833,#20834));
#20826 = ORIENTED_EDGE('',*,*,#5210,.T.);
#20827 = ORIENTED_EDGE('',*,*,#20828,.T.);
#20828 = EDGE_CURVE('',#5211,#10550,#20829,.T.);
#20829 = LINE('',#20830,#20831);
#20830 = CARTESIAN_POINT('',(51.173511,-11.503462,-4.6E-02));
#20831 = VECTOR('',#20832,1.);
#20832 = DIRECTION('',(0.,0.,1.));
#20833 = ORIENTED_EDGE('',*,*,#10549,.F.);
#20834 = ORIENTED_EDGE('',*,*,#20828,.F.);
#20835 = CYLINDRICAL_SURFACE('',#20836,0.45);
#20836 = AXIS2_PLACEMENT_3D('',#20837,#20838,#20839);
#20837 = CARTESIAN_POINT('',(51.173511,-11.053462,-4.6E-02));
#20838 = DIRECTION('',(-0.,-0.,-1.));
#20839 = DIRECTION('',(-1.578983857245E-14,-1.,0.));
#20840 = ADVANCED_FACE('',(#20841),#20852,.F.);
#20841 = FACE_BOUND('',#20842,.T.);
#20842 = EDGE_LOOP('',(#20843,#20844,#20850,#20851));
#20843 = ORIENTED_EDGE('',*,*,#5221,.T.);
#20844 = ORIENTED_EDGE('',*,*,#20845,.T.);
#20845 = EDGE_CURVE('',#5222,#10561,#20846,.T.);
#20846 = LINE('',#20847,#20848);
#20847 = CARTESIAN_POINT('',(52.697511,-13.027462,-4.6E-02));
#20848 = VECTOR('',#20849,1.);
#20849 = DIRECTION('',(0.,0.,1.));
#20850 = ORIENTED_EDGE('',*,*,#10560,.F.);
#20851 = ORIENTED_EDGE('',*,*,#20845,.F.);
#20852 = CYLINDRICAL_SURFACE('',#20853,0.45);
#20853 = AXIS2_PLACEMENT_3D('',#20854,#20855,#20856);
#20854 = CARTESIAN_POINT('',(52.697511,-12.577462,-4.6E-02));
#20855 = DIRECTION('',(-0.,-0.,-1.));
#20856 = DIRECTION('',(-1.578983857245E-14,-1.,0.));
#20857 = ADVANCED_FACE('',(#20858),#20869,.F.);
#20858 = FACE_BOUND('',#20859,.T.);
#20859 = EDGE_LOOP('',(#20860,#20861,#20867,#20868));
#20860 = ORIENTED_EDGE('',*,*,#5232,.T.);
#20861 = ORIENTED_EDGE('',*,*,#20862,.T.);
#20862 = EDGE_CURVE('',#5233,#10572,#20863,.T.);
#20863 = LINE('',#20864,#20865);
#20864 = CARTESIAN_POINT('',(54.475511,-11.503462,-4.6E-02));
#20865 = VECTOR('',#20866,1.);
#20866 = DIRECTION('',(0.,0.,1.));
#20867 = ORIENTED_EDGE('',*,*,#10571,.F.);
#20868 = ORIENTED_EDGE('',*,*,#20862,.F.);
#20869 = CYLINDRICAL_SURFACE('',#20870,0.45);
#20870 = AXIS2_PLACEMENT_3D('',#20871,#20872,#20873);
#20871 = CARTESIAN_POINT('',(54.475511,-11.053462,-4.6E-02));
#20872 = DIRECTION('',(-0.,-0.,-1.));
#20873 = DIRECTION('',(-0.,-1.,0.));
#20874 = ADVANCED_FACE('',(#20875),#20886,.F.);
#20875 = FACE_BOUND('',#20876,.T.);
#20876 = EDGE_LOOP('',(#20877,#20878,#20884,#20885));
#20877 = ORIENTED_EDGE('',*,*,#5243,.T.);
#20878 = ORIENTED_EDGE('',*,*,#20879,.T.);
#20879 = EDGE_CURVE('',#5244,#10583,#20880,.T.);
#20880 = LINE('',#20881,#20882);
#20881 = CARTESIAN_POINT('',(103.426,-39.964,-4.6E-02));
#20882 = VECTOR('',#20883,1.);
#20883 = DIRECTION('',(0.,0.,1.));
#20884 = ORIENTED_EDGE('',*,*,#10582,.F.);
#20885 = ORIENTED_EDGE('',*,*,#20879,.F.);
#20886 = CYLINDRICAL_SURFACE('',#20887,0.45);
#20887 = AXIS2_PLACEMENT_3D('',#20888,#20889,#20890);
#20888 = CARTESIAN_POINT('',(103.426,-39.514,-4.6E-02));
#20889 = DIRECTION('',(-0.,-0.,-1.));
#20890 = DIRECTION('',(-0.,-1.,0.));
#20891 = ADVANCED_FACE('',(#20892),#20903,.F.);
#20892 = FACE_BOUND('',#20893,.T.);
#20893 = EDGE_LOOP('',(#20894,#20895,#20901,#20902));
#20894 = ORIENTED_EDGE('',*,*,#5254,.T.);
#20895 = ORIENTED_EDGE('',*,*,#20896,.T.);
#20896 = EDGE_CURVE('',#5255,#10594,#20897,.T.);
#20897 = LINE('',#20898,#20899);
#20898 = CARTESIAN_POINT('',(104.95,-38.44,-4.6E-02));
#20899 = VECTOR('',#20900,1.);
#20900 = DIRECTION('',(0.,0.,1.));
#20901 = ORIENTED_EDGE('',*,*,#10593,.F.);
#20902 = ORIENTED_EDGE('',*,*,#20896,.F.);
#20903 = CYLINDRICAL_SURFACE('',#20904,0.45);
#20904 = AXIS2_PLACEMENT_3D('',#20905,#20906,#20907);
#20905 = CARTESIAN_POINT('',(104.95,-37.99,-4.6E-02));
#20906 = DIRECTION('',(-0.,-0.,-1.));
#20907 = DIRECTION('',(-0.,-1.,0.));
#20908 = ADVANCED_FACE('',(#20909),#20920,.F.);
#20909 = FACE_BOUND('',#20910,.T.);
#20910 = EDGE_LOOP('',(#20911,#20912,#20918,#20919));
#20911 = ORIENTED_EDGE('',*,*,#5265,.T.);
#20912 = ORIENTED_EDGE('',*,*,#20913,.T.);
#20913 = EDGE_CURVE('',#5266,#10605,#20914,.T.);
#20914 = LINE('',#20915,#20916);
#20915 = CARTESIAN_POINT('',(106.474,-39.964,-4.6E-02));
#20916 = VECTOR('',#20917,1.);
#20917 = DIRECTION('',(0.,0.,1.));
#20918 = ORIENTED_EDGE('',*,*,#10604,.F.);
#20919 = ORIENTED_EDGE('',*,*,#20913,.F.);
#20920 = CYLINDRICAL_SURFACE('',#20921,0.45);
#20921 = AXIS2_PLACEMENT_3D('',#20922,#20923,#20924);
#20922 = CARTESIAN_POINT('',(106.474,-39.514,-4.6E-02));
#20923 = DIRECTION('',(-0.,-0.,-1.));
#20924 = DIRECTION('',(-0.,-1.,0.));
#20925 = ADVANCED_FACE('',(#20926),#20937,.F.);
#20926 = FACE_BOUND('',#20927,.T.);
#20927 = EDGE_LOOP('',(#20928,#20929,#20935,#20936));
#20928 = ORIENTED_EDGE('',*,*,#5276,.T.);
#20929 = ORIENTED_EDGE('',*,*,#20930,.T.);
#20930 = EDGE_CURVE('',#5277,#10616,#20931,.T.);
#20931 = LINE('',#20932,#20933);
#20932 = CARTESIAN_POINT('',(108.252,-38.44,-4.6E-02));
#20933 = VECTOR('',#20934,1.);
#20934 = DIRECTION('',(0.,0.,1.));
#20935 = ORIENTED_EDGE('',*,*,#10615,.F.);
#20936 = ORIENTED_EDGE('',*,*,#20930,.F.);
#20937 = CYLINDRICAL_SURFACE('',#20938,0.45);
#20938 = AXIS2_PLACEMENT_3D('',#20939,#20940,#20941);
#20939 = CARTESIAN_POINT('',(108.252,-37.99,-4.6E-02));
#20940 = DIRECTION('',(-0.,-0.,-1.));
#20941 = DIRECTION('',(-3.157967714489E-14,-1.,0.));
#20942 = ADVANCED_FACE('',(#20943),#20954,.F.);
#20943 = FACE_BOUND('',#20944,.T.);
#20944 = EDGE_LOOP('',(#20945,#20946,#20952,#20953));
#20945 = ORIENTED_EDGE('',*,*,#5287,.T.);
#20946 = ORIENTED_EDGE('',*,*,#20947,.T.);
#20947 = EDGE_CURVE('',#5288,#10627,#20948,.T.);
#20948 = LINE('',#20949,#20950);
#20949 = CARTESIAN_POINT('',(152.12,-44.602001,-4.6E-02));
#20950 = VECTOR('',#20951,1.);
#20951 = DIRECTION('',(0.,0.,1.));
#20952 = ORIENTED_EDGE('',*,*,#10626,.F.);
#20953 = ORIENTED_EDGE('',*,*,#20947,.F.);
#20954 = CYLINDRICAL_SURFACE('',#20955,0.45);
#20955 = AXIS2_PLACEMENT_3D('',#20956,#20957,#20958);
#20956 = CARTESIAN_POINT('',(152.12,-44.152001,-4.6E-02));
#20957 = DIRECTION('',(-0.,-0.,-1.));
#20958 = DIRECTION('',(-0.,-1.,0.));
#20959 = ADVANCED_FACE('',(#20960),#20971,.F.);
#20960 = FACE_BOUND('',#20961,.T.);
#20961 = EDGE_LOOP('',(#20962,#20963,#20969,#20970));
#20962 = ORIENTED_EDGE('',*,*,#5298,.T.);
#20963 = ORIENTED_EDGE('',*,*,#20964,.T.);
#20964 = EDGE_CURVE('',#5299,#10638,#20965,.T.);
#20965 = LINE('',#20966,#20967);
#20966 = CARTESIAN_POINT('',(153.644,-42.824001,-4.6E-02));
#20967 = VECTOR('',#20968,1.);
#20968 = DIRECTION('',(0.,0.,1.));
#20969 = ORIENTED_EDGE('',*,*,#10637,.F.);
#20970 = ORIENTED_EDGE('',*,*,#20964,.F.);
#20971 = CYLINDRICAL_SURFACE('',#20972,0.45);
#20972 = AXIS2_PLACEMENT_3D('',#20973,#20974,#20975);
#20973 = CARTESIAN_POINT('',(153.644,-42.374001,-4.6E-02));
#20974 = DIRECTION('',(-0.,-0.,-1.));
#20975 = DIRECTION('',(-0.,-1.,0.));
#20976 = ADVANCED_FACE('',(#20977),#20988,.F.);
#20977 = FACE_BOUND('',#20978,.T.);
#20978 = EDGE_LOOP('',(#20979,#20980,#20986,#20987));
#20979 = ORIENTED_EDGE('',*,*,#5309,.T.);
#20980 = ORIENTED_EDGE('',*,*,#20981,.T.);
#20981 = EDGE_CURVE('',#5310,#10649,#20982,.T.);
#20982 = LINE('',#20983,#20984);
#20983 = CARTESIAN_POINT('',(152.12,-41.3,-4.6E-02));
#20984 = VECTOR('',#20985,1.);
#20985 = DIRECTION('',(0.,0.,1.));
#20986 = ORIENTED_EDGE('',*,*,#10648,.F.);
#20987 = ORIENTED_EDGE('',*,*,#20981,.F.);
#20988 = CYLINDRICAL_SURFACE('',#20989,0.45);
#20989 = AXIS2_PLACEMENT_3D('',#20990,#20991,#20992);
#20990 = CARTESIAN_POINT('',(152.12,-40.85,-4.6E-02));
#20991 = DIRECTION('',(-0.,-0.,-1.));
#20992 = DIRECTION('',(-0.,-1.,0.));
#20993 = ADVANCED_FACE('',(#20994),#21005,.F.);
#20994 = FACE_BOUND('',#20995,.T.);
#20995 = EDGE_LOOP('',(#20996,#20997,#21003,#21004));
#20996 = ORIENTED_EDGE('',*,*,#5320,.T.);
#20997 = ORIENTED_EDGE('',*,*,#20998,.T.);
#20998 = EDGE_CURVE('',#5321,#10660,#20999,.T.);
#20999 = LINE('',#21000,#21001);
#21000 = CARTESIAN_POINT('',(153.644,-39.776001,-4.6E-02));
#21001 = VECTOR('',#21002,1.);
#21002 = DIRECTION('',(0.,0.,1.));
#21003 = ORIENTED_EDGE('',*,*,#10659,.F.);
#21004 = ORIENTED_EDGE('',*,*,#20998,.F.);
#21005 = CYLINDRICAL_SURFACE('',#21006,0.45);
#21006 = AXIS2_PLACEMENT_3D('',#21007,#21008,#21009);
#21007 = CARTESIAN_POINT('',(153.644,-39.326001,-4.6E-02));
#21008 = DIRECTION('',(-0.,-0.,-1.));
#21009 = DIRECTION('',(-0.,-1.,0.));
#21010 = ADVANCED_FACE('',(#21011),#21022,.F.);
#21011 = FACE_BOUND('',#21012,.T.);
#21012 = EDGE_LOOP('',(#21013,#21014,#21020,#21021));
#21013 = ORIENTED_EDGE('',*,*,#5331,.T.);
#21014 = ORIENTED_EDGE('',*,*,#21015,.T.);
#21015 = EDGE_CURVE('',#5332,#10671,#21016,.T.);
#21016 = LINE('',#21017,#21018);
#21017 = CARTESIAN_POINT('',(49.649511,-4.927462,-4.6E-02));
#21018 = VECTOR('',#21019,1.);
#21019 = DIRECTION('',(0.,0.,1.));
#21020 = ORIENTED_EDGE('',*,*,#10670,.F.);
#21021 = ORIENTED_EDGE('',*,*,#21015,.F.);
#21022 = CYLINDRICAL_SURFACE('',#21023,0.45);
#21023 = AXIS2_PLACEMENT_3D('',#21024,#21025,#21026);
#21024 = CARTESIAN_POINT('',(49.649511,-4.477462,-4.6E-02));
#21025 = DIRECTION('',(-0.,-0.,-1.));
#21026 = DIRECTION('',(-1.578983857245E-14,-1.,0.));
#21027 = ADVANCED_FACE('',(#21028),#21039,.F.);
#21028 = FACE_BOUND('',#21029,.T.);
#21029 = EDGE_LOOP('',(#21030,#21031,#21037,#21038));
#21030 = ORIENTED_EDGE('',*,*,#5342,.T.);
#21031 = ORIENTED_EDGE('',*,*,#21032,.T.);
#21032 = EDGE_CURVE('',#5343,#10682,#21033,.T.);
#21033 = LINE('',#21034,#21035);
#21034 = CARTESIAN_POINT('',(52.951511,-4.927462,-4.6E-02));
#21035 = VECTOR('',#21036,1.);
#21036 = DIRECTION('',(0.,0.,1.));
#21037 = ORIENTED_EDGE('',*,*,#10681,.F.);
#21038 = ORIENTED_EDGE('',*,*,#21032,.F.);
#21039 = CYLINDRICAL_SURFACE('',#21040,0.45);
#21040 = AXIS2_PLACEMENT_3D('',#21041,#21042,#21043);
#21041 = CARTESIAN_POINT('',(52.951511,-4.477462,-4.6E-02));
#21042 = DIRECTION('',(-0.,0.,-1.));
#21043 = DIRECTION('',(1.578983857245E-14,-1.,-0.));
#21044 = ADVANCED_FACE('',(#21045),#21056,.F.);
#21045 = FACE_BOUND('',#21046,.T.);
#21046 = EDGE_LOOP('',(#21047,#21048,#21054,#21055));
#21047 = ORIENTED_EDGE('',*,*,#5353,.T.);
#21048 = ORIENTED_EDGE('',*,*,#21049,.T.);
#21049 = EDGE_CURVE('',#5354,#10693,#21050,.T.);
#21050 = LINE('',#21051,#21052);
#21051 = CARTESIAN_POINT('',(51.427511,-3.403462,-4.6E-02));
#21052 = VECTOR('',#21053,1.);
#21053 = DIRECTION('',(0.,0.,1.));
#21054 = ORIENTED_EDGE('',*,*,#10692,.F.);
#21055 = ORIENTED_EDGE('',*,*,#21049,.F.);
#21056 = CYLINDRICAL_SURFACE('',#21057,0.45);
#21057 = AXIS2_PLACEMENT_3D('',#21058,#21059,#21060);
#21058 = CARTESIAN_POINT('',(51.427511,-2.953462,-4.6E-02));
#21059 = DIRECTION('',(-0.,0.,-1.));
#21060 = DIRECTION('',(1.578983857245E-14,-1.,-0.));
#21061 = ADVANCED_FACE('',(#21062),#21073,.F.);
#21062 = FACE_BOUND('',#21063,.T.);
#21063 = EDGE_LOOP('',(#21064,#21065,#21071,#21072));
#21064 = ORIENTED_EDGE('',*,*,#5364,.T.);
#21065 = ORIENTED_EDGE('',*,*,#21066,.T.);
#21066 = EDGE_CURVE('',#5365,#10704,#21067,.T.);
#21067 = LINE('',#21068,#21069);
#21068 = CARTESIAN_POINT('',(54.475511,-3.403462,-4.6E-02));
#21069 = VECTOR('',#21070,1.);
#21070 = DIRECTION('',(0.,0.,1.));
#21071 = ORIENTED_EDGE('',*,*,#10703,.F.);
#21072 = ORIENTED_EDGE('',*,*,#21066,.F.);
#21073 = CYLINDRICAL_SURFACE('',#21074,0.45);
#21074 = AXIS2_PLACEMENT_3D('',#21075,#21076,#21077);
#21075 = CARTESIAN_POINT('',(54.475511,-2.953462,-4.6E-02));
#21076 = DIRECTION('',(-0.,-0.,-1.));
#21077 = DIRECTION('',(-0.,-1.,0.));
#21078 = ADVANCED_FACE('',(#21079),#21090,.F.);
#21079 = FACE_BOUND('',#21080,.T.);
#21080 = EDGE_LOOP('',(#21081,#21082,#21088,#21089));
#21081 = ORIENTED_EDGE('',*,*,#5375,.T.);
#21082 = ORIENTED_EDGE('',*,*,#21083,.T.);
#21083 = EDGE_CURVE('',#5376,#10715,#21084,.T.);
#21084 = LINE('',#21085,#21086);
#21085 = CARTESIAN_POINT('',(49.599511,3.372538,-4.6E-02));
#21086 = VECTOR('',#21087,1.);
#21087 = DIRECTION('',(0.,0.,1.));
#21088 = ORIENTED_EDGE('',*,*,#10714,.F.);
#21089 = ORIENTED_EDGE('',*,*,#21083,.F.);
#21090 = CYLINDRICAL_SURFACE('',#21091,0.45);
#21091 = AXIS2_PLACEMENT_3D('',#21092,#21093,#21094);
#21092 = CARTESIAN_POINT('',(49.599511,3.822538,-4.6E-02));
#21093 = DIRECTION('',(-0.,-0.,-1.));
#21094 = DIRECTION('',(-0.,-1.,0.));
#21095 = ADVANCED_FACE('',(#21096),#21107,.F.);
#21096 = FACE_BOUND('',#21097,.T.);
#21097 = EDGE_LOOP('',(#21098,#21099,#21105,#21106));
#21098 = ORIENTED_EDGE('',*,*,#5386,.T.);
#21099 = ORIENTED_EDGE('',*,*,#21100,.T.);
#21100 = EDGE_CURVE('',#5387,#10726,#21101,.T.);
#21101 = LINE('',#21102,#21103);
#21102 = CARTESIAN_POINT('',(51.123511,4.896538,-4.6E-02));
#21103 = VECTOR('',#21104,1.);
#21104 = DIRECTION('',(0.,0.,1.));
#21105 = ORIENTED_EDGE('',*,*,#10725,.F.);
#21106 = ORIENTED_EDGE('',*,*,#21100,.F.);
#21107 = CYLINDRICAL_SURFACE('',#21108,0.45);
#21108 = AXIS2_PLACEMENT_3D('',#21109,#21110,#21111);
#21109 = CARTESIAN_POINT('',(51.123511,5.346538,-4.6E-02));
#21110 = DIRECTION('',(-0.,-0.,-1.));
#21111 = DIRECTION('',(-0.,-1.,0.));
#21112 = ADVANCED_FACE('',(#21113),#21124,.F.);
#21113 = FACE_BOUND('',#21114,.T.);
#21114 = EDGE_LOOP('',(#21115,#21116,#21122,#21123));
#21115 = ORIENTED_EDGE('',*,*,#5397,.T.);
#21116 = ORIENTED_EDGE('',*,*,#21117,.T.);
#21117 = EDGE_CURVE('',#5398,#10737,#21118,.T.);
#21118 = LINE('',#21119,#21120);
#21119 = CARTESIAN_POINT('',(52.647511,3.372538,-4.6E-02));
#21120 = VECTOR('',#21121,1.);
#21121 = DIRECTION('',(0.,0.,1.));
#21122 = ORIENTED_EDGE('',*,*,#10736,.F.);
#21123 = ORIENTED_EDGE('',*,*,#21117,.F.);
#21124 = CYLINDRICAL_SURFACE('',#21125,0.45);
#21125 = AXIS2_PLACEMENT_3D('',#21126,#21127,#21128);
#21126 = CARTESIAN_POINT('',(52.647511,3.822538,-4.6E-02));
#21127 = DIRECTION('',(-0.,0.,-1.));
#21128 = DIRECTION('',(1.578983857245E-14,-1.,-0.));
#21129 = ADVANCED_FACE('',(#21130),#21141,.F.);
#21130 = FACE_BOUND('',#21131,.T.);
#21131 = EDGE_LOOP('',(#21132,#21133,#21139,#21140));
#21132 = ORIENTED_EDGE('',*,*,#5408,.T.);
#21133 = ORIENTED_EDGE('',*,*,#21134,.T.);
#21134 = EDGE_CURVE('',#5409,#10748,#21135,.T.);
#21135 = LINE('',#21136,#21137);
#21136 = CARTESIAN_POINT('',(54.425511,4.896538,-4.6E-02));
#21137 = VECTOR('',#21138,1.);
#21138 = DIRECTION('',(0.,0.,1.));
#21139 = ORIENTED_EDGE('',*,*,#10747,.F.);
#21140 = ORIENTED_EDGE('',*,*,#21134,.F.);
#21141 = CYLINDRICAL_SURFACE('',#21142,0.45);
#21142 = AXIS2_PLACEMENT_3D('',#21143,#21144,#21145);
#21143 = CARTESIAN_POINT('',(54.425511,5.346538,-4.6E-02));
#21144 = DIRECTION('',(-0.,-0.,-1.));
#21145 = DIRECTION('',(-0.,-1.,0.));
#21146 = ADVANCED_FACE('',(#21147),#21158,.F.);
#21147 = FACE_BOUND('',#21148,.T.);
#21148 = EDGE_LOOP('',(#21149,#21150,#21156,#21157));
#21149 = ORIENTED_EDGE('',*,*,#5419,.T.);
#21150 = ORIENTED_EDGE('',*,*,#21151,.T.);
#21151 = EDGE_CURVE('',#5420,#10759,#21152,.T.);
#21152 = LINE('',#21153,#21154);
#21153 = CARTESIAN_POINT('',(90.,-1.6,-4.6E-02));
#21154 = VECTOR('',#21155,1.);
#21155 = DIRECTION('',(0.,0.,1.));
#21156 = ORIENTED_EDGE('',*,*,#10758,.F.);
#21157 = ORIENTED_EDGE('',*,*,#21151,.F.);
#21158 = CYLINDRICAL_SURFACE('',#21159,1.6);
#21159 = AXIS2_PLACEMENT_3D('',#21160,#21161,#21162);
#21160 = CARTESIAN_POINT('',(90.,-5.773159728051E-15,-4.6E-02));
#21161 = DIRECTION('',(-0.,-0.,-1.));
#21162 = DIRECTION('',(-0.,-1.,0.));
#21163 = ADVANCED_FACE('',(#21164),#21175,.F.);
#21164 = FACE_BOUND('',#21165,.T.);
#21165 = EDGE_LOOP('',(#21166,#21167,#21173,#21174));
#21166 = ORIENTED_EDGE('',*,*,#5430,.T.);
#21167 = ORIENTED_EDGE('',*,*,#21168,.T.);
#21168 = EDGE_CURVE('',#5431,#10770,#21169,.T.);
#21169 = LINE('',#21170,#21171);
#21170 = CARTESIAN_POINT('',(111.75,32.82,-4.6E-02));
#21171 = VECTOR('',#21172,1.);
#21172 = DIRECTION('',(0.,0.,1.));
#21173 = ORIENTED_EDGE('',*,*,#10769,.F.);
#21174 = ORIENTED_EDGE('',*,*,#21168,.F.);
#21175 = CYLINDRICAL_SURFACE('',#21176,0.45);
#21176 = AXIS2_PLACEMENT_3D('',#21177,#21178,#21179);
#21177 = CARTESIAN_POINT('',(111.75,33.27,-4.6E-02));
#21178 = DIRECTION('',(-0.,-0.,-1.));
#21179 = DIRECTION('',(-0.,-1.,0.));
#21180 = ADVANCED_FACE('',(#21181),#21192,.F.);
#21181 = FACE_BOUND('',#21182,.T.);
#21182 = EDGE_LOOP('',(#21183,#21184,#21190,#21191));
#21183 = ORIENTED_EDGE('',*,*,#5441,.T.);
#21184 = ORIENTED_EDGE('',*,*,#21185,.T.);
#21185 = EDGE_CURVE('',#5442,#10781,#21186,.T.);
#21186 = LINE('',#21187,#21188);
#21187 = CARTESIAN_POINT('',(113.274,31.296,-4.6E-02));
#21188 = VECTOR('',#21189,1.);
#21189 = DIRECTION('',(0.,0.,1.));
#21190 = ORIENTED_EDGE('',*,*,#10780,.F.);
#21191 = ORIENTED_EDGE('',*,*,#21185,.F.);
#21192 = CYLINDRICAL_SURFACE('',#21193,0.45);
#21193 = AXIS2_PLACEMENT_3D('',#21194,#21195,#21196);
#21194 = CARTESIAN_POINT('',(113.274,31.746,-4.6E-02));
#21195 = DIRECTION('',(-0.,-0.,-1.));
#21196 = DIRECTION('',(-0.,-1.,0.));
#21197 = ADVANCED_FACE('',(#21198),#21209,.F.);
#21198 = FACE_BOUND('',#21199,.T.);
#21199 = EDGE_LOOP('',(#21200,#21201,#21207,#21208));
#21200 = ORIENTED_EDGE('',*,*,#5452,.T.);
#21201 = ORIENTED_EDGE('',*,*,#21202,.T.);
#21202 = EDGE_CURVE('',#5453,#10792,#21203,.T.);
#21203 = LINE('',#21204,#21205);
#21204 = CARTESIAN_POINT('',(114.798,32.82,-4.6E-02));
#21205 = VECTOR('',#21206,1.);
#21206 = DIRECTION('',(0.,0.,1.));
#21207 = ORIENTED_EDGE('',*,*,#10791,.F.);
#21208 = ORIENTED_EDGE('',*,*,#21202,.F.);
#21209 = CYLINDRICAL_SURFACE('',#21210,0.45);
#21210 = AXIS2_PLACEMENT_3D('',#21211,#21212,#21213);
#21211 = CARTESIAN_POINT('',(114.798,33.27,-4.6E-02));
#21212 = DIRECTION('',(-0.,-0.,-1.));
#21213 = DIRECTION('',(-0.,-1.,0.));
#21214 = ADVANCED_FACE('',(#21215),#21226,.F.);
#21215 = FACE_BOUND('',#21216,.T.);
#21216 = EDGE_LOOP('',(#21217,#21218,#21224,#21225));
#21217 = ORIENTED_EDGE('',*,*,#5463,.T.);
#21218 = ORIENTED_EDGE('',*,*,#21219,.T.);
#21219 = EDGE_CURVE('',#5464,#10803,#21220,.T.);
#21220 = LINE('',#21221,#21222);
#21221 = CARTESIAN_POINT('',(116.576,31.296,-4.6E-02));
#21222 = VECTOR('',#21223,1.);
#21223 = DIRECTION('',(0.,0.,1.));
#21224 = ORIENTED_EDGE('',*,*,#10802,.F.);
#21225 = ORIENTED_EDGE('',*,*,#21219,.F.);
#21226 = CYLINDRICAL_SURFACE('',#21227,0.45);
#21227 = AXIS2_PLACEMENT_3D('',#21228,#21229,#21230);
#21228 = CARTESIAN_POINT('',(116.576,31.746,-4.6E-02));
#21229 = DIRECTION('',(-0.,-0.,-1.));
#21230 = DIRECTION('',(-0.,-1.,0.));
#21231 = ( GEOMETRIC_REPRESENTATION_CONTEXT(3) 
GLOBAL_UNCERTAINTY_ASSIGNED_CONTEXT((#21235)) 
GLOBAL_UNIT_ASSIGNED_CONTEXT((#21232,#21233,#21234)) 
REPRESENTATION_CONTEXT('Context #1',
  '3D Context with UNIT and UNCERTAINTY') );
#21232 = ( LENGTH_UNIT() NAMED_UNIT(*) SI_UNIT(.MILLI.,.METRE.) );
#21233 = ( NAMED_UNIT(*) PLANE_ANGLE_UNIT() SI_UNIT($,.RADIAN.) );
#21234 = ( NAMED_UNIT(*) SI_UNIT($,.STERADIAN.) SOLID_ANGLE_UNIT() );
#21235 = UNCERTAINTY_MEASURE_WITH_UNIT(LENGTH_MEASURE(1.E-07),#21232,
  'distance_accuracy_value','confusion accuracy');
#21236 = CONTEXT_DEPENDENT_SHAPE_REPRESENTATION(#21237,#21239);
#21237 = ( REPRESENTATION_RELATIONSHIP('','',#32,#10) 
REPRESENTATION_RELATIONSHIP_WITH_TRANSFORMATION(#21238) 
SHAPE_REPRESENTATION_RELATIONSHIP() );
#21238 = ITEM_DEFINED_TRANSFORMATION('','',#11,#15);
#21239 = PRODUCT_DEFINITION_SHAPE('Placement','Placement of an item',
  #21240);
#21240 = NEXT_ASSEMBLY_USAGE_OCCURRENCE('1','=>[0:1:1:2]','',#5,#27,$);
#21241 = PRODUCT_RELATED_PRODUCT_CATEGORY('part',$,(#29));
#21242 = MECHANICAL_DESIGN_GEOMETRIC_PRESENTATION_REPRESENTATION('',(
    #21243),#21231);
#21243 = STYLED_ITEM('color',(#21244),#33);
#21244 = PRESENTATION_STYLE_ASSIGNMENT((#21245));
#21245 = SURFACE_STYLE_USAGE(.BOTH.,#21246);
#21246 = SURFACE_SIDE_STYLE('',(#21247));
#21247 = SURFACE_STYLE_FILL_AREA(#21248);
#21248 = FILL_AREA_STYLE('',(#21249));
#21249 = FILL_AREA_STYLE_COLOUR('',#21250);
#21250 = COLOUR_RGB('',0.313304153717,0.484529207832,0.410020903123);
ENDSEC;
END-ISO-10303-21;
