ISO-10303-21;
HEADER;
FILE_DESCRIPTION(('KiCad electronic assembly'),'2;1');
FILE_NAME('5mm_WS2812B_breakout.step','2026-03-18T12:09:04',('Pcbnew'),(
    'Kicad'),'Open CASCADE STEP processor 7.9','KiCad to STEP converter'
  ,'Unknown');
FILE_SCHEMA(('AUTOMOTIVE_DESIGN { 1 0 10303 214 1 1 1 1 }'));
ENDSEC;
DATA;
#1 = APPLICATION_PROTOCOL_DEFINITION('international standard',
  'automotive_design',2000,#2);
#2 = APPLICATION_CONTEXT(
  'core data for automotive mechanical design processes');
#3 = SHAPE_DEFINITION_REPRESENTATION(#4,#10);
#4 = PRODUCT_DEFINITION_SHAPE('','',#5);
#5 = PRODUCT_DEFINITION('design','',#6,#9);
#6 = PRODUCT_DEFINITION_FORMATION('','',#7);
#7 = PRODUCT('5mm_WS2812B_breakout 1','5mm_WS2812B_breakout 1','',(#8));
#8 = PRODUCT_CONTEXT('',#2,'mechanical');
#9 = PRODUCT_DEFINITION_CONTEXT('part definition',#2,'design');
#10 = SHAPE_REPRESENTATION('',(#11,#15,#19,#23,#27),#31);
#11 = AXIS2_PLACEMENT_3D('',#12,#13,#14);
#12 = CARTESIAN_POINT('',(0.,0.,0.));
#13 = DIRECTION('',(0.,0.,1.));
#14 = DIRECTION('',(1.,0.,-0.));
#15 = AXIS2_PLACEMENT_3D('',#16,#17,#18);
#16 = CARTESIAN_POINT('',(11.,2.54,1.595));
#17 = DIRECTION('',(0.,0.,1.));
#18 = DIRECTION('',(1.,0.,0.));
#19 = AXIS2_PLACEMENT_3D('',#20,#21,#22);
#20 = CARTESIAN_POINT('',(0.,2.54,1.595));
#21 = DIRECTION('',(0.,0.,1.));
#22 = DIRECTION('',(1.,0.,0.));
#23 = AXIS2_PLACEMENT_3D('',#24,#25,#26);
#24 = CARTESIAN_POINT('',(7.9,-0.8,1.595));
#25 = DIRECTION('',(0.,0.,1.));
#26 = DIRECTION('',(-1.,1.224646799147E-16,0.));
#27 = AXIS2_PLACEMENT_3D('',#28,#29,#30);
#28 = CARTESIAN_POINT('',(0.,0.,0.));
#29 = DIRECTION('',(0.,0.,1.));
#30 = DIRECTION('',(1.,0.,-0.));
#31 = ( GEOMETRIC_REPRESENTATION_CONTEXT(3) 
GLOBAL_UNCERTAINTY_ASSIGNED_CONTEXT((#35)) GLOBAL_UNIT_ASSIGNED_CONTEXT(
(#32,#33,#34)) REPRESENTATION_CONTEXT('Context #1',
  '3D Context with UNIT and UNCERTAINTY') );
#32 = ( LENGTH_UNIT() NAMED_UNIT(*) SI_UNIT(.MILLI.,.METRE.) );
#33 = ( NAMED_UNIT(*) PLANE_ANGLE_UNIT() SI_UNIT($,.RADIAN.) );
#34 = ( NAMED_UNIT(*) SI_UNIT($,.STERADIAN.) SOLID_ANGLE_UNIT() );
#35 = UNCERTAINTY_MEASURE_WITH_UNIT(LENGTH_MEASURE(1.E-07),#32,
  'distance_accuracy_value','confusion accuracy');
#36 = PRODUCT_RELATED_PRODUCT_CATEGORY('part',$,(#7));
#37 = SHAPE_DEFINITION_REPRESENTATION(#38,#44);
#38 = PRODUCT_DEFINITION_SHAPE('','',#39);
#39 = PRODUCT_DEFINITION('design','',#40,#43);
#40 = PRODUCT_DEFINITION_FORMATION('','',#41);
#41 = PRODUCT('PinHeader_1x03_P2.54mm_Vertical',
  'PinHeader_1x03_P2.54mm_Vertical','',(#42));
#42 = PRODUCT_CONTEXT('',#2,'mechanical');
#43 = PRODUCT_DEFINITION_CONTEXT('part definition',#2,'design');
#44 = ADVANCED_BREP_SHAPE_REPRESENTATION('',(#11,#45),#2151);
#45 = MANIFOLD_SOLID_BREP('',#46);
#46 = CLOSED_SHELL('',(#47,#87,#118,#149,#396,#643,#660,#677,#694,#711,
    #728,#745,#762,#779,#796,#813,#830,#847,#864,#881,#898,#915,#927,
    #958,#982,#1006,#1023,#1054,#1078,#1102,#1119,#1150,#1174,#1198,
    #1215,#1246,#1270,#1294,#1311,#1342,#1366,#1390,#1407,#1438,#1462,
    #1486,#1503,#1534,#1558,#1582,#1599,#1630,#1654,#1678,#1695,#1726,
    #1750,#1774,#1791,#1822,#1846,#1870,#1887,#1918,#1942,#1966,#1983,
    #2014,#2038,#2062,#2079,#2091,#2103,#2115,#2127,#2139));
#47 = ADVANCED_FACE('',(#48),#82,.F.);
#48 = FACE_BOUND('',#49,.F.);
#49 = EDGE_LOOP('',(#50,#60,#68,#76));
#50 = ORIENTED_EDGE('',*,*,#51,.T.);
#51 = EDGE_CURVE('',#52,#54,#56,.T.);
#52 = VERTEX_POINT('',#53);
#53 = CARTESIAN_POINT('',(-1.016,1.27,0.));
#54 = VERTEX_POINT('',#55);
#55 = CARTESIAN_POINT('',(-1.016,1.27,2.54));
#56 = LINE('',#57,#58);
#57 = CARTESIAN_POINT('',(-1.016,1.27,0.));
#58 = VECTOR('',#59,1.);
#59 = DIRECTION('',(0.,0.,1.));
#60 = ORIENTED_EDGE('',*,*,#61,.T.);
#61 = EDGE_CURVE('',#54,#62,#64,.T.);
#62 = VERTEX_POINT('',#63);
#63 = CARTESIAN_POINT('',(-1.27,1.016,2.54));
#64 = LINE('',#65,#66);
#65 = CARTESIAN_POINT('',(-1.016,1.27,2.54));
#66 = VECTOR('',#67,1.);
#67 = DIRECTION('',(-0.707106781187,-0.707106781187,0.));
#68 = ORIENTED_EDGE('',*,*,#69,.F.);
#69 = EDGE_CURVE('',#70,#62,#72,.T.);
#70 = VERTEX_POINT('',#71);
#71 = CARTESIAN_POINT('',(-1.27,1.016,0.));
#72 = LINE('',#73,#74);
#73 = CARTESIAN_POINT('',(-1.27,1.016,0.));
#74 = VECTOR('',#75,1.);
#75 = DIRECTION('',(0.,0.,1.));
#76 = ORIENTED_EDGE('',*,*,#77,.F.);
#77 = EDGE_CURVE('',#52,#70,#78,.T.);
#78 = LINE('',#79,#80);
#79 = CARTESIAN_POINT('',(-1.016,1.27,0.));
#80 = VECTOR('',#81,1.);
#81 = DIRECTION('',(-0.707106781187,-0.707106781187,0.));
#82 = PLANE('',#83);
#83 = AXIS2_PLACEMENT_3D('',#84,#85,#86);
#84 = CARTESIAN_POINT('',(-1.016,1.27,0.));
#85 = DIRECTION('',(0.707106781187,-0.707106781187,0.));
#86 = DIRECTION('',(-0.707106781187,-0.707106781187,0.));
#87 = ADVANCED_FACE('',(#88),#113,.F.);
#88 = FACE_BOUND('',#89,.F.);
#89 = EDGE_LOOP('',(#90,#100,#106,#107));
#90 = ORIENTED_EDGE('',*,*,#91,.T.);
#91 = EDGE_CURVE('',#92,#94,#96,.T.);
#92 = VERTEX_POINT('',#93);
#93 = CARTESIAN_POINT('',(1.016,1.27,0.));
#94 = VERTEX_POINT('',#95);
#95 = CARTESIAN_POINT('',(1.016,1.27,2.54));
#96 = LINE('',#97,#98);
#97 = CARTESIAN_POINT('',(1.016,1.27,0.));
#98 = VECTOR('',#99,1.);
#99 = DIRECTION('',(0.,0.,1.));
#100 = ORIENTED_EDGE('',*,*,#101,.T.);
#101 = EDGE_CURVE('',#94,#54,#102,.T.);
#102 = LINE('',#103,#104);
#103 = CARTESIAN_POINT('',(1.016,1.27,2.54));
#104 = VECTOR('',#105,1.);
#105 = DIRECTION('',(-1.,0.,0.));
#106 = ORIENTED_EDGE('',*,*,#51,.F.);
#107 = ORIENTED_EDGE('',*,*,#108,.F.);
#108 = EDGE_CURVE('',#92,#52,#109,.T.);
#109 = LINE('',#110,#111);
#110 = CARTESIAN_POINT('',(1.016,1.27,0.));
#111 = VECTOR('',#112,1.);
#112 = DIRECTION('',(-1.,0.,0.));
#113 = PLANE('',#114);
#114 = AXIS2_PLACEMENT_3D('',#115,#116,#117);
#115 = CARTESIAN_POINT('',(1.016,1.27,0.));
#116 = DIRECTION('',(0.,-1.,0.));
#117 = DIRECTION('',(-1.,0.,0.));
#118 = ADVANCED_FACE('',(#119),#144,.F.);
#119 = FACE_BOUND('',#120,.F.);
#120 = EDGE_LOOP('',(#121,#122,#130,#138));
#121 = ORIENTED_EDGE('',*,*,#69,.T.);
#122 = ORIENTED_EDGE('',*,*,#123,.T.);
#123 = EDGE_CURVE('',#62,#124,#126,.T.);
#124 = VERTEX_POINT('',#125);
#125 = CARTESIAN_POINT('',(-1.27,-1.016,2.54));
#126 = LINE('',#127,#128);
#127 = CARTESIAN_POINT('',(-1.27,1.016,2.54));
#128 = VECTOR('',#129,1.);
#129 = DIRECTION('',(0.,-1.,0.));
#130 = ORIENTED_EDGE('',*,*,#131,.F.);
#131 = EDGE_CURVE('',#132,#124,#134,.T.);
#132 = VERTEX_POINT('',#133);
#133 = CARTESIAN_POINT('',(-1.27,-1.016,0.));
#134 = LINE('',#135,#136);
#135 = CARTESIAN_POINT('',(-1.27,-1.016,0.));
#136 = VECTOR('',#137,1.);
#137 = DIRECTION('',(0.,0.,1.));
#138 = ORIENTED_EDGE('',*,*,#139,.F.);
#139 = EDGE_CURVE('',#70,#132,#140,.T.);
#140 = LINE('',#141,#142);
#141 = CARTESIAN_POINT('',(-1.27,1.016,0.));
#142 = VECTOR('',#143,1.);
#143 = DIRECTION('',(0.,-1.,0.));
#144 = PLANE('',#145);
#145 = AXIS2_PLACEMENT_3D('',#146,#147,#148);
#146 = CARTESIAN_POINT('',(-1.27,1.016,0.));
#147 = DIRECTION('',(1.,0.,0.));
#148 = DIRECTION('',(0.,-1.,0.));
#149 = ADVANCED_FACE('',(#150,#289,#323,#357),#391,.F.);
#150 = FACE_BOUND('',#151,.F.);
#151 = EDGE_LOOP('',(#152,#153,#154,#162,#170,#178,#186,#194,#202,#210,
    #218,#226,#234,#242,#250,#258,#266,#274,#282,#288));
#152 = ORIENTED_EDGE('',*,*,#77,.T.);
#153 = ORIENTED_EDGE('',*,*,#139,.T.);
#154 = ORIENTED_EDGE('',*,*,#155,.T.);
#155 = EDGE_CURVE('',#132,#156,#158,.T.);
#156 = VERTEX_POINT('',#157);
#157 = CARTESIAN_POINT('',(-1.016,-1.27,0.));
#158 = LINE('',#159,#160);
#159 = CARTESIAN_POINT('',(-1.27,-1.016,0.));
#160 = VECTOR('',#161,1.);
#161 = DIRECTION('',(0.707106781187,-0.707106781187,0.));
#162 = ORIENTED_EDGE('',*,*,#163,.T.);
#163 = EDGE_CURVE('',#156,#164,#166,.T.);
#164 = VERTEX_POINT('',#165);
#165 = CARTESIAN_POINT('',(-1.27,-1.524,0.));
#166 = LINE('',#167,#168);
#167 = CARTESIAN_POINT('',(-1.016,-1.27,0.));
#168 = VECTOR('',#169,1.);
#169 = DIRECTION('',(-0.707106781187,-0.707106781187,0.));
#170 = ORIENTED_EDGE('',*,*,#171,.T.);
#171 = EDGE_CURVE('',#164,#172,#174,.T.);
#172 = VERTEX_POINT('',#173);
#173 = CARTESIAN_POINT('',(-1.27,-3.556,0.));
#174 = LINE('',#175,#176);
#175 = CARTESIAN_POINT('',(-1.27,-1.524,0.));
#176 = VECTOR('',#177,1.);
#177 = DIRECTION('',(0.,-1.,0.));
#178 = ORIENTED_EDGE('',*,*,#179,.T.);
#179 = EDGE_CURVE('',#172,#180,#182,.T.);
#180 = VERTEX_POINT('',#181);
#181 = CARTESIAN_POINT('',(-1.016,-3.81,0.));
#182 = LINE('',#183,#184);
#183 = CARTESIAN_POINT('',(-1.27,-3.556,0.));
#184 = VECTOR('',#185,1.);
#185 = DIRECTION('',(0.707106781187,-0.707106781187,0.));
#186 = ORIENTED_EDGE('',*,*,#187,.T.);
#187 = EDGE_CURVE('',#180,#188,#190,.T.);
#188 = VERTEX_POINT('',#189);
#189 = CARTESIAN_POINT('',(-1.27,-4.064,0.));
#190 = LINE('',#191,#192);
#191 = CARTESIAN_POINT('',(-1.016,-3.81,0.));
#192 = VECTOR('',#193,1.);
#193 = DIRECTION('',(-0.707106781187,-0.707106781187,0.));
#194 = ORIENTED_EDGE('',*,*,#195,.T.);
#195 = EDGE_CURVE('',#188,#196,#198,.T.);
#196 = VERTEX_POINT('',#197);
#197 = CARTESIAN_POINT('',(-1.27,-6.096,0.));
#198 = LINE('',#199,#200);
#199 = CARTESIAN_POINT('',(-1.27,-4.064,0.));
#200 = VECTOR('',#201,1.);
#201 = DIRECTION('',(0.,-1.,0.));
#202 = ORIENTED_EDGE('',*,*,#203,.T.);
#203 = EDGE_CURVE('',#196,#204,#206,.T.);
#204 = VERTEX_POINT('',#205);
#205 = CARTESIAN_POINT('',(-1.016,-6.35,0.));
#206 = LINE('',#207,#208);
#207 = CARTESIAN_POINT('',(-1.27,-6.096,0.));
#208 = VECTOR('',#209,1.);
#209 = DIRECTION('',(0.707106781187,-0.707106781187,0.));
#210 = ORIENTED_EDGE('',*,*,#211,.T.);
#211 = EDGE_CURVE('',#204,#212,#214,.T.);
#212 = VERTEX_POINT('',#213);
#213 = CARTESIAN_POINT('',(1.016,-6.35,0.));
#214 = LINE('',#215,#216);
#215 = CARTESIAN_POINT('',(-1.016,-6.35,0.));
#216 = VECTOR('',#217,1.);
#217 = DIRECTION('',(1.,0.,0.));
#218 = ORIENTED_EDGE('',*,*,#219,.T.);
#219 = EDGE_CURVE('',#212,#220,#222,.T.);
#220 = VERTEX_POINT('',#221);
#221 = CARTESIAN_POINT('',(1.27,-6.096,0.));
#222 = LINE('',#223,#224);
#223 = CARTESIAN_POINT('',(1.016,-6.35,0.));
#224 = VECTOR('',#225,1.);
#225 = DIRECTION('',(0.707106781187,0.707106781187,0.));
#226 = ORIENTED_EDGE('',*,*,#227,.T.);
#227 = EDGE_CURVE('',#220,#228,#230,.T.);
#228 = VERTEX_POINT('',#229);
#229 = CARTESIAN_POINT('',(1.27,-4.064,0.));
#230 = LINE('',#231,#232);
#231 = CARTESIAN_POINT('',(1.27,-6.096,0.));
#232 = VECTOR('',#233,1.);
#233 = DIRECTION('',(0.,1.,0.));
#234 = ORIENTED_EDGE('',*,*,#235,.T.);
#235 = EDGE_CURVE('',#228,#236,#238,.T.);
#236 = VERTEX_POINT('',#237);
#237 = CARTESIAN_POINT('',(1.016,-3.81,0.));
#238 = LINE('',#239,#240);
#239 = CARTESIAN_POINT('',(1.27,-4.064,0.));
#240 = VECTOR('',#241,1.);
#241 = DIRECTION('',(-0.707106781187,0.707106781187,0.));
#242 = ORIENTED_EDGE('',*,*,#243,.T.);
#243 = EDGE_CURVE('',#236,#244,#246,.T.);
#244 = VERTEX_POINT('',#245);
#245 = CARTESIAN_POINT('',(1.27,-3.556,0.));
#246 = LINE('',#247,#248);
#247 = CARTESIAN_POINT('',(1.016,-3.81,0.));
#248 = VECTOR('',#249,1.);
#249 = DIRECTION('',(0.707106781187,0.707106781187,0.));
#250 = ORIENTED_EDGE('',*,*,#251,.T.);
#251 = EDGE_CURVE('',#244,#252,#254,.T.);
#252 = VERTEX_POINT('',#253);
#253 = CARTESIAN_POINT('',(1.27,-1.524,0.));
#254 = LINE('',#255,#256);
#255 = CARTESIAN_POINT('',(1.27,-3.556,0.));
#256 = VECTOR('',#257,1.);
#257 = DIRECTION('',(0.,1.,0.));
#258 = ORIENTED_EDGE('',*,*,#259,.T.);
#259 = EDGE_CURVE('',#252,#260,#262,.T.);
#260 = VERTEX_POINT('',#261);
#261 = CARTESIAN_POINT('',(1.016,-1.27,0.));
#262 = LINE('',#263,#264);
#263 = CARTESIAN_POINT('',(1.27,-1.524,0.));
#264 = VECTOR('',#265,1.);
#265 = DIRECTION('',(-0.707106781187,0.707106781187,0.));
#266 = ORIENTED_EDGE('',*,*,#267,.T.);
#267 = EDGE_CURVE('',#260,#268,#270,.T.);
#268 = VERTEX_POINT('',#269);
#269 = CARTESIAN_POINT('',(1.27,-1.016,0.));
#270 = LINE('',#271,#272);
#271 = CARTESIAN_POINT('',(1.016,-1.27,0.));
#272 = VECTOR('',#273,1.);
#273 = DIRECTION('',(0.707106781187,0.707106781187,0.));
#274 = ORIENTED_EDGE('',*,*,#275,.T.);
#275 = EDGE_CURVE('',#268,#276,#278,.T.);
#276 = VERTEX_POINT('',#277);
#277 = CARTESIAN_POINT('',(1.27,1.016,0.));
#278 = LINE('',#279,#280);
#279 = CARTESIAN_POINT('',(1.27,-1.016,0.));
#280 = VECTOR('',#281,1.);
#281 = DIRECTION('',(0.,1.,0.));
#282 = ORIENTED_EDGE('',*,*,#283,.T.);
#283 = EDGE_CURVE('',#276,#92,#284,.T.);
#284 = LINE('',#285,#286);
#285 = CARTESIAN_POINT('',(1.27,1.016,0.));
#286 = VECTOR('',#287,1.);
#287 = DIRECTION('',(-0.707106781187,0.707106781187,0.));
#288 = ORIENTED_EDGE('',*,*,#108,.T.);
#289 = FACE_BOUND('',#290,.F.);
#290 = EDGE_LOOP('',(#291,#301,#309,#317));
#291 = ORIENTED_EDGE('',*,*,#292,.F.);
#292 = EDGE_CURVE('',#293,#295,#297,.T.);
#293 = VERTEX_POINT('',#294);
#294 = CARTESIAN_POINT('',(0.32,-0.32,0.));
#295 = VERTEX_POINT('',#296);
#296 = CARTESIAN_POINT('',(0.32,0.32,0.));
#297 = LINE('',#298,#299);
#298 = CARTESIAN_POINT('',(0.32,-1.43,0.));
#299 = VECTOR('',#300,1.);
#300 = DIRECTION('',(0.,1.,0.));
#301 = ORIENTED_EDGE('',*,*,#302,.T.);
#302 = EDGE_CURVE('',#293,#303,#305,.T.);
#303 = VERTEX_POINT('',#304);
#304 = CARTESIAN_POINT('',(-0.32,-0.32,0.));
#305 = LINE('',#306,#307);
#306 = CARTESIAN_POINT('',(-0.16,-0.32,0.));
#307 = VECTOR('',#308,1.);
#308 = DIRECTION('',(-1.,0.,0.));
#309 = ORIENTED_EDGE('',*,*,#310,.T.);
#310 = EDGE_CURVE('',#303,#311,#313,.T.);
#311 = VERTEX_POINT('',#312);
#312 = CARTESIAN_POINT('',(-0.32,0.32,0.));
#313 = LINE('',#314,#315);
#314 = CARTESIAN_POINT('',(-0.32,-1.43,0.));
#315 = VECTOR('',#316,1.);
#316 = DIRECTION('',(0.,1.,0.));
#317 = ORIENTED_EDGE('',*,*,#318,.F.);
#318 = EDGE_CURVE('',#295,#311,#319,.T.);
#319 = LINE('',#320,#321);
#320 = CARTESIAN_POINT('',(-0.16,0.32,0.));
#321 = VECTOR('',#322,1.);
#322 = DIRECTION('',(-1.,0.,0.));
#323 = FACE_BOUND('',#324,.F.);
#324 = EDGE_LOOP('',(#325,#335,#343,#351));
#325 = ORIENTED_EDGE('',*,*,#326,.T.);
#326 = EDGE_CURVE('',#327,#329,#331,.T.);
#327 = VERTEX_POINT('',#328);
#328 = CARTESIAN_POINT('',(0.32,-2.86,0.));
#329 = VERTEX_POINT('',#330);
#330 = CARTESIAN_POINT('',(-0.32,-2.86,0.));
#331 = LINE('',#332,#333);
#332 = CARTESIAN_POINT('',(-0.16,-2.86,0.));
#333 = VECTOR('',#334,1.);
#334 = DIRECTION('',(-1.,0.,0.));
#335 = ORIENTED_EDGE('',*,*,#336,.T.);
#336 = EDGE_CURVE('',#329,#337,#339,.T.);
#337 = VERTEX_POINT('',#338);
#338 = CARTESIAN_POINT('',(-0.32,-2.22,0.));
#339 = LINE('',#340,#341);
#340 = CARTESIAN_POINT('',(-0.32,-2.7,0.));
#341 = VECTOR('',#342,1.);
#342 = DIRECTION('',(0.,1.,0.));
#343 = ORIENTED_EDGE('',*,*,#344,.F.);
#344 = EDGE_CURVE('',#345,#337,#347,.T.);
#345 = VERTEX_POINT('',#346);
#346 = CARTESIAN_POINT('',(0.32,-2.22,0.));
#347 = LINE('',#348,#349);
#348 = CARTESIAN_POINT('',(-0.16,-2.22,0.));
#349 = VECTOR('',#350,1.);
#350 = DIRECTION('',(-1.,0.,0.));
#351 = ORIENTED_EDGE('',*,*,#352,.F.);
#352 = EDGE_CURVE('',#327,#345,#353,.T.);
#353 = LINE('',#354,#355);
#354 = CARTESIAN_POINT('',(0.32,-2.7,0.));
#355 = VECTOR('',#356,1.);
#356 = DIRECTION('',(0.,1.,0.));
#357 = FACE_BOUND('',#358,.F.);
#358 = EDGE_LOOP('',(#359,#369,#377,#385));
#359 = ORIENTED_EDGE('',*,*,#360,.F.);
#360 = EDGE_CURVE('',#361,#363,#365,.T.);
#361 = VERTEX_POINT('',#362);
#362 = CARTESIAN_POINT('',(0.32,-4.76,0.));
#363 = VERTEX_POINT('',#364);
#364 = CARTESIAN_POINT('',(-0.32,-4.76,0.));
#365 = LINE('',#366,#367);
#366 = CARTESIAN_POINT('',(-0.16,-4.76,0.));
#367 = VECTOR('',#368,1.);
#368 = DIRECTION('',(-1.,0.,0.));
#369 = ORIENTED_EDGE('',*,*,#370,.F.);
#370 = EDGE_CURVE('',#371,#361,#373,.T.);
#371 = VERTEX_POINT('',#372);
#372 = CARTESIAN_POINT('',(0.32,-5.4,0.));
#373 = LINE('',#374,#375);
#374 = CARTESIAN_POINT('',(0.32,-3.97,0.));
#375 = VECTOR('',#376,1.);
#376 = DIRECTION('',(0.,1.,0.));
#377 = ORIENTED_EDGE('',*,*,#378,.T.);
#378 = EDGE_CURVE('',#371,#379,#381,.T.);
#379 = VERTEX_POINT('',#380);
#380 = CARTESIAN_POINT('',(-0.32,-5.4,0.));
#381 = LINE('',#382,#383);
#382 = CARTESIAN_POINT('',(-0.16,-5.4,0.));
#383 = VECTOR('',#384,1.);
#384 = DIRECTION('',(-1.,0.,0.));
#385 = ORIENTED_EDGE('',*,*,#386,.T.);
#386 = EDGE_CURVE('',#379,#363,#387,.T.);
#387 = LINE('',#388,#389);
#388 = CARTESIAN_POINT('',(-0.32,-3.97,0.));
#389 = VECTOR('',#390,1.);
#390 = DIRECTION('',(0.,1.,0.));
#391 = PLANE('',#392);
#392 = AXIS2_PLACEMENT_3D('',#393,#394,#395);
#393 = CARTESIAN_POINT('',(5.398204781459E-17,-2.54,0.));
#394 = DIRECTION('',(0.,0.,1.));
#395 = DIRECTION('',(1.,0.,-0.));
#396 = ADVANCED_FACE('',(#397,#536,#570,#604),#638,.T.);
#397 = FACE_BOUND('',#398,.T.);
#398 = EDGE_LOOP('',(#399,#400,#401,#409,#417,#425,#433,#441,#449,#457,
    #465,#473,#481,#489,#497,#505,#513,#521,#529,#535));
#399 = ORIENTED_EDGE('',*,*,#61,.T.);
#400 = ORIENTED_EDGE('',*,*,#123,.T.);
#401 = ORIENTED_EDGE('',*,*,#402,.T.);
#402 = EDGE_CURVE('',#124,#403,#405,.T.);
#403 = VERTEX_POINT('',#404);
#404 = CARTESIAN_POINT('',(-1.016,-1.27,2.54));
#405 = LINE('',#406,#407);
#406 = CARTESIAN_POINT('',(-1.27,-1.016,2.54));
#407 = VECTOR('',#408,1.);
#408 = DIRECTION('',(0.707106781187,-0.707106781187,0.));
#409 = ORIENTED_EDGE('',*,*,#410,.T.);
#410 = EDGE_CURVE('',#403,#411,#413,.T.);
#411 = VERTEX_POINT('',#412);
#412 = CARTESIAN_POINT('',(-1.27,-1.524,2.54));
#413 = LINE('',#414,#415);
#414 = CARTESIAN_POINT('',(-1.016,-1.27,2.54));
#415 = VECTOR('',#416,1.);
#416 = DIRECTION('',(-0.707106781187,-0.707106781187,0.));
#417 = ORIENTED_EDGE('',*,*,#418,.T.);
#418 = EDGE_CURVE('',#411,#419,#421,.T.);
#419 = VERTEX_POINT('',#420);
#420 = CARTESIAN_POINT('',(-1.27,-3.556,2.54));
#421 = LINE('',#422,#423);
#422 = CARTESIAN_POINT('',(-1.27,-1.524,2.54));
#423 = VECTOR('',#424,1.);
#424 = DIRECTION('',(0.,-1.,0.));
#425 = ORIENTED_EDGE('',*,*,#426,.T.);
#426 = EDGE_CURVE('',#419,#427,#429,.T.);
#427 = VERTEX_POINT('',#428);
#428 = CARTESIAN_POINT('',(-1.016,-3.81,2.54));
#429 = LINE('',#430,#431);
#430 = CARTESIAN_POINT('',(-1.27,-3.556,2.54));
#431 = VECTOR('',#432,1.);
#432 = DIRECTION('',(0.707106781187,-0.707106781187,0.));
#433 = ORIENTED_EDGE('',*,*,#434,.T.);
#434 = EDGE_CURVE('',#427,#435,#437,.T.);
#435 = VERTEX_POINT('',#436);
#436 = CARTESIAN_POINT('',(-1.27,-4.064,2.54));
#437 = LINE('',#438,#439);
#438 = CARTESIAN_POINT('',(-1.016,-3.81,2.54));
#439 = VECTOR('',#440,1.);
#440 = DIRECTION('',(-0.707106781187,-0.707106781187,0.));
#441 = ORIENTED_EDGE('',*,*,#442,.T.);
#442 = EDGE_CURVE('',#435,#443,#445,.T.);
#443 = VERTEX_POINT('',#444);
#444 = CARTESIAN_POINT('',(-1.27,-6.096,2.54));
#445 = LINE('',#446,#447);
#446 = CARTESIAN_POINT('',(-1.27,-4.064,2.54));
#447 = VECTOR('',#448,1.);
#448 = DIRECTION('',(0.,-1.,0.));
#449 = ORIENTED_EDGE('',*,*,#450,.T.);
#450 = EDGE_CURVE('',#443,#451,#453,.T.);
#451 = VERTEX_POINT('',#452);
#452 = CARTESIAN_POINT('',(-1.016,-6.35,2.54));
#453 = LINE('',#454,#455);
#454 = CARTESIAN_POINT('',(-1.27,-6.096,2.54));
#455 = VECTOR('',#456,1.);
#456 = DIRECTION('',(0.707106781187,-0.707106781187,0.));
#457 = ORIENTED_EDGE('',*,*,#458,.T.);
#458 = EDGE_CURVE('',#451,#459,#461,.T.);
#459 = VERTEX_POINT('',#460);
#460 = CARTESIAN_POINT('',(1.016,-6.35,2.54));
#461 = LINE('',#462,#463);
#462 = CARTESIAN_POINT('',(-1.016,-6.35,2.54));
#463 = VECTOR('',#464,1.);
#464 = DIRECTION('',(1.,0.,0.));
#465 = ORIENTED_EDGE('',*,*,#466,.T.);
#466 = EDGE_CURVE('',#459,#467,#469,.T.);
#467 = VERTEX_POINT('',#468);
#468 = CARTESIAN_POINT('',(1.27,-6.096,2.54));
#469 = LINE('',#470,#471);
#470 = CARTESIAN_POINT('',(1.016,-6.35,2.54));
#471 = VECTOR('',#472,1.);
#472 = DIRECTION('',(0.707106781187,0.707106781187,0.));
#473 = ORIENTED_EDGE('',*,*,#474,.T.);
#474 = EDGE_CURVE('',#467,#475,#477,.T.);
#475 = VERTEX_POINT('',#476);
#476 = CARTESIAN_POINT('',(1.27,-4.064,2.54));
#477 = LINE('',#478,#479);
#478 = CARTESIAN_POINT('',(1.27,-6.096,2.54));
#479 = VECTOR('',#480,1.);
#480 = DIRECTION('',(0.,1.,0.));
#481 = ORIENTED_EDGE('',*,*,#482,.T.);
#482 = EDGE_CURVE('',#475,#483,#485,.T.);
#483 = VERTEX_POINT('',#484);
#484 = CARTESIAN_POINT('',(1.016,-3.81,2.54));
#485 = LINE('',#486,#487);
#486 = CARTESIAN_POINT('',(1.27,-4.064,2.54));
#487 = VECTOR('',#488,1.);
#488 = DIRECTION('',(-0.707106781187,0.707106781187,0.));
#489 = ORIENTED_EDGE('',*,*,#490,.T.);
#490 = EDGE_CURVE('',#483,#491,#493,.T.);
#491 = VERTEX_POINT('',#492);
#492 = CARTESIAN_POINT('',(1.27,-3.556,2.54));
#493 = LINE('',#494,#495);
#494 = CARTESIAN_POINT('',(1.016,-3.81,2.54));
#495 = VECTOR('',#496,1.);
#496 = DIRECTION('',(0.707106781187,0.707106781187,0.));
#497 = ORIENTED_EDGE('',*,*,#498,.T.);
#498 = EDGE_CURVE('',#491,#499,#501,.T.);
#499 = VERTEX_POINT('',#500);
#500 = CARTESIAN_POINT('',(1.27,-1.524,2.54));
#501 = LINE('',#502,#503);
#502 = CARTESIAN_POINT('',(1.27,-3.556,2.54));
#503 = VECTOR('',#504,1.);
#504 = DIRECTION('',(0.,1.,0.));
#505 = ORIENTED_EDGE('',*,*,#506,.T.);
#506 = EDGE_CURVE('',#499,#507,#509,.T.);
#507 = VERTEX_POINT('',#508);
#508 = CARTESIAN_POINT('',(1.016,-1.27,2.54));
#509 = LINE('',#510,#511);
#510 = CARTESIAN_POINT('',(1.27,-1.524,2.54));
#511 = VECTOR('',#512,1.);
#512 = DIRECTION('',(-0.707106781187,0.707106781187,0.));
#513 = ORIENTED_EDGE('',*,*,#514,.T.);
#514 = EDGE_CURVE('',#507,#515,#517,.T.);
#515 = VERTEX_POINT('',#516);
#516 = CARTESIAN_POINT('',(1.27,-1.016,2.54));
#517 = LINE('',#518,#519);
#518 = CARTESIAN_POINT('',(1.016,-1.27,2.54));
#519 = VECTOR('',#520,1.);
#520 = DIRECTION('',(0.707106781187,0.707106781187,0.));
#521 = ORIENTED_EDGE('',*,*,#522,.T.);
#522 = EDGE_CURVE('',#515,#523,#525,.T.);
#523 = VERTEX_POINT('',#524);
#524 = CARTESIAN_POINT('',(1.27,1.016,2.54));
#525 = LINE('',#526,#527);
#526 = CARTESIAN_POINT('',(1.27,-1.016,2.54));
#527 = VECTOR('',#528,1.);
#528 = DIRECTION('',(0.,1.,0.));
#529 = ORIENTED_EDGE('',*,*,#530,.T.);
#530 = EDGE_CURVE('',#523,#94,#531,.T.);
#531 = LINE('',#532,#533);
#532 = CARTESIAN_POINT('',(1.27,1.016,2.54));
#533 = VECTOR('',#534,1.);
#534 = DIRECTION('',(-0.707106781187,0.707106781187,0.));
#535 = ORIENTED_EDGE('',*,*,#101,.T.);
#536 = FACE_BOUND('',#537,.T.);
#537 = EDGE_LOOP('',(#538,#548,#556,#564));
#538 = ORIENTED_EDGE('',*,*,#539,.F.);
#539 = EDGE_CURVE('',#540,#542,#544,.T.);
#540 = VERTEX_POINT('',#541);
#541 = CARTESIAN_POINT('',(0.32,-0.32,2.54));
#542 = VERTEX_POINT('',#543);
#543 = CARTESIAN_POINT('',(0.32,0.32,2.54));
#544 = LINE('',#545,#546);
#545 = CARTESIAN_POINT('',(0.32,-1.43,2.54));
#546 = VECTOR('',#547,1.);
#547 = DIRECTION('',(0.,1.,0.));
#548 = ORIENTED_EDGE('',*,*,#549,.T.);
#549 = EDGE_CURVE('',#540,#550,#552,.T.);
#550 = VERTEX_POINT('',#551);
#551 = CARTESIAN_POINT('',(-0.32,-0.32,2.54));
#552 = LINE('',#553,#554);
#553 = CARTESIAN_POINT('',(-0.16,-0.32,2.54));
#554 = VECTOR('',#555,1.);
#555 = DIRECTION('',(-1.,0.,0.));
#556 = ORIENTED_EDGE('',*,*,#557,.T.);
#557 = EDGE_CURVE('',#550,#558,#560,.T.);
#558 = VERTEX_POINT('',#559);
#559 = CARTESIAN_POINT('',(-0.32,0.32,2.54));
#560 = LINE('',#561,#562);
#561 = CARTESIAN_POINT('',(-0.32,-1.43,2.54));
#562 = VECTOR('',#563,1.);
#563 = DIRECTION('',(0.,1.,0.));
#564 = ORIENTED_EDGE('',*,*,#565,.F.);
#565 = EDGE_CURVE('',#542,#558,#566,.T.);
#566 = LINE('',#567,#568);
#567 = CARTESIAN_POINT('',(-0.16,0.32,2.54));
#568 = VECTOR('',#569,1.);
#569 = DIRECTION('',(-1.,0.,0.));
#570 = FACE_BOUND('',#571,.T.);
#571 = EDGE_LOOP('',(#572,#582,#590,#598));
#572 = ORIENTED_EDGE('',*,*,#573,.T.);
#573 = EDGE_CURVE('',#574,#576,#578,.T.);
#574 = VERTEX_POINT('',#575);
#575 = CARTESIAN_POINT('',(0.32,-2.86,2.54));
#576 = VERTEX_POINT('',#577);
#577 = CARTESIAN_POINT('',(-0.32,-2.86,2.54));
#578 = LINE('',#579,#580);
#579 = CARTESIAN_POINT('',(-0.16,-2.86,2.54));
#580 = VECTOR('',#581,1.);
#581 = DIRECTION('',(-1.,0.,0.));
#582 = ORIENTED_EDGE('',*,*,#583,.T.);
#583 = EDGE_CURVE('',#576,#584,#586,.T.);
#584 = VERTEX_POINT('',#585);
#585 = CARTESIAN_POINT('',(-0.32,-2.22,2.54));
#586 = LINE('',#587,#588);
#587 = CARTESIAN_POINT('',(-0.32,-2.7,2.54));
#588 = VECTOR('',#589,1.);
#589 = DIRECTION('',(0.,1.,0.));
#590 = ORIENTED_EDGE('',*,*,#591,.F.);
#591 = EDGE_CURVE('',#592,#584,#594,.T.);
#592 = VERTEX_POINT('',#593);
#593 = CARTESIAN_POINT('',(0.32,-2.22,2.54));
#594 = LINE('',#595,#596);
#595 = CARTESIAN_POINT('',(-0.16,-2.22,2.54));
#596 = VECTOR('',#597,1.);
#597 = DIRECTION('',(-1.,0.,0.));
#598 = ORIENTED_EDGE('',*,*,#599,.F.);
#599 = EDGE_CURVE('',#574,#592,#600,.T.);
#600 = LINE('',#601,#602);
#601 = CARTESIAN_POINT('',(0.32,-2.7,2.54));
#602 = VECTOR('',#603,1.);
#603 = DIRECTION('',(0.,1.,0.));
#604 = FACE_BOUND('',#605,.T.);
#605 = EDGE_LOOP('',(#606,#616,#624,#632));
#606 = ORIENTED_EDGE('',*,*,#607,.F.);
#607 = EDGE_CURVE('',#608,#610,#612,.T.);
#608 = VERTEX_POINT('',#609);
#609 = CARTESIAN_POINT('',(0.32,-4.76,2.54));
#610 = VERTEX_POINT('',#611);
#611 = CARTESIAN_POINT('',(-0.32,-4.76,2.54));
#612 = LINE('',#613,#614);
#613 = CARTESIAN_POINT('',(-0.16,-4.76,2.54));
#614 = VECTOR('',#615,1.);
#615 = DIRECTION('',(-1.,0.,0.));
#616 = ORIENTED_EDGE('',*,*,#617,.F.);
#617 = EDGE_CURVE('',#618,#608,#620,.T.);
#618 = VERTEX_POINT('',#619);
#619 = CARTESIAN_POINT('',(0.32,-5.4,2.54));
#620 = LINE('',#621,#622);
#621 = CARTESIAN_POINT('',(0.32,-3.97,2.54));
#622 = VECTOR('',#623,1.);
#623 = DIRECTION('',(0.,1.,0.));
#624 = ORIENTED_EDGE('',*,*,#625,.T.);
#625 = EDGE_CURVE('',#618,#626,#628,.T.);
#626 = VERTEX_POINT('',#627);
#627 = CARTESIAN_POINT('',(-0.32,-5.4,2.54));
#628 = LINE('',#629,#630);
#629 = CARTESIAN_POINT('',(-0.16,-5.4,2.54));
#630 = VECTOR('',#631,1.);
#631 = DIRECTION('',(-1.,0.,0.));
#632 = ORIENTED_EDGE('',*,*,#633,.T.);
#633 = EDGE_CURVE('',#626,#610,#634,.T.);
#634 = LINE('',#635,#636);
#635 = CARTESIAN_POINT('',(-0.32,-3.97,2.54));
#636 = VECTOR('',#637,1.);
#637 = DIRECTION('',(0.,1.,0.));
#638 = PLANE('',#639);
#639 = AXIS2_PLACEMENT_3D('',#640,#641,#642);
#640 = CARTESIAN_POINT('',(5.398204781459E-17,-2.54,2.54));
#641 = DIRECTION('',(0.,0.,1.));
#642 = DIRECTION('',(1.,0.,-0.));
#643 = ADVANCED_FACE('',(#644),#655,.F.);
#644 = FACE_BOUND('',#645,.F.);
#645 = EDGE_LOOP('',(#646,#652,#653,#654));
#646 = ORIENTED_EDGE('',*,*,#647,.T.);
#647 = EDGE_CURVE('',#276,#523,#648,.T.);
#648 = LINE('',#649,#650);
#649 = CARTESIAN_POINT('',(1.27,1.016,0.));
#650 = VECTOR('',#651,1.);
#651 = DIRECTION('',(0.,0.,1.));
#652 = ORIENTED_EDGE('',*,*,#530,.T.);
#653 = ORIENTED_EDGE('',*,*,#91,.F.);
#654 = ORIENTED_EDGE('',*,*,#283,.F.);
#655 = PLANE('',#656);
#656 = AXIS2_PLACEMENT_3D('',#657,#658,#659);
#657 = CARTESIAN_POINT('',(1.27,1.016,0.));
#658 = DIRECTION('',(-0.707106781187,-0.707106781187,0.));
#659 = DIRECTION('',(-0.707106781187,0.707106781187,0.));
#660 = ADVANCED_FACE('',(#661),#672,.F.);
#661 = FACE_BOUND('',#662,.F.);
#662 = EDGE_LOOP('',(#663,#664,#665,#671));
#663 = ORIENTED_EDGE('',*,*,#131,.T.);
#664 = ORIENTED_EDGE('',*,*,#402,.T.);
#665 = ORIENTED_EDGE('',*,*,#666,.F.);
#666 = EDGE_CURVE('',#156,#403,#667,.T.);
#667 = LINE('',#668,#669);
#668 = CARTESIAN_POINT('',(-1.016,-1.27,0.));
#669 = VECTOR('',#670,1.);
#670 = DIRECTION('',(0.,0.,1.));
#671 = ORIENTED_EDGE('',*,*,#155,.F.);
#672 = PLANE('',#673);
#673 = AXIS2_PLACEMENT_3D('',#674,#675,#676);
#674 = CARTESIAN_POINT('',(-1.27,-1.016,0.));
#675 = DIRECTION('',(0.707106781187,0.707106781187,0.));
#676 = DIRECTION('',(0.707106781187,-0.707106781187,0.));
#677 = ADVANCED_FACE('',(#678),#689,.F.);
#678 = FACE_BOUND('',#679,.F.);
#679 = EDGE_LOOP('',(#680,#686,#687,#688));
#680 = ORIENTED_EDGE('',*,*,#681,.T.);
#681 = EDGE_CURVE('',#268,#515,#682,.T.);
#682 = LINE('',#683,#684);
#683 = CARTESIAN_POINT('',(1.27,-1.016,0.));
#684 = VECTOR('',#685,1.);
#685 = DIRECTION('',(0.,0.,1.));
#686 = ORIENTED_EDGE('',*,*,#522,.T.);
#687 = ORIENTED_EDGE('',*,*,#647,.F.);
#688 = ORIENTED_EDGE('',*,*,#275,.F.);
#689 = PLANE('',#690);
#690 = AXIS2_PLACEMENT_3D('',#691,#692,#693);
#691 = CARTESIAN_POINT('',(1.27,-1.016,0.));
#692 = DIRECTION('',(-1.,0.,0.));
#693 = DIRECTION('',(0.,1.,0.));
#694 = ADVANCED_FACE('',(#695),#706,.F.);
#695 = FACE_BOUND('',#696,.F.);
#696 = EDGE_LOOP('',(#697,#698,#699,#705));
#697 = ORIENTED_EDGE('',*,*,#666,.T.);
#698 = ORIENTED_EDGE('',*,*,#410,.T.);
#699 = ORIENTED_EDGE('',*,*,#700,.F.);
#700 = EDGE_CURVE('',#164,#411,#701,.T.);
#701 = LINE('',#702,#703);
#702 = CARTESIAN_POINT('',(-1.27,-1.524,0.));
#703 = VECTOR('',#704,1.);
#704 = DIRECTION('',(0.,0.,1.));
#705 = ORIENTED_EDGE('',*,*,#163,.F.);
#706 = PLANE('',#707);
#707 = AXIS2_PLACEMENT_3D('',#708,#709,#710);
#708 = CARTESIAN_POINT('',(-1.016,-1.27,0.));
#709 = DIRECTION('',(0.707106781187,-0.707106781187,0.));
#710 = DIRECTION('',(-0.707106781187,-0.707106781187,0.));
#711 = ADVANCED_FACE('',(#712),#723,.F.);
#712 = FACE_BOUND('',#713,.F.);
#713 = EDGE_LOOP('',(#714,#720,#721,#722));
#714 = ORIENTED_EDGE('',*,*,#715,.T.);
#715 = EDGE_CURVE('',#260,#507,#716,.T.);
#716 = LINE('',#717,#718);
#717 = CARTESIAN_POINT('',(1.016,-1.27,0.));
#718 = VECTOR('',#719,1.);
#719 = DIRECTION('',(0.,0.,1.));
#720 = ORIENTED_EDGE('',*,*,#514,.T.);
#721 = ORIENTED_EDGE('',*,*,#681,.F.);
#722 = ORIENTED_EDGE('',*,*,#267,.F.);
#723 = PLANE('',#724);
#724 = AXIS2_PLACEMENT_3D('',#725,#726,#727);
#725 = CARTESIAN_POINT('',(1.016,-1.27,0.));
#726 = DIRECTION('',(-0.707106781187,0.707106781187,0.));
#727 = DIRECTION('',(0.707106781187,0.707106781187,0.));
#728 = ADVANCED_FACE('',(#729),#740,.F.);
#729 = FACE_BOUND('',#730,.F.);
#730 = EDGE_LOOP('',(#731,#732,#733,#739));
#731 = ORIENTED_EDGE('',*,*,#700,.T.);
#732 = ORIENTED_EDGE('',*,*,#418,.T.);
#733 = ORIENTED_EDGE('',*,*,#734,.F.);
#734 = EDGE_CURVE('',#172,#419,#735,.T.);
#735 = LINE('',#736,#737);
#736 = CARTESIAN_POINT('',(-1.27,-3.556,0.));
#737 = VECTOR('',#738,1.);
#738 = DIRECTION('',(0.,0.,1.));
#739 = ORIENTED_EDGE('',*,*,#171,.F.);
#740 = PLANE('',#741);
#741 = AXIS2_PLACEMENT_3D('',#742,#743,#744);
#742 = CARTESIAN_POINT('',(-1.27,-1.524,0.));
#743 = DIRECTION('',(1.,0.,0.));
#744 = DIRECTION('',(0.,-1.,0.));
#745 = ADVANCED_FACE('',(#746),#757,.F.);
#746 = FACE_BOUND('',#747,.F.);
#747 = EDGE_LOOP('',(#748,#754,#755,#756));
#748 = ORIENTED_EDGE('',*,*,#749,.T.);
#749 = EDGE_CURVE('',#252,#499,#750,.T.);
#750 = LINE('',#751,#752);
#751 = CARTESIAN_POINT('',(1.27,-1.524,0.));
#752 = VECTOR('',#753,1.);
#753 = DIRECTION('',(0.,0.,1.));
#754 = ORIENTED_EDGE('',*,*,#506,.T.);
#755 = ORIENTED_EDGE('',*,*,#715,.F.);
#756 = ORIENTED_EDGE('',*,*,#259,.F.);
#757 = PLANE('',#758);
#758 = AXIS2_PLACEMENT_3D('',#759,#760,#761);
#759 = CARTESIAN_POINT('',(1.27,-1.524,0.));
#760 = DIRECTION('',(-0.707106781187,-0.707106781187,0.));
#761 = DIRECTION('',(-0.707106781187,0.707106781187,0.));
#762 = ADVANCED_FACE('',(#763),#774,.F.);
#763 = FACE_BOUND('',#764,.F.);
#764 = EDGE_LOOP('',(#765,#766,#767,#773));
#765 = ORIENTED_EDGE('',*,*,#734,.T.);
#766 = ORIENTED_EDGE('',*,*,#426,.T.);
#767 = ORIENTED_EDGE('',*,*,#768,.F.);
#768 = EDGE_CURVE('',#180,#427,#769,.T.);
#769 = LINE('',#770,#771);
#770 = CARTESIAN_POINT('',(-1.016,-3.81,0.));
#771 = VECTOR('',#772,1.);
#772 = DIRECTION('',(0.,0.,1.));
#773 = ORIENTED_EDGE('',*,*,#179,.F.);
#774 = PLANE('',#775);
#775 = AXIS2_PLACEMENT_3D('',#776,#777,#778);
#776 = CARTESIAN_POINT('',(-1.27,-3.556,0.));
#777 = DIRECTION('',(0.707106781187,0.707106781187,0.));
#778 = DIRECTION('',(0.707106781187,-0.707106781187,0.));
#779 = ADVANCED_FACE('',(#780),#791,.F.);
#780 = FACE_BOUND('',#781,.F.);
#781 = EDGE_LOOP('',(#782,#788,#789,#790));
#782 = ORIENTED_EDGE('',*,*,#783,.T.);
#783 = EDGE_CURVE('',#244,#491,#784,.T.);
#784 = LINE('',#785,#786);
#785 = CARTESIAN_POINT('',(1.27,-3.556,0.));
#786 = VECTOR('',#787,1.);
#787 = DIRECTION('',(0.,0.,1.));
#788 = ORIENTED_EDGE('',*,*,#498,.T.);
#789 = ORIENTED_EDGE('',*,*,#749,.F.);
#790 = ORIENTED_EDGE('',*,*,#251,.F.);
#791 = PLANE('',#792);
#792 = AXIS2_PLACEMENT_3D('',#793,#794,#795);
#793 = CARTESIAN_POINT('',(1.27,-3.556,0.));
#794 = DIRECTION('',(-1.,0.,0.));
#795 = DIRECTION('',(0.,1.,0.));
#796 = ADVANCED_FACE('',(#797),#808,.F.);
#797 = FACE_BOUND('',#798,.F.);
#798 = EDGE_LOOP('',(#799,#800,#801,#807));
#799 = ORIENTED_EDGE('',*,*,#768,.T.);
#800 = ORIENTED_EDGE('',*,*,#434,.T.);
#801 = ORIENTED_EDGE('',*,*,#802,.F.);
#802 = EDGE_CURVE('',#188,#435,#803,.T.);
#803 = LINE('',#804,#805);
#804 = CARTESIAN_POINT('',(-1.27,-4.064,0.));
#805 = VECTOR('',#806,1.);
#806 = DIRECTION('',(0.,0.,1.));
#807 = ORIENTED_EDGE('',*,*,#187,.F.);
#808 = PLANE('',#809);
#809 = AXIS2_PLACEMENT_3D('',#810,#811,#812);
#810 = CARTESIAN_POINT('',(-1.016,-3.81,0.));
#811 = DIRECTION('',(0.707106781187,-0.707106781187,0.));
#812 = DIRECTION('',(-0.707106781187,-0.707106781187,0.));
#813 = ADVANCED_FACE('',(#814),#825,.F.);
#814 = FACE_BOUND('',#815,.F.);
#815 = EDGE_LOOP('',(#816,#822,#823,#824));
#816 = ORIENTED_EDGE('',*,*,#817,.T.);
#817 = EDGE_CURVE('',#236,#483,#818,.T.);
#818 = LINE('',#819,#820);
#819 = CARTESIAN_POINT('',(1.016,-3.81,0.));
#820 = VECTOR('',#821,1.);
#821 = DIRECTION('',(0.,0.,1.));
#822 = ORIENTED_EDGE('',*,*,#490,.T.);
#823 = ORIENTED_EDGE('',*,*,#783,.F.);
#824 = ORIENTED_EDGE('',*,*,#243,.F.);
#825 = PLANE('',#826);
#826 = AXIS2_PLACEMENT_3D('',#827,#828,#829);
#827 = CARTESIAN_POINT('',(1.016,-3.81,0.));
#828 = DIRECTION('',(-0.707106781187,0.707106781187,0.));
#829 = DIRECTION('',(0.707106781187,0.707106781187,0.));
#830 = ADVANCED_FACE('',(#831),#842,.F.);
#831 = FACE_BOUND('',#832,.F.);
#832 = EDGE_LOOP('',(#833,#834,#835,#841));
#833 = ORIENTED_EDGE('',*,*,#802,.T.);
#834 = ORIENTED_EDGE('',*,*,#442,.T.);
#835 = ORIENTED_EDGE('',*,*,#836,.F.);
#836 = EDGE_CURVE('',#196,#443,#837,.T.);
#837 = LINE('',#838,#839);
#838 = CARTESIAN_POINT('',(-1.27,-6.096,0.));
#839 = VECTOR('',#840,1.);
#840 = DIRECTION('',(0.,0.,1.));
#841 = ORIENTED_EDGE('',*,*,#195,.F.);
#842 = PLANE('',#843);
#843 = AXIS2_PLACEMENT_3D('',#844,#845,#846);
#844 = CARTESIAN_POINT('',(-1.27,-4.064,0.));
#845 = DIRECTION('',(1.,0.,0.));
#846 = DIRECTION('',(0.,-1.,0.));
#847 = ADVANCED_FACE('',(#848),#859,.F.);
#848 = FACE_BOUND('',#849,.F.);
#849 = EDGE_LOOP('',(#850,#856,#857,#858));
#850 = ORIENTED_EDGE('',*,*,#851,.T.);
#851 = EDGE_CURVE('',#228,#475,#852,.T.);
#852 = LINE('',#853,#854);
#853 = CARTESIAN_POINT('',(1.27,-4.064,0.));
#854 = VECTOR('',#855,1.);
#855 = DIRECTION('',(0.,0.,1.));
#856 = ORIENTED_EDGE('',*,*,#482,.T.);
#857 = ORIENTED_EDGE('',*,*,#817,.F.);
#858 = ORIENTED_EDGE('',*,*,#235,.F.);
#859 = PLANE('',#860);
#860 = AXIS2_PLACEMENT_3D('',#861,#862,#863);
#861 = CARTESIAN_POINT('',(1.27,-4.064,0.));
#862 = DIRECTION('',(-0.707106781187,-0.707106781187,0.));
#863 = DIRECTION('',(-0.707106781187,0.707106781187,0.));
#864 = ADVANCED_FACE('',(#865),#876,.F.);
#865 = FACE_BOUND('',#866,.F.);
#866 = EDGE_LOOP('',(#867,#868,#869,#875));
#867 = ORIENTED_EDGE('',*,*,#836,.T.);
#868 = ORIENTED_EDGE('',*,*,#450,.T.);
#869 = ORIENTED_EDGE('',*,*,#870,.F.);
#870 = EDGE_CURVE('',#204,#451,#871,.T.);
#871 = LINE('',#872,#873);
#872 = CARTESIAN_POINT('',(-1.016,-6.35,0.));
#873 = VECTOR('',#874,1.);
#874 = DIRECTION('',(0.,0.,1.));
#875 = ORIENTED_EDGE('',*,*,#203,.F.);
#876 = PLANE('',#877);
#877 = AXIS2_PLACEMENT_3D('',#878,#879,#880);
#878 = CARTESIAN_POINT('',(-1.27,-6.096,0.));
#879 = DIRECTION('',(0.707106781187,0.707106781187,0.));
#880 = DIRECTION('',(0.707106781187,-0.707106781187,0.));
#881 = ADVANCED_FACE('',(#882),#893,.F.);
#882 = FACE_BOUND('',#883,.F.);
#883 = EDGE_LOOP('',(#884,#890,#891,#892));
#884 = ORIENTED_EDGE('',*,*,#885,.T.);
#885 = EDGE_CURVE('',#220,#467,#886,.T.);
#886 = LINE('',#887,#888);
#887 = CARTESIAN_POINT('',(1.27,-6.096,0.));
#888 = VECTOR('',#889,1.);
#889 = DIRECTION('',(0.,0.,1.));
#890 = ORIENTED_EDGE('',*,*,#474,.T.);
#891 = ORIENTED_EDGE('',*,*,#851,.F.);
#892 = ORIENTED_EDGE('',*,*,#227,.F.);
#893 = PLANE('',#894);
#894 = AXIS2_PLACEMENT_3D('',#895,#896,#897);
#895 = CARTESIAN_POINT('',(1.27,-6.096,0.));
#896 = DIRECTION('',(-1.,0.,0.));
#897 = DIRECTION('',(0.,1.,0.));
#898 = ADVANCED_FACE('',(#899),#910,.F.);
#899 = FACE_BOUND('',#900,.F.);
#900 = EDGE_LOOP('',(#901,#902,#903,#909));
#901 = ORIENTED_EDGE('',*,*,#870,.T.);
#902 = ORIENTED_EDGE('',*,*,#458,.T.);
#903 = ORIENTED_EDGE('',*,*,#904,.F.);
#904 = EDGE_CURVE('',#212,#459,#905,.T.);
#905 = LINE('',#906,#907);
#906 = CARTESIAN_POINT('',(1.016,-6.35,0.));
#907 = VECTOR('',#908,1.);
#908 = DIRECTION('',(0.,0.,1.));
#909 = ORIENTED_EDGE('',*,*,#211,.F.);
#910 = PLANE('',#911);
#911 = AXIS2_PLACEMENT_3D('',#912,#913,#914);
#912 = CARTESIAN_POINT('',(-1.016,-6.35,0.));
#913 = DIRECTION('',(0.,1.,0.));
#914 = DIRECTION('',(1.,0.,0.));
#915 = ADVANCED_FACE('',(#916),#922,.F.);
#916 = FACE_BOUND('',#917,.F.);
#917 = EDGE_LOOP('',(#918,#919,#920,#921));
#918 = ORIENTED_EDGE('',*,*,#904,.T.);
#919 = ORIENTED_EDGE('',*,*,#466,.T.);
#920 = ORIENTED_EDGE('',*,*,#885,.F.);
#921 = ORIENTED_EDGE('',*,*,#219,.F.);
#922 = PLANE('',#923);
#923 = AXIS2_PLACEMENT_3D('',#924,#925,#926);
#924 = CARTESIAN_POINT('',(1.016,-6.35,0.));
#925 = DIRECTION('',(-0.707106781187,0.707106781187,0.));
#926 = DIRECTION('',(0.707106781187,0.707106781187,0.));
#927 = ADVANCED_FACE('',(#928),#953,.T.);
#928 = FACE_BOUND('',#929,.T.);
#929 = EDGE_LOOP('',(#930,#938,#946,#952));
#930 = ORIENTED_EDGE('',*,*,#931,.F.);
#931 = EDGE_CURVE('',#932,#293,#934,.T.);
#932 = VERTEX_POINT('',#933);
#933 = CARTESIAN_POINT('',(0.32,-0.32,-2.84));
#934 = LINE('',#935,#936);
#935 = CARTESIAN_POINT('',(0.32,-0.32,-3.));
#936 = VECTOR('',#937,1.);
#937 = DIRECTION('',(0.,0.,1.));
#938 = ORIENTED_EDGE('',*,*,#939,.T.);
#939 = EDGE_CURVE('',#932,#940,#942,.T.);
#940 = VERTEX_POINT('',#941);
#941 = CARTESIAN_POINT('',(0.32,0.32,-2.84));
#942 = LINE('',#943,#944);
#943 = CARTESIAN_POINT('',(0.32,-0.32,-2.84));
#944 = VECTOR('',#945,1.);
#945 = DIRECTION('',(0.,1.,0.));
#946 = ORIENTED_EDGE('',*,*,#947,.T.);
#947 = EDGE_CURVE('',#940,#295,#948,.T.);
#948 = LINE('',#949,#950);
#949 = CARTESIAN_POINT('',(0.32,0.32,-3.));
#950 = VECTOR('',#951,1.);
#951 = DIRECTION('',(0.,0.,1.));
#952 = ORIENTED_EDGE('',*,*,#292,.F.);
#953 = PLANE('',#954);
#954 = AXIS2_PLACEMENT_3D('',#955,#956,#957);
#955 = CARTESIAN_POINT('',(0.32,-0.32,-3.));
#956 = DIRECTION('',(1.,0.,0.));
#957 = DIRECTION('',(0.,0.,1.));
#958 = ADVANCED_FACE('',(#959),#977,.T.);
#959 = FACE_BOUND('',#960,.T.);
#960 = EDGE_LOOP('',(#961,#962,#970,#976));
#961 = ORIENTED_EDGE('',*,*,#947,.F.);
#962 = ORIENTED_EDGE('',*,*,#963,.F.);
#963 = EDGE_CURVE('',#964,#940,#966,.T.);
#964 = VERTEX_POINT('',#965);
#965 = CARTESIAN_POINT('',(-0.32,0.32,-2.84));
#966 = LINE('',#967,#968);
#967 = CARTESIAN_POINT('',(-0.32,0.32,-2.84));
#968 = VECTOR('',#969,1.);
#969 = DIRECTION('',(1.,0.,0.));
#970 = ORIENTED_EDGE('',*,*,#971,.T.);
#971 = EDGE_CURVE('',#964,#311,#972,.T.);
#972 = LINE('',#973,#974);
#973 = CARTESIAN_POINT('',(-0.32,0.32,-3.));
#974 = VECTOR('',#975,1.);
#975 = DIRECTION('',(0.,0.,1.));
#976 = ORIENTED_EDGE('',*,*,#318,.F.);
#977 = PLANE('',#978);
#978 = AXIS2_PLACEMENT_3D('',#979,#980,#981);
#979 = CARTESIAN_POINT('',(-0.32,0.32,-3.));
#980 = DIRECTION('',(0.,1.,0.));
#981 = DIRECTION('',(0.,-0.,1.));
#982 = ADVANCED_FACE('',(#983),#1001,.F.);
#983 = FACE_BOUND('',#984,.F.);
#984 = EDGE_LOOP('',(#985,#993,#999,#1000));
#985 = ORIENTED_EDGE('',*,*,#986,.F.);
#986 = EDGE_CURVE('',#987,#303,#989,.T.);
#987 = VERTEX_POINT('',#988);
#988 = CARTESIAN_POINT('',(-0.32,-0.32,-2.84));
#989 = LINE('',#990,#991);
#990 = CARTESIAN_POINT('',(-0.32,-0.32,-3.));
#991 = VECTOR('',#992,1.);
#992 = DIRECTION('',(0.,0.,1.));
#993 = ORIENTED_EDGE('',*,*,#994,.T.);
#994 = EDGE_CURVE('',#987,#964,#995,.T.);
#995 = LINE('',#996,#997);
#996 = CARTESIAN_POINT('',(-0.32,-0.32,-2.84));
#997 = VECTOR('',#998,1.);
#998 = DIRECTION('',(0.,1.,0.));
#999 = ORIENTED_EDGE('',*,*,#971,.T.);
#1000 = ORIENTED_EDGE('',*,*,#310,.F.);
#1001 = PLANE('',#1002);
#1002 = AXIS2_PLACEMENT_3D('',#1003,#1004,#1005);
#1003 = CARTESIAN_POINT('',(-0.32,-0.32,-3.));
#1004 = DIRECTION('',(1.,0.,0.));
#1005 = DIRECTION('',(0.,0.,1.));
#1006 = ADVANCED_FACE('',(#1007),#1018,.F.);
#1007 = FACE_BOUND('',#1008,.F.);
#1008 = EDGE_LOOP('',(#1009,#1010,#1016,#1017));
#1009 = ORIENTED_EDGE('',*,*,#931,.F.);
#1010 = ORIENTED_EDGE('',*,*,#1011,.F.);
#1011 = EDGE_CURVE('',#987,#932,#1012,.T.);
#1012 = LINE('',#1013,#1014);
#1013 = CARTESIAN_POINT('',(-0.32,-0.32,-2.84));
#1014 = VECTOR('',#1015,1.);
#1015 = DIRECTION('',(1.,0.,0.));
#1016 = ORIENTED_EDGE('',*,*,#986,.T.);
#1017 = ORIENTED_EDGE('',*,*,#302,.F.);
#1018 = PLANE('',#1019);
#1019 = AXIS2_PLACEMENT_3D('',#1020,#1021,#1022);
#1020 = CARTESIAN_POINT('',(-0.32,-0.32,-3.));
#1021 = DIRECTION('',(0.,1.,0.));
#1022 = DIRECTION('',(0.,-0.,1.));
#1023 = ADVANCED_FACE('',(#1024),#1049,.F.);
#1024 = FACE_BOUND('',#1025,.F.);
#1025 = EDGE_LOOP('',(#1026,#1034,#1042,#1048));
#1026 = ORIENTED_EDGE('',*,*,#1027,.F.);
#1027 = EDGE_CURVE('',#1028,#327,#1030,.T.);
#1028 = VERTEX_POINT('',#1029);
#1029 = CARTESIAN_POINT('',(0.32,-2.86,-2.84));
#1030 = LINE('',#1031,#1032);
#1031 = CARTESIAN_POINT('',(0.32,-2.86,-3.));
#1032 = VECTOR('',#1033,1.);
#1033 = DIRECTION('',(0.,0.,1.));
#1034 = ORIENTED_EDGE('',*,*,#1035,.F.);
#1035 = EDGE_CURVE('',#1036,#1028,#1038,.T.);
#1036 = VERTEX_POINT('',#1037);
#1037 = CARTESIAN_POINT('',(-0.32,-2.86,-2.84));
#1038 = LINE('',#1039,#1040);
#1039 = CARTESIAN_POINT('',(-0.32,-2.86,-2.84));
#1040 = VECTOR('',#1041,1.);
#1041 = DIRECTION('',(1.,0.,0.));
#1042 = ORIENTED_EDGE('',*,*,#1043,.T.);
#1043 = EDGE_CURVE('',#1036,#329,#1044,.T.);
#1044 = LINE('',#1045,#1046);
#1045 = CARTESIAN_POINT('',(-0.32,-2.86,-3.));
#1046 = VECTOR('',#1047,1.);
#1047 = DIRECTION('',(0.,0.,1.));
#1048 = ORIENTED_EDGE('',*,*,#326,.F.);
#1049 = PLANE('',#1050);
#1050 = AXIS2_PLACEMENT_3D('',#1051,#1052,#1053);
#1051 = CARTESIAN_POINT('',(-0.32,-2.86,-3.));
#1052 = DIRECTION('',(0.,1.,0.));
#1053 = DIRECTION('',(0.,-0.,1.));
#1054 = ADVANCED_FACE('',(#1055),#1073,.T.);
#1055 = FACE_BOUND('',#1056,.T.);
#1056 = EDGE_LOOP('',(#1057,#1058,#1066,#1072));
#1057 = ORIENTED_EDGE('',*,*,#1027,.F.);
#1058 = ORIENTED_EDGE('',*,*,#1059,.T.);
#1059 = EDGE_CURVE('',#1028,#1060,#1062,.T.);
#1060 = VERTEX_POINT('',#1061);
#1061 = CARTESIAN_POINT('',(0.32,-2.22,-2.84));
#1062 = LINE('',#1063,#1064);
#1063 = CARTESIAN_POINT('',(0.32,-2.86,-2.84));
#1064 = VECTOR('',#1065,1.);
#1065 = DIRECTION('',(0.,1.,0.));
#1066 = ORIENTED_EDGE('',*,*,#1067,.T.);
#1067 = EDGE_CURVE('',#1060,#345,#1068,.T.);
#1068 = LINE('',#1069,#1070);
#1069 = CARTESIAN_POINT('',(0.32,-2.22,-3.));
#1070 = VECTOR('',#1071,1.);
#1071 = DIRECTION('',(0.,0.,1.));
#1072 = ORIENTED_EDGE('',*,*,#352,.F.);
#1073 = PLANE('',#1074);
#1074 = AXIS2_PLACEMENT_3D('',#1075,#1076,#1077);
#1075 = CARTESIAN_POINT('',(0.32,-2.86,-3.));
#1076 = DIRECTION('',(1.,0.,0.));
#1077 = DIRECTION('',(0.,0.,1.));
#1078 = ADVANCED_FACE('',(#1079),#1097,.T.);
#1079 = FACE_BOUND('',#1080,.T.);
#1080 = EDGE_LOOP('',(#1081,#1082,#1090,#1096));
#1081 = ORIENTED_EDGE('',*,*,#1067,.F.);
#1082 = ORIENTED_EDGE('',*,*,#1083,.F.);
#1083 = EDGE_CURVE('',#1084,#1060,#1086,.T.);
#1084 = VERTEX_POINT('',#1085);
#1085 = CARTESIAN_POINT('',(-0.32,-2.22,-2.84));
#1086 = LINE('',#1087,#1088);
#1087 = CARTESIAN_POINT('',(-0.32,-2.22,-2.84));
#1088 = VECTOR('',#1089,1.);
#1089 = DIRECTION('',(1.,0.,0.));
#1090 = ORIENTED_EDGE('',*,*,#1091,.T.);
#1091 = EDGE_CURVE('',#1084,#337,#1092,.T.);
#1092 = LINE('',#1093,#1094);
#1093 = CARTESIAN_POINT('',(-0.32,-2.22,-3.));
#1094 = VECTOR('',#1095,1.);
#1095 = DIRECTION('',(0.,0.,1.));
#1096 = ORIENTED_EDGE('',*,*,#344,.F.);
#1097 = PLANE('',#1098);
#1098 = AXIS2_PLACEMENT_3D('',#1099,#1100,#1101);
#1099 = CARTESIAN_POINT('',(-0.32,-2.22,-3.));
#1100 = DIRECTION('',(0.,1.,0.));
#1101 = DIRECTION('',(0.,-0.,1.));
#1102 = ADVANCED_FACE('',(#1103),#1114,.F.);
#1103 = FACE_BOUND('',#1104,.F.);
#1104 = EDGE_LOOP('',(#1105,#1106,#1112,#1113));
#1105 = ORIENTED_EDGE('',*,*,#1043,.F.);
#1106 = ORIENTED_EDGE('',*,*,#1107,.T.);
#1107 = EDGE_CURVE('',#1036,#1084,#1108,.T.);
#1108 = LINE('',#1109,#1110);
#1109 = CARTESIAN_POINT('',(-0.32,-2.86,-2.84));
#1110 = VECTOR('',#1111,1.);
#1111 = DIRECTION('',(0.,1.,0.));
#1112 = ORIENTED_EDGE('',*,*,#1091,.T.);
#1113 = ORIENTED_EDGE('',*,*,#336,.F.);
#1114 = PLANE('',#1115);
#1115 = AXIS2_PLACEMENT_3D('',#1116,#1117,#1118);
#1116 = CARTESIAN_POINT('',(-0.32,-2.86,-3.));
#1117 = DIRECTION('',(1.,0.,0.));
#1118 = DIRECTION('',(0.,0.,1.));
#1119 = ADVANCED_FACE('',(#1120),#1145,.T.);
#1120 = FACE_BOUND('',#1121,.T.);
#1121 = EDGE_LOOP('',(#1122,#1130,#1138,#1144));
#1122 = ORIENTED_EDGE('',*,*,#1123,.F.);
#1123 = EDGE_CURVE('',#1124,#361,#1126,.T.);
#1124 = VERTEX_POINT('',#1125);
#1125 = CARTESIAN_POINT('',(0.32,-4.76,-2.84));
#1126 = LINE('',#1127,#1128);
#1127 = CARTESIAN_POINT('',(0.32,-4.76,-3.));
#1128 = VECTOR('',#1129,1.);
#1129 = DIRECTION('',(0.,0.,1.));
#1130 = ORIENTED_EDGE('',*,*,#1131,.F.);
#1131 = EDGE_CURVE('',#1132,#1124,#1134,.T.);
#1132 = VERTEX_POINT('',#1133);
#1133 = CARTESIAN_POINT('',(-0.32,-4.76,-2.84));
#1134 = LINE('',#1135,#1136);
#1135 = CARTESIAN_POINT('',(-0.32,-4.76,-2.84));
#1136 = VECTOR('',#1137,1.);
#1137 = DIRECTION('',(1.,0.,0.));
#1138 = ORIENTED_EDGE('',*,*,#1139,.T.);
#1139 = EDGE_CURVE('',#1132,#363,#1140,.T.);
#1140 = LINE('',#1141,#1142);
#1141 = CARTESIAN_POINT('',(-0.32,-4.76,-3.));
#1142 = VECTOR('',#1143,1.);
#1143 = DIRECTION('',(0.,0.,1.));
#1144 = ORIENTED_EDGE('',*,*,#360,.F.);
#1145 = PLANE('',#1146);
#1146 = AXIS2_PLACEMENT_3D('',#1147,#1148,#1149);
#1147 = CARTESIAN_POINT('',(-0.32,-4.76,-3.));
#1148 = DIRECTION('',(0.,1.,0.));
#1149 = DIRECTION('',(0.,-0.,1.));
#1150 = ADVANCED_FACE('',(#1151),#1169,.F.);
#1151 = FACE_BOUND('',#1152,.F.);
#1152 = EDGE_LOOP('',(#1153,#1161,#1167,#1168));
#1153 = ORIENTED_EDGE('',*,*,#1154,.F.);
#1154 = EDGE_CURVE('',#1155,#379,#1157,.T.);
#1155 = VERTEX_POINT('',#1156);
#1156 = CARTESIAN_POINT('',(-0.32,-5.4,-2.84));
#1157 = LINE('',#1158,#1159);
#1158 = CARTESIAN_POINT('',(-0.32,-5.4,-3.));
#1159 = VECTOR('',#1160,1.);
#1160 = DIRECTION('',(0.,0.,1.));
#1161 = ORIENTED_EDGE('',*,*,#1162,.T.);
#1162 = EDGE_CURVE('',#1155,#1132,#1163,.T.);
#1163 = LINE('',#1164,#1165);
#1164 = CARTESIAN_POINT('',(-0.32,-5.4,-2.84));
#1165 = VECTOR('',#1166,1.);
#1166 = DIRECTION('',(0.,1.,0.));
#1167 = ORIENTED_EDGE('',*,*,#1139,.T.);
#1168 = ORIENTED_EDGE('',*,*,#386,.F.);
#1169 = PLANE('',#1170);
#1170 = AXIS2_PLACEMENT_3D('',#1171,#1172,#1173);
#1171 = CARTESIAN_POINT('',(-0.32,-5.4,-3.));
#1172 = DIRECTION('',(1.,0.,0.));
#1173 = DIRECTION('',(0.,0.,1.));
#1174 = ADVANCED_FACE('',(#1175),#1193,.F.);
#1175 = FACE_BOUND('',#1176,.F.);
#1176 = EDGE_LOOP('',(#1177,#1185,#1191,#1192));
#1177 = ORIENTED_EDGE('',*,*,#1178,.F.);
#1178 = EDGE_CURVE('',#1179,#371,#1181,.T.);
#1179 = VERTEX_POINT('',#1180);
#1180 = CARTESIAN_POINT('',(0.32,-5.4,-2.84));
#1181 = LINE('',#1182,#1183);
#1182 = CARTESIAN_POINT('',(0.32,-5.4,-3.));
#1183 = VECTOR('',#1184,1.);
#1184 = DIRECTION('',(0.,0.,1.));
#1185 = ORIENTED_EDGE('',*,*,#1186,.F.);
#1186 = EDGE_CURVE('',#1155,#1179,#1187,.T.);
#1187 = LINE('',#1188,#1189);
#1188 = CARTESIAN_POINT('',(-0.32,-5.4,-2.84));
#1189 = VECTOR('',#1190,1.);
#1190 = DIRECTION('',(1.,0.,0.));
#1191 = ORIENTED_EDGE('',*,*,#1154,.T.);
#1192 = ORIENTED_EDGE('',*,*,#378,.F.);
#1193 = PLANE('',#1194);
#1194 = AXIS2_PLACEMENT_3D('',#1195,#1196,#1197);
#1195 = CARTESIAN_POINT('',(-0.32,-5.4,-3.));
#1196 = DIRECTION('',(0.,1.,0.));
#1197 = DIRECTION('',(0.,-0.,1.));
#1198 = ADVANCED_FACE('',(#1199),#1210,.T.);
#1199 = FACE_BOUND('',#1200,.T.);
#1200 = EDGE_LOOP('',(#1201,#1202,#1208,#1209));
#1201 = ORIENTED_EDGE('',*,*,#1178,.F.);
#1202 = ORIENTED_EDGE('',*,*,#1203,.T.);
#1203 = EDGE_CURVE('',#1179,#1124,#1204,.T.);
#1204 = LINE('',#1205,#1206);
#1205 = CARTESIAN_POINT('',(0.32,-5.4,-2.84));
#1206 = VECTOR('',#1207,1.);
#1207 = DIRECTION('',(0.,1.,0.));
#1208 = ORIENTED_EDGE('',*,*,#1123,.T.);
#1209 = ORIENTED_EDGE('',*,*,#370,.F.);
#1210 = PLANE('',#1211);
#1211 = AXIS2_PLACEMENT_3D('',#1212,#1213,#1214);
#1212 = CARTESIAN_POINT('',(0.32,-5.4,-3.));
#1213 = DIRECTION('',(1.,0.,0.));
#1214 = DIRECTION('',(0.,0.,1.));
#1215 = ADVANCED_FACE('',(#1216),#1241,.T.);
#1216 = FACE_BOUND('',#1217,.T.);
#1217 = EDGE_LOOP('',(#1218,#1226,#1227,#1235));
#1218 = ORIENTED_EDGE('',*,*,#1219,.F.);
#1219 = EDGE_CURVE('',#540,#1220,#1222,.T.);
#1220 = VERTEX_POINT('',#1221);
#1221 = CARTESIAN_POINT('',(0.32,-0.32,8.38));
#1222 = LINE('',#1223,#1224);
#1223 = CARTESIAN_POINT('',(0.32,-0.32,-3.));
#1224 = VECTOR('',#1225,1.);
#1225 = DIRECTION('',(0.,0.,1.));
#1226 = ORIENTED_EDGE('',*,*,#539,.T.);
#1227 = ORIENTED_EDGE('',*,*,#1228,.T.);
#1228 = EDGE_CURVE('',#542,#1229,#1231,.T.);
#1229 = VERTEX_POINT('',#1230);
#1230 = CARTESIAN_POINT('',(0.32,0.32,8.38));
#1231 = LINE('',#1232,#1233);
#1232 = CARTESIAN_POINT('',(0.32,0.32,-3.));
#1233 = VECTOR('',#1234,1.);
#1234 = DIRECTION('',(0.,0.,1.));
#1235 = ORIENTED_EDGE('',*,*,#1236,.F.);
#1236 = EDGE_CURVE('',#1220,#1229,#1237,.T.);
#1237 = LINE('',#1238,#1239);
#1238 = CARTESIAN_POINT('',(0.32,-0.32,8.38));
#1239 = VECTOR('',#1240,1.);
#1240 = DIRECTION('',(0.,1.,0.));
#1241 = PLANE('',#1242);
#1242 = AXIS2_PLACEMENT_3D('',#1243,#1244,#1245);
#1243 = CARTESIAN_POINT('',(0.32,-0.32,-3.));
#1244 = DIRECTION('',(1.,0.,0.));
#1245 = DIRECTION('',(0.,0.,1.));
#1246 = ADVANCED_FACE('',(#1247),#1265,.T.);
#1247 = FACE_BOUND('',#1248,.T.);
#1248 = EDGE_LOOP('',(#1249,#1250,#1251,#1259));
#1249 = ORIENTED_EDGE('',*,*,#1228,.F.);
#1250 = ORIENTED_EDGE('',*,*,#565,.T.);
#1251 = ORIENTED_EDGE('',*,*,#1252,.T.);
#1252 = EDGE_CURVE('',#558,#1253,#1255,.T.);
#1253 = VERTEX_POINT('',#1254);
#1254 = CARTESIAN_POINT('',(-0.32,0.32,8.38));
#1255 = LINE('',#1256,#1257);
#1256 = CARTESIAN_POINT('',(-0.32,0.32,-3.));
#1257 = VECTOR('',#1258,1.);
#1258 = DIRECTION('',(0.,0.,1.));
#1259 = ORIENTED_EDGE('',*,*,#1260,.T.);
#1260 = EDGE_CURVE('',#1253,#1229,#1261,.T.);
#1261 = LINE('',#1262,#1263);
#1262 = CARTESIAN_POINT('',(-0.32,0.32,8.38));
#1263 = VECTOR('',#1264,1.);
#1264 = DIRECTION('',(1.,0.,0.));
#1265 = PLANE('',#1266);
#1266 = AXIS2_PLACEMENT_3D('',#1267,#1268,#1269);
#1267 = CARTESIAN_POINT('',(-0.32,0.32,-3.));
#1268 = DIRECTION('',(0.,1.,0.));
#1269 = DIRECTION('',(0.,-0.,1.));
#1270 = ADVANCED_FACE('',(#1271),#1289,.F.);
#1271 = FACE_BOUND('',#1272,.F.);
#1272 = EDGE_LOOP('',(#1273,#1281,#1282,#1283));
#1273 = ORIENTED_EDGE('',*,*,#1274,.F.);
#1274 = EDGE_CURVE('',#550,#1275,#1277,.T.);
#1275 = VERTEX_POINT('',#1276);
#1276 = CARTESIAN_POINT('',(-0.32,-0.32,8.38));
#1277 = LINE('',#1278,#1279);
#1278 = CARTESIAN_POINT('',(-0.32,-0.32,-3.));
#1279 = VECTOR('',#1280,1.);
#1280 = DIRECTION('',(0.,0.,1.));
#1281 = ORIENTED_EDGE('',*,*,#557,.T.);
#1282 = ORIENTED_EDGE('',*,*,#1252,.T.);
#1283 = ORIENTED_EDGE('',*,*,#1284,.F.);
#1284 = EDGE_CURVE('',#1275,#1253,#1285,.T.);
#1285 = LINE('',#1286,#1287);
#1286 = CARTESIAN_POINT('',(-0.32,-0.32,8.38));
#1287 = VECTOR('',#1288,1.);
#1288 = DIRECTION('',(0.,1.,0.));
#1289 = PLANE('',#1290);
#1290 = AXIS2_PLACEMENT_3D('',#1291,#1292,#1293);
#1291 = CARTESIAN_POINT('',(-0.32,-0.32,-3.));
#1292 = DIRECTION('',(1.,0.,0.));
#1293 = DIRECTION('',(0.,0.,1.));
#1294 = ADVANCED_FACE('',(#1295),#1306,.F.);
#1295 = FACE_BOUND('',#1296,.F.);
#1296 = EDGE_LOOP('',(#1297,#1298,#1299,#1300));
#1297 = ORIENTED_EDGE('',*,*,#1219,.F.);
#1298 = ORIENTED_EDGE('',*,*,#549,.T.);
#1299 = ORIENTED_EDGE('',*,*,#1274,.T.);
#1300 = ORIENTED_EDGE('',*,*,#1301,.T.);
#1301 = EDGE_CURVE('',#1275,#1220,#1302,.T.);
#1302 = LINE('',#1303,#1304);
#1303 = CARTESIAN_POINT('',(-0.32,-0.32,8.38));
#1304 = VECTOR('',#1305,1.);
#1305 = DIRECTION('',(1.,0.,0.));
#1306 = PLANE('',#1307);
#1307 = AXIS2_PLACEMENT_3D('',#1308,#1309,#1310);
#1308 = CARTESIAN_POINT('',(-0.32,-0.32,-3.));
#1309 = DIRECTION('',(0.,1.,0.));
#1310 = DIRECTION('',(0.,-0.,1.));
#1311 = ADVANCED_FACE('',(#1312),#1337,.F.);
#1312 = FACE_BOUND('',#1313,.F.);
#1313 = EDGE_LOOP('',(#1314,#1322,#1323,#1331));
#1314 = ORIENTED_EDGE('',*,*,#1315,.F.);
#1315 = EDGE_CURVE('',#574,#1316,#1318,.T.);
#1316 = VERTEX_POINT('',#1317);
#1317 = CARTESIAN_POINT('',(0.32,-2.86,8.38));
#1318 = LINE('',#1319,#1320);
#1319 = CARTESIAN_POINT('',(0.32,-2.86,-3.));
#1320 = VECTOR('',#1321,1.);
#1321 = DIRECTION('',(0.,0.,1.));
#1322 = ORIENTED_EDGE('',*,*,#573,.T.);
#1323 = ORIENTED_EDGE('',*,*,#1324,.T.);
#1324 = EDGE_CURVE('',#576,#1325,#1327,.T.);
#1325 = VERTEX_POINT('',#1326);
#1326 = CARTESIAN_POINT('',(-0.32,-2.86,8.38));
#1327 = LINE('',#1328,#1329);
#1328 = CARTESIAN_POINT('',(-0.32,-2.86,-3.));
#1329 = VECTOR('',#1330,1.);
#1330 = DIRECTION('',(0.,0.,1.));
#1331 = ORIENTED_EDGE('',*,*,#1332,.T.);
#1332 = EDGE_CURVE('',#1325,#1316,#1333,.T.);
#1333 = LINE('',#1334,#1335);
#1334 = CARTESIAN_POINT('',(-0.32,-2.86,8.38));
#1335 = VECTOR('',#1336,1.);
#1336 = DIRECTION('',(1.,0.,0.));
#1337 = PLANE('',#1338);
#1338 = AXIS2_PLACEMENT_3D('',#1339,#1340,#1341);
#1339 = CARTESIAN_POINT('',(-0.32,-2.86,-3.));
#1340 = DIRECTION('',(0.,1.,0.));
#1341 = DIRECTION('',(0.,-0.,1.));
#1342 = ADVANCED_FACE('',(#1343),#1361,.T.);
#1343 = FACE_BOUND('',#1344,.T.);
#1344 = EDGE_LOOP('',(#1345,#1346,#1347,#1355));
#1345 = ORIENTED_EDGE('',*,*,#1315,.F.);
#1346 = ORIENTED_EDGE('',*,*,#599,.T.);
#1347 = ORIENTED_EDGE('',*,*,#1348,.T.);
#1348 = EDGE_CURVE('',#592,#1349,#1351,.T.);
#1349 = VERTEX_POINT('',#1350);
#1350 = CARTESIAN_POINT('',(0.32,-2.22,8.38));
#1351 = LINE('',#1352,#1353);
#1352 = CARTESIAN_POINT('',(0.32,-2.22,-3.));
#1353 = VECTOR('',#1354,1.);
#1354 = DIRECTION('',(0.,0.,1.));
#1355 = ORIENTED_EDGE('',*,*,#1356,.F.);
#1356 = EDGE_CURVE('',#1316,#1349,#1357,.T.);
#1357 = LINE('',#1358,#1359);
#1358 = CARTESIAN_POINT('',(0.32,-2.86,8.38));
#1359 = VECTOR('',#1360,1.);
#1360 = DIRECTION('',(0.,1.,0.));
#1361 = PLANE('',#1362);
#1362 = AXIS2_PLACEMENT_3D('',#1363,#1364,#1365);
#1363 = CARTESIAN_POINT('',(0.32,-2.86,-3.));
#1364 = DIRECTION('',(1.,0.,0.));
#1365 = DIRECTION('',(0.,0.,1.));
#1366 = ADVANCED_FACE('',(#1367),#1385,.T.);
#1367 = FACE_BOUND('',#1368,.T.);
#1368 = EDGE_LOOP('',(#1369,#1370,#1371,#1379));
#1369 = ORIENTED_EDGE('',*,*,#1348,.F.);
#1370 = ORIENTED_EDGE('',*,*,#591,.T.);
#1371 = ORIENTED_EDGE('',*,*,#1372,.T.);
#1372 = EDGE_CURVE('',#584,#1373,#1375,.T.);
#1373 = VERTEX_POINT('',#1374);
#1374 = CARTESIAN_POINT('',(-0.32,-2.22,8.38));
#1375 = LINE('',#1376,#1377);
#1376 = CARTESIAN_POINT('',(-0.32,-2.22,-3.));
#1377 = VECTOR('',#1378,1.);
#1378 = DIRECTION('',(0.,0.,1.));
#1379 = ORIENTED_EDGE('',*,*,#1380,.T.);
#1380 = EDGE_CURVE('',#1373,#1349,#1381,.T.);
#1381 = LINE('',#1382,#1383);
#1382 = CARTESIAN_POINT('',(-0.32,-2.22,8.38));
#1383 = VECTOR('',#1384,1.);
#1384 = DIRECTION('',(1.,0.,0.));
#1385 = PLANE('',#1386);
#1386 = AXIS2_PLACEMENT_3D('',#1387,#1388,#1389);
#1387 = CARTESIAN_POINT('',(-0.32,-2.22,-3.));
#1388 = DIRECTION('',(0.,1.,0.));
#1389 = DIRECTION('',(0.,-0.,1.));
#1390 = ADVANCED_FACE('',(#1391),#1402,.F.);
#1391 = FACE_BOUND('',#1392,.F.);
#1392 = EDGE_LOOP('',(#1393,#1394,#1395,#1396));
#1393 = ORIENTED_EDGE('',*,*,#1324,.F.);
#1394 = ORIENTED_EDGE('',*,*,#583,.T.);
#1395 = ORIENTED_EDGE('',*,*,#1372,.T.);
#1396 = ORIENTED_EDGE('',*,*,#1397,.F.);
#1397 = EDGE_CURVE('',#1325,#1373,#1398,.T.);
#1398 = LINE('',#1399,#1400);
#1399 = CARTESIAN_POINT('',(-0.32,-2.86,8.38));
#1400 = VECTOR('',#1401,1.);
#1401 = DIRECTION('',(0.,1.,0.));
#1402 = PLANE('',#1403);
#1403 = AXIS2_PLACEMENT_3D('',#1404,#1405,#1406);
#1404 = CARTESIAN_POINT('',(-0.32,-2.86,-3.));
#1405 = DIRECTION('',(1.,0.,0.));
#1406 = DIRECTION('',(0.,0.,1.));
#1407 = ADVANCED_FACE('',(#1408),#1433,.T.);
#1408 = FACE_BOUND('',#1409,.T.);
#1409 = EDGE_LOOP('',(#1410,#1418,#1419,#1427));
#1410 = ORIENTED_EDGE('',*,*,#1411,.F.);
#1411 = EDGE_CURVE('',#608,#1412,#1414,.T.);
#1412 = VERTEX_POINT('',#1413);
#1413 = CARTESIAN_POINT('',(0.32,-4.76,8.38));
#1414 = LINE('',#1415,#1416);
#1415 = CARTESIAN_POINT('',(0.32,-4.76,-3.));
#1416 = VECTOR('',#1417,1.);
#1417 = DIRECTION('',(0.,0.,1.));
#1418 = ORIENTED_EDGE('',*,*,#607,.T.);
#1419 = ORIENTED_EDGE('',*,*,#1420,.T.);
#1420 = EDGE_CURVE('',#610,#1421,#1423,.T.);
#1421 = VERTEX_POINT('',#1422);
#1422 = CARTESIAN_POINT('',(-0.32,-4.76,8.38));
#1423 = LINE('',#1424,#1425);
#1424 = CARTESIAN_POINT('',(-0.32,-4.76,-3.));
#1425 = VECTOR('',#1426,1.);
#1426 = DIRECTION('',(0.,0.,1.));
#1427 = ORIENTED_EDGE('',*,*,#1428,.T.);
#1428 = EDGE_CURVE('',#1421,#1412,#1429,.T.);
#1429 = LINE('',#1430,#1431);
#1430 = CARTESIAN_POINT('',(-0.32,-4.76,8.38));
#1431 = VECTOR('',#1432,1.);
#1432 = DIRECTION('',(1.,0.,0.));
#1433 = PLANE('',#1434);
#1434 = AXIS2_PLACEMENT_3D('',#1435,#1436,#1437);
#1435 = CARTESIAN_POINT('',(-0.32,-4.76,-3.));
#1436 = DIRECTION('',(0.,1.,0.));
#1437 = DIRECTION('',(0.,-0.,1.));
#1438 = ADVANCED_FACE('',(#1439),#1457,.F.);
#1439 = FACE_BOUND('',#1440,.F.);
#1440 = EDGE_LOOP('',(#1441,#1449,#1450,#1451));
#1441 = ORIENTED_EDGE('',*,*,#1442,.F.);
#1442 = EDGE_CURVE('',#626,#1443,#1445,.T.);
#1443 = VERTEX_POINT('',#1444);
#1444 = CARTESIAN_POINT('',(-0.32,-5.4,8.38));
#1445 = LINE('',#1446,#1447);
#1446 = CARTESIAN_POINT('',(-0.32,-5.4,-3.));
#1447 = VECTOR('',#1448,1.);
#1448 = DIRECTION('',(0.,0.,1.));
#1449 = ORIENTED_EDGE('',*,*,#633,.T.);
#1450 = ORIENTED_EDGE('',*,*,#1420,.T.);
#1451 = ORIENTED_EDGE('',*,*,#1452,.F.);
#1452 = EDGE_CURVE('',#1443,#1421,#1453,.T.);
#1453 = LINE('',#1454,#1455);
#1454 = CARTESIAN_POINT('',(-0.32,-5.4,8.38));
#1455 = VECTOR('',#1456,1.);
#1456 = DIRECTION('',(0.,1.,0.));
#1457 = PLANE('',#1458);
#1458 = AXIS2_PLACEMENT_3D('',#1459,#1460,#1461);
#1459 = CARTESIAN_POINT('',(-0.32,-5.4,-3.));
#1460 = DIRECTION('',(1.,0.,0.));
#1461 = DIRECTION('',(0.,0.,1.));
#1462 = ADVANCED_FACE('',(#1463),#1481,.F.);
#1463 = FACE_BOUND('',#1464,.F.);
#1464 = EDGE_LOOP('',(#1465,#1473,#1474,#1475));
#1465 = ORIENTED_EDGE('',*,*,#1466,.F.);
#1466 = EDGE_CURVE('',#618,#1467,#1469,.T.);
#1467 = VERTEX_POINT('',#1468);
#1468 = CARTESIAN_POINT('',(0.32,-5.4,8.38));
#1469 = LINE('',#1470,#1471);
#1470 = CARTESIAN_POINT('',(0.32,-5.4,-3.));
#1471 = VECTOR('',#1472,1.);
#1472 = DIRECTION('',(0.,0.,1.));
#1473 = ORIENTED_EDGE('',*,*,#625,.T.);
#1474 = ORIENTED_EDGE('',*,*,#1442,.T.);
#1475 = ORIENTED_EDGE('',*,*,#1476,.T.);
#1476 = EDGE_CURVE('',#1443,#1467,#1477,.T.);
#1477 = LINE('',#1478,#1479);
#1478 = CARTESIAN_POINT('',(-0.32,-5.4,8.38));
#1479 = VECTOR('',#1480,1.);
#1480 = DIRECTION('',(1.,0.,0.));
#1481 = PLANE('',#1482);
#1482 = AXIS2_PLACEMENT_3D('',#1483,#1484,#1485);
#1483 = CARTESIAN_POINT('',(-0.32,-5.4,-3.));
#1484 = DIRECTION('',(0.,1.,0.));
#1485 = DIRECTION('',(0.,-0.,1.));
#1486 = ADVANCED_FACE('',(#1487),#1498,.T.);
#1487 = FACE_BOUND('',#1488,.T.);
#1488 = EDGE_LOOP('',(#1489,#1490,#1491,#1492));
#1489 = ORIENTED_EDGE('',*,*,#1466,.F.);
#1490 = ORIENTED_EDGE('',*,*,#617,.T.);
#1491 = ORIENTED_EDGE('',*,*,#1411,.T.);
#1492 = ORIENTED_EDGE('',*,*,#1493,.F.);
#1493 = EDGE_CURVE('',#1467,#1412,#1494,.T.);
#1494 = LINE('',#1495,#1496);
#1495 = CARTESIAN_POINT('',(0.32,-5.4,8.38));
#1496 = VECTOR('',#1497,1.);
#1497 = DIRECTION('',(0.,1.,0.));
#1498 = PLANE('',#1499);
#1499 = AXIS2_PLACEMENT_3D('',#1500,#1501,#1502);
#1500 = CARTESIAN_POINT('',(0.32,-5.4,-3.));
#1501 = DIRECTION('',(1.,0.,0.));
#1502 = DIRECTION('',(0.,0.,1.));
#1503 = ADVANCED_FACE('',(#1504),#1529,.F.);
#1504 = FACE_BOUND('',#1505,.F.);
#1505 = EDGE_LOOP('',(#1506,#1514,#1515,#1523));
#1506 = ORIENTED_EDGE('',*,*,#1507,.F.);
#1507 = EDGE_CURVE('',#932,#1508,#1510,.T.);
#1508 = VERTEX_POINT('',#1509);
#1509 = CARTESIAN_POINT('',(0.16,-0.16,-3.));
#1510 = LINE('',#1511,#1512);
#1511 = CARTESIAN_POINT('',(0.16,-0.16,-3.));
#1512 = VECTOR('',#1513,1.);
#1513 = DIRECTION('',(-0.57735026919,0.57735026919,-0.57735026919));
#1514 = ORIENTED_EDGE('',*,*,#939,.T.);
#1515 = ORIENTED_EDGE('',*,*,#1516,.T.);
#1516 = EDGE_CURVE('',#940,#1517,#1519,.T.);
#1517 = VERTEX_POINT('',#1518);
#1518 = CARTESIAN_POINT('',(0.16,0.16,-3.));
#1519 = LINE('',#1520,#1521);
#1520 = CARTESIAN_POINT('',(5.333333333333E-02,5.333333333333E-02,
    -3.106666666667));
#1521 = VECTOR('',#1522,1.);
#1522 = DIRECTION('',(-0.57735026919,-0.57735026919,-0.57735026919));
#1523 = ORIENTED_EDGE('',*,*,#1524,.F.);
#1524 = EDGE_CURVE('',#1508,#1517,#1525,.T.);
#1525 = LINE('',#1526,#1527);
#1526 = CARTESIAN_POINT('',(0.16,-0.32,-3.));
#1527 = VECTOR('',#1528,1.);
#1528 = DIRECTION('',(0.,1.,0.));
#1529 = PLANE('',#1530);
#1530 = AXIS2_PLACEMENT_3D('',#1531,#1532,#1533);
#1531 = CARTESIAN_POINT('',(0.24,-0.32,-2.92));
#1532 = DIRECTION('',(-0.707106781187,1.735167508357E-18,0.707106781187)
  );
#1533 = DIRECTION('',(1.226948711654E-18,1.,-1.226948711654E-18));
#1534 = ADVANCED_FACE('',(#1535),#1553,.F.);
#1535 = FACE_BOUND('',#1536,.T.);
#1536 = EDGE_LOOP('',(#1537,#1545,#1546,#1547));
#1537 = ORIENTED_EDGE('',*,*,#1538,.F.);
#1538 = EDGE_CURVE('',#964,#1539,#1541,.T.);
#1539 = VERTEX_POINT('',#1540);
#1540 = CARTESIAN_POINT('',(-0.16,0.16,-3.));
#1541 = LINE('',#1542,#1543);
#1542 = CARTESIAN_POINT('',(-0.16,0.16,-3.));
#1543 = VECTOR('',#1544,1.);
#1544 = DIRECTION('',(0.57735026919,-0.57735026919,-0.57735026919));
#1545 = ORIENTED_EDGE('',*,*,#963,.T.);
#1546 = ORIENTED_EDGE('',*,*,#1516,.T.);
#1547 = ORIENTED_EDGE('',*,*,#1548,.F.);
#1548 = EDGE_CURVE('',#1539,#1517,#1549,.T.);
#1549 = LINE('',#1550,#1551);
#1550 = CARTESIAN_POINT('',(-0.32,0.16,-3.));
#1551 = VECTOR('',#1552,1.);
#1552 = DIRECTION('',(1.,0.,0.));
#1553 = PLANE('',#1554);
#1554 = AXIS2_PLACEMENT_3D('',#1555,#1556,#1557);
#1555 = CARTESIAN_POINT('',(-0.32,0.24,-2.92));
#1556 = DIRECTION('',(-1.735167508357E-18,-0.707106781187,0.707106781187
    ));
#1557 = DIRECTION('',(-1.,1.226948711654E-18,-1.226948711654E-18));
#1558 = ADVANCED_FACE('',(#1559),#1577,.T.);
#1559 = FACE_BOUND('',#1560,.T.);
#1560 = EDGE_LOOP('',(#1561,#1569,#1570,#1571));
#1561 = ORIENTED_EDGE('',*,*,#1562,.F.);
#1562 = EDGE_CURVE('',#987,#1563,#1565,.T.);
#1563 = VERTEX_POINT('',#1564);
#1564 = CARTESIAN_POINT('',(-0.16,-0.16,-3.));
#1565 = LINE('',#1566,#1567);
#1566 = CARTESIAN_POINT('',(-0.266666666667,-0.266666666667,
    -2.893333333333));
#1567 = VECTOR('',#1568,1.);
#1568 = DIRECTION('',(0.57735026919,0.57735026919,-0.57735026919));
#1569 = ORIENTED_EDGE('',*,*,#994,.T.);
#1570 = ORIENTED_EDGE('',*,*,#1538,.T.);
#1571 = ORIENTED_EDGE('',*,*,#1572,.F.);
#1572 = EDGE_CURVE('',#1563,#1539,#1573,.T.);
#1573 = LINE('',#1574,#1575);
#1574 = CARTESIAN_POINT('',(-0.16,-0.32,-3.));
#1575 = VECTOR('',#1576,1.);
#1576 = DIRECTION('',(0.,1.,0.));
#1577 = PLANE('',#1578);
#1578 = AXIS2_PLACEMENT_3D('',#1579,#1580,#1581);
#1579 = CARTESIAN_POINT('',(-0.24,-0.32,-2.92));
#1580 = DIRECTION('',(-0.707106781187,-1.735167508357E-18,
    -0.707106781187));
#1581 = DIRECTION('',(-1.226948711654E-18,1.,-1.226948711654E-18));
#1582 = ADVANCED_FACE('',(#1583),#1594,.T.);
#1583 = FACE_BOUND('',#1584,.F.);
#1584 = EDGE_LOOP('',(#1585,#1586,#1587,#1588));
#1585 = ORIENTED_EDGE('',*,*,#1562,.F.);
#1586 = ORIENTED_EDGE('',*,*,#1011,.T.);
#1587 = ORIENTED_EDGE('',*,*,#1507,.T.);
#1588 = ORIENTED_EDGE('',*,*,#1589,.F.);
#1589 = EDGE_CURVE('',#1563,#1508,#1590,.T.);
#1590 = LINE('',#1591,#1592);
#1591 = CARTESIAN_POINT('',(-0.32,-0.16,-3.));
#1592 = VECTOR('',#1593,1.);
#1593 = DIRECTION('',(1.,0.,0.));
#1594 = PLANE('',#1595);
#1595 = AXIS2_PLACEMENT_3D('',#1596,#1597,#1598);
#1596 = CARTESIAN_POINT('',(-0.32,-0.24,-2.92));
#1597 = DIRECTION('',(1.735167508357E-18,-0.707106781187,-0.707106781187
    ));
#1598 = DIRECTION('',(-1.,-1.226948711654E-18,-1.226948711654E-18));
#1599 = ADVANCED_FACE('',(#1600),#1625,.T.);
#1600 = FACE_BOUND('',#1601,.F.);
#1601 = EDGE_LOOP('',(#1602,#1610,#1611,#1619));
#1602 = ORIENTED_EDGE('',*,*,#1603,.F.);
#1603 = EDGE_CURVE('',#1036,#1604,#1606,.T.);
#1604 = VERTEX_POINT('',#1605);
#1605 = CARTESIAN_POINT('',(-0.16,-2.7,-3.));
#1606 = LINE('',#1607,#1608);
#1607 = CARTESIAN_POINT('',(-0.266666666667,-2.806666666667,
    -2.893333333333));
#1608 = VECTOR('',#1609,1.);
#1609 = DIRECTION('',(0.57735026919,0.57735026919,-0.57735026919));
#1610 = ORIENTED_EDGE('',*,*,#1035,.T.);
#1611 = ORIENTED_EDGE('',*,*,#1612,.T.);
#1612 = EDGE_CURVE('',#1028,#1613,#1615,.T.);
#1613 = VERTEX_POINT('',#1614);
#1614 = CARTESIAN_POINT('',(0.16,-2.7,-3.));
#1615 = LINE('',#1616,#1617);
#1616 = CARTESIAN_POINT('',(0.16,-2.7,-3.));
#1617 = VECTOR('',#1618,1.);
#1618 = DIRECTION('',(-0.57735026919,0.57735026919,-0.57735026919));
#1619 = ORIENTED_EDGE('',*,*,#1620,.F.);
#1620 = EDGE_CURVE('',#1604,#1613,#1621,.T.);
#1621 = LINE('',#1622,#1623);
#1622 = CARTESIAN_POINT('',(-0.32,-2.7,-3.));
#1623 = VECTOR('',#1624,1.);
#1624 = DIRECTION('',(1.,0.,0.));
#1625 = PLANE('',#1626);
#1626 = AXIS2_PLACEMENT_3D('',#1627,#1628,#1629);
#1627 = CARTESIAN_POINT('',(-0.32,-2.78,-2.92));
#1628 = DIRECTION('',(1.735167508357E-18,-0.707106781187,-0.707106781187
    ));
#1629 = DIRECTION('',(-1.,-1.226948711654E-18,-1.226948711654E-18));
#1630 = ADVANCED_FACE('',(#1631),#1649,.F.);
#1631 = FACE_BOUND('',#1632,.F.);
#1632 = EDGE_LOOP('',(#1633,#1634,#1635,#1643));
#1633 = ORIENTED_EDGE('',*,*,#1612,.F.);
#1634 = ORIENTED_EDGE('',*,*,#1059,.T.);
#1635 = ORIENTED_EDGE('',*,*,#1636,.T.);
#1636 = EDGE_CURVE('',#1060,#1637,#1639,.T.);
#1637 = VERTEX_POINT('',#1638);
#1638 = CARTESIAN_POINT('',(0.16,-2.38,-3.));
#1639 = LINE('',#1640,#1641);
#1640 = CARTESIAN_POINT('',(5.333333333333E-02,-2.486666666667,
    -3.106666666667));
#1641 = VECTOR('',#1642,1.);
#1642 = DIRECTION('',(-0.57735026919,-0.57735026919,-0.57735026919));
#1643 = ORIENTED_EDGE('',*,*,#1644,.F.);
#1644 = EDGE_CURVE('',#1613,#1637,#1645,.T.);
#1645 = LINE('',#1646,#1647);
#1646 = CARTESIAN_POINT('',(0.16,-2.86,-3.));
#1647 = VECTOR('',#1648,1.);
#1648 = DIRECTION('',(0.,1.,0.));
#1649 = PLANE('',#1650);
#1650 = AXIS2_PLACEMENT_3D('',#1651,#1652,#1653);
#1651 = CARTESIAN_POINT('',(0.24,-2.86,-2.92));
#1652 = DIRECTION('',(-0.707106781187,1.735167508357E-18,0.707106781187)
  );
#1653 = DIRECTION('',(1.226948711654E-18,1.,-1.226948711654E-18));
#1654 = ADVANCED_FACE('',(#1655),#1673,.F.);
#1655 = FACE_BOUND('',#1656,.T.);
#1656 = EDGE_LOOP('',(#1657,#1665,#1666,#1667));
#1657 = ORIENTED_EDGE('',*,*,#1658,.F.);
#1658 = EDGE_CURVE('',#1084,#1659,#1661,.T.);
#1659 = VERTEX_POINT('',#1660);
#1660 = CARTESIAN_POINT('',(-0.16,-2.38,-3.));
#1661 = LINE('',#1662,#1663);
#1662 = CARTESIAN_POINT('',(-0.16,-2.38,-3.));
#1663 = VECTOR('',#1664,1.);
#1664 = DIRECTION('',(0.57735026919,-0.57735026919,-0.57735026919));
#1665 = ORIENTED_EDGE('',*,*,#1083,.T.);
#1666 = ORIENTED_EDGE('',*,*,#1636,.T.);
#1667 = ORIENTED_EDGE('',*,*,#1668,.F.);
#1668 = EDGE_CURVE('',#1659,#1637,#1669,.T.);
#1669 = LINE('',#1670,#1671);
#1670 = CARTESIAN_POINT('',(-0.32,-2.38,-3.));
#1671 = VECTOR('',#1672,1.);
#1672 = DIRECTION('',(1.,0.,0.));
#1673 = PLANE('',#1674);
#1674 = AXIS2_PLACEMENT_3D('',#1675,#1676,#1677);
#1675 = CARTESIAN_POINT('',(-0.32,-2.3,-2.92));
#1676 = DIRECTION('',(-1.735167508357E-18,-0.707106781187,0.707106781187
    ));
#1677 = DIRECTION('',(-1.,1.226948711654E-18,-1.226948711654E-18));
#1678 = ADVANCED_FACE('',(#1679),#1690,.T.);
#1679 = FACE_BOUND('',#1680,.T.);
#1680 = EDGE_LOOP('',(#1681,#1682,#1683,#1684));
#1681 = ORIENTED_EDGE('',*,*,#1603,.F.);
#1682 = ORIENTED_EDGE('',*,*,#1107,.T.);
#1683 = ORIENTED_EDGE('',*,*,#1658,.T.);
#1684 = ORIENTED_EDGE('',*,*,#1685,.F.);
#1685 = EDGE_CURVE('',#1604,#1659,#1686,.T.);
#1686 = LINE('',#1687,#1688);
#1687 = CARTESIAN_POINT('',(-0.16,-2.86,-3.));
#1688 = VECTOR('',#1689,1.);
#1689 = DIRECTION('',(0.,1.,0.));
#1690 = PLANE('',#1691);
#1691 = AXIS2_PLACEMENT_3D('',#1692,#1693,#1694);
#1692 = CARTESIAN_POINT('',(-0.24,-2.86,-2.92));
#1693 = DIRECTION('',(-0.707106781187,-1.735167508357E-18,
    -0.707106781187));
#1694 = DIRECTION('',(-1.226948711654E-18,1.,-1.226948711654E-18));
#1695 = ADVANCED_FACE('',(#1696),#1721,.F.);
#1696 = FACE_BOUND('',#1697,.T.);
#1697 = EDGE_LOOP('',(#1698,#1706,#1707,#1715));
#1698 = ORIENTED_EDGE('',*,*,#1699,.F.);
#1699 = EDGE_CURVE('',#1132,#1700,#1702,.T.);
#1700 = VERTEX_POINT('',#1701);
#1701 = CARTESIAN_POINT('',(-0.16,-4.92,-3.));
#1702 = LINE('',#1703,#1704);
#1703 = CARTESIAN_POINT('',(-0.16,-4.92,-3.));
#1704 = VECTOR('',#1705,1.);
#1705 = DIRECTION('',(0.57735026919,-0.57735026919,-0.57735026919));
#1706 = ORIENTED_EDGE('',*,*,#1131,.T.);
#1707 = ORIENTED_EDGE('',*,*,#1708,.T.);
#1708 = EDGE_CURVE('',#1124,#1709,#1711,.T.);
#1709 = VERTEX_POINT('',#1710);
#1710 = CARTESIAN_POINT('',(0.16,-4.92,-3.));
#1711 = LINE('',#1712,#1713);
#1712 = CARTESIAN_POINT('',(5.333333333333E-02,-5.026666666667,
    -3.106666666667));
#1713 = VECTOR('',#1714,1.);
#1714 = DIRECTION('',(-0.57735026919,-0.57735026919,-0.57735026919));
#1715 = ORIENTED_EDGE('',*,*,#1716,.F.);
#1716 = EDGE_CURVE('',#1700,#1709,#1717,.T.);
#1717 = LINE('',#1718,#1719);
#1718 = CARTESIAN_POINT('',(-0.32,-4.92,-3.));
#1719 = VECTOR('',#1720,1.);
#1720 = DIRECTION('',(1.,0.,0.));
#1721 = PLANE('',#1722);
#1722 = AXIS2_PLACEMENT_3D('',#1723,#1724,#1725);
#1723 = CARTESIAN_POINT('',(-0.32,-4.84,-2.92));
#1724 = DIRECTION('',(-1.735167508357E-18,-0.707106781187,0.707106781187
    ));
#1725 = DIRECTION('',(-1.,1.226948711654E-18,-1.226948711654E-18));
#1726 = ADVANCED_FACE('',(#1727),#1745,.T.);
#1727 = FACE_BOUND('',#1728,.T.);
#1728 = EDGE_LOOP('',(#1729,#1737,#1738,#1739));
#1729 = ORIENTED_EDGE('',*,*,#1730,.F.);
#1730 = EDGE_CURVE('',#1155,#1731,#1733,.T.);
#1731 = VERTEX_POINT('',#1732);
#1732 = CARTESIAN_POINT('',(-0.16,-5.24,-3.));
#1733 = LINE('',#1734,#1735);
#1734 = CARTESIAN_POINT('',(-0.266666666667,-5.346666666667,
    -2.893333333333));
#1735 = VECTOR('',#1736,1.);
#1736 = DIRECTION('',(0.57735026919,0.57735026919,-0.57735026919));
#1737 = ORIENTED_EDGE('',*,*,#1162,.T.);
#1738 = ORIENTED_EDGE('',*,*,#1699,.T.);
#1739 = ORIENTED_EDGE('',*,*,#1740,.F.);
#1740 = EDGE_CURVE('',#1731,#1700,#1741,.T.);
#1741 = LINE('',#1742,#1743);
#1742 = CARTESIAN_POINT('',(-0.16,-5.4,-3.));
#1743 = VECTOR('',#1744,1.);
#1744 = DIRECTION('',(0.,1.,0.));
#1745 = PLANE('',#1746);
#1746 = AXIS2_PLACEMENT_3D('',#1747,#1748,#1749);
#1747 = CARTESIAN_POINT('',(-0.24,-5.4,-2.92));
#1748 = DIRECTION('',(-0.707106781187,-1.735167508357E-18,
    -0.707106781187));
#1749 = DIRECTION('',(-1.226948711654E-18,1.,-1.226948711654E-18));
#1750 = ADVANCED_FACE('',(#1751),#1769,.T.);
#1751 = FACE_BOUND('',#1752,.F.);
#1752 = EDGE_LOOP('',(#1753,#1754,#1755,#1763));
#1753 = ORIENTED_EDGE('',*,*,#1730,.F.);
#1754 = ORIENTED_EDGE('',*,*,#1186,.T.);
#1755 = ORIENTED_EDGE('',*,*,#1756,.T.);
#1756 = EDGE_CURVE('',#1179,#1757,#1759,.T.);
#1757 = VERTEX_POINT('',#1758);
#1758 = CARTESIAN_POINT('',(0.16,-5.24,-3.));
#1759 = LINE('',#1760,#1761);
#1760 = CARTESIAN_POINT('',(0.16,-5.24,-3.));
#1761 = VECTOR('',#1762,1.);
#1762 = DIRECTION('',(-0.57735026919,0.57735026919,-0.57735026919));
#1763 = ORIENTED_EDGE('',*,*,#1764,.F.);
#1764 = EDGE_CURVE('',#1731,#1757,#1765,.T.);
#1765 = LINE('',#1766,#1767);
#1766 = CARTESIAN_POINT('',(-0.32,-5.24,-3.));
#1767 = VECTOR('',#1768,1.);
#1768 = DIRECTION('',(1.,0.,0.));
#1769 = PLANE('',#1770);
#1770 = AXIS2_PLACEMENT_3D('',#1771,#1772,#1773);
#1771 = CARTESIAN_POINT('',(-0.32,-5.32,-2.92));
#1772 = DIRECTION('',(1.735167508357E-18,-0.707106781187,-0.707106781187
    ));
#1773 = DIRECTION('',(-1.,-1.226948711654E-18,-1.226948711654E-18));
#1774 = ADVANCED_FACE('',(#1775),#1786,.F.);
#1775 = FACE_BOUND('',#1776,.F.);
#1776 = EDGE_LOOP('',(#1777,#1778,#1779,#1780));
#1777 = ORIENTED_EDGE('',*,*,#1756,.F.);
#1778 = ORIENTED_EDGE('',*,*,#1203,.T.);
#1779 = ORIENTED_EDGE('',*,*,#1708,.T.);
#1780 = ORIENTED_EDGE('',*,*,#1781,.F.);
#1781 = EDGE_CURVE('',#1757,#1709,#1782,.T.);
#1782 = LINE('',#1783,#1784);
#1783 = CARTESIAN_POINT('',(0.16,-5.4,-3.));
#1784 = VECTOR('',#1785,1.);
#1785 = DIRECTION('',(0.,1.,0.));
#1786 = PLANE('',#1787);
#1787 = AXIS2_PLACEMENT_3D('',#1788,#1789,#1790);
#1788 = CARTESIAN_POINT('',(0.24,-5.4,-2.92));
#1789 = DIRECTION('',(-0.707106781187,1.735167508357E-18,0.707106781187)
  );
#1790 = DIRECTION('',(1.226948711654E-18,1.,-1.226948711654E-18));
#1791 = ADVANCED_FACE('',(#1792),#1817,.T.);
#1792 = FACE_BOUND('',#1793,.T.);
#1793 = EDGE_LOOP('',(#1794,#1802,#1803,#1811));
#1794 = ORIENTED_EDGE('',*,*,#1795,.F.);
#1795 = EDGE_CURVE('',#1220,#1796,#1798,.T.);
#1796 = VERTEX_POINT('',#1797);
#1797 = CARTESIAN_POINT('',(0.16,-0.16,8.54));
#1798 = LINE('',#1799,#1800);
#1799 = CARTESIAN_POINT('',(0.16,-0.16,8.54));
#1800 = VECTOR('',#1801,1.);
#1801 = DIRECTION('',(-0.57735026919,0.57735026919,0.57735026919));
#1802 = ORIENTED_EDGE('',*,*,#1236,.T.);
#1803 = ORIENTED_EDGE('',*,*,#1804,.T.);
#1804 = EDGE_CURVE('',#1229,#1805,#1807,.T.);
#1805 = VERTEX_POINT('',#1806);
#1806 = CARTESIAN_POINT('',(0.16,0.16,8.54));
#1807 = LINE('',#1808,#1809);
#1808 = CARTESIAN_POINT('',(5.333333333333E-02,5.333333333333E-02,
    8.646666666667));
#1809 = VECTOR('',#1810,1.);
#1810 = DIRECTION('',(-0.57735026919,-0.57735026919,0.57735026919));
#1811 = ORIENTED_EDGE('',*,*,#1812,.F.);
#1812 = EDGE_CURVE('',#1796,#1805,#1813,.T.);
#1813 = LINE('',#1814,#1815);
#1814 = CARTESIAN_POINT('',(0.16,-0.32,8.54));
#1815 = VECTOR('',#1816,1.);
#1816 = DIRECTION('',(0.,1.,0.));
#1817 = PLANE('',#1818);
#1818 = AXIS2_PLACEMENT_3D('',#1819,#1820,#1821);
#1819 = CARTESIAN_POINT('',(0.24,-0.32,8.46));
#1820 = DIRECTION('',(0.707106781187,-1.735167508357E-18,0.707106781187)
  );
#1821 = DIRECTION('',(1.226948711654E-18,1.,1.226948711654E-18));
#1822 = ADVANCED_FACE('',(#1823),#1841,.T.);
#1823 = FACE_BOUND('',#1824,.F.);
#1824 = EDGE_LOOP('',(#1825,#1833,#1834,#1835));
#1825 = ORIENTED_EDGE('',*,*,#1826,.F.);
#1826 = EDGE_CURVE('',#1253,#1827,#1829,.T.);
#1827 = VERTEX_POINT('',#1828);
#1828 = CARTESIAN_POINT('',(-0.16,0.16,8.54));
#1829 = LINE('',#1830,#1831);
#1830 = CARTESIAN_POINT('',(-0.16,0.16,8.54));
#1831 = VECTOR('',#1832,1.);
#1832 = DIRECTION('',(0.57735026919,-0.57735026919,0.57735026919));
#1833 = ORIENTED_EDGE('',*,*,#1260,.T.);
#1834 = ORIENTED_EDGE('',*,*,#1804,.T.);
#1835 = ORIENTED_EDGE('',*,*,#1836,.F.);
#1836 = EDGE_CURVE('',#1827,#1805,#1837,.T.);
#1837 = LINE('',#1838,#1839);
#1838 = CARTESIAN_POINT('',(-0.32,0.16,8.54));
#1839 = VECTOR('',#1840,1.);
#1840 = DIRECTION('',(1.,0.,0.));
#1841 = PLANE('',#1842);
#1842 = AXIS2_PLACEMENT_3D('',#1843,#1844,#1845);
#1843 = CARTESIAN_POINT('',(-0.32,0.24,8.46));
#1844 = DIRECTION('',(1.735167508357E-18,0.707106781187,0.707106781187)
  );
#1845 = DIRECTION('',(-1.,1.226948711654E-18,1.226948711654E-18));
#1846 = ADVANCED_FACE('',(#1847),#1865,.F.);
#1847 = FACE_BOUND('',#1848,.F.);
#1848 = EDGE_LOOP('',(#1849,#1857,#1858,#1859));
#1849 = ORIENTED_EDGE('',*,*,#1850,.F.);
#1850 = EDGE_CURVE('',#1275,#1851,#1853,.T.);
#1851 = VERTEX_POINT('',#1852);
#1852 = CARTESIAN_POINT('',(-0.16,-0.16,8.54));
#1853 = LINE('',#1854,#1855);
#1854 = CARTESIAN_POINT('',(-0.266666666667,-0.266666666667,
    8.433333333333));
#1855 = VECTOR('',#1856,1.);
#1856 = DIRECTION('',(0.57735026919,0.57735026919,0.57735026919));
#1857 = ORIENTED_EDGE('',*,*,#1284,.T.);
#1858 = ORIENTED_EDGE('',*,*,#1826,.T.);
#1859 = ORIENTED_EDGE('',*,*,#1860,.F.);
#1860 = EDGE_CURVE('',#1851,#1827,#1861,.T.);
#1861 = LINE('',#1862,#1863);
#1862 = CARTESIAN_POINT('',(-0.16,-0.32,8.54));
#1863 = VECTOR('',#1864,1.);
#1864 = DIRECTION('',(0.,1.,0.));
#1865 = PLANE('',#1866);
#1866 = AXIS2_PLACEMENT_3D('',#1867,#1868,#1869);
#1867 = CARTESIAN_POINT('',(-0.24,-0.32,8.46));
#1868 = DIRECTION('',(0.707106781187,1.735167508357E-18,-0.707106781187)
  );
#1869 = DIRECTION('',(-1.226948711654E-18,1.,1.226948711654E-18));
#1870 = ADVANCED_FACE('',(#1871),#1882,.F.);
#1871 = FACE_BOUND('',#1872,.T.);
#1872 = EDGE_LOOP('',(#1873,#1874,#1875,#1876));
#1873 = ORIENTED_EDGE('',*,*,#1850,.F.);
#1874 = ORIENTED_EDGE('',*,*,#1301,.T.);
#1875 = ORIENTED_EDGE('',*,*,#1795,.T.);
#1876 = ORIENTED_EDGE('',*,*,#1877,.F.);
#1877 = EDGE_CURVE('',#1851,#1796,#1878,.T.);
#1878 = LINE('',#1879,#1880);
#1879 = CARTESIAN_POINT('',(-0.32,-0.16,8.54));
#1880 = VECTOR('',#1881,1.);
#1881 = DIRECTION('',(1.,0.,0.));
#1882 = PLANE('',#1883);
#1883 = AXIS2_PLACEMENT_3D('',#1884,#1885,#1886);
#1884 = CARTESIAN_POINT('',(-0.32,-0.24,8.46));
#1885 = DIRECTION('',(-1.735167508357E-18,0.707106781187,-0.707106781187
    ));
#1886 = DIRECTION('',(-1.,-1.226948711654E-18,1.226948711654E-18));
#1887 = ADVANCED_FACE('',(#1888),#1913,.F.);
#1888 = FACE_BOUND('',#1889,.T.);
#1889 = EDGE_LOOP('',(#1890,#1898,#1899,#1907));
#1890 = ORIENTED_EDGE('',*,*,#1891,.F.);
#1891 = EDGE_CURVE('',#1325,#1892,#1894,.T.);
#1892 = VERTEX_POINT('',#1893);
#1893 = CARTESIAN_POINT('',(-0.16,-2.7,8.54));
#1894 = LINE('',#1895,#1896);
#1895 = CARTESIAN_POINT('',(-0.266666666667,-2.806666666667,
    8.433333333333));
#1896 = VECTOR('',#1897,1.);
#1897 = DIRECTION('',(0.57735026919,0.57735026919,0.57735026919));
#1898 = ORIENTED_EDGE('',*,*,#1332,.T.);
#1899 = ORIENTED_EDGE('',*,*,#1900,.T.);
#1900 = EDGE_CURVE('',#1316,#1901,#1903,.T.);
#1901 = VERTEX_POINT('',#1902);
#1902 = CARTESIAN_POINT('',(0.16,-2.7,8.54));
#1903 = LINE('',#1904,#1905);
#1904 = CARTESIAN_POINT('',(0.16,-2.7,8.54));
#1905 = VECTOR('',#1906,1.);
#1906 = DIRECTION('',(-0.57735026919,0.57735026919,0.57735026919));
#1907 = ORIENTED_EDGE('',*,*,#1908,.F.);
#1908 = EDGE_CURVE('',#1892,#1901,#1909,.T.);
#1909 = LINE('',#1910,#1911);
#1910 = CARTESIAN_POINT('',(-0.32,-2.7,8.54));
#1911 = VECTOR('',#1912,1.);
#1912 = DIRECTION('',(1.,0.,0.));
#1913 = PLANE('',#1914);
#1914 = AXIS2_PLACEMENT_3D('',#1915,#1916,#1917);
#1915 = CARTESIAN_POINT('',(-0.32,-2.78,8.46));
#1916 = DIRECTION('',(-1.735167508357E-18,0.707106781187,-0.707106781187
    ));
#1917 = DIRECTION('',(-1.,-1.226948711654E-18,1.226948711654E-18));
#1918 = ADVANCED_FACE('',(#1919),#1937,.T.);
#1919 = FACE_BOUND('',#1920,.T.);
#1920 = EDGE_LOOP('',(#1921,#1922,#1923,#1931));
#1921 = ORIENTED_EDGE('',*,*,#1900,.F.);
#1922 = ORIENTED_EDGE('',*,*,#1356,.T.);
#1923 = ORIENTED_EDGE('',*,*,#1924,.T.);
#1924 = EDGE_CURVE('',#1349,#1925,#1927,.T.);
#1925 = VERTEX_POINT('',#1926);
#1926 = CARTESIAN_POINT('',(0.16,-2.38,8.54));
#1927 = LINE('',#1928,#1929);
#1928 = CARTESIAN_POINT('',(5.333333333333E-02,-2.486666666667,
    8.646666666667));
#1929 = VECTOR('',#1930,1.);
#1930 = DIRECTION('',(-0.57735026919,-0.57735026919,0.57735026919));
#1931 = ORIENTED_EDGE('',*,*,#1932,.F.);
#1932 = EDGE_CURVE('',#1901,#1925,#1933,.T.);
#1933 = LINE('',#1934,#1935);
#1934 = CARTESIAN_POINT('',(0.16,-2.86,8.54));
#1935 = VECTOR('',#1936,1.);
#1936 = DIRECTION('',(0.,1.,0.));
#1937 = PLANE('',#1938);
#1938 = AXIS2_PLACEMENT_3D('',#1939,#1940,#1941);
#1939 = CARTESIAN_POINT('',(0.24,-2.86,8.46));
#1940 = DIRECTION('',(0.707106781187,-1.735167508357E-18,0.707106781187)
  );
#1941 = DIRECTION('',(1.226948711654E-18,1.,1.226948711654E-18));
#1942 = ADVANCED_FACE('',(#1943),#1961,.T.);
#1943 = FACE_BOUND('',#1944,.F.);
#1944 = EDGE_LOOP('',(#1945,#1953,#1954,#1955));
#1945 = ORIENTED_EDGE('',*,*,#1946,.F.);
#1946 = EDGE_CURVE('',#1373,#1947,#1949,.T.);
#1947 = VERTEX_POINT('',#1948);
#1948 = CARTESIAN_POINT('',(-0.16,-2.38,8.54));
#1949 = LINE('',#1950,#1951);
#1950 = CARTESIAN_POINT('',(-0.16,-2.38,8.54));
#1951 = VECTOR('',#1952,1.);
#1952 = DIRECTION('',(0.57735026919,-0.57735026919,0.57735026919));
#1953 = ORIENTED_EDGE('',*,*,#1380,.T.);
#1954 = ORIENTED_EDGE('',*,*,#1924,.T.);
#1955 = ORIENTED_EDGE('',*,*,#1956,.F.);
#1956 = EDGE_CURVE('',#1947,#1925,#1957,.T.);
#1957 = LINE('',#1958,#1959);
#1958 = CARTESIAN_POINT('',(-0.32,-2.38,8.54));
#1959 = VECTOR('',#1960,1.);
#1960 = DIRECTION('',(1.,0.,0.));
#1961 = PLANE('',#1962);
#1962 = AXIS2_PLACEMENT_3D('',#1963,#1964,#1965);
#1963 = CARTESIAN_POINT('',(-0.32,-2.3,8.46));
#1964 = DIRECTION('',(1.735167508357E-18,0.707106781187,0.707106781187)
  );
#1965 = DIRECTION('',(-1.,1.226948711654E-18,1.226948711654E-18));
#1966 = ADVANCED_FACE('',(#1967),#1978,.F.);
#1967 = FACE_BOUND('',#1968,.F.);
#1968 = EDGE_LOOP('',(#1969,#1970,#1971,#1972));
#1969 = ORIENTED_EDGE('',*,*,#1891,.F.);
#1970 = ORIENTED_EDGE('',*,*,#1397,.T.);
#1971 = ORIENTED_EDGE('',*,*,#1946,.T.);
#1972 = ORIENTED_EDGE('',*,*,#1973,.F.);
#1973 = EDGE_CURVE('',#1892,#1947,#1974,.T.);
#1974 = LINE('',#1975,#1976);
#1975 = CARTESIAN_POINT('',(-0.16,-2.86,8.54));
#1976 = VECTOR('',#1977,1.);
#1977 = DIRECTION('',(0.,1.,0.));
#1978 = PLANE('',#1979);
#1979 = AXIS2_PLACEMENT_3D('',#1980,#1981,#1982);
#1980 = CARTESIAN_POINT('',(-0.24,-2.86,8.46));
#1981 = DIRECTION('',(0.707106781187,1.735167508357E-18,-0.707106781187)
  );
#1982 = DIRECTION('',(-1.226948711654E-18,1.,1.226948711654E-18));
#1983 = ADVANCED_FACE('',(#1984),#2009,.T.);
#1984 = FACE_BOUND('',#1985,.F.);
#1985 = EDGE_LOOP('',(#1986,#1994,#1995,#2003));
#1986 = ORIENTED_EDGE('',*,*,#1987,.F.);
#1987 = EDGE_CURVE('',#1421,#1988,#1990,.T.);
#1988 = VERTEX_POINT('',#1989);
#1989 = CARTESIAN_POINT('',(-0.16,-4.92,8.54));
#1990 = LINE('',#1991,#1992);
#1991 = CARTESIAN_POINT('',(-0.16,-4.92,8.54));
#1992 = VECTOR('',#1993,1.);
#1993 = DIRECTION('',(0.57735026919,-0.57735026919,0.57735026919));
#1994 = ORIENTED_EDGE('',*,*,#1428,.T.);
#1995 = ORIENTED_EDGE('',*,*,#1996,.T.);
#1996 = EDGE_CURVE('',#1412,#1997,#1999,.T.);
#1997 = VERTEX_POINT('',#1998);
#1998 = CARTESIAN_POINT('',(0.16,-4.92,8.54));
#1999 = LINE('',#2000,#2001);
#2000 = CARTESIAN_POINT('',(5.333333333333E-02,-5.026666666667,
    8.646666666667));
#2001 = VECTOR('',#2002,1.);
#2002 = DIRECTION('',(-0.57735026919,-0.57735026919,0.57735026919));
#2003 = ORIENTED_EDGE('',*,*,#2004,.F.);
#2004 = EDGE_CURVE('',#1988,#1997,#2005,.T.);
#2005 = LINE('',#2006,#2007);
#2006 = CARTESIAN_POINT('',(-0.32,-4.92,8.54));
#2007 = VECTOR('',#2008,1.);
#2008 = DIRECTION('',(1.,0.,0.));
#2009 = PLANE('',#2010);
#2010 = AXIS2_PLACEMENT_3D('',#2011,#2012,#2013);
#2011 = CARTESIAN_POINT('',(-0.32,-4.84,8.46));
#2012 = DIRECTION('',(1.735167508357E-18,0.707106781187,0.707106781187)
  );
#2013 = DIRECTION('',(-1.,1.226948711654E-18,1.226948711654E-18));
#2014 = ADVANCED_FACE('',(#2015),#2033,.F.);
#2015 = FACE_BOUND('',#2016,.F.);
#2016 = EDGE_LOOP('',(#2017,#2025,#2026,#2027));
#2017 = ORIENTED_EDGE('',*,*,#2018,.F.);
#2018 = EDGE_CURVE('',#1443,#2019,#2021,.T.);
#2019 = VERTEX_POINT('',#2020);
#2020 = CARTESIAN_POINT('',(-0.16,-5.24,8.54));
#2021 = LINE('',#2022,#2023);
#2022 = CARTESIAN_POINT('',(-0.266666666667,-5.346666666667,
    8.433333333333));
#2023 = VECTOR('',#2024,1.);
#2024 = DIRECTION('',(0.57735026919,0.57735026919,0.57735026919));
#2025 = ORIENTED_EDGE('',*,*,#1452,.T.);
#2026 = ORIENTED_EDGE('',*,*,#1987,.T.);
#2027 = ORIENTED_EDGE('',*,*,#2028,.F.);
#2028 = EDGE_CURVE('',#2019,#1988,#2029,.T.);
#2029 = LINE('',#2030,#2031);
#2030 = CARTESIAN_POINT('',(-0.16,-5.4,8.54));
#2031 = VECTOR('',#2032,1.);
#2032 = DIRECTION('',(0.,1.,0.));
#2033 = PLANE('',#2034);
#2034 = AXIS2_PLACEMENT_3D('',#2035,#2036,#2037);
#2035 = CARTESIAN_POINT('',(-0.24,-5.4,8.46));
#2036 = DIRECTION('',(0.707106781187,1.735167508357E-18,-0.707106781187)
  );
#2037 = DIRECTION('',(-1.226948711654E-18,1.,1.226948711654E-18));
#2038 = ADVANCED_FACE('',(#2039),#2057,.F.);
#2039 = FACE_BOUND('',#2040,.T.);
#2040 = EDGE_LOOP('',(#2041,#2042,#2043,#2051));
#2041 = ORIENTED_EDGE('',*,*,#2018,.F.);
#2042 = ORIENTED_EDGE('',*,*,#1476,.T.);
#2043 = ORIENTED_EDGE('',*,*,#2044,.T.);
#2044 = EDGE_CURVE('',#1467,#2045,#2047,.T.);
#2045 = VERTEX_POINT('',#2046);
#2046 = CARTESIAN_POINT('',(0.16,-5.24,8.54));
#2047 = LINE('',#2048,#2049);
#2048 = CARTESIAN_POINT('',(0.16,-5.24,8.54));
#2049 = VECTOR('',#2050,1.);
#2050 = DIRECTION('',(-0.57735026919,0.57735026919,0.57735026919));
#2051 = ORIENTED_EDGE('',*,*,#2052,.F.);
#2052 = EDGE_CURVE('',#2019,#2045,#2053,.T.);
#2053 = LINE('',#2054,#2055);
#2054 = CARTESIAN_POINT('',(-0.32,-5.24,8.54));
#2055 = VECTOR('',#2056,1.);
#2056 = DIRECTION('',(1.,0.,0.));
#2057 = PLANE('',#2058);
#2058 = AXIS2_PLACEMENT_3D('',#2059,#2060,#2061);
#2059 = CARTESIAN_POINT('',(-0.32,-5.32,8.46));
#2060 = DIRECTION('',(-1.735167508357E-18,0.707106781187,-0.707106781187
    ));
#2061 = DIRECTION('',(-1.,-1.226948711654E-18,1.226948711654E-18));
#2062 = ADVANCED_FACE('',(#2063),#2074,.T.);
#2063 = FACE_BOUND('',#2064,.T.);
#2064 = EDGE_LOOP('',(#2065,#2066,#2067,#2068));
#2065 = ORIENTED_EDGE('',*,*,#2044,.F.);
#2066 = ORIENTED_EDGE('',*,*,#1493,.T.);
#2067 = ORIENTED_EDGE('',*,*,#1996,.T.);
#2068 = ORIENTED_EDGE('',*,*,#2069,.F.);
#2069 = EDGE_CURVE('',#2045,#1997,#2070,.T.);
#2070 = LINE('',#2071,#2072);
#2071 = CARTESIAN_POINT('',(0.16,-5.4,8.54));
#2072 = VECTOR('',#2073,1.);
#2073 = DIRECTION('',(0.,1.,0.));
#2074 = PLANE('',#2075);
#2075 = AXIS2_PLACEMENT_3D('',#2076,#2077,#2078);
#2076 = CARTESIAN_POINT('',(0.24,-5.4,8.46));
#2077 = DIRECTION('',(0.707106781187,-1.735167508357E-18,0.707106781187)
  );
#2078 = DIRECTION('',(1.226948711654E-18,1.,1.226948711654E-18));
#2079 = ADVANCED_FACE('',(#2080),#2086,.F.);
#2080 = FACE_BOUND('',#2081,.F.);
#2081 = EDGE_LOOP('',(#2082,#2083,#2084,#2085));
#2082 = ORIENTED_EDGE('',*,*,#1548,.F.);
#2083 = ORIENTED_EDGE('',*,*,#1572,.F.);
#2084 = ORIENTED_EDGE('',*,*,#1589,.T.);
#2085 = ORIENTED_EDGE('',*,*,#1524,.T.);
#2086 = PLANE('',#2087);
#2087 = AXIS2_PLACEMENT_3D('',#2088,#2089,#2090);
#2088 = CARTESIAN_POINT('',(-0.32,-0.32,-3.));
#2089 = DIRECTION('',(0.,0.,1.));
#2090 = DIRECTION('',(1.,0.,-0.));
#2091 = ADVANCED_FACE('',(#2092),#2098,.F.);
#2092 = FACE_BOUND('',#2093,.F.);
#2093 = EDGE_LOOP('',(#2094,#2095,#2096,#2097));
#2094 = ORIENTED_EDGE('',*,*,#1668,.F.);
#2095 = ORIENTED_EDGE('',*,*,#1685,.F.);
#2096 = ORIENTED_EDGE('',*,*,#1620,.T.);
#2097 = ORIENTED_EDGE('',*,*,#1644,.T.);
#2098 = PLANE('',#2099);
#2099 = AXIS2_PLACEMENT_3D('',#2100,#2101,#2102);
#2100 = CARTESIAN_POINT('',(-0.32,-2.86,-3.));
#2101 = DIRECTION('',(0.,0.,1.));
#2102 = DIRECTION('',(1.,0.,-0.));
#2103 = ADVANCED_FACE('',(#2104),#2110,.F.);
#2104 = FACE_BOUND('',#2105,.F.);
#2105 = EDGE_LOOP('',(#2106,#2107,#2108,#2109));
#2106 = ORIENTED_EDGE('',*,*,#1716,.F.);
#2107 = ORIENTED_EDGE('',*,*,#1740,.F.);
#2108 = ORIENTED_EDGE('',*,*,#1764,.T.);
#2109 = ORIENTED_EDGE('',*,*,#1781,.T.);
#2110 = PLANE('',#2111);
#2111 = AXIS2_PLACEMENT_3D('',#2112,#2113,#2114);
#2112 = CARTESIAN_POINT('',(-0.32,-5.4,-3.));
#2113 = DIRECTION('',(0.,0.,1.));
#2114 = DIRECTION('',(1.,0.,-0.));
#2115 = ADVANCED_FACE('',(#2116),#2122,.T.);
#2116 = FACE_BOUND('',#2117,.T.);
#2117 = EDGE_LOOP('',(#2118,#2119,#2120,#2121));
#2118 = ORIENTED_EDGE('',*,*,#1877,.T.);
#2119 = ORIENTED_EDGE('',*,*,#1812,.T.);
#2120 = ORIENTED_EDGE('',*,*,#1836,.F.);
#2121 = ORIENTED_EDGE('',*,*,#1860,.F.);
#2122 = PLANE('',#2123);
#2123 = AXIS2_PLACEMENT_3D('',#2124,#2125,#2126);
#2124 = CARTESIAN_POINT('',(-0.32,-0.32,8.54));
#2125 = DIRECTION('',(0.,0.,1.));
#2126 = DIRECTION('',(1.,0.,-0.));
#2127 = ADVANCED_FACE('',(#2128),#2134,.T.);
#2128 = FACE_BOUND('',#2129,.T.);
#2129 = EDGE_LOOP('',(#2130,#2131,#2132,#2133));
#2130 = ORIENTED_EDGE('',*,*,#1908,.T.);
#2131 = ORIENTED_EDGE('',*,*,#1932,.T.);
#2132 = ORIENTED_EDGE('',*,*,#1956,.F.);
#2133 = ORIENTED_EDGE('',*,*,#1973,.F.);
#2134 = PLANE('',#2135);
#2135 = AXIS2_PLACEMENT_3D('',#2136,#2137,#2138);
#2136 = CARTESIAN_POINT('',(-0.32,-2.86,8.54));
#2137 = DIRECTION('',(0.,0.,1.));
#2138 = DIRECTION('',(1.,0.,-0.));
#2139 = ADVANCED_FACE('',(#2140),#2146,.T.);
#2140 = FACE_BOUND('',#2141,.T.);
#2141 = EDGE_LOOP('',(#2142,#2143,#2144,#2145));
#2142 = ORIENTED_EDGE('',*,*,#2052,.T.);
#2143 = ORIENTED_EDGE('',*,*,#2069,.T.);
#2144 = ORIENTED_EDGE('',*,*,#2004,.F.);
#2145 = ORIENTED_EDGE('',*,*,#2028,.F.);
#2146 = PLANE('',#2147);
#2147 = AXIS2_PLACEMENT_3D('',#2148,#2149,#2150);
#2148 = CARTESIAN_POINT('',(-0.32,-5.4,8.54));
#2149 = DIRECTION('',(0.,0.,1.));
#2150 = DIRECTION('',(1.,0.,-0.));
#2151 = ( GEOMETRIC_REPRESENTATION_CONTEXT(3) 
GLOBAL_UNCERTAINTY_ASSIGNED_CONTEXT((#2155)) 
GLOBAL_UNIT_ASSIGNED_CONTEXT((#2152,#2153,#2154)) REPRESENTATION_CONTEXT
('Context #1','3D Context with UNIT and UNCERTAINTY') );
#2152 = ( LENGTH_UNIT() NAMED_UNIT(*) SI_UNIT(.MILLI.,.METRE.) );
#2153 = ( NAMED_UNIT(*) PLANE_ANGLE_UNIT() SI_UNIT($,.RADIAN.) );
#2154 = ( NAMED_UNIT(*) SI_UNIT($,.STERADIAN.) SOLID_ANGLE_UNIT() );
#2155 = UNCERTAINTY_MEASURE_WITH_UNIT(LENGTH_MEASURE(1.E-07),#2152,
  'distance_accuracy_value','confusion accuracy');
#2156 = CONTEXT_DEPENDENT_SHAPE_REPRESENTATION(#2157,#2159);
#2157 = ( REPRESENTATION_RELATIONSHIP('','',#44,#10) 
REPRESENTATION_RELATIONSHIP_WITH_TRANSFORMATION(#2158) 
SHAPE_REPRESENTATION_RELATIONSHIP() );
#2158 = ITEM_DEFINED_TRANSFORMATION('','',#11,#15);
#2159 = PRODUCT_DEFINITION_SHAPE('Placement','Placement of an item',
  #2160);
#2160 = NEXT_ASSEMBLY_USAGE_OCCURRENCE('1','J2','',#5,#39,$);
#2161 = PRODUCT_RELATED_PRODUCT_CATEGORY('part',$,(#41));
#2162 = CONTEXT_DEPENDENT_SHAPE_REPRESENTATION(#2163,#2165);
#2163 = ( REPRESENTATION_RELATIONSHIP('','',#44,#10) 
REPRESENTATION_RELATIONSHIP_WITH_TRANSFORMATION(#2164) 
SHAPE_REPRESENTATION_RELATIONSHIP() );
#2164 = ITEM_DEFINED_TRANSFORMATION('','',#11,#19);
#2165 = PRODUCT_DEFINITION_SHAPE('Placement','Placement of an item',
  #2166);
#2166 = NEXT_ASSEMBLY_USAGE_OCCURRENCE('2','J1','',#5,#39,$);
#2167 = SHAPE_DEFINITION_REPRESENTATION(#2168,#2174);
#2168 = PRODUCT_DEFINITION_SHAPE('','',#2169);
#2169 = PRODUCT_DEFINITION('design','',#2170,#2173);
#2170 = PRODUCT_DEFINITION_FORMATION('','',#2171);
#2171 = PRODUCT('LED_D5.0mm-4_RGB_Staggered_Pins',
  'LED_D5.0mm-4_RGB_Staggered_Pins','',(#2172));
#2172 = PRODUCT_CONTEXT('',#2,'mechanical');
#2173 = PRODUCT_DEFINITION_CONTEXT('part definition',#2,'design');
#2174 = ADVANCED_BREP_SHAPE_REPRESENTATION('',(#11,#2175),#4469);
#2175 = MANIFOLD_SOLID_BREP('',#2176);
#2176 = CLOSED_SHELL('',(#2177,#2219,#2249,#2395,#2426,#2456,#2479,#2502
    ,#2518,#2548,#2571,#2594,#2610,#2641,#2665,#2689,#2706,#2737,#2761,
    #2785,#2802,#2837,#2942,#3022,#3102,#3157,#3262,#3342,#3422,#3477,
    #3581,#3660,#3739,#3793,#3889,#3928,#3967,#4017,#4037,#4068,#4092,
    #4116,#4133,#4164,#4188,#4212,#4229,#4260,#4284,#4308,#4325,#4356,
    #4380,#4404,#4421,#4433,#4445,#4457));
#2177 = ADVANCED_FACE('',(#2178),#2214,.T.);
#2178 = FACE_BOUND('',#2179,.T.);
#2179 = EDGE_LOOP('',(#2180,#2191,#2199,#2208));
#2180 = ORIENTED_EDGE('',*,*,#2181,.T.);
#2181 = EDGE_CURVE('',#2182,#2184,#2186,.T.);
#2182 = VERTEX_POINT('',#2183);
#2183 = CARTESIAN_POINT('',(-0.1,-2.21969384567,3.));
#2184 = VERTEX_POINT('',#2185);
#2185 = CARTESIAN_POINT('',(-0.1,0.71969384567,3.));
#2186 = CIRCLE('',#2187,2.9);
#2187 = AXIS2_PLACEMENT_3D('',#2188,#2189,#2190);
#2188 = CARTESIAN_POINT('',(2.4,-0.75,3.));
#2189 = DIRECTION('',(0.,0.,1.));
#2190 = DIRECTION('',(1.,0.,-0.));
#2191 = ORIENTED_EDGE('',*,*,#2192,.T.);
#2192 = EDGE_CURVE('',#2184,#2193,#2195,.T.);
#2193 = VERTEX_POINT('',#2194);
#2194 = CARTESIAN_POINT('',(-0.1,0.71969384567,4.));
#2195 = LINE('',#2196,#2197);
#2196 = CARTESIAN_POINT('',(-0.1,0.71969384567,3.));
#2197 = VECTOR('',#2198,1.);
#2198 = DIRECTION('',(0.,0.,1.));
#2199 = ORIENTED_EDGE('',*,*,#2200,.F.);
#2200 = EDGE_CURVE('',#2201,#2193,#2203,.T.);
#2201 = VERTEX_POINT('',#2202);
#2202 = CARTESIAN_POINT('',(-0.1,-2.21969384567,4.));
#2203 = CIRCLE('',#2204,2.9);
#2204 = AXIS2_PLACEMENT_3D('',#2205,#2206,#2207);
#2205 = CARTESIAN_POINT('',(2.4,-0.75,4.));
#2206 = DIRECTION('',(0.,0.,1.));
#2207 = DIRECTION('',(1.,0.,-0.));
#2208 = ORIENTED_EDGE('',*,*,#2209,.F.);
#2209 = EDGE_CURVE('',#2182,#2201,#2210,.T.);
#2210 = LINE('',#2211,#2212);
#2211 = CARTESIAN_POINT('',(-0.1,-2.21969384567,3.));
#2212 = VECTOR('',#2213,1.);
#2213 = DIRECTION('',(0.,0.,1.));
#2214 = CYLINDRICAL_SURFACE('',#2215,2.9);
#2215 = AXIS2_PLACEMENT_3D('',#2216,#2217,#2218);
#2216 = CARTESIAN_POINT('',(2.4,-0.75,3.));
#2217 = DIRECTION('',(-0.,-0.,-1.));
#2218 = DIRECTION('',(1.,0.,0.));
#2219 = ADVANCED_FACE('',(#2220),#2244,.T.);
#2220 = FACE_BOUND('',#2221,.T.);
#2221 = EDGE_LOOP('',(#2222,#2223,#2231,#2237,#2238));
#2222 = ORIENTED_EDGE('',*,*,#2209,.T.);
#2223 = ORIENTED_EDGE('',*,*,#2224,.T.);
#2224 = EDGE_CURVE('',#2201,#2225,#2227,.T.);
#2225 = VERTEX_POINT('',#2226);
#2226 = CARTESIAN_POINT('',(-0.1,-0.75000000073,4.));
#2227 = LINE('',#2228,#2229);
#2228 = CARTESIAN_POINT('',(-0.1,-2.21969384567,4.));
#2229 = VECTOR('',#2230,1.);
#2230 = DIRECTION('',(0.,1.,0.));
#2231 = ORIENTED_EDGE('',*,*,#2232,.T.);
#2232 = EDGE_CURVE('',#2225,#2193,#2233,.T.);
#2233 = LINE('',#2234,#2235);
#2234 = CARTESIAN_POINT('',(-0.1,-2.21969384567,4.));
#2235 = VECTOR('',#2236,1.);
#2236 = DIRECTION('',(0.,1.,0.));
#2237 = ORIENTED_EDGE('',*,*,#2192,.F.);
#2238 = ORIENTED_EDGE('',*,*,#2239,.F.);
#2239 = EDGE_CURVE('',#2182,#2184,#2240,.T.);
#2240 = LINE('',#2241,#2242);
#2241 = CARTESIAN_POINT('',(-0.1,-2.21969384567,3.));
#2242 = VECTOR('',#2243,1.);
#2243 = DIRECTION('',(0.,1.,0.));
#2244 = PLANE('',#2245);
#2245 = AXIS2_PLACEMENT_3D('',#2246,#2247,#2248);
#2246 = CARTESIAN_POINT('',(-0.1,-2.21969384567,3.));
#2247 = DIRECTION('',(-1.,0.,0.));
#2248 = DIRECTION('',(0.,1.,0.));
#2249 = ADVANCED_FACE('',(#2250,#2254,#2288,#2322,#2356),#2390,.F.);
#2250 = FACE_BOUND('',#2251,.F.);
#2251 = EDGE_LOOP('',(#2252,#2253));
#2252 = ORIENTED_EDGE('',*,*,#2181,.T.);
#2253 = ORIENTED_EDGE('',*,*,#2239,.F.);
#2254 = FACE_BOUND('',#2255,.F.);
#2255 = EDGE_LOOP('',(#2256,#2266,#2274,#2282));
#2256 = ORIENTED_EDGE('',*,*,#2257,.T.);
#2257 = EDGE_CURVE('',#2258,#2260,#2262,.T.);
#2258 = VERTEX_POINT('',#2259);
#2259 = CARTESIAN_POINT('',(2.835,-0.95,3.));
#2260 = VERTEX_POINT('',#2261);
#2261 = CARTESIAN_POINT('',(2.835,-0.55,3.));
#2262 = LINE('',#2263,#2264);
#2263 = CARTESIAN_POINT('',(2.835,-0.95,3.));
#2264 = VECTOR('',#2265,1.);
#2265 = DIRECTION('',(0.,1.,0.));
#2266 = ORIENTED_EDGE('',*,*,#2267,.T.);
#2267 = EDGE_CURVE('',#2260,#2268,#2270,.T.);
#2268 = VERTEX_POINT('',#2269);
#2269 = CARTESIAN_POINT('',(3.235,-0.55,3.));
#2270 = LINE('',#2271,#2272);
#2271 = CARTESIAN_POINT('',(2.835,-0.55,3.));
#2272 = VECTOR('',#2273,1.);
#2273 = DIRECTION('',(1.,0.,0.));
#2274 = ORIENTED_EDGE('',*,*,#2275,.T.);
#2275 = EDGE_CURVE('',#2268,#2276,#2278,.T.);
#2276 = VERTEX_POINT('',#2277);
#2277 = CARTESIAN_POINT('',(3.235,-0.95,3.));
#2278 = LINE('',#2279,#2280);
#2279 = CARTESIAN_POINT('',(3.235,-0.55,3.));
#2280 = VECTOR('',#2281,1.);
#2281 = DIRECTION('',(-0.,-1.,-0.));
#2282 = ORIENTED_EDGE('',*,*,#2283,.T.);
#2283 = EDGE_CURVE('',#2276,#2258,#2284,.T.);
#2284 = LINE('',#2285,#2286);
#2285 = CARTESIAN_POINT('',(3.235,-0.95,3.));
#2286 = VECTOR('',#2287,1.);
#2287 = DIRECTION('',(-1.,-0.,-0.));
#2288 = FACE_BOUND('',#2289,.F.);
#2289 = EDGE_LOOP('',(#2290,#2300,#2308,#2316));
#2290 = ORIENTED_EDGE('',*,*,#2291,.F.);
#2291 = EDGE_CURVE('',#2292,#2294,#2296,.T.);
#2292 = VERTEX_POINT('',#2293);
#2293 = CARTESIAN_POINT('',(4.105,-0.95,3.));
#2294 = VERTEX_POINT('',#2295);
#2295 = CARTESIAN_POINT('',(4.505,-0.95,3.));
#2296 = LINE('',#2297,#2298);
#2297 = CARTESIAN_POINT('',(4.105,-0.95,3.));
#2298 = VECTOR('',#2299,1.);
#2299 = DIRECTION('',(1.,0.,0.));
#2300 = ORIENTED_EDGE('',*,*,#2301,.F.);
#2301 = EDGE_CURVE('',#2302,#2292,#2304,.T.);
#2302 = VERTEX_POINT('',#2303);
#2303 = CARTESIAN_POINT('',(4.105,-0.55,3.));
#2304 = LINE('',#2305,#2306);
#2305 = CARTESIAN_POINT('',(4.105,-0.55,3.));
#2306 = VECTOR('',#2307,1.);
#2307 = DIRECTION('',(0.,-1.,0.));
#2308 = ORIENTED_EDGE('',*,*,#2309,.F.);
#2309 = EDGE_CURVE('',#2310,#2302,#2312,.T.);
#2310 = VERTEX_POINT('',#2311);
#2311 = CARTESIAN_POINT('',(4.505,-0.55,3.));
#2312 = LINE('',#2313,#2314);
#2313 = CARTESIAN_POINT('',(4.505,-0.55,3.));
#2314 = VECTOR('',#2315,1.);
#2315 = DIRECTION('',(-1.,0.,0.));
#2316 = ORIENTED_EDGE('',*,*,#2317,.F.);
#2317 = EDGE_CURVE('',#2294,#2310,#2318,.T.);
#2318 = LINE('',#2319,#2320);
#2319 = CARTESIAN_POINT('',(4.505,-0.95,3.));
#2320 = VECTOR('',#2321,1.);
#2321 = DIRECTION('',(0.,1.,0.));
#2322 = FACE_BOUND('',#2323,.F.);
#2323 = EDGE_LOOP('',(#2324,#2334,#2342,#2350));
#2324 = ORIENTED_EDGE('',*,*,#2325,.F.);
#2325 = EDGE_CURVE('',#2326,#2328,#2330,.T.);
#2326 = VERTEX_POINT('',#2327);
#2327 = CARTESIAN_POINT('',(0.295,-0.95,3.));
#2328 = VERTEX_POINT('',#2329);
#2329 = CARTESIAN_POINT('',(0.695,-0.95,3.));
#2330 = LINE('',#2331,#2332);
#2331 = CARTESIAN_POINT('',(0.295,-0.95,3.));
#2332 = VECTOR('',#2333,1.);
#2333 = DIRECTION('',(1.,0.,0.));
#2334 = ORIENTED_EDGE('',*,*,#2335,.F.);
#2335 = EDGE_CURVE('',#2336,#2326,#2338,.T.);
#2336 = VERTEX_POINT('',#2337);
#2337 = CARTESIAN_POINT('',(0.295,-0.55,3.));
#2338 = LINE('',#2339,#2340);
#2339 = CARTESIAN_POINT('',(0.295,-0.55,3.));
#2340 = VECTOR('',#2341,1.);
#2341 = DIRECTION('',(0.,-1.,0.));
#2342 = ORIENTED_EDGE('',*,*,#2343,.F.);
#2343 = EDGE_CURVE('',#2344,#2336,#2346,.T.);
#2344 = VERTEX_POINT('',#2345);
#2345 = CARTESIAN_POINT('',(0.695,-0.55,3.));
#2346 = LINE('',#2347,#2348);
#2347 = CARTESIAN_POINT('',(0.695,-0.55,3.));
#2348 = VECTOR('',#2349,1.);
#2349 = DIRECTION('',(-1.,0.,0.));
#2350 = ORIENTED_EDGE('',*,*,#2351,.F.);
#2351 = EDGE_CURVE('',#2328,#2344,#2352,.T.);
#2352 = LINE('',#2353,#2354);
#2353 = CARTESIAN_POINT('',(0.695,-0.95,3.));
#2354 = VECTOR('',#2355,1.);
#2355 = DIRECTION('',(0.,1.,0.));
#2356 = FACE_BOUND('',#2357,.F.);
#2357 = EDGE_LOOP('',(#2358,#2368,#2376,#2384));
#2358 = ORIENTED_EDGE('',*,*,#2359,.F.);
#2359 = EDGE_CURVE('',#2360,#2362,#2364,.T.);
#2360 = VERTEX_POINT('',#2361);
#2361 = CARTESIAN_POINT('',(1.565,-0.95,3.));
#2362 = VERTEX_POINT('',#2363);
#2363 = CARTESIAN_POINT('',(1.965,-0.95,3.));
#2364 = LINE('',#2365,#2366);
#2365 = CARTESIAN_POINT('',(1.565,-0.95,3.));
#2366 = VECTOR('',#2367,1.);
#2367 = DIRECTION('',(1.,0.,0.));
#2368 = ORIENTED_EDGE('',*,*,#2369,.F.);
#2369 = EDGE_CURVE('',#2370,#2360,#2372,.T.);
#2370 = VERTEX_POINT('',#2371);
#2371 = CARTESIAN_POINT('',(1.565,-0.55,3.));
#2372 = LINE('',#2373,#2374);
#2373 = CARTESIAN_POINT('',(1.565,-0.55,3.));
#2374 = VECTOR('',#2375,1.);
#2375 = DIRECTION('',(0.,-1.,0.));
#2376 = ORIENTED_EDGE('',*,*,#2377,.F.);
#2377 = EDGE_CURVE('',#2378,#2370,#2380,.T.);
#2378 = VERTEX_POINT('',#2379);
#2379 = CARTESIAN_POINT('',(1.965,-0.55,3.));
#2380 = LINE('',#2381,#2382);
#2381 = CARTESIAN_POINT('',(1.965,-0.55,3.));
#2382 = VECTOR('',#2383,1.);
#2383 = DIRECTION('',(-1.,0.,0.));
#2384 = ORIENTED_EDGE('',*,*,#2385,.F.);
#2385 = EDGE_CURVE('',#2362,#2378,#2386,.T.);
#2386 = LINE('',#2387,#2388);
#2387 = CARTESIAN_POINT('',(1.965,-0.95,3.));
#2388 = VECTOR('',#2389,1.);
#2389 = DIRECTION('',(0.,1.,0.));
#2390 = PLANE('',#2391);
#2391 = AXIS2_PLACEMENT_3D('',#2392,#2393,#2394);
#2392 = CARTESIAN_POINT('',(2.28594798743,-0.75,3.));
#2393 = DIRECTION('',(0.,0.,1.));
#2394 = DIRECTION('',(1.,0.,-0.));
#2395 = ADVANCED_FACE('',(#2396,#2401),#2421,.T.);
#2396 = FACE_BOUND('',#2397,.T.);
#2397 = EDGE_LOOP('',(#2398,#2399,#2400));
#2398 = ORIENTED_EDGE('',*,*,#2224,.F.);
#2399 = ORIENTED_EDGE('',*,*,#2200,.T.);
#2400 = ORIENTED_EDGE('',*,*,#2232,.F.);
#2401 = FACE_BOUND('',#2402,.T.);
#2402 = EDGE_LOOP('',(#2403,#2414));
#2403 = ORIENTED_EDGE('',*,*,#2404,.F.);
#2404 = EDGE_CURVE('',#2405,#2407,#2409,.T.);
#2405 = VERTEX_POINT('',#2406);
#2406 = CARTESIAN_POINT('',(-0.1,-0.75000000073,4.));
#2407 = VERTEX_POINT('',#2408);
#2408 = CARTESIAN_POINT('',(4.9,-0.75,4.));
#2409 = CIRCLE('',#2410,2.5);
#2410 = AXIS2_PLACEMENT_3D('',#2411,#2412,#2413);
#2411 = CARTESIAN_POINT('',(2.4,-0.75,4.));
#2412 = DIRECTION('',(0.,0.,1.));
#2413 = DIRECTION('',(1.,0.,-0.));
#2414 = ORIENTED_EDGE('',*,*,#2415,.F.);
#2415 = EDGE_CURVE('',#2407,#2405,#2416,.T.);
#2416 = CIRCLE('',#2417,2.5);
#2417 = AXIS2_PLACEMENT_3D('',#2418,#2419,#2420);
#2418 = CARTESIAN_POINT('',(2.4,-0.75,4.));
#2419 = DIRECTION('',(0.,0.,1.));
#2420 = DIRECTION('',(1.,0.,-0.));
#2421 = PLANE('',#2422);
#2422 = AXIS2_PLACEMENT_3D('',#2423,#2424,#2425);
#2423 = CARTESIAN_POINT('',(2.28594798743,-0.75,4.));
#2424 = DIRECTION('',(0.,0.,1.));
#2425 = DIRECTION('',(1.,0.,-0.));
#2426 = ADVANCED_FACE('',(#2427),#2451,.F.);
#2427 = FACE_BOUND('',#2428,.F.);
#2428 = EDGE_LOOP('',(#2429,#2437,#2444,#2450));
#2429 = ORIENTED_EDGE('',*,*,#2430,.F.);
#2430 = EDGE_CURVE('',#2431,#2258,#2433,.T.);
#2431 = VERTEX_POINT('',#2432);
#2432 = CARTESIAN_POINT('',(2.835,-0.95,2.));
#2433 = LINE('',#2434,#2435);
#2434 = CARTESIAN_POINT('',(2.835,-0.95,3.));
#2435 = VECTOR('',#2436,1.);
#2436 = DIRECTION('',(0.,4.4E-16,1.));
#2437 = ORIENTED_EDGE('',*,*,#2438,.T.);
#2438 = EDGE_CURVE('',#2431,#2439,#2441,.T.);
#2439 = VERTEX_POINT('',#2440);
#2440 = CARTESIAN_POINT('',(2.835,-0.55,2.));
#2441 = B_SPLINE_CURVE_WITH_KNOTS('',1,(#2442,#2443),.UNSPECIFIED.,.F.,
  .F.,(2,2),(0.,0.4),.PIECEWISE_BEZIER_KNOTS.);
#2442 = CARTESIAN_POINT('',(2.835,-0.95,2.));
#2443 = CARTESIAN_POINT('',(2.835,-0.55,2.));
#2444 = ORIENTED_EDGE('',*,*,#2445,.T.);
#2445 = EDGE_CURVE('',#2439,#2260,#2446,.T.);
#2446 = LINE('',#2447,#2448);
#2447 = CARTESIAN_POINT('',(2.835,-0.55,3.));
#2448 = VECTOR('',#2449,1.);
#2449 = DIRECTION('',(0.,4.4E-16,1.));
#2450 = ORIENTED_EDGE('',*,*,#2257,.F.);
#2451 = PLANE('',#2452);
#2452 = AXIS2_PLACEMENT_3D('',#2453,#2454,#2455);
#2453 = CARTESIAN_POINT('',(2.835,-0.95,3.));
#2454 = DIRECTION('',(1.,0.,-5.6E-16));
#2455 = DIRECTION('',(0.,1.,0.));
#2456 = ADVANCED_FACE('',(#2457),#2474,.F.);
#2457 = FACE_BOUND('',#2458,.F.);
#2458 = EDGE_LOOP('',(#2459,#2467,#2472,#2473));
#2459 = ORIENTED_EDGE('',*,*,#2460,.F.);
#2460 = EDGE_CURVE('',#2461,#2276,#2463,.T.);
#2461 = VERTEX_POINT('',#2462);
#2462 = CARTESIAN_POINT('',(3.235,-0.95,2.));
#2463 = LINE('',#2464,#2465);
#2464 = CARTESIAN_POINT('',(3.235,-0.95,3.));
#2465 = VECTOR('',#2466,1.);
#2466 = DIRECTION('',(5.6E-16,0.,1.));
#2467 = ORIENTED_EDGE('',*,*,#2468,.T.);
#2468 = EDGE_CURVE('',#2461,#2431,#2469,.T.);
#2469 = B_SPLINE_CURVE_WITH_KNOTS('',1,(#2470,#2471),.UNSPECIFIED.,.F.,
  .F.,(2,2),(0.,0.4),.PIECEWISE_BEZIER_KNOTS.);
#2470 = CARTESIAN_POINT('',(3.235,-0.95,2.));
#2471 = CARTESIAN_POINT('',(2.835,-0.95,2.));
#2472 = ORIENTED_EDGE('',*,*,#2430,.T.);
#2473 = ORIENTED_EDGE('',*,*,#2283,.F.);
#2474 = PLANE('',#2475);
#2475 = AXIS2_PLACEMENT_3D('',#2476,#2477,#2478);
#2476 = CARTESIAN_POINT('',(3.235,-0.95,3.));
#2477 = DIRECTION('',(0.,1.,-4.4E-16));
#2478 = DIRECTION('',(-1.,0.,0.));
#2479 = ADVANCED_FACE('',(#2480),#2497,.F.);
#2480 = FACE_BOUND('',#2481,.F.);
#2481 = EDGE_LOOP('',(#2482,#2483,#2490,#2496));
#2482 = ORIENTED_EDGE('',*,*,#2445,.F.);
#2483 = ORIENTED_EDGE('',*,*,#2484,.T.);
#2484 = EDGE_CURVE('',#2439,#2485,#2487,.T.);
#2485 = VERTEX_POINT('',#2486);
#2486 = CARTESIAN_POINT('',(3.235,-0.55,2.));
#2487 = B_SPLINE_CURVE_WITH_KNOTS('',1,(#2488,#2489),.UNSPECIFIED.,.F.,
  .F.,(2,2),(0.,0.4),.PIECEWISE_BEZIER_KNOTS.);
#2488 = CARTESIAN_POINT('',(2.835,-0.55,2.));
#2489 = CARTESIAN_POINT('',(3.235,-0.55,2.));
#2490 = ORIENTED_EDGE('',*,*,#2491,.T.);
#2491 = EDGE_CURVE('',#2485,#2268,#2492,.T.);
#2492 = LINE('',#2493,#2494);
#2493 = CARTESIAN_POINT('',(3.235,-0.55,3.));
#2494 = VECTOR('',#2495,1.);
#2495 = DIRECTION('',(0.,4.4E-16,1.));
#2496 = ORIENTED_EDGE('',*,*,#2267,.F.);
#2497 = PLANE('',#2498);
#2498 = AXIS2_PLACEMENT_3D('',#2499,#2500,#2501);
#2499 = CARTESIAN_POINT('',(2.835,-0.55,3.));
#2500 = DIRECTION('',(0.,-1.,4.4E-16));
#2501 = DIRECTION('',(1.,0.,0.));
#2502 = ADVANCED_FACE('',(#2503),#2513,.F.);
#2503 = FACE_BOUND('',#2504,.F.);
#2504 = EDGE_LOOP('',(#2505,#2506,#2511,#2512));
#2505 = ORIENTED_EDGE('',*,*,#2491,.F.);
#2506 = ORIENTED_EDGE('',*,*,#2507,.T.);
#2507 = EDGE_CURVE('',#2485,#2461,#2508,.T.);
#2508 = B_SPLINE_CURVE_WITH_KNOTS('',1,(#2509,#2510),.UNSPECIFIED.,.F.,
  .F.,(2,2),(0.,0.4),.PIECEWISE_BEZIER_KNOTS.);
#2509 = CARTESIAN_POINT('',(3.235,-0.55,2.));
#2510 = CARTESIAN_POINT('',(3.235,-0.95,2.));
#2511 = ORIENTED_EDGE('',*,*,#2460,.T.);
#2512 = ORIENTED_EDGE('',*,*,#2275,.F.);
#2513 = PLANE('',#2514);
#2514 = AXIS2_PLACEMENT_3D('',#2515,#2516,#2517);
#2515 = CARTESIAN_POINT('',(3.235,-0.55,3.));
#2516 = DIRECTION('',(-1.,0.,5.6E-16));
#2517 = DIRECTION('',(0.,-1.,0.));
#2518 = ADVANCED_FACE('',(#2519),#2543,.T.);
#2519 = FACE_BOUND('',#2520,.T.);
#2520 = EDGE_LOOP('',(#2521,#2529,#2536,#2542));
#2521 = ORIENTED_EDGE('',*,*,#2522,.F.);
#2522 = EDGE_CURVE('',#2523,#2292,#2525,.T.);
#2523 = VERTEX_POINT('',#2524);
#2524 = CARTESIAN_POINT('',(4.105,-0.95,2.));
#2525 = LINE('',#2526,#2527);
#2526 = CARTESIAN_POINT('',(4.105,-0.95,3.));
#2527 = VECTOR('',#2528,1.);
#2528 = DIRECTION('',(0.,-8.9E-16,1.));
#2529 = ORIENTED_EDGE('',*,*,#2530,.T.);
#2530 = EDGE_CURVE('',#2523,#2531,#2533,.T.);
#2531 = VERTEX_POINT('',#2532);
#2532 = CARTESIAN_POINT('',(4.505,-0.95,2.));
#2533 = B_SPLINE_CURVE_WITH_KNOTS('',1,(#2534,#2535),.UNSPECIFIED.,.F.,
  .F.,(2,2),(0.,0.4),.PIECEWISE_BEZIER_KNOTS.);
#2534 = CARTESIAN_POINT('',(4.105,-0.95,2.));
#2535 = CARTESIAN_POINT('',(4.505,-0.95,2.));
#2536 = ORIENTED_EDGE('',*,*,#2537,.T.);
#2537 = EDGE_CURVE('',#2531,#2294,#2538,.T.);
#2538 = LINE('',#2539,#2540);
#2539 = CARTESIAN_POINT('',(4.505,-0.95,3.));
#2540 = VECTOR('',#2541,1.);
#2541 = DIRECTION('',(0.,-8.9E-16,1.));
#2542 = ORIENTED_EDGE('',*,*,#2291,.F.);
#2543 = PLANE('',#2544);
#2544 = AXIS2_PLACEMENT_3D('',#2545,#2546,#2547);
#2545 = CARTESIAN_POINT('',(4.105,-0.95,3.));
#2546 = DIRECTION('',(-0.,-1.,-8.9E-16));
#2547 = DIRECTION('',(1.,-0.,0.));
#2548 = ADVANCED_FACE('',(#2549),#2566,.T.);
#2549 = FACE_BOUND('',#2550,.T.);
#2550 = EDGE_LOOP('',(#2551,#2552,#2559,#2565));
#2551 = ORIENTED_EDGE('',*,*,#2537,.F.);
#2552 = ORIENTED_EDGE('',*,*,#2553,.T.);
#2553 = EDGE_CURVE('',#2531,#2554,#2556,.T.);
#2554 = VERTEX_POINT('',#2555);
#2555 = CARTESIAN_POINT('',(4.505,-0.55,2.));
#2556 = B_SPLINE_CURVE_WITH_KNOTS('',1,(#2557,#2558),.UNSPECIFIED.,.F.,
  .F.,(2,2),(0.,0.4),.PIECEWISE_BEZIER_KNOTS.);
#2557 = CARTESIAN_POINT('',(4.505,-0.95,2.));
#2558 = CARTESIAN_POINT('',(4.505,-0.55,2.));
#2559 = ORIENTED_EDGE('',*,*,#2560,.T.);
#2560 = EDGE_CURVE('',#2554,#2310,#2561,.T.);
#2561 = LINE('',#2562,#2563);
#2562 = CARTESIAN_POINT('',(4.505,-0.55,3.));
#2563 = VECTOR('',#2564,1.);
#2564 = DIRECTION('',(8.9E-16,0.,1.));
#2565 = ORIENTED_EDGE('',*,*,#2317,.F.);
#2566 = PLANE('',#2567);
#2567 = AXIS2_PLACEMENT_3D('',#2568,#2569,#2570);
#2568 = CARTESIAN_POINT('',(4.505,-0.95,3.));
#2569 = DIRECTION('',(1.,0.,-8.9E-16));
#2570 = DIRECTION('',(0.,1.,0.));
#2571 = ADVANCED_FACE('',(#2572),#2589,.T.);
#2572 = FACE_BOUND('',#2573,.T.);
#2573 = EDGE_LOOP('',(#2574,#2575,#2582,#2588));
#2574 = ORIENTED_EDGE('',*,*,#2560,.F.);
#2575 = ORIENTED_EDGE('',*,*,#2576,.T.);
#2576 = EDGE_CURVE('',#2554,#2577,#2579,.T.);
#2577 = VERTEX_POINT('',#2578);
#2578 = CARTESIAN_POINT('',(4.105,-0.55,2.));
#2579 = B_SPLINE_CURVE_WITH_KNOTS('',1,(#2580,#2581),.UNSPECIFIED.,.F.,
  .F.,(2,2),(0.,0.4),.PIECEWISE_BEZIER_KNOTS.);
#2580 = CARTESIAN_POINT('',(4.505,-0.55,2.));
#2581 = CARTESIAN_POINT('',(4.105,-0.55,2.));
#2582 = ORIENTED_EDGE('',*,*,#2583,.T.);
#2583 = EDGE_CURVE('',#2577,#2302,#2584,.T.);
#2584 = LINE('',#2585,#2586);
#2585 = CARTESIAN_POINT('',(4.105,-0.55,3.));
#2586 = VECTOR('',#2587,1.);
#2587 = DIRECTION('',(0.,-8.9E-16,1.));
#2588 = ORIENTED_EDGE('',*,*,#2309,.F.);
#2589 = PLANE('',#2590);
#2590 = AXIS2_PLACEMENT_3D('',#2591,#2592,#2593);
#2591 = CARTESIAN_POINT('',(4.505,-0.55,3.));
#2592 = DIRECTION('',(0.,1.,8.9E-16));
#2593 = DIRECTION('',(-1.,0.,0.));
#2594 = ADVANCED_FACE('',(#2595),#2605,.T.);
#2595 = FACE_BOUND('',#2596,.T.);
#2596 = EDGE_LOOP('',(#2597,#2598,#2603,#2604));
#2597 = ORIENTED_EDGE('',*,*,#2583,.F.);
#2598 = ORIENTED_EDGE('',*,*,#2599,.T.);
#2599 = EDGE_CURVE('',#2577,#2523,#2600,.T.);
#2600 = B_SPLINE_CURVE_WITH_KNOTS('',1,(#2601,#2602),.UNSPECIFIED.,.F.,
  .F.,(2,2),(0.,0.4),.PIECEWISE_BEZIER_KNOTS.);
#2601 = CARTESIAN_POINT('',(4.105,-0.55,2.));
#2602 = CARTESIAN_POINT('',(4.105,-0.95,2.));
#2603 = ORIENTED_EDGE('',*,*,#2522,.T.);
#2604 = ORIENTED_EDGE('',*,*,#2301,.F.);
#2605 = PLANE('',#2606);
#2606 = AXIS2_PLACEMENT_3D('',#2607,#2608,#2609);
#2607 = CARTESIAN_POINT('',(4.105,-0.55,3.));
#2608 = DIRECTION('',(-1.,0.,8.9E-16));
#2609 = DIRECTION('',(0.,-1.,0.));
#2610 = ADVANCED_FACE('',(#2611),#2636,.F.);
#2611 = FACE_BOUND('',#2612,.F.);
#2612 = EDGE_LOOP('',(#2613,#2621,#2622,#2630));
#2613 = ORIENTED_EDGE('',*,*,#2614,.F.);
#2614 = EDGE_CURVE('',#2326,#2615,#2617,.T.);
#2615 = VERTEX_POINT('',#2616);
#2616 = CARTESIAN_POINT('',(0.295,-0.95,2.));
#2617 = LINE('',#2618,#2619);
#2618 = CARTESIAN_POINT('',(0.295,-0.95,3.));
#2619 = VECTOR('',#2620,1.);
#2620 = DIRECTION('',(0.,-3.5E-16,-1.));
#2621 = ORIENTED_EDGE('',*,*,#2325,.T.);
#2622 = ORIENTED_EDGE('',*,*,#2623,.T.);
#2623 = EDGE_CURVE('',#2328,#2624,#2626,.T.);
#2624 = VERTEX_POINT('',#2625);
#2625 = CARTESIAN_POINT('',(0.695,-0.95,2.));
#2626 = LINE('',#2627,#2628);
#2627 = CARTESIAN_POINT('',(0.695,-0.95,3.));
#2628 = VECTOR('',#2629,1.);
#2629 = DIRECTION('',(0.,-3.5E-16,-1.));
#2630 = ORIENTED_EDGE('',*,*,#2631,.F.);
#2631 = EDGE_CURVE('',#2615,#2624,#2632,.T.);
#2632 = LINE('',#2633,#2634);
#2633 = CARTESIAN_POINT('',(0.295,-0.95,2.));
#2634 = VECTOR('',#2635,1.);
#2635 = DIRECTION('',(1.,0.,0.));
#2636 = PLANE('',#2637);
#2637 = AXIS2_PLACEMENT_3D('',#2638,#2639,#2640);
#2638 = CARTESIAN_POINT('',(0.295,-0.95,3.));
#2639 = DIRECTION('',(0.,1.,-3.5E-16));
#2640 = DIRECTION('',(1.,0.,0.));
#2641 = ADVANCED_FACE('',(#2642),#2660,.F.);
#2642 = FACE_BOUND('',#2643,.F.);
#2643 = EDGE_LOOP('',(#2644,#2652,#2653,#2654));
#2644 = ORIENTED_EDGE('',*,*,#2645,.F.);
#2645 = EDGE_CURVE('',#2336,#2646,#2648,.T.);
#2646 = VERTEX_POINT('',#2647);
#2647 = CARTESIAN_POINT('',(0.295,-0.55,2.));
#2648 = LINE('',#2649,#2650);
#2649 = CARTESIAN_POINT('',(0.295,-0.55,3.));
#2650 = VECTOR('',#2651,1.);
#2651 = DIRECTION('',(-0.,-3.5E-16,-1.));
#2652 = ORIENTED_EDGE('',*,*,#2335,.T.);
#2653 = ORIENTED_EDGE('',*,*,#2614,.T.);
#2654 = ORIENTED_EDGE('',*,*,#2655,.F.);
#2655 = EDGE_CURVE('',#2646,#2615,#2656,.T.);
#2656 = LINE('',#2657,#2658);
#2657 = CARTESIAN_POINT('',(0.295,-0.55,2.));
#2658 = VECTOR('',#2659,1.);
#2659 = DIRECTION('',(0.,-1.,0.));
#2660 = PLANE('',#2661);
#2661 = AXIS2_PLACEMENT_3D('',#2662,#2663,#2664);
#2662 = CARTESIAN_POINT('',(0.295,-0.55,3.));
#2663 = DIRECTION('',(1.,0.,-2.2E-16));
#2664 = DIRECTION('',(0.,-1.,0.));
#2665 = ADVANCED_FACE('',(#2666),#2684,.F.);
#2666 = FACE_BOUND('',#2667,.F.);
#2667 = EDGE_LOOP('',(#2668,#2669,#2670,#2678));
#2668 = ORIENTED_EDGE('',*,*,#2623,.F.);
#2669 = ORIENTED_EDGE('',*,*,#2351,.T.);
#2670 = ORIENTED_EDGE('',*,*,#2671,.T.);
#2671 = EDGE_CURVE('',#2344,#2672,#2674,.T.);
#2672 = VERTEX_POINT('',#2673);
#2673 = CARTESIAN_POINT('',(0.695,-0.55,2.));
#2674 = LINE('',#2675,#2676);
#2675 = CARTESIAN_POINT('',(0.695,-0.55,3.));
#2676 = VECTOR('',#2677,1.);
#2677 = DIRECTION('',(-2.2E-16,0.,-1.));
#2678 = ORIENTED_EDGE('',*,*,#2679,.F.);
#2679 = EDGE_CURVE('',#2624,#2672,#2680,.T.);
#2680 = LINE('',#2681,#2682);
#2681 = CARTESIAN_POINT('',(0.695,-0.95,2.));
#2682 = VECTOR('',#2683,1.);
#2683 = DIRECTION('',(0.,1.,0.));
#2684 = PLANE('',#2685);
#2685 = AXIS2_PLACEMENT_3D('',#2686,#2687,#2688);
#2686 = CARTESIAN_POINT('',(0.695,-0.95,3.));
#2687 = DIRECTION('',(-1.,0.,2.2E-16));
#2688 = DIRECTION('',(0.,1.,0.));
#2689 = ADVANCED_FACE('',(#2690),#2701,.F.);
#2690 = FACE_BOUND('',#2691,.F.);
#2691 = EDGE_LOOP('',(#2692,#2693,#2694,#2695));
#2692 = ORIENTED_EDGE('',*,*,#2671,.F.);
#2693 = ORIENTED_EDGE('',*,*,#2343,.T.);
#2694 = ORIENTED_EDGE('',*,*,#2645,.T.);
#2695 = ORIENTED_EDGE('',*,*,#2696,.F.);
#2696 = EDGE_CURVE('',#2672,#2646,#2697,.T.);
#2697 = LINE('',#2698,#2699);
#2698 = CARTESIAN_POINT('',(0.695,-0.55,2.));
#2699 = VECTOR('',#2700,1.);
#2700 = DIRECTION('',(-1.,0.,0.));
#2701 = PLANE('',#2702);
#2702 = AXIS2_PLACEMENT_3D('',#2703,#2704,#2705);
#2703 = CARTESIAN_POINT('',(0.695,-0.55,3.));
#2704 = DIRECTION('',(0.,-1.,3.5E-16));
#2705 = DIRECTION('',(-1.,0.,0.));
#2706 = ADVANCED_FACE('',(#2707),#2732,.F.);
#2707 = FACE_BOUND('',#2708,.F.);
#2708 = EDGE_LOOP('',(#2709,#2717,#2718,#2726));
#2709 = ORIENTED_EDGE('',*,*,#2710,.F.);
#2710 = EDGE_CURVE('',#2360,#2711,#2713,.T.);
#2711 = VERTEX_POINT('',#2712);
#2712 = CARTESIAN_POINT('',(1.565,-0.95,2.));
#2713 = LINE('',#2714,#2715);
#2714 = CARTESIAN_POINT('',(1.565,-0.95,3.));
#2715 = VECTOR('',#2716,1.);
#2716 = DIRECTION('',(0.,-1.7E-16,-1.));
#2717 = ORIENTED_EDGE('',*,*,#2359,.T.);
#2718 = ORIENTED_EDGE('',*,*,#2719,.T.);
#2719 = EDGE_CURVE('',#2362,#2720,#2722,.T.);
#2720 = VERTEX_POINT('',#2721);
#2721 = CARTESIAN_POINT('',(1.965,-0.95,2.));
#2722 = LINE('',#2723,#2724);
#2723 = CARTESIAN_POINT('',(1.965,-0.95,3.));
#2724 = VECTOR('',#2725,1.);
#2725 = DIRECTION('',(0.,-1.7E-16,-1.));
#2726 = ORIENTED_EDGE('',*,*,#2727,.F.);
#2727 = EDGE_CURVE('',#2711,#2720,#2728,.T.);
#2728 = LINE('',#2729,#2730);
#2729 = CARTESIAN_POINT('',(1.565,-0.95,2.));
#2730 = VECTOR('',#2731,1.);
#2731 = DIRECTION('',(1.,0.,0.));
#2732 = PLANE('',#2733);
#2733 = AXIS2_PLACEMENT_3D('',#2734,#2735,#2736);
#2734 = CARTESIAN_POINT('',(1.565,-0.95,3.));
#2735 = DIRECTION('',(0.,1.,-1.7E-16));
#2736 = DIRECTION('',(1.,0.,0.));
#2737 = ADVANCED_FACE('',(#2738),#2756,.F.);
#2738 = FACE_BOUND('',#2739,.F.);
#2739 = EDGE_LOOP('',(#2740,#2748,#2749,#2750));
#2740 = ORIENTED_EDGE('',*,*,#2741,.F.);
#2741 = EDGE_CURVE('',#2370,#2742,#2744,.T.);
#2742 = VERTEX_POINT('',#2743);
#2743 = CARTESIAN_POINT('',(1.565,-0.55,2.));
#2744 = LINE('',#2745,#2746);
#2745 = CARTESIAN_POINT('',(1.565,-0.55,3.));
#2746 = VECTOR('',#2747,1.);
#2747 = DIRECTION('',(-0.,-1.7E-16,-1.));
#2748 = ORIENTED_EDGE('',*,*,#2369,.T.);
#2749 = ORIENTED_EDGE('',*,*,#2710,.T.);
#2750 = ORIENTED_EDGE('',*,*,#2751,.F.);
#2751 = EDGE_CURVE('',#2742,#2711,#2752,.T.);
#2752 = LINE('',#2753,#2754);
#2753 = CARTESIAN_POINT('',(1.565,-0.55,2.));
#2754 = VECTOR('',#2755,1.);
#2755 = DIRECTION('',(0.,-1.,0.));
#2756 = PLANE('',#2757);
#2757 = AXIS2_PLACEMENT_3D('',#2758,#2759,#2760);
#2758 = CARTESIAN_POINT('',(1.565,-0.55,3.));
#2759 = DIRECTION('',(1.,0.,-1.1E-16));
#2760 = DIRECTION('',(0.,-1.,0.));
#2761 = ADVANCED_FACE('',(#2762),#2780,.F.);
#2762 = FACE_BOUND('',#2763,.F.);
#2763 = EDGE_LOOP('',(#2764,#2765,#2766,#2774));
#2764 = ORIENTED_EDGE('',*,*,#2719,.F.);
#2765 = ORIENTED_EDGE('',*,*,#2385,.T.);
#2766 = ORIENTED_EDGE('',*,*,#2767,.T.);
#2767 = EDGE_CURVE('',#2378,#2768,#2770,.T.);
#2768 = VERTEX_POINT('',#2769);
#2769 = CARTESIAN_POINT('',(1.965,-0.55,2.));
#2770 = LINE('',#2771,#2772);
#2771 = CARTESIAN_POINT('',(1.965,-0.55,3.));
#2772 = VECTOR('',#2773,1.);
#2773 = DIRECTION('',(-1.1E-16,0.,-1.));
#2774 = ORIENTED_EDGE('',*,*,#2775,.F.);
#2775 = EDGE_CURVE('',#2720,#2768,#2776,.T.);
#2776 = LINE('',#2777,#2778);
#2777 = CARTESIAN_POINT('',(1.965,-0.95,2.));
#2778 = VECTOR('',#2779,1.);
#2779 = DIRECTION('',(0.,1.,0.));
#2780 = PLANE('',#2781);
#2781 = AXIS2_PLACEMENT_3D('',#2782,#2783,#2784);
#2782 = CARTESIAN_POINT('',(1.965,-0.95,3.));
#2783 = DIRECTION('',(-1.,0.,1.1E-16));
#2784 = DIRECTION('',(0.,1.,0.));
#2785 = ADVANCED_FACE('',(#2786),#2797,.F.);
#2786 = FACE_BOUND('',#2787,.F.);
#2787 = EDGE_LOOP('',(#2788,#2789,#2790,#2791));
#2788 = ORIENTED_EDGE('',*,*,#2767,.F.);
#2789 = ORIENTED_EDGE('',*,*,#2377,.T.);
#2790 = ORIENTED_EDGE('',*,*,#2741,.T.);
#2791 = ORIENTED_EDGE('',*,*,#2792,.F.);
#2792 = EDGE_CURVE('',#2768,#2742,#2793,.T.);
#2793 = LINE('',#2794,#2795);
#2794 = CARTESIAN_POINT('',(1.965,-0.55,2.));
#2795 = VECTOR('',#2796,1.);
#2796 = DIRECTION('',(-1.,0.,0.));
#2797 = PLANE('',#2798);
#2798 = AXIS2_PLACEMENT_3D('',#2799,#2800,#2801);
#2799 = CARTESIAN_POINT('',(1.965,-0.55,3.));
#2800 = DIRECTION('',(0.,-1.,1.7E-16));
#2801 = DIRECTION('',(-1.,0.,0.));
#2802 = ADVANCED_FACE('',(#2803),#2832,.T.);
#2803 = FACE_BOUND('',#2804,.T.);
#2804 = EDGE_LOOP('',(#2805,#2816,#2823,#2829,#2830,#2831));
#2805 = ORIENTED_EDGE('',*,*,#2806,.F.);
#2806 = EDGE_CURVE('',#2807,#2809,#2811,.T.);
#2807 = VERTEX_POINT('',#2808);
#2808 = CARTESIAN_POINT('',(2.4,-3.25,9.1));
#2809 = VERTEX_POINT('',#2810);
#2810 = CARTESIAN_POINT('',(4.9,-0.75,9.1));
#2811 = CIRCLE('',#2812,2.5);
#2812 = AXIS2_PLACEMENT_3D('',#2813,#2814,#2815);
#2813 = CARTESIAN_POINT('',(2.4,-0.75,9.1));
#2814 = DIRECTION('',(0.,0.,1.));
#2815 = DIRECTION('',(1.,0.,-0.));
#2816 = ORIENTED_EDGE('',*,*,#2817,.F.);
#2817 = EDGE_CURVE('',#2809,#2807,#2818,.T.);
#2818 = CIRCLE('',#2819,2.5);
#2819 = AXIS2_PLACEMENT_3D('',#2820,#2821,#2822);
#2820 = CARTESIAN_POINT('',(2.4,-0.75,9.1));
#2821 = DIRECTION('',(0.,0.,1.));
#2822 = DIRECTION('',(1.,0.,-0.));
#2823 = ORIENTED_EDGE('',*,*,#2824,.F.);
#2824 = EDGE_CURVE('',#2407,#2809,#2825,.T.);
#2825 = LINE('',#2826,#2827);
#2826 = CARTESIAN_POINT('',(4.9,-0.75,4.));
#2827 = VECTOR('',#2828,1.);
#2828 = DIRECTION('',(0.,0.,1.));
#2829 = ORIENTED_EDGE('',*,*,#2415,.T.);
#2830 = ORIENTED_EDGE('',*,*,#2404,.T.);
#2831 = ORIENTED_EDGE('',*,*,#2824,.T.);
#2832 = CYLINDRICAL_SURFACE('',#2833,2.5);
#2833 = AXIS2_PLACEMENT_3D('',#2834,#2835,#2836);
#2834 = CARTESIAN_POINT('',(2.4,-0.75,4.));
#2835 = DIRECTION('',(-0.,-0.,-1.));
#2836 = DIRECTION('',(1.,0.,0.));
#2837 = ADVANCED_FACE('',(#2838),#2899,.F.);
#2838 = FACE_BOUND('',#2839,.F.);
#2839 = EDGE_LOOP('',(#2840,#2866,#2874,#2898));
#2840 = ORIENTED_EDGE('',*,*,#2841,.F.);
#2841 = EDGE_CURVE('',#2842,#2431,#2844,.T.);
#2842 = VERTEX_POINT('',#2843);
#2843 = CARTESIAN_POINT('',(3.089,-0.188,-1.E-15));
#2844 = B_SPLINE_CURVE_WITH_KNOTS('',11,(#2845,#2846,#2847,#2848,#2849,
    #2850,#2851,#2852,#2853,#2854,#2855,#2856,#2857,#2858,#2859,#2860,
    #2861,#2862,#2863,#2864,#2865),.UNSPECIFIED.,.F.,.F.,(12,9,12),(0.,
    0.5,1.),.UNSPECIFIED.);
#2845 = CARTESIAN_POINT('',(3.089,-0.188,-4.440892098501E-16));
#2846 = CARTESIAN_POINT('',(3.089,-0.188,7.764242424237E-02));
#2847 = CARTESIAN_POINT('',(3.086370509899,-0.195888470303,
    0.152696767677));
#2848 = CARTESIAN_POINT('',(3.08140310118,-0.210790696459,0.226848269007
    ));
#2849 = CARTESIAN_POINT('',(3.07421767636,-0.232346970919,0.301584200036
    ));
#2850 = CARTESIAN_POINT('',(3.064783904227,-0.260648287321,
    0.377710605424));
#2851 = CARTESIAN_POINT('',(3.053242537874,-0.295272386376,
    0.454993995099));
#2852 = CARTESIAN_POINT('',(3.039876809986,-0.335369570043,
    0.533607069724));
#2853 = CARTESIAN_POINT('',(3.024979071366,-0.380062785901,
    0.613514555692));
#2854 = CARTESIAN_POINT('',(3.008904314999,-0.428287055004,0.69489777607
    ));
#2855 = CARTESIAN_POINT('',(2.97512620905,-0.52962137285,0.861128612433)
  );
#2856 = CARTESIAN_POINT('',(2.939631587726,-0.636105236822,1.03580686698
    ));
#2857 = CARTESIAN_POINT('',(2.921839677427,-0.689480967719,
    1.125635767812));
#2858 = CARTESIAN_POINT('',(2.904410143319,-0.741769570043,
    1.218455554575));
#2859 = CARTESIAN_POINT('',(2.88775768939,-0.79172693183,1.314842479944)
  );
#2860 = CARTESIAN_POINT('',(2.872359661802,-0.837921014595,
    1.415589393307));
#2861 = CARTESIAN_POINT('',(2.858702524845,-0.878892425465,1.52128116973
    ));
#2862 = CARTESIAN_POINT('',(2.847415222392,-0.912754332823,
    1.632908875069));
#2863 = CARTESIAN_POINT('',(2.839297782626,-0.937106652121,
    1.750424040404));
#2864 = CARTESIAN_POINT('',(2.835,-0.95,1.873096969697));
#2865 = CARTESIAN_POINT('',(2.835,-0.95,2.));
#2866 = ORIENTED_EDGE('',*,*,#2867,.T.);
#2867 = EDGE_CURVE('',#2842,#2868,#2870,.T.);
#2868 = VERTEX_POINT('',#2869);
#2869 = CARTESIAN_POINT('',(3.089,0.212,-1.E-15));
#2870 = LINE('',#2871,#2872);
#2871 = CARTESIAN_POINT('',(3.089,-0.188,-8.881784197001E-16));
#2872 = VECTOR('',#2873,1.);
#2873 = DIRECTION('',(-1.7E-16,1.,-3.E-16));
#2874 = ORIENTED_EDGE('',*,*,#2875,.T.);
#2875 = EDGE_CURVE('',#2868,#2439,#2876,.T.);
#2876 = B_SPLINE_CURVE_WITH_KNOTS('',11,(#2877,#2878,#2879,#2880,#2881,
    #2882,#2883,#2884,#2885,#2886,#2887,#2888,#2889,#2890,#2891,#2892,
    #2893,#2894,#2895,#2896,#2897),.UNSPECIFIED.,.F.,.F.,(12,9,12),(0.,
    0.5,1.),.UNSPECIFIED.);
#2877 = CARTESIAN_POINT('',(3.089,0.212,-4.440892098501E-16));
#2878 = CARTESIAN_POINT('',(3.089,0.212,0.114587878788));
#2879 = CARTESIAN_POINT('',(3.085119290505,0.200357871515,0.225356161616
    ));
#2880 = CARTESIAN_POINT('',(3.077789358501,0.178368075503,0.33203041095)
  );
#2881 = CARTESIAN_POINT('',(3.067527525456,0.147582576368,0.434435172711
    ));
#2882 = CARTESIAN_POINT('',(3.054926229706,0.109778689116,0.532735606376
    ));
#2883 = CARTESIAN_POINT('',(3.040492367425,6.647710227794E-02,
    0.627616638817));
#2884 = CARTESIAN_POINT('',(3.024661595008,1.89847850221E-02,
    0.7195601015));
#2885 = CARTESIAN_POINT('',(3.007865009771,-3.140497068607E-02,
    0.809151813064));
#2886 = CARTESIAN_POINT('',(2.990502387955,-8.349283613434E-02,
    0.896869293783));
#2887 = CARTESIAN_POINT('',(2.955436895475,-0.188689313575,
    1.069435693784));
#2888 = CARTESIAN_POINT('',(2.921229660682,-0.291311017953,
    1.237778384692));
#2889 = CARTESIAN_POINT('',(2.904725615832,-0.340823152504,
    1.321273025185));
#2890 = CARTESIAN_POINT('',(2.889194928341,-0.387415214978,1.40440858635
    ));
#2891 = CARTESIAN_POINT('',(2.875007518941,-0.429977443176,
    1.487465123663));
#2892 = CARTESIAN_POINT('',(2.862501987281,-0.467494038157,
    1.570614394257));
#2893 = CARTESIAN_POINT('',(2.852012373941,-0.498962878177,
    1.654132142407));
#2894 = CARTESIAN_POINT('',(2.843801479713,-0.523595560861,
    1.738091017011));
#2895 = CARTESIAN_POINT('',(2.838046563232,-0.540860310303,
    1.823083434343));
#2896 = CARTESIAN_POINT('',(2.835,-0.55,1.910042424242));
#2897 = CARTESIAN_POINT('',(2.835,-0.55,2.));
#2898 = ORIENTED_EDGE('',*,*,#2438,.F.);
#2899 = B_SPLINE_SURFACE_WITH_KNOTS('',1,11,(
    (#2900,#2901,#2902,#2903,#2904,#2905,#2906,#2907,#2908,#2909,#2910
      ,#2911,#2912,#2913,#2914,#2915,#2916,#2917,#2918,#2919,#2920)
    ,(#2921,#2922,#2923,#2924,#2925,#2926,#2927,#2928,#2929,#2930,#2931
      ,#2932,#2933,#2934,#2935,#2936,#2937,#2938,#2939,#2940,#2941
  )),.UNSPECIFIED.,.F.,.F.,.F.,(2,2),(12,9,12),(0.,0.4),(0.,0.5,1.),
  .UNSPECIFIED.);
#2900 = CARTESIAN_POINT('',(3.089,-0.188,0.));
#2901 = CARTESIAN_POINT('',(3.089,-0.188,7.764242424239E-02));
#2902 = CARTESIAN_POINT('',(3.086370509899,-0.195888470303,
    0.152696767677));
#2903 = CARTESIAN_POINT('',(3.08140310118,-0.210790696459,0.226848269007
    ));
#2904 = CARTESIAN_POINT('',(3.07421767636,-0.23234697092,0.301584200035)
  );
#2905 = CARTESIAN_POINT('',(3.064783904227,-0.260648287321,
    0.377710605425));
#2906 = CARTESIAN_POINT('',(3.053242537874,-0.295272386376,
    0.454993995098));
#2907 = CARTESIAN_POINT('',(3.039876809986,-0.335369570043,
    0.533607069725));
#2908 = CARTESIAN_POINT('',(3.024979071366,-0.380062785901,
    0.613514555691));
#2909 = CARTESIAN_POINT('',(3.008904314999,-0.428287055004,0.69489777607
    ));
#2910 = CARTESIAN_POINT('',(2.97512620905,-0.52962137285,0.861128612433)
  );
#2911 = CARTESIAN_POINT('',(2.939631587726,-0.636105236822,1.03580686698
    ));
#2912 = CARTESIAN_POINT('',(2.921839677427,-0.689480967719,
    1.125635767812));
#2913 = CARTESIAN_POINT('',(2.904410143319,-0.741769570043,
    1.218455554575));
#2914 = CARTESIAN_POINT('',(2.88775768939,-0.79172693183,1.314842479944)
  );
#2915 = CARTESIAN_POINT('',(2.872359661802,-0.837921014595,
    1.415589393307));
#2916 = CARTESIAN_POINT('',(2.858702524845,-0.878892425465,1.52128116973
    ));
#2917 = CARTESIAN_POINT('',(2.847415222392,-0.912754332823,
    1.632908875069));
#2918 = CARTESIAN_POINT('',(2.839297782626,-0.937106652121,
    1.750424040404));
#2919 = CARTESIAN_POINT('',(2.835,-0.95,1.873096969697));
#2920 = CARTESIAN_POINT('',(2.835,-0.95,2.));
#2921 = CARTESIAN_POINT('',(3.089,0.212,-4.440892098501E-16));
#2922 = CARTESIAN_POINT('',(3.089,0.212,0.114587878788));
#2923 = CARTESIAN_POINT('',(3.085119290505,0.200357871515,0.225356161616
    ));
#2924 = CARTESIAN_POINT('',(3.077789358501,0.178368075503,0.33203041095)
  );
#2925 = CARTESIAN_POINT('',(3.067527525456,0.147582576368,0.434435172711
    ));
#2926 = CARTESIAN_POINT('',(3.054926229706,0.109778689116,0.532735606376
    ));
#2927 = CARTESIAN_POINT('',(3.040492367426,6.647710227794E-02,
    0.627616638817));
#2928 = CARTESIAN_POINT('',(3.024661595008,1.898478502209E-02,
    0.7195601015));
#2929 = CARTESIAN_POINT('',(3.007865009771,-3.140497068606E-02,
    0.809151813064));
#2930 = CARTESIAN_POINT('',(2.990502387955,-8.349283613434E-02,
    0.896869293783));
#2931 = CARTESIAN_POINT('',(2.955436895475,-0.188689313575,
    1.069435693784));
#2932 = CARTESIAN_POINT('',(2.921229660682,-0.291311017953,
    1.237778384692));
#2933 = CARTESIAN_POINT('',(2.904725615832,-0.340823152504,
    1.321273025185));
#2934 = CARTESIAN_POINT('',(2.889194928341,-0.387415214978,
    1.404408586349));
#2935 = CARTESIAN_POINT('',(2.875007518941,-0.429977443176,
    1.487465123664));
#2936 = CARTESIAN_POINT('',(2.862501987281,-0.467494038157,
    1.570614394257));
#2937 = CARTESIAN_POINT('',(2.852012373941,-0.498962878177,
    1.654132142407));
#2938 = CARTESIAN_POINT('',(2.843801479713,-0.523595560861,
    1.738091017011));
#2939 = CARTESIAN_POINT('',(2.838046563232,-0.540860310303,
    1.823083434343));
#2940 = CARTESIAN_POINT('',(2.835,-0.55,1.910042424242));
#2941 = CARTESIAN_POINT('',(2.835,-0.55,2.));
#2942 = ADVANCED_FACE('',(#2943),#2979,.F.);
#2943 = FACE_BOUND('',#2944,.F.);
#2944 = EDGE_LOOP('',(#2945,#2971,#2977,#2978));
#2945 = ORIENTED_EDGE('',*,*,#2946,.F.);
#2946 = EDGE_CURVE('',#2947,#2461,#2949,.T.);
#2947 = VERTEX_POINT('',#2948);
#2948 = CARTESIAN_POINT('',(3.489,-0.188,-1.E-15));
#2949 = B_SPLINE_CURVE_WITH_KNOTS('',11,(#2950,#2951,#2952,#2953,#2954,
    #2955,#2956,#2957,#2958,#2959,#2960,#2961,#2962,#2963,#2964,#2965,
    #2966,#2967,#2968,#2969,#2970),.UNSPECIFIED.,.F.,.F.,(12,9,12),(0.,
    0.5,1.),.UNSPECIFIED.);
#2950 = CARTESIAN_POINT('',(3.489,-0.188,0.));
#2951 = CARTESIAN_POINT('',(3.489,-0.188,8.995757575752E-02));
#2952 = CARTESIAN_POINT('',(3.485953436768,-0.197139689697,
    0.176916565657));
#2953 = CARTESIAN_POINT('',(3.480198520287,-0.214404439139,
    0.261908982988));
#2954 = CARTESIAN_POINT('',(3.471987626058,-0.239037121824,
    0.345867857594));
#2955 = CARTESIAN_POINT('',(3.46149801272,-0.270505961842,0.429385605741
    ));
#2956 = CARTESIAN_POINT('',(3.448992481058,-0.308022556825,
    0.512534876338));
#2957 = CARTESIAN_POINT('',(3.43480507166,-0.350584785021,0.595591413649
    ));
#2958 = CARTESIAN_POINT('',(3.419274384168,-0.397176847496,
    0.678726974816));
#2959 = CARTESIAN_POINT('',(3.402770339318,-0.446688982047,
    0.762221615308));
#2960 = CARTESIAN_POINT('',(3.368563104525,-0.549310686425,
    0.930564306216));
#2961 = CARTESIAN_POINT('',(3.333497612045,-0.654507163866,
    1.103130706217));
#2962 = CARTESIAN_POINT('',(3.316134990229,-0.706595029314,
    1.190848186936));
#2963 = CARTESIAN_POINT('',(3.299338404993,-0.756984785022,
    1.280439898499));
#2964 = CARTESIAN_POINT('',(3.283507632574,-0.804477102279,
    1.372383361185));
#2965 = CARTESIAN_POINT('',(3.269073770295,-0.847778689115,
    1.467264393622));
#2966 = CARTESIAN_POINT('',(3.256472474544,-0.885582576369,1.56556482729
    ));
#2967 = CARTESIAN_POINT('',(3.246210641499,-0.916368075502,
    1.667969589049));
#2968 = CARTESIAN_POINT('',(3.238880709495,-0.938357871515,
    1.774643838384));
#2969 = CARTESIAN_POINT('',(3.235,-0.95,1.885412121212));
#2970 = CARTESIAN_POINT('',(3.235,-0.95,2.));
#2971 = ORIENTED_EDGE('',*,*,#2972,.T.);
#2972 = EDGE_CURVE('',#2947,#2842,#2973,.T.);
#2973 = LINE('',#2974,#2975);
#2974 = CARTESIAN_POINT('',(3.489,-0.188,-8.881784197001E-16));
#2975 = VECTOR('',#2976,1.);
#2976 = DIRECTION('',(-1.,-1.7E-16,1.5E-16));
#2977 = ORIENTED_EDGE('',*,*,#2841,.T.);
#2978 = ORIENTED_EDGE('',*,*,#2468,.F.);
#2979 = B_SPLINE_SURFACE_WITH_KNOTS('',1,11,(
    (#2980,#2981,#2982,#2983,#2984,#2985,#2986,#2987,#2988,#2989,#2990
      ,#2991,#2992,#2993,#2994,#2995,#2996,#2997,#2998,#2999,#3000)
    ,(#3001,#3002,#3003,#3004,#3005,#3006,#3007,#3008,#3009,#3010,#3011
      ,#3012,#3013,#3014,#3015,#3016,#3017,#3018,#3019,#3020,#3021
  )),.UNSPECIFIED.,.F.,.F.,.F.,(2,2),(12,9,12),(0.,0.4),(0.,0.5,1.),
  .UNSPECIFIED.);
#2980 = CARTESIAN_POINT('',(3.489,-0.188,-4.440892098501E-16));
#2981 = CARTESIAN_POINT('',(3.489,-0.188,8.99575757575E-02));
#2982 = CARTESIAN_POINT('',(3.485953436768,-0.197139689697,
    0.176916565657));
#2983 = CARTESIAN_POINT('',(3.480198520287,-0.214404439139,
    0.261908982988));
#2984 = CARTESIAN_POINT('',(3.471987626058,-0.239037121824,
    0.345867857595));
#2985 = CARTESIAN_POINT('',(3.46149801272,-0.270505961842,0.429385605741
    ));
#2986 = CARTESIAN_POINT('',(3.448992481058,-0.308022556824,
    0.512534876339));
#2987 = CARTESIAN_POINT('',(3.43480507166,-0.350584785021,0.595591413649
    ));
#2988 = CARTESIAN_POINT('',(3.419274384168,-0.397176847496,
    0.678726974816));
#2989 = CARTESIAN_POINT('',(3.402770339318,-0.446688982047,
    0.762221615308));
#2990 = CARTESIAN_POINT('',(3.368563104525,-0.549310686425,
    0.930564306216));
#2991 = CARTESIAN_POINT('',(3.333497612045,-0.654507163866,
    1.103130706217));
#2992 = CARTESIAN_POINT('',(3.316134990229,-0.706595029314,
    1.190848186936));
#2993 = CARTESIAN_POINT('',(3.299338404992,-0.756984785022,1.2804398985)
  );
#2994 = CARTESIAN_POINT('',(3.283507632574,-0.804477102279,
    1.372383361184));
#2995 = CARTESIAN_POINT('',(3.269073770294,-0.847778689115,
    1.467264393623));
#2996 = CARTESIAN_POINT('',(3.256472474544,-0.885582576369,1.56556482729
    ));
#2997 = CARTESIAN_POINT('',(3.246210641499,-0.916368075502,1.66796958905
    ));
#2998 = CARTESIAN_POINT('',(3.238880709495,-0.938357871515,
    1.774643838384));
#2999 = CARTESIAN_POINT('',(3.235,-0.95,1.885412121212));
#3000 = CARTESIAN_POINT('',(3.235,-0.95,2.));
#3001 = CARTESIAN_POINT('',(3.089,-0.188,-4.440892098501E-16));
#3002 = CARTESIAN_POINT('',(3.089,-0.188,7.764242424237E-02));
#3003 = CARTESIAN_POINT('',(3.086370509899,-0.195888470303,
    0.152696767677));
#3004 = CARTESIAN_POINT('',(3.08140310118,-0.210790696459,0.226848269007
    ));
#3005 = CARTESIAN_POINT('',(3.07421767636,-0.232346970919,0.301584200036
    ));
#3006 = CARTESIAN_POINT('',(3.064783904227,-0.260648287321,
    0.377710605424));
#3007 = CARTESIAN_POINT('',(3.053242537874,-0.295272386376,
    0.454993995099));
#3008 = CARTESIAN_POINT('',(3.039876809986,-0.335369570043,
    0.533607069724));
#3009 = CARTESIAN_POINT('',(3.024979071366,-0.380062785901,
    0.613514555692));
#3010 = CARTESIAN_POINT('',(3.008904314999,-0.428287055004,0.69489777607
    ));
#3011 = CARTESIAN_POINT('',(2.97512620905,-0.52962137285,0.861128612433)
  );
#3012 = CARTESIAN_POINT('',(2.939631587726,-0.636105236822,1.03580686698
    ));
#3013 = CARTESIAN_POINT('',(2.921839677427,-0.689480967719,
    1.125635767812));
#3014 = CARTESIAN_POINT('',(2.904410143319,-0.741769570043,
    1.218455554575));
#3015 = CARTESIAN_POINT('',(2.88775768939,-0.79172693183,1.314842479944)
  );
#3016 = CARTESIAN_POINT('',(2.872359661802,-0.837921014595,
    1.415589393307));
#3017 = CARTESIAN_POINT('',(2.858702524845,-0.878892425465,1.52128116973
    ));
#3018 = CARTESIAN_POINT('',(2.847415222392,-0.912754332823,
    1.632908875069));
#3019 = CARTESIAN_POINT('',(2.839297782626,-0.937106652121,
    1.750424040404));
#3020 = CARTESIAN_POINT('',(2.835,-0.95,1.873096969697));
#3021 = CARTESIAN_POINT('',(2.835,-0.95,2.));
#3022 = ADVANCED_FACE('',(#3023),#3059,.F.);
#3023 = FACE_BOUND('',#3024,.F.);
#3024 = EDGE_LOOP('',(#3025,#3026,#3034,#3058));
#3025 = ORIENTED_EDGE('',*,*,#2875,.F.);
#3026 = ORIENTED_EDGE('',*,*,#3027,.T.);
#3027 = EDGE_CURVE('',#2868,#3028,#3030,.T.);
#3028 = VERTEX_POINT('',#3029);
#3029 = CARTESIAN_POINT('',(3.489,0.212,-1.E-15));
#3030 = LINE('',#3031,#3032);
#3031 = CARTESIAN_POINT('',(3.089,0.212,-8.881784197001E-16));
#3032 = VECTOR('',#3033,1.);
#3033 = DIRECTION('',(1.,1.7E-16,-1.5E-16));
#3034 = ORIENTED_EDGE('',*,*,#3035,.T.);
#3035 = EDGE_CURVE('',#3028,#2485,#3036,.T.);
#3036 = B_SPLINE_CURVE_WITH_KNOTS('',11,(#3037,#3038,#3039,#3040,#3041,
    #3042,#3043,#3044,#3045,#3046,#3047,#3048,#3049,#3050,#3051,#3052,
    #3053,#3054,#3055,#3056,#3057),.UNSPECIFIED.,.F.,.F.,(12,9,12),(0.,
    0.5,1.),.UNSPECIFIED.);
#3037 = CARTESIAN_POINT('',(3.489,0.212,-4.440892098501E-16));
#3038 = CARTESIAN_POINT('',(3.489,0.212,0.126903030303));
#3039 = CARTESIAN_POINT('',(3.484702217374,0.199106652121,0.249575959596
    ));
#3040 = CARTESIAN_POINT('',(3.476584777608,0.174754332823,0.367091124931
    ));
#3041 = CARTESIAN_POINT('',(3.465297475154,0.140892425464,0.47871883027)
  );
#3042 = CARTESIAN_POINT('',(3.451640338199,9.99210145955E-02,
    0.584410606693));
#3043 = CARTESIAN_POINT('',(3.436242310609,5.372693182875E-02,
    0.685157520057));
#3044 = CARTESIAN_POINT('',(3.419589856682,3.769570044085E-03,
    0.781544445424));
#3045 = CARTESIAN_POINT('',(3.402160322573,-4.851903228118E-02,
    0.874364232189));
#3046 = CARTESIAN_POINT('',(3.384368412274,-0.101894763178,0.96419313302
    ));
#3047 = CARTESIAN_POINT('',(3.34887379095,-0.20837862715,1.138871387567)
  );
#3048 = CARTESIAN_POINT('',(3.315095685001,-0.309712944996,
    1.305102223929));
#3049 = CARTESIAN_POINT('',(3.299020928634,-0.357937214099,
    1.386485444309));
#3050 = CARTESIAN_POINT('',(3.284123190014,-0.402630429957,
    1.466392930274));
#3051 = CARTESIAN_POINT('',(3.270757462125,-0.442727613625,
    1.545006004903));
#3052 = CARTESIAN_POINT('',(3.259216095774,-0.477351712678,
    1.622289394574));
#3053 = CARTESIAN_POINT('',(3.24978232364,-0.505653029081,1.698415799966
    ));
#3054 = CARTESIAN_POINT('',(3.24259689882,-0.527209303541,1.773151730992
    ));
#3055 = CARTESIAN_POINT('',(3.237629490101,-0.542111529697,
    1.847303232323));
#3056 = CARTESIAN_POINT('',(3.235,-0.55,1.922357575758));
#3057 = CARTESIAN_POINT('',(3.235,-0.55,2.));
#3058 = ORIENTED_EDGE('',*,*,#2484,.F.);
#3059 = B_SPLINE_SURFACE_WITH_KNOTS('',1,11,(
    (#3060,#3061,#3062,#3063,#3064,#3065,#3066,#3067,#3068,#3069,#3070
      ,#3071,#3072,#3073,#3074,#3075,#3076,#3077,#3078,#3079,#3080)
    ,(#3081,#3082,#3083,#3084,#3085,#3086,#3087,#3088,#3089,#3090,#3091
      ,#3092,#3093,#3094,#3095,#3096,#3097,#3098,#3099,#3100,#3101
  )),.UNSPECIFIED.,.F.,.F.,.F.,(2,2),(12,9,12),(0.,0.4),(0.,0.5,1.),
  .UNSPECIFIED.);
#3060 = CARTESIAN_POINT('',(3.089,0.212,-4.440892098501E-16));
#3061 = CARTESIAN_POINT('',(3.089,0.212,0.114587878788));
#3062 = CARTESIAN_POINT('',(3.085119290505,0.200357871515,0.225356161616
    ));
#3063 = CARTESIAN_POINT('',(3.077789358501,0.178368075503,0.33203041095)
  );
#3064 = CARTESIAN_POINT('',(3.067527525456,0.147582576368,0.434435172711
    ));
#3065 = CARTESIAN_POINT('',(3.054926229706,0.109778689116,0.532735606376
    ));
#3066 = CARTESIAN_POINT('',(3.040492367425,6.647710227794E-02,
    0.627616638817));
#3067 = CARTESIAN_POINT('',(3.024661595008,1.89847850221E-02,
    0.7195601015));
#3068 = CARTESIAN_POINT('',(3.007865009771,-3.140497068607E-02,
    0.809151813064));
#3069 = CARTESIAN_POINT('',(2.990502387955,-8.349283613434E-02,
    0.896869293783));
#3070 = CARTESIAN_POINT('',(2.955436895475,-0.188689313575,
    1.069435693784));
#3071 = CARTESIAN_POINT('',(2.921229660682,-0.291311017953,
    1.237778384692));
#3072 = CARTESIAN_POINT('',(2.904725615832,-0.340823152504,
    1.321273025185));
#3073 = CARTESIAN_POINT('',(2.889194928341,-0.387415214978,1.40440858635
    ));
#3074 = CARTESIAN_POINT('',(2.875007518941,-0.429977443176,
    1.487465123663));
#3075 = CARTESIAN_POINT('',(2.862501987281,-0.467494038157,
    1.570614394257));
#3076 = CARTESIAN_POINT('',(2.852012373941,-0.498962878177,
    1.654132142407));
#3077 = CARTESIAN_POINT('',(2.843801479713,-0.523595560861,
    1.738091017011));
#3078 = CARTESIAN_POINT('',(2.838046563232,-0.540860310303,
    1.823083434343));
#3079 = CARTESIAN_POINT('',(2.835,-0.55,1.910042424242));
#3080 = CARTESIAN_POINT('',(2.835,-0.55,2.));
#3081 = CARTESIAN_POINT('',(3.489,0.212,-4.440892098501E-16));
#3082 = CARTESIAN_POINT('',(3.489,0.212,0.126903030303));
#3083 = CARTESIAN_POINT('',(3.484702217374,0.199106652121,0.249575959596
    ));
#3084 = CARTESIAN_POINT('',(3.476584777608,0.174754332823,0.367091124931
    ));
#3085 = CARTESIAN_POINT('',(3.465297475154,0.140892425464,0.47871883027)
  );
#3086 = CARTESIAN_POINT('',(3.451640338199,9.99210145955E-02,
    0.584410606693));
#3087 = CARTESIAN_POINT('',(3.436242310609,5.372693182875E-02,
    0.685157520057));
#3088 = CARTESIAN_POINT('',(3.419589856682,3.769570044085E-03,
    0.781544445424));
#3089 = CARTESIAN_POINT('',(3.402160322573,-4.851903228118E-02,
    0.874364232189));
#3090 = CARTESIAN_POINT('',(3.384368412274,-0.101894763178,0.96419313302
    ));
#3091 = CARTESIAN_POINT('',(3.34887379095,-0.20837862715,1.138871387567)
  );
#3092 = CARTESIAN_POINT('',(3.315095685001,-0.309712944996,
    1.305102223929));
#3093 = CARTESIAN_POINT('',(3.299020928634,-0.357937214099,
    1.386485444309));
#3094 = CARTESIAN_POINT('',(3.284123190014,-0.402630429957,
    1.466392930274));
#3095 = CARTESIAN_POINT('',(3.270757462125,-0.442727613625,
    1.545006004903));
#3096 = CARTESIAN_POINT('',(3.259216095774,-0.477351712678,
    1.622289394574));
#3097 = CARTESIAN_POINT('',(3.24978232364,-0.505653029081,1.698415799966
    ));
#3098 = CARTESIAN_POINT('',(3.24259689882,-0.527209303541,1.773151730992
    ));
#3099 = CARTESIAN_POINT('',(3.237629490101,-0.542111529697,
    1.847303232323));
#3100 = CARTESIAN_POINT('',(3.235,-0.55,1.922357575758));
#3101 = CARTESIAN_POINT('',(3.235,-0.55,2.));
#3102 = ADVANCED_FACE('',(#3103),#3114,.F.);
#3103 = FACE_BOUND('',#3104,.F.);
#3104 = EDGE_LOOP('',(#3105,#3106,#3112,#3113));
#3105 = ORIENTED_EDGE('',*,*,#3035,.F.);
#3106 = ORIENTED_EDGE('',*,*,#3107,.T.);
#3107 = EDGE_CURVE('',#3028,#2947,#3108,.T.);
#3108 = LINE('',#3109,#3110);
#3109 = CARTESIAN_POINT('',(3.489,0.212,-8.881784197001E-16));
#3110 = VECTOR('',#3111,1.);
#3111 = DIRECTION('',(1.7E-16,-1.,3.E-16));
#3112 = ORIENTED_EDGE('',*,*,#2946,.T.);
#3113 = ORIENTED_EDGE('',*,*,#2507,.F.);
#3114 = B_SPLINE_SURFACE_WITH_KNOTS('',1,11,(
    (#3115,#3116,#3117,#3118,#3119,#3120,#3121,#3122,#3123,#3124,#3125
      ,#3126,#3127,#3128,#3129,#3130,#3131,#3132,#3133,#3134,#3135)
    ,(#3136,#3137,#3138,#3139,#3140,#3141,#3142,#3143,#3144,#3145,#3146
      ,#3147,#3148,#3149,#3150,#3151,#3152,#3153,#3154,#3155,#3156
  )),.UNSPECIFIED.,.F.,.F.,.F.,(2,2),(12,9,12),(0.,0.4),(0.,0.5,1.),
  .UNSPECIFIED.);
#3115 = CARTESIAN_POINT('',(3.489,0.212,-4.440892098501E-16));
#3116 = CARTESIAN_POINT('',(3.489,0.212,0.126903030303));
#3117 = CARTESIAN_POINT('',(3.484702217374,0.199106652121,0.249575959596
    ));
#3118 = CARTESIAN_POINT('',(3.476584777608,0.174754332823,0.367091124931
    ));
#3119 = CARTESIAN_POINT('',(3.465297475154,0.140892425464,0.47871883027)
  );
#3120 = CARTESIAN_POINT('',(3.451640338199,9.99210145955E-02,
    0.584410606693));
#3121 = CARTESIAN_POINT('',(3.436242310609,5.372693182875E-02,
    0.685157520057));
#3122 = CARTESIAN_POINT('',(3.419589856682,3.769570044085E-03,
    0.781544445424));
#3123 = CARTESIAN_POINT('',(3.402160322573,-4.851903228118E-02,
    0.874364232189));
#3124 = CARTESIAN_POINT('',(3.384368412274,-0.101894763178,0.96419313302
    ));
#3125 = CARTESIAN_POINT('',(3.34887379095,-0.20837862715,1.138871387567)
  );
#3126 = CARTESIAN_POINT('',(3.315095685001,-0.309712944996,
    1.305102223929));
#3127 = CARTESIAN_POINT('',(3.299020928634,-0.357937214099,
    1.386485444309));
#3128 = CARTESIAN_POINT('',(3.284123190014,-0.402630429957,
    1.466392930274));
#3129 = CARTESIAN_POINT('',(3.270757462125,-0.442727613625,
    1.545006004903));
#3130 = CARTESIAN_POINT('',(3.259216095774,-0.477351712678,
    1.622289394574));
#3131 = CARTESIAN_POINT('',(3.24978232364,-0.505653029081,1.698415799966
    ));
#3132 = CARTESIAN_POINT('',(3.24259689882,-0.527209303541,1.773151730992
    ));
#3133 = CARTESIAN_POINT('',(3.237629490101,-0.542111529697,
    1.847303232323));
#3134 = CARTESIAN_POINT('',(3.235,-0.55,1.922357575758));
#3135 = CARTESIAN_POINT('',(3.235,-0.55,2.));
#3136 = CARTESIAN_POINT('',(3.489,-0.188,0.));
#3137 = CARTESIAN_POINT('',(3.489,-0.188,8.995757575752E-02));
#3138 = CARTESIAN_POINT('',(3.485953436768,-0.197139689697,
    0.176916565657));
#3139 = CARTESIAN_POINT('',(3.480198520287,-0.214404439139,
    0.261908982988));
#3140 = CARTESIAN_POINT('',(3.471987626058,-0.239037121824,
    0.345867857594));
#3141 = CARTESIAN_POINT('',(3.46149801272,-0.270505961842,0.429385605741
    ));
#3142 = CARTESIAN_POINT('',(3.448992481058,-0.308022556825,
    0.512534876338));
#3143 = CARTESIAN_POINT('',(3.43480507166,-0.350584785021,0.595591413649
    ));
#3144 = CARTESIAN_POINT('',(3.419274384168,-0.397176847496,
    0.678726974816));
#3145 = CARTESIAN_POINT('',(3.402770339318,-0.446688982047,
    0.762221615308));
#3146 = CARTESIAN_POINT('',(3.368563104525,-0.549310686425,
    0.930564306216));
#3147 = CARTESIAN_POINT('',(3.333497612045,-0.654507163866,
    1.103130706217));
#3148 = CARTESIAN_POINT('',(3.316134990229,-0.706595029314,
    1.190848186936));
#3149 = CARTESIAN_POINT('',(3.299338404993,-0.756984785022,
    1.280439898499));
#3150 = CARTESIAN_POINT('',(3.283507632574,-0.804477102279,
    1.372383361185));
#3151 = CARTESIAN_POINT('',(3.269073770295,-0.847778689115,
    1.467264393622));
#3152 = CARTESIAN_POINT('',(3.256472474544,-0.885582576369,1.56556482729
    ));
#3153 = CARTESIAN_POINT('',(3.246210641499,-0.916368075502,
    1.667969589049));
#3154 = CARTESIAN_POINT('',(3.238880709495,-0.938357871515,
    1.774643838384));
#3155 = CARTESIAN_POINT('',(3.235,-0.95,1.885412121212));
#3156 = CARTESIAN_POINT('',(3.235,-0.95,2.));
#3157 = ADVANCED_FACE('',(#3158),#3219,.T.);
#3158 = FACE_BOUND('',#3159,.T.);
#3159 = EDGE_LOOP('',(#3160,#3186,#3194,#3218));
#3160 = ORIENTED_EDGE('',*,*,#3161,.F.);
#3161 = EDGE_CURVE('',#3162,#2523,#3164,.T.);
#3162 = VERTEX_POINT('',#3163);
#3163 = CARTESIAN_POINT('',(4.613,-1.712,1.E-15));
#3164 = B_SPLINE_CURVE_WITH_KNOTS('',11,(#3165,#3166,#3167,#3168,#3169,
    #3170,#3171,#3172,#3173,#3174,#3175,#3176,#3177,#3178,#3179,#3180,
    #3181,#3182,#3183,#3184,#3185),.UNSPECIFIED.,.F.,.F.,(12,9,12),(0.,
    0.5,1.),.UNSPECIFIED.);
#3165 = CARTESIAN_POINT('',(4.613,-1.712,1.7763568394E-15));
#3166 = CARTESIAN_POINT('',(4.613,-1.712,0.10843030303));
#3167 = CARTESIAN_POINT('',(4.605655654142,-1.700983481212,
    0.213246262626));
#3168 = CARTESIAN_POINT('',(4.591783508202,-1.680175262303,
    0.314429850699));
#3169 = CARTESIAN_POINT('',(4.57230161925,-1.650952428876,0.412026507365
    ));
#3170 = CARTESIAN_POINT('',(4.548224672853,-1.614837009279,
    0.506348147047));
#3171 = CARTESIAN_POINT('',(4.520402108629,-1.573103162944,0.59804745766
    ));
#3172 = CARTESIAN_POINT('',(4.489646771092,-1.526970156638,
    0.687529473042));
#3173 = CARTESIAN_POINT('',(4.456758358085,-1.477637537129,0.77532673884
    ));
#3174 = CARTESIAN_POINT('',(4.422513219268,-1.426269828902,
    0.861863030708));
#3175 = CARTESIAN_POINT('',(4.352862187661,-1.321793281491,
    1.033248443127));
#3176 = CARTESIAN_POINT('',(4.283967764723,-1.218451647084,
    1.202772121617));
#3177 = CARTESIAN_POINT('',(4.250479570206,-1.16821935531,1.287447950962
    ));
#3178 = CARTESIAN_POINT('',(4.21871343776,-1.120570156638,1.372377957888
    ));
#3179 = CARTESIAN_POINT('',(4.189432411658,-1.076648617489,
    1.457895942511));
#3180 = CARTESIAN_POINT('',(4.163376188006,-1.037564282007,
    1.544226934922));
#3181 = CARTESIAN_POINT('',(4.141271316219,-1.004406974329,
    1.631723477065));
#3182 = CARTESIAN_POINT('',(4.123807750627,-0.97821162594,1.720490456758
    ));
#3183 = CARTESIAN_POINT('',(4.111510199596,-0.959765299394,
    1.810973535354));
#3184 = CARTESIAN_POINT('',(4.105,-0.95,1.903884848485));
#3185 = CARTESIAN_POINT('',(4.105,-0.95,2.));
#3186 = ORIENTED_EDGE('',*,*,#3187,.T.);
#3187 = EDGE_CURVE('',#3162,#3188,#3190,.T.);
#3188 = VERTEX_POINT('',#3189);
#3189 = CARTESIAN_POINT('',(5.013,-1.712,1.E-15));
#3190 = LINE('',#3191,#3192);
#3191 = CARTESIAN_POINT('',(4.613,-1.712,8.881784197001E-16));
#3192 = VECTOR('',#3193,1.);
#3193 = DIRECTION('',(1.,1.1E-16,8.9E-16));
#3194 = ORIENTED_EDGE('',*,*,#3195,.T.);
#3195 = EDGE_CURVE('',#3188,#2531,#3196,.T.);
#3196 = B_SPLINE_CURVE_WITH_KNOTS('',11,(#3197,#3198,#3199,#3200,#3201,
    #3202,#3203,#3204,#3205,#3206,#3207,#3208,#3209,#3210,#3211,#3212,
    #3213,#3214,#3215,#3216,#3217),.UNSPECIFIED.,.F.,.F.,(12,9,12),(0.,
    0.5,1.),.UNSPECIFIED.);
#3197 = CARTESIAN_POINT('',(5.013,-1.712,8.881784197001E-16));
#3198 = CARTESIAN_POINT('',(5.013,-1.712,0.133060606061));
#3199 = CARTESIAN_POINT('',(5.003987361616,-1.698481042424,
    0.261685858585));
#3200 = CARTESIAN_POINT('',(4.986966025859,-1.672949038789,0.38427046561
    ));
#3201 = CARTESIAN_POINT('',(4.96344749019,-1.637671235284,0.499526476229
    ));
#3202 = CARTESIAN_POINT('',(4.935426394568,-1.595639591852,
    0.607498310979));
#3203 = CARTESIAN_POINT('',(4.904071149206,-1.548606723809,
    0.709934258008));
#3204 = CARTESIAN_POINT('',(4.870367188793,-1.49805078319,0.807344334899
    ));
#3205 = CARTESIAN_POINT('',(4.83523421467,-1.445351322006,0.900876118445
    ));
#3206 = CARTESIAN_POINT('',(4.79947518725,-1.391712780875,0.991133335358
    ));
#3207 = CARTESIAN_POINT('',(4.728310938304,-1.284966407457,
    1.166242215638));
#3208 = CARTESIAN_POINT('',(4.660929732704,-1.183894599057,
    1.332042426267));
#3209 = CARTESIAN_POINT('',(4.628955426791,-1.135933140187,
    1.412997330567));
#3210 = CARTESIAN_POINT('',(4.59943385546,-1.09165078319,1.492192819746)
  );
#3211 = CARTESIAN_POINT('',(4.573101452235,-1.052152178354,
    1.569782742859));
#3212 = CARTESIAN_POINT('',(4.55057790972,-1.01836686458,1.645377098855)
  );
#3213 = CARTESIAN_POINT('',(4.532417187158,-0.991125780738,
    1.719223445928));
#3214 = CARTESIAN_POINT('',(4.518990268284,-0.970985402426,
    1.790331071669));
#3215 = CARTESIAN_POINT('',(4.509841907071,-0.957262860606,
    1.859413131313));
#3216 = CARTESIAN_POINT('',(4.505,-0.95,1.928515151515));
#3217 = CARTESIAN_POINT('',(4.505,-0.95,2.));
#3218 = ORIENTED_EDGE('',*,*,#2530,.F.);
#3219 = B_SPLINE_SURFACE_WITH_KNOTS('',1,11,(
    (#3220,#3221,#3222,#3223,#3224,#3225,#3226,#3227,#3228,#3229,#3230
      ,#3231,#3232,#3233,#3234,#3235,#3236,#3237,#3238,#3239,#3240)
    ,(#3241,#3242,#3243,#3244,#3245,#3246,#3247,#3248,#3249,#3250,#3251
      ,#3252,#3253,#3254,#3255,#3256,#3257,#3258,#3259,#3260,#3261
  )),.UNSPECIFIED.,.F.,.F.,.F.,(2,2),(12,9,12),(0.,0.4),(0.,0.5,1.),
  .UNSPECIFIED.);
#3220 = CARTESIAN_POINT('',(4.613,-1.712,1.7763568394E-15));
#3221 = CARTESIAN_POINT('',(4.613,-1.712,0.10843030303));
#3222 = CARTESIAN_POINT('',(4.605655654142,-1.700983481212,
    0.213246262626));
#3223 = CARTESIAN_POINT('',(4.591783508202,-1.680175262303,
    0.314429850699));
#3224 = CARTESIAN_POINT('',(4.57230161925,-1.650952428876,0.412026507365
    ));
#3225 = CARTESIAN_POINT('',(4.548224672853,-1.614837009279,
    0.506348147047));
#3226 = CARTESIAN_POINT('',(4.520402108629,-1.573103162944,0.59804745766
    ));
#3227 = CARTESIAN_POINT('',(4.489646771092,-1.526970156638,
    0.687529473042));
#3228 = CARTESIAN_POINT('',(4.456758358085,-1.477637537129,0.77532673884
    ));
#3229 = CARTESIAN_POINT('',(4.422513219268,-1.426269828902,
    0.861863030708));
#3230 = CARTESIAN_POINT('',(4.352862187661,-1.321793281491,
    1.033248443127));
#3231 = CARTESIAN_POINT('',(4.283967764723,-1.218451647084,
    1.202772121617));
#3232 = CARTESIAN_POINT('',(4.250479570206,-1.16821935531,1.287447950962
    ));
#3233 = CARTESIAN_POINT('',(4.21871343776,-1.120570156638,1.372377957888
    ));
#3234 = CARTESIAN_POINT('',(4.189432411658,-1.076648617489,
    1.457895942511));
#3235 = CARTESIAN_POINT('',(4.163376188006,-1.037564282007,
    1.544226934922));
#3236 = CARTESIAN_POINT('',(4.141271316219,-1.004406974329,
    1.631723477065));
#3237 = CARTESIAN_POINT('',(4.123807750627,-0.97821162594,1.720490456758
    ));
#3238 = CARTESIAN_POINT('',(4.111510199596,-0.959765299394,
    1.810973535354));
#3239 = CARTESIAN_POINT('',(4.105,-0.95,1.903884848485));
#3240 = CARTESIAN_POINT('',(4.105,-0.95,2.));
#3241 = CARTESIAN_POINT('',(5.013,-1.712,8.881784197001E-16));
#3242 = CARTESIAN_POINT('',(5.013,-1.712,0.133060606061));
#3243 = CARTESIAN_POINT('',(5.003987361616,-1.698481042424,
    0.261685858585));
#3244 = CARTESIAN_POINT('',(4.986966025859,-1.672949038789,0.38427046561
    ));
#3245 = CARTESIAN_POINT('',(4.96344749019,-1.637671235284,0.499526476229
    ));
#3246 = CARTESIAN_POINT('',(4.935426394568,-1.595639591852,
    0.607498310979));
#3247 = CARTESIAN_POINT('',(4.904071149206,-1.548606723809,
    0.709934258008));
#3248 = CARTESIAN_POINT('',(4.870367188793,-1.49805078319,0.807344334899
    ));
#3249 = CARTESIAN_POINT('',(4.83523421467,-1.445351322006,0.900876118445
    ));
#3250 = CARTESIAN_POINT('',(4.79947518725,-1.391712780875,0.991133335358
    ));
#3251 = CARTESIAN_POINT('',(4.728310938304,-1.284966407457,
    1.166242215638));
#3252 = CARTESIAN_POINT('',(4.660929732704,-1.183894599057,
    1.332042426267));
#3253 = CARTESIAN_POINT('',(4.628955426791,-1.135933140187,
    1.412997330567));
#3254 = CARTESIAN_POINT('',(4.59943385546,-1.09165078319,1.492192819746)
  );
#3255 = CARTESIAN_POINT('',(4.573101452235,-1.052152178354,
    1.569782742859));
#3256 = CARTESIAN_POINT('',(4.55057790972,-1.01836686458,1.645377098855)
  );
#3257 = CARTESIAN_POINT('',(4.532417187158,-0.991125780738,
    1.719223445928));
#3258 = CARTESIAN_POINT('',(4.518990268284,-0.970985402426,
    1.790331071669));
#3259 = CARTESIAN_POINT('',(4.509841907071,-0.957262860606,
    1.859413131313));
#3260 = CARTESIAN_POINT('',(4.505,-0.95,1.928515151515));
#3261 = CARTESIAN_POINT('',(4.505,-0.95,2.));
#3262 = ADVANCED_FACE('',(#3263),#3299,.T.);
#3263 = FACE_BOUND('',#3264,.T.);
#3264 = EDGE_LOOP('',(#3265,#3266,#3274,#3298));
#3265 = ORIENTED_EDGE('',*,*,#3195,.F.);
#3266 = ORIENTED_EDGE('',*,*,#3267,.T.);
#3267 = EDGE_CURVE('',#3188,#3268,#3270,.T.);
#3268 = VERTEX_POINT('',#3269);
#3269 = CARTESIAN_POINT('',(5.013,-1.312,1.E-15));
#3270 = LINE('',#3271,#3272);
#3271 = CARTESIAN_POINT('',(5.013,-1.712,8.881784197001E-16));
#3272 = VECTOR('',#3273,1.);
#3273 = DIRECTION('',(-1.1E-16,1.,-1.18E-15));
#3274 = ORIENTED_EDGE('',*,*,#3275,.T.);
#3275 = EDGE_CURVE('',#3268,#2554,#3276,.T.);
#3276 = B_SPLINE_CURVE_WITH_KNOTS('',11,(#3277,#3278,#3279,#3280,#3281,
    #3282,#3283,#3284,#3285,#3286,#3287,#3288,#3289,#3290,#3291,#3292,
    #3293,#3294,#3295,#3296,#3297),.UNSPECIFIED.,.F.,.F.,(12,9,12),(0.,
    0.5,1.),.UNSPECIFIED.);
#3277 = CARTESIAN_POINT('',(5.013,-1.312,8.881784197001E-16));
#3278 = CARTESIAN_POINT('',(5.013,-1.312,9.611515151532E-02));
#3279 = CARTESIAN_POINT('',(5.006489800404,-1.302234700606,
    0.189026464646));
#3280 = CARTESIAN_POINT('',(4.994192249373,-1.28378837406,0.279509543243
    ));
#3281 = CARTESIAN_POINT('',(4.976728683782,-1.257593025671,
    0.368276522934));
#3282 = CARTESIAN_POINT('',(4.954623811994,-1.224435717993,
    0.455773065079));
#3283 = CARTESIAN_POINT('',(4.928567588342,-1.185351382511,
    0.542104057487));
#3284 = CARTESIAN_POINT('',(4.89928656224,-1.141429843362,0.627622042112
    ));
#3285 = CARTESIAN_POINT('',(4.867520429794,-1.09378064469,0.712552049038
    ));
#3286 = CARTESIAN_POINT('',(4.834032235277,-1.043548352916,
    0.797227878383));
#3287 = CARTESIAN_POINT('',(4.765137812339,-0.940206718509,
    0.966751556873));
#3288 = CARTESIAN_POINT('',(4.695486780732,-0.835730171098,
    1.138136969292));
#3289 = CARTESIAN_POINT('',(4.661241641914,-0.784362462872,1.22467326116
    ));
#3290 = CARTESIAN_POINT('',(4.628353228908,-0.735029843362,
    1.312470526959));
#3291 = CARTESIAN_POINT('',(4.597597891371,-0.688896837057,
    1.401952542339));
#3292 = CARTESIAN_POINT('',(4.569775327147,-0.64716299072,1.493651852955
    ));
#3293 = CARTESIAN_POINT('',(4.54569838075,-0.611047571125,1.587973492634
    ));
#3294 = CARTESIAN_POINT('',(4.526216491798,-0.581824737697,
    1.685570149302));
#3295 = CARTESIAN_POINT('',(4.512344345859,-0.561016518788,
    1.786753737374));
#3296 = CARTESIAN_POINT('',(4.505,-0.55,1.89156969697));
#3297 = CARTESIAN_POINT('',(4.505,-0.55,2.));
#3298 = ORIENTED_EDGE('',*,*,#2553,.F.);
#3299 = B_SPLINE_SURFACE_WITH_KNOTS('',1,11,(
    (#3300,#3301,#3302,#3303,#3304,#3305,#3306,#3307,#3308,#3309,#3310
      ,#3311,#3312,#3313,#3314,#3315,#3316,#3317,#3318,#3319,#3320)
    ,(#3321,#3322,#3323,#3324,#3325,#3326,#3327,#3328,#3329,#3330,#3331
      ,#3332,#3333,#3334,#3335,#3336,#3337,#3338,#3339,#3340,#3341
  )),.UNSPECIFIED.,.F.,.F.,.F.,(2,2),(12,9,12),(0.,0.4),(0.,0.5,1.),
  .UNSPECIFIED.);
#3300 = CARTESIAN_POINT('',(5.013,-1.712,8.881784197001E-16));
#3301 = CARTESIAN_POINT('',(5.013,-1.712,0.133060606061));
#3302 = CARTESIAN_POINT('',(5.003987361616,-1.698481042424,
    0.261685858585));
#3303 = CARTESIAN_POINT('',(4.986966025859,-1.672949038789,0.38427046561
    ));
#3304 = CARTESIAN_POINT('',(4.963447490189,-1.637671235284,
    0.499526476228));
#3305 = CARTESIAN_POINT('',(4.935426394568,-1.595639591852,0.60749831098
    ));
#3306 = CARTESIAN_POINT('',(4.904071149205,-1.548606723809,
    0.709934258007));
#3307 = CARTESIAN_POINT('',(4.870367188794,-1.49805078319,0.807344334899
    ));
#3308 = CARTESIAN_POINT('',(4.83523421467,-1.445351322006,0.900876118445
    ));
#3309 = CARTESIAN_POINT('',(4.79947518725,-1.391712780875,0.991133335358
    ));
#3310 = CARTESIAN_POINT('',(4.728310938304,-1.284966407457,
    1.166242215637));
#3311 = CARTESIAN_POINT('',(4.660929732705,-1.183894599057,
    1.332042426267));
#3312 = CARTESIAN_POINT('',(4.628955426791,-1.135933140187,
    1.412997330567));
#3313 = CARTESIAN_POINT('',(4.599433855461,-1.09165078319,1.492192819746
    ));
#3314 = CARTESIAN_POINT('',(4.573101452235,-1.052152178354,
    1.569782742859));
#3315 = CARTESIAN_POINT('',(4.550577909721,-1.01836686458,1.645377098855
    ));
#3316 = CARTESIAN_POINT('',(4.532417187158,-0.991125780738,
    1.719223445928));
#3317 = CARTESIAN_POINT('',(4.518990268284,-0.970985402426,
    1.790331071669));
#3318 = CARTESIAN_POINT('',(4.50984190707,-0.957262860606,1.859413131313
    ));
#3319 = CARTESIAN_POINT('',(4.505,-0.95,1.928515151515));
#3320 = CARTESIAN_POINT('',(4.505,-0.95,2.));
#3321 = CARTESIAN_POINT('',(5.013,-1.312,8.881784197001E-16));
#3322 = CARTESIAN_POINT('',(5.013,-1.312,9.611515151532E-02));
#3323 = CARTESIAN_POINT('',(5.006489800404,-1.302234700606,
    0.189026464646));
#3324 = CARTESIAN_POINT('',(4.994192249373,-1.28378837406,0.279509543243
    ));
#3325 = CARTESIAN_POINT('',(4.976728683782,-1.257593025671,
    0.368276522934));
#3326 = CARTESIAN_POINT('',(4.954623811994,-1.224435717993,
    0.455773065079));
#3327 = CARTESIAN_POINT('',(4.928567588342,-1.185351382511,
    0.542104057487));
#3328 = CARTESIAN_POINT('',(4.89928656224,-1.141429843362,0.627622042112
    ));
#3329 = CARTESIAN_POINT('',(4.867520429794,-1.09378064469,0.712552049038
    ));
#3330 = CARTESIAN_POINT('',(4.834032235277,-1.043548352916,
    0.797227878383));
#3331 = CARTESIAN_POINT('',(4.765137812339,-0.940206718509,
    0.966751556873));
#3332 = CARTESIAN_POINT('',(4.695486780732,-0.835730171098,
    1.138136969292));
#3333 = CARTESIAN_POINT('',(4.661241641914,-0.784362462872,1.22467326116
    ));
#3334 = CARTESIAN_POINT('',(4.628353228908,-0.735029843362,
    1.312470526959));
#3335 = CARTESIAN_POINT('',(4.597597891371,-0.688896837057,
    1.401952542339));
#3336 = CARTESIAN_POINT('',(4.569775327147,-0.64716299072,1.493651852955
    ));
#3337 = CARTESIAN_POINT('',(4.54569838075,-0.611047571125,1.587973492634
    ));
#3338 = CARTESIAN_POINT('',(4.526216491798,-0.581824737697,
    1.685570149302));
#3339 = CARTESIAN_POINT('',(4.512344345859,-0.561016518788,
    1.786753737374));
#3340 = CARTESIAN_POINT('',(4.505,-0.55,1.89156969697));
#3341 = CARTESIAN_POINT('',(4.505,-0.55,2.));
#3342 = ADVANCED_FACE('',(#3343),#3379,.T.);
#3343 = FACE_BOUND('',#3344,.T.);
#3344 = EDGE_LOOP('',(#3345,#3346,#3354,#3378));
#3345 = ORIENTED_EDGE('',*,*,#3275,.F.);
#3346 = ORIENTED_EDGE('',*,*,#3347,.T.);
#3347 = EDGE_CURVE('',#3268,#3348,#3350,.T.);
#3348 = VERTEX_POINT('',#3349);
#3349 = CARTESIAN_POINT('',(4.613,-1.312,0.));
#3350 = LINE('',#3351,#3352);
#3351 = CARTESIAN_POINT('',(5.013,-1.312,8.881784197001E-16));
#3352 = VECTOR('',#3353,1.);
#3353 = DIRECTION('',(-1.,-1.1E-16,-8.9E-16));
#3354 = ORIENTED_EDGE('',*,*,#3355,.T.);
#3355 = EDGE_CURVE('',#3348,#2577,#3356,.T.);
#3356 = B_SPLINE_CURVE_WITH_KNOTS('',11,(#3357,#3358,#3359,#3360,#3361,
    #3362,#3363,#3364,#3365,#3366,#3367,#3368,#3369,#3370,#3371,#3372,
    #3373,#3374,#3375,#3376,#3377),.UNSPECIFIED.,.F.,.F.,(12,9,12),(0.,
    0.5,1.),.UNSPECIFIED.);
#3357 = CARTESIAN_POINT('',(4.613,-1.312,0.));
#3358 = CARTESIAN_POINT('',(4.613,-1.312,7.148484848501E-02));
#3359 = CARTESIAN_POINT('',(4.608158092929,-1.304737139394,
    0.140586868686));
#3360 = CARTESIAN_POINT('',(4.599009731716,-1.291014597574,
    0.209668928332));
#3361 = CARTESIAN_POINT('',(4.585582812841,-1.270874219262,
    0.280776554071));
#3362 = CARTESIAN_POINT('',(4.56742209028,-1.24363313542,0.354622901146)
  );
#3363 = CARTESIAN_POINT('',(4.544898547764,-1.209847821646,
    0.430217257141));
#3364 = CARTESIAN_POINT('',(4.51856614454,-1.17034921681,0.507807180254)
  );
#3365 = CARTESIAN_POINT('',(4.489044573208,-1.126066859813,
    0.587002669433));
#3366 = CARTESIAN_POINT('',(4.457070267296,-1.078105400943,
    0.667957573733));
#3367 = CARTESIAN_POINT('',(4.389689061695,-0.977033592543,
    0.833757784363));
#3368 = CARTESIAN_POINT('',(4.31852481275,-0.870287219125,1.008866664642
    ));
#3369 = CARTESIAN_POINT('',(4.282765785329,-0.816648677994,
    1.099123881555));
#3370 = CARTESIAN_POINT('',(4.247632811208,-0.76394921681,1.1926556651)
  );
#3371 = CARTESIAN_POINT('',(4.213928850792,-0.713393276192,
    1.290065741993));
#3372 = CARTESIAN_POINT('',(4.182573605434,-0.666360408148,
    1.392501689021));
#3373 = CARTESIAN_POINT('',(4.15455250981,-0.624328764717,1.500473523771
    ));
#3374 = CARTESIAN_POINT('',(4.131033974141,-0.589050961211,1.61572953439
    ));
#3375 = CARTESIAN_POINT('',(4.114012638383,-0.563518957576,
    1.738314141414));
#3376 = CARTESIAN_POINT('',(4.105,-0.55,1.866939393939));
#3377 = CARTESIAN_POINT('',(4.105,-0.55,2.));
#3378 = ORIENTED_EDGE('',*,*,#2576,.F.);
#3379 = B_SPLINE_SURFACE_WITH_KNOTS('',1,11,(
    (#3380,#3381,#3382,#3383,#3384,#3385,#3386,#3387,#3388,#3389,#3390
      ,#3391,#3392,#3393,#3394,#3395,#3396,#3397,#3398,#3399,#3400)
    ,(#3401,#3402,#3403,#3404,#3405,#3406,#3407,#3408,#3409,#3410,#3411
      ,#3412,#3413,#3414,#3415,#3416,#3417,#3418,#3419,#3420,#3421
  )),.UNSPECIFIED.,.F.,.F.,.F.,(2,2),(12,9,12),(0.,0.4),(0.,0.5,1.),
  .UNSPECIFIED.);
#3380 = CARTESIAN_POINT('',(5.013,-1.312,8.881784197001E-16));
#3381 = CARTESIAN_POINT('',(5.013,-1.312,9.611515151532E-02));
#3382 = CARTESIAN_POINT('',(5.006489800404,-1.302234700606,
    0.189026464646));
#3383 = CARTESIAN_POINT('',(4.994192249373,-1.28378837406,0.279509543243
    ));
#3384 = CARTESIAN_POINT('',(4.976728683782,-1.257593025671,
    0.368276522934));
#3385 = CARTESIAN_POINT('',(4.954623811994,-1.224435717993,
    0.455773065079));
#3386 = CARTESIAN_POINT('',(4.928567588342,-1.185351382511,
    0.542104057487));
#3387 = CARTESIAN_POINT('',(4.89928656224,-1.141429843362,0.627622042112
    ));
#3388 = CARTESIAN_POINT('',(4.867520429794,-1.09378064469,0.712552049038
    ));
#3389 = CARTESIAN_POINT('',(4.834032235277,-1.043548352916,
    0.797227878383));
#3390 = CARTESIAN_POINT('',(4.765137812339,-0.940206718509,
    0.966751556873));
#3391 = CARTESIAN_POINT('',(4.695486780732,-0.835730171098,
    1.138136969292));
#3392 = CARTESIAN_POINT('',(4.661241641914,-0.784362462872,1.22467326116
    ));
#3393 = CARTESIAN_POINT('',(4.628353228909,-0.735029843362,
    1.312470526959));
#3394 = CARTESIAN_POINT('',(4.59759789137,-0.688896837057,1.401952542339
    ));
#3395 = CARTESIAN_POINT('',(4.569775327148,-0.64716299072,1.493651852954
    ));
#3396 = CARTESIAN_POINT('',(4.54569838075,-0.611047571125,1.587973492634
    ));
#3397 = CARTESIAN_POINT('',(4.526216491798,-0.581824737697,
    1.685570149302));
#3398 = CARTESIAN_POINT('',(4.512344345858,-0.561016518788,
    1.786753737374));
#3399 = CARTESIAN_POINT('',(4.505,-0.55,1.89156969697));
#3400 = CARTESIAN_POINT('',(4.505,-0.55,2.));
#3401 = CARTESIAN_POINT('',(4.613,-1.312,0.));
#3402 = CARTESIAN_POINT('',(4.613,-1.312,7.148484848501E-02));
#3403 = CARTESIAN_POINT('',(4.608158092929,-1.304737139394,
    0.140586868686));
#3404 = CARTESIAN_POINT('',(4.599009731716,-1.291014597574,
    0.209668928332));
#3405 = CARTESIAN_POINT('',(4.585582812841,-1.270874219262,
    0.280776554071));
#3406 = CARTESIAN_POINT('',(4.56742209028,-1.24363313542,0.354622901146)
  );
#3407 = CARTESIAN_POINT('',(4.544898547764,-1.209847821646,
    0.430217257141));
#3408 = CARTESIAN_POINT('',(4.51856614454,-1.17034921681,0.507807180254)
  );
#3409 = CARTESIAN_POINT('',(4.489044573208,-1.126066859813,
    0.587002669433));
#3410 = CARTESIAN_POINT('',(4.457070267296,-1.078105400943,
    0.667957573733));
#3411 = CARTESIAN_POINT('',(4.389689061695,-0.977033592543,
    0.833757784363));
#3412 = CARTESIAN_POINT('',(4.31852481275,-0.870287219125,1.008866664642
    ));
#3413 = CARTESIAN_POINT('',(4.282765785329,-0.816648677994,
    1.099123881555));
#3414 = CARTESIAN_POINT('',(4.247632811208,-0.76394921681,1.1926556651)
  );
#3415 = CARTESIAN_POINT('',(4.213928850792,-0.713393276192,
    1.290065741993));
#3416 = CARTESIAN_POINT('',(4.182573605434,-0.666360408148,
    1.392501689021));
#3417 = CARTESIAN_POINT('',(4.15455250981,-0.624328764717,1.500473523771
    ));
#3418 = CARTESIAN_POINT('',(4.131033974141,-0.589050961211,1.61572953439
    ));
#3419 = CARTESIAN_POINT('',(4.114012638383,-0.563518957576,
    1.738314141414));
#3420 = CARTESIAN_POINT('',(4.105,-0.55,1.866939393939));
#3421 = CARTESIAN_POINT('',(4.105,-0.55,2.));
#3422 = ADVANCED_FACE('',(#3423),#3434,.T.);
#3423 = FACE_BOUND('',#3424,.T.);
#3424 = EDGE_LOOP('',(#3425,#3426,#3432,#3433));
#3425 = ORIENTED_EDGE('',*,*,#3355,.F.);
#3426 = ORIENTED_EDGE('',*,*,#3427,.T.);
#3427 = EDGE_CURVE('',#3348,#3162,#3428,.T.);
#3428 = LINE('',#3429,#3430);
#3429 = CARTESIAN_POINT('',(4.613,-1.312,8.881784197001E-16));
#3430 = VECTOR('',#3431,1.);
#3431 = DIRECTION('',(1.1E-16,-1.,1.18E-15));
#3432 = ORIENTED_EDGE('',*,*,#3161,.T.);
#3433 = ORIENTED_EDGE('',*,*,#2599,.F.);
#3434 = B_SPLINE_SURFACE_WITH_KNOTS('',1,11,(
    (#3435,#3436,#3437,#3438,#3439,#3440,#3441,#3442,#3443,#3444,#3445
      ,#3446,#3447,#3448,#3449,#3450,#3451,#3452,#3453,#3454,#3455)
    ,(#3456,#3457,#3458,#3459,#3460,#3461,#3462,#3463,#3464,#3465,#3466
      ,#3467,#3468,#3469,#3470,#3471,#3472,#3473,#3474,#3475,#3476
  )),.UNSPECIFIED.,.F.,.F.,.F.,(2,2),(12,9,12),(0.,0.4),(0.,0.5,1.),
  .UNSPECIFIED.);
#3435 = CARTESIAN_POINT('',(4.613,-1.312,0.));
#3436 = CARTESIAN_POINT('',(4.613,-1.312,7.148484848501E-02));
#3437 = CARTESIAN_POINT('',(4.60815809293,-1.304737139394,0.140586868686
    ));
#3438 = CARTESIAN_POINT('',(4.599009731716,-1.291014597574,
    0.209668928332));
#3439 = CARTESIAN_POINT('',(4.585582812842,-1.270874219262,
    0.280776554071));
#3440 = CARTESIAN_POINT('',(4.56742209028,-1.24363313542,0.354622901146)
  );
#3441 = CARTESIAN_POINT('',(4.544898547765,-1.209847821646,
    0.430217257141));
#3442 = CARTESIAN_POINT('',(4.51856614454,-1.17034921681,0.507807180254)
  );
#3443 = CARTESIAN_POINT('',(4.489044573208,-1.126066859813,
    0.587002669433));
#3444 = CARTESIAN_POINT('',(4.457070267296,-1.078105400943,
    0.667957573733));
#3445 = CARTESIAN_POINT('',(4.389689061695,-0.977033592543,
    0.833757784363));
#3446 = CARTESIAN_POINT('',(4.31852481275,-0.870287219125,1.008866664642
    ));
#3447 = CARTESIAN_POINT('',(4.282765785329,-0.816648677994,
    1.099123881555));
#3448 = CARTESIAN_POINT('',(4.247632811208,-0.76394921681,1.1926556651)
  );
#3449 = CARTESIAN_POINT('',(4.213928850793,-0.713393276192,
    1.290065741993));
#3450 = CARTESIAN_POINT('',(4.182573605434,-0.666360408148,
    1.392501689021));
#3451 = CARTESIAN_POINT('',(4.15455250981,-0.624328764717,1.500473523771
    ));
#3452 = CARTESIAN_POINT('',(4.131033974141,-0.589050961211,1.61572953439
    ));
#3453 = CARTESIAN_POINT('',(4.114012638384,-0.563518957576,
    1.738314141414));
#3454 = CARTESIAN_POINT('',(4.105,-0.55,1.866939393939));
#3455 = CARTESIAN_POINT('',(4.105,-0.55,2.));
#3456 = CARTESIAN_POINT('',(4.613,-1.712,1.7763568394E-15));
#3457 = CARTESIAN_POINT('',(4.613,-1.712,0.10843030303));
#3458 = CARTESIAN_POINT('',(4.605655654142,-1.700983481212,
    0.213246262626));
#3459 = CARTESIAN_POINT('',(4.591783508202,-1.680175262303,
    0.314429850699));
#3460 = CARTESIAN_POINT('',(4.57230161925,-1.650952428876,0.412026507365
    ));
#3461 = CARTESIAN_POINT('',(4.548224672853,-1.614837009279,
    0.506348147047));
#3462 = CARTESIAN_POINT('',(4.520402108629,-1.573103162944,0.59804745766
    ));
#3463 = CARTESIAN_POINT('',(4.489646771092,-1.526970156638,
    0.687529473042));
#3464 = CARTESIAN_POINT('',(4.456758358085,-1.477637537129,0.77532673884
    ));
#3465 = CARTESIAN_POINT('',(4.422513219268,-1.426269828902,
    0.861863030708));
#3466 = CARTESIAN_POINT('',(4.352862187661,-1.321793281491,
    1.033248443127));
#3467 = CARTESIAN_POINT('',(4.283967764723,-1.218451647084,
    1.202772121617));
#3468 = CARTESIAN_POINT('',(4.250479570206,-1.16821935531,1.287447950962
    ));
#3469 = CARTESIAN_POINT('',(4.21871343776,-1.120570156638,1.372377957888
    ));
#3470 = CARTESIAN_POINT('',(4.189432411658,-1.076648617489,
    1.457895942511));
#3471 = CARTESIAN_POINT('',(4.163376188006,-1.037564282007,
    1.544226934922));
#3472 = CARTESIAN_POINT('',(4.141271316219,-1.004406974329,
    1.631723477065));
#3473 = CARTESIAN_POINT('',(4.123807750627,-0.97821162594,1.720490456758
    ));
#3474 = CARTESIAN_POINT('',(4.111510199596,-0.959765299394,
    1.810973535354));
#3475 = CARTESIAN_POINT('',(4.105,-0.95,1.903884848485));
#3476 = CARTESIAN_POINT('',(4.105,-0.95,2.));
#3477 = ADVANCED_FACE('',(#3478),#3538,.F.);
#3478 = FACE_BOUND('',#3479,.F.);
#3479 = EDGE_LOOP('',(#3480,#3506,#3507,#3533));
#3480 = ORIENTED_EDGE('',*,*,#3481,.F.);
#3481 = EDGE_CURVE('',#2615,#3482,#3484,.T.);
#3482 = VERTEX_POINT('',#3483);
#3483 = CARTESIAN_POINT('',(-0.213,-0.188,-1.E-15));
#3484 = B_SPLINE_CURVE_WITH_KNOTS('',11,(#3485,#3486,#3487,#3488,#3489,
    #3490,#3491,#3492,#3493,#3494,#3495,#3496,#3497,#3498,#3499,#3500,
    #3501,#3502,#3503,#3504,#3505),.UNSPECIFIED.,.F.,.F.,(12,9,12),(0.,
    0.5,1.),.UNSPECIFIED.);
#3485 = CARTESIAN_POINT('',(0.295,-0.95,2.));
#3486 = CARTESIAN_POINT('',(0.295,-0.95,1.89156969697));
#3487 = CARTESIAN_POINT('',(0.287655654142,-0.938983481212,
    1.786753737374));
#3488 = CARTESIAN_POINT('',(0.273783508201,-0.918175262303,
    1.685570149302));
#3489 = CARTESIAN_POINT('',(0.254301619252,-0.888952428875,
    1.587973492634));
#3490 = CARTESIAN_POINT('',(0.23022467285,-0.85283700928,1.493651852954)
  );
#3491 = CARTESIAN_POINT('',(0.202402108632,-0.811103162943,1.40195254234
    ));
#3492 = CARTESIAN_POINT('',(0.17164677109,-0.764970156638,1.312470526958
    ));
#3493 = CARTESIAN_POINT('',(0.138758358086,-0.715637537128,1.22467326116
    ));
#3494 = CARTESIAN_POINT('',(0.104513219268,-0.664269828902,
    1.138136969292));
#3495 = CARTESIAN_POINT('',(3.4862187661E-02,-0.559793281491,
    0.966751556873));
#3496 = CARTESIAN_POINT('',(-3.403223527733E-02,-0.456451647084,
    0.797227878383));
#3497 = CARTESIAN_POINT('',(-6.752042979325E-02,-0.40621935531,
    0.712552049038));
#3498 = CARTESIAN_POINT('',(-9.928656224108E-02,-0.358570156638,
    0.627622042111));
#3499 = CARTESIAN_POINT('',(-0.128567588341,-0.314648617489,
    0.542104057489));
#3500 = CARTESIAN_POINT('',(-0.154623811995,-0.275564282007,
    0.455773065077));
#3501 = CARTESIAN_POINT('',(-0.176728683781,-0.242406974329,
    0.368276522936));
#3502 = CARTESIAN_POINT('',(-0.194192249373,-0.21621162594,
    0.279509543242));
#3503 = CARTESIAN_POINT('',(-0.206489800404,-0.197765299394,
    0.189026464647));
#3504 = CARTESIAN_POINT('',(-0.213,-0.188,9.611515151512E-02));
#3505 = CARTESIAN_POINT('',(-0.213,-0.188,-4.440892098501E-16));
#3506 = ORIENTED_EDGE('',*,*,#2631,.T.);
#3507 = ORIENTED_EDGE('',*,*,#3508,.T.);
#3508 = EDGE_CURVE('',#2624,#3509,#3511,.T.);
#3509 = VERTEX_POINT('',#3510);
#3510 = CARTESIAN_POINT('',(0.187,-0.188,-1.E-15));
#3511 = B_SPLINE_CURVE_WITH_KNOTS('',11,(#3512,#3513,#3514,#3515,#3516,
    #3517,#3518,#3519,#3520,#3521,#3522,#3523,#3524,#3525,#3526,#3527,
    #3528,#3529,#3530,#3531,#3532),.UNSPECIFIED.,.F.,.F.,(12,9,12),(0.,
    0.5,1.),.UNSPECIFIED.);
#3512 = CARTESIAN_POINT('',(0.695,-0.95,2.));
#3513 = CARTESIAN_POINT('',(0.695,-0.95,1.866939393939));
#3514 = CARTESIAN_POINT('',(0.685987361616,-0.936481042424,
    1.738314141414));
#3515 = CARTESIAN_POINT('',(0.668966025859,-0.910949038789,
    1.615729534391));
#3516 = CARTESIAN_POINT('',(0.64544749019,-0.875671235283,1.500473523771
    ));
#3517 = CARTESIAN_POINT('',(0.617426394567,-0.833639591852,
    1.392501689021));
#3518 = CARTESIAN_POINT('',(0.586071149207,-0.786606723808,
    1.290065741993));
#3519 = CARTESIAN_POINT('',(0.552367188793,-0.73605078319,1.1926556651)
  );
#3520 = CARTESIAN_POINT('',(0.517234214671,-0.683351322006,
    1.099123881555));
#3521 = CARTESIAN_POINT('',(0.48147518725,-0.629712780875,1.008866664642
    ));
#3522 = CARTESIAN_POINT('',(0.410310938305,-0.522966407457,
    0.833757784363));
#3523 = CARTESIAN_POINT('',(0.342929732704,-0.421894599057,
    0.667957573733));
#3524 = CARTESIAN_POINT('',(0.310955426792,-0.373933140187,
    0.587002669433));
#3525 = CARTESIAN_POINT('',(0.28143385546,-0.32965078319,0.507807180254)
  );
#3526 = CARTESIAN_POINT('',(0.255101452236,-0.290152178354,
    0.430217257141));
#3527 = CARTESIAN_POINT('',(0.23257790972,-0.25636686458,0.354622901145)
  );
#3528 = CARTESIAN_POINT('',(0.214417187159,-0.229125780738,
    0.280776554072));
#3529 = CARTESIAN_POINT('',(0.200990268284,-0.208985402426,
    0.209668928331));
#3530 = CARTESIAN_POINT('',(0.191841907071,-0.195262860606,
    0.140586868687));
#3531 = CARTESIAN_POINT('',(0.187,-0.188,7.148484848487E-02));
#3532 = CARTESIAN_POINT('',(0.187,-0.188,-4.440892098501E-16));
#3533 = ORIENTED_EDGE('',*,*,#3534,.F.);
#3534 = EDGE_CURVE('',#3482,#3509,#3535,.T.);
#3535 = B_SPLINE_CURVE_WITH_KNOTS('',1,(#3536,#3537),.UNSPECIFIED.,.F.,
  .F.,(2,2),(0.,0.4),.PIECEWISE_BEZIER_KNOTS.);
#3536 = CARTESIAN_POINT('',(-0.213,-0.188,-4.440892098501E-16));
#3537 = CARTESIAN_POINT('',(0.187,-0.188,-4.440892098501E-16));
#3538 = B_SPLINE_SURFACE_WITH_KNOTS('',1,11,(
    (#3539,#3540,#3541,#3542,#3543,#3544,#3545,#3546,#3547,#3548,#3549
      ,#3550,#3551,#3552,#3553,#3554,#3555,#3556,#3557,#3558,#3559)
    ,(#3560,#3561,#3562,#3563,#3564,#3565,#3566,#3567,#3568,#3569,#3570
      ,#3571,#3572,#3573,#3574,#3575,#3576,#3577,#3578,#3579,#3580
  )),.UNSPECIFIED.,.F.,.F.,.F.,(2,2),(12,9,12),(0.,0.4),(0.,0.5,1.),
  .UNSPECIFIED.);
#3539 = CARTESIAN_POINT('',(0.295,-0.95,2.));
#3540 = CARTESIAN_POINT('',(0.295,-0.95,1.89156969697));
#3541 = CARTESIAN_POINT('',(0.287655654142,-0.938983481212,
    1.786753737374));
#3542 = CARTESIAN_POINT('',(0.273783508201,-0.918175262303,
    1.685570149302));
#3543 = CARTESIAN_POINT('',(0.254301619252,-0.888952428875,
    1.587973492634));
#3544 = CARTESIAN_POINT('',(0.23022467285,-0.85283700928,1.493651852954)
  );
#3545 = CARTESIAN_POINT('',(0.202402108632,-0.811103162943,1.40195254234
    ));
#3546 = CARTESIAN_POINT('',(0.17164677109,-0.764970156638,1.312470526958
    ));
#3547 = CARTESIAN_POINT('',(0.138758358086,-0.715637537128,1.22467326116
    ));
#3548 = CARTESIAN_POINT('',(0.104513219268,-0.664269828902,
    1.138136969292));
#3549 = CARTESIAN_POINT('',(3.4862187661E-02,-0.559793281491,
    0.966751556873));
#3550 = CARTESIAN_POINT('',(-3.403223527733E-02,-0.456451647084,
    0.797227878383));
#3551 = CARTESIAN_POINT('',(-6.752042979325E-02,-0.40621935531,
    0.712552049038));
#3552 = CARTESIAN_POINT('',(-9.928656224108E-02,-0.358570156638,
    0.627622042111));
#3553 = CARTESIAN_POINT('',(-0.128567588341,-0.314648617489,
    0.542104057489));
#3554 = CARTESIAN_POINT('',(-0.154623811995,-0.275564282007,
    0.455773065077));
#3555 = CARTESIAN_POINT('',(-0.176728683781,-0.242406974329,
    0.368276522936));
#3556 = CARTESIAN_POINT('',(-0.194192249373,-0.21621162594,
    0.279509543242));
#3557 = CARTESIAN_POINT('',(-0.206489800404,-0.197765299394,
    0.189026464647));
#3558 = CARTESIAN_POINT('',(-0.213,-0.188,9.611515151512E-02));
#3559 = CARTESIAN_POINT('',(-0.213,-0.188,-4.440892098501E-16));
#3560 = CARTESIAN_POINT('',(0.695,-0.95,2.));
#3561 = CARTESIAN_POINT('',(0.695,-0.95,1.866939393939));
#3562 = CARTESIAN_POINT('',(0.685987361616,-0.936481042424,
    1.738314141414));
#3563 = CARTESIAN_POINT('',(0.668966025859,-0.910949038789,
    1.615729534391));
#3564 = CARTESIAN_POINT('',(0.64544749019,-0.875671235283,1.500473523771
    ));
#3565 = CARTESIAN_POINT('',(0.617426394567,-0.833639591852,
    1.392501689021));
#3566 = CARTESIAN_POINT('',(0.586071149207,-0.786606723808,
    1.290065741993));
#3567 = CARTESIAN_POINT('',(0.552367188793,-0.73605078319,1.1926556651)
  );
#3568 = CARTESIAN_POINT('',(0.517234214671,-0.683351322006,
    1.099123881555));
#3569 = CARTESIAN_POINT('',(0.48147518725,-0.629712780875,1.008866664642
    ));
#3570 = CARTESIAN_POINT('',(0.410310938305,-0.522966407457,
    0.833757784363));
#3571 = CARTESIAN_POINT('',(0.342929732704,-0.421894599057,
    0.667957573733));
#3572 = CARTESIAN_POINT('',(0.310955426792,-0.373933140187,
    0.587002669433));
#3573 = CARTESIAN_POINT('',(0.28143385546,-0.32965078319,0.507807180254)
  );
#3574 = CARTESIAN_POINT('',(0.255101452236,-0.290152178354,
    0.430217257141));
#3575 = CARTESIAN_POINT('',(0.23257790972,-0.25636686458,0.354622901145)
  );
#3576 = CARTESIAN_POINT('',(0.214417187159,-0.229125780738,
    0.280776554072));
#3577 = CARTESIAN_POINT('',(0.200990268284,-0.208985402426,
    0.209668928331));
#3578 = CARTESIAN_POINT('',(0.191841907071,-0.195262860606,
    0.140586868687));
#3579 = CARTESIAN_POINT('',(0.187,-0.188,7.148484848487E-02));
#3580 = CARTESIAN_POINT('',(0.187,-0.188,-4.440892098501E-16));
#3581 = ADVANCED_FACE('',(#3582),#3617,.F.);
#3582 = FACE_BOUND('',#3583,.F.);
#3583 = EDGE_LOOP('',(#3584,#3610,#3611,#3612));
#3584 = ORIENTED_EDGE('',*,*,#3585,.F.);
#3585 = EDGE_CURVE('',#2646,#3586,#3588,.T.);
#3586 = VERTEX_POINT('',#3587);
#3587 = CARTESIAN_POINT('',(-0.213,0.212,-1.E-15));
#3588 = B_SPLINE_CURVE_WITH_KNOTS('',11,(#3589,#3590,#3591,#3592,#3593,
    #3594,#3595,#3596,#3597,#3598,#3599,#3600,#3601,#3602,#3603,#3604,
    #3605,#3606,#3607,#3608,#3609),.UNSPECIFIED.,.F.,.F.,(12,9,12),(0.,
    0.5,1.),.UNSPECIFIED.);
#3589 = CARTESIAN_POINT('',(0.295,-0.55,2.));
#3590 = CARTESIAN_POINT('',(0.295,-0.55,1.928515151515));
#3591 = CARTESIAN_POINT('',(0.29015809293,-0.542737139394,1.859413131313
    ));
#3592 = CARTESIAN_POINT('',(0.281009731715,-0.529014597574,
    1.790331071669));
#3593 = CARTESIAN_POINT('',(0.267582812843,-0.508874219262,
    1.719223445928));
#3594 = CARTESIAN_POINT('',(0.249422090278,-0.48163313542,1.645377098855
    ));
#3595 = CARTESIAN_POINT('',(0.226898547766,-0.447847821646,
    1.569782742859));
#3596 = CARTESIAN_POINT('',(0.200566144538,-0.40834921681,1.492192819746
    ));
#3597 = CARTESIAN_POINT('',(0.171044573209,-0.364066859813,
    1.412997330567));
#3598 = CARTESIAN_POINT('',(0.139070267295,-0.316105400943,
    1.332042426267));
#3599 = CARTESIAN_POINT('',(7.168906169559E-02,-0.215033592543,
    1.166242215637));
#3600 = CARTESIAN_POINT('',(5.24812750077E-04,-0.108287219125,
    0.991133335358));
#3601 = CARTESIAN_POINT('',(-3.52342146705E-02,-5.464867799431E-02,
    0.900876118445));
#3602 = CARTESIAN_POINT('',(-7.036718879318E-02,-1.949216810014E-03,
    0.8073443349));
#3603 = CARTESIAN_POINT('',(-0.104071149206,4.860672380865E-02,
    0.709934258007));
#3604 = CARTESIAN_POINT('',(-0.135426394568,9.563959185209E-02,
    0.60749831098));
#3605 = CARTESIAN_POINT('',(-0.163447490189,0.137671235284,
    0.499526476229));
#3606 = CARTESIAN_POINT('',(-0.186966025859,0.172949038789,0.38427046561
    ));
#3607 = CARTESIAN_POINT('',(-0.203987361616,0.198481042424,
    0.261685858586));
#3608 = CARTESIAN_POINT('',(-0.213,0.212,0.133060606061));
#3609 = CARTESIAN_POINT('',(-0.213,0.212,0.));
#3610 = ORIENTED_EDGE('',*,*,#2655,.T.);
#3611 = ORIENTED_EDGE('',*,*,#3481,.T.);
#3612 = ORIENTED_EDGE('',*,*,#3613,.F.);
#3613 = EDGE_CURVE('',#3586,#3482,#3614,.T.);
#3614 = B_SPLINE_CURVE_WITH_KNOTS('',1,(#3615,#3616),.UNSPECIFIED.,.F.,
  .F.,(2,2),(0.,0.4),.PIECEWISE_BEZIER_KNOTS.);
#3615 = CARTESIAN_POINT('',(-0.213,0.212,0.));
#3616 = CARTESIAN_POINT('',(-0.213,-0.188,-4.440892098501E-16));
#3617 = B_SPLINE_SURFACE_WITH_KNOTS('',1,11,(
    (#3618,#3619,#3620,#3621,#3622,#3623,#3624,#3625,#3626,#3627,#3628
      ,#3629,#3630,#3631,#3632,#3633,#3634,#3635,#3636,#3637,#3638)
    ,(#3639,#3640,#3641,#3642,#3643,#3644,#3645,#3646,#3647,#3648,#3649
      ,#3650,#3651,#3652,#3653,#3654,#3655,#3656,#3657,#3658,#3659
  )),.UNSPECIFIED.,.F.,.F.,.F.,(2,2),(12,9,12),(0.,0.4),(0.,0.5,1.),
  .UNSPECIFIED.);
#3618 = CARTESIAN_POINT('',(0.295,-0.55,2.));
#3619 = CARTESIAN_POINT('',(0.295,-0.55,1.928515151515));
#3620 = CARTESIAN_POINT('',(0.29015809293,-0.542737139394,1.859413131313
    ));
#3621 = CARTESIAN_POINT('',(0.281009731715,-0.529014597574,
    1.790331071669));
#3622 = CARTESIAN_POINT('',(0.267582812843,-0.508874219262,
    1.719223445928));
#3623 = CARTESIAN_POINT('',(0.249422090278,-0.48163313542,1.645377098855
    ));
#3624 = CARTESIAN_POINT('',(0.226898547766,-0.447847821646,
    1.569782742859));
#3625 = CARTESIAN_POINT('',(0.200566144538,-0.40834921681,1.492192819746
    ));
#3626 = CARTESIAN_POINT('',(0.171044573209,-0.364066859813,
    1.412997330567));
#3627 = CARTESIAN_POINT('',(0.139070267295,-0.316105400943,
    1.332042426267));
#3628 = CARTESIAN_POINT('',(7.168906169559E-02,-0.215033592543,
    1.166242215637));
#3629 = CARTESIAN_POINT('',(5.24812750081E-04,-0.108287219125,
    0.991133335358));
#3630 = CARTESIAN_POINT('',(-3.523421467055E-02,-5.464867799426E-02,
    0.900876118445));
#3631 = CARTESIAN_POINT('',(-7.036718879302E-02,-1.949216810127E-03,
    0.807344334899));
#3632 = CARTESIAN_POINT('',(-0.104071149206,4.860672380881E-02,
    0.709934258008));
#3633 = CARTESIAN_POINT('',(-0.135426394568,9.563959185192E-02,
    0.607498310979));
#3634 = CARTESIAN_POINT('',(-0.163447490189,0.137671235284,
    0.499526476229));
#3635 = CARTESIAN_POINT('',(-0.186966025859,0.172949038789,
    0.384270465609));
#3636 = CARTESIAN_POINT('',(-0.203987361616,0.198481042424,
    0.261685858586));
#3637 = CARTESIAN_POINT('',(-0.213,0.212,0.133060606061));
#3638 = CARTESIAN_POINT('',(-0.213,0.212,0.));
#3639 = CARTESIAN_POINT('',(0.295,-0.95,2.));
#3640 = CARTESIAN_POINT('',(0.295,-0.95,1.89156969697));
#3641 = CARTESIAN_POINT('',(0.287655654142,-0.938983481212,
    1.786753737374));
#3642 = CARTESIAN_POINT('',(0.273783508201,-0.918175262303,
    1.685570149302));
#3643 = CARTESIAN_POINT('',(0.254301619252,-0.888952428875,
    1.587973492634));
#3644 = CARTESIAN_POINT('',(0.23022467285,-0.85283700928,1.493651852954)
  );
#3645 = CARTESIAN_POINT('',(0.202402108632,-0.811103162943,1.40195254234
    ));
#3646 = CARTESIAN_POINT('',(0.17164677109,-0.764970156638,1.312470526958
    ));
#3647 = CARTESIAN_POINT('',(0.138758358086,-0.715637537128,1.22467326116
    ));
#3648 = CARTESIAN_POINT('',(0.104513219268,-0.664269828902,
    1.138136969292));
#3649 = CARTESIAN_POINT('',(3.4862187661E-02,-0.559793281491,
    0.966751556873));
#3650 = CARTESIAN_POINT('',(-3.403223527733E-02,-0.456451647084,
    0.797227878383));
#3651 = CARTESIAN_POINT('',(-6.752042979325E-02,-0.40621935531,
    0.712552049038));
#3652 = CARTESIAN_POINT('',(-9.928656224108E-02,-0.358570156638,
    0.627622042111));
#3653 = CARTESIAN_POINT('',(-0.128567588341,-0.314648617489,
    0.542104057489));
#3654 = CARTESIAN_POINT('',(-0.154623811995,-0.275564282007,
    0.455773065077));
#3655 = CARTESIAN_POINT('',(-0.176728683781,-0.242406974329,
    0.368276522936));
#3656 = CARTESIAN_POINT('',(-0.194192249373,-0.21621162594,
    0.279509543242));
#3657 = CARTESIAN_POINT('',(-0.206489800404,-0.197765299394,
    0.189026464647));
#3658 = CARTESIAN_POINT('',(-0.213,-0.188,9.611515151512E-02));
#3659 = CARTESIAN_POINT('',(-0.213,-0.188,-4.440892098501E-16));
#3660 = ADVANCED_FACE('',(#3661),#3696,.F.);
#3661 = FACE_BOUND('',#3662,.F.);
#3662 = EDGE_LOOP('',(#3663,#3664,#3665,#3691));
#3663 = ORIENTED_EDGE('',*,*,#3508,.F.);
#3664 = ORIENTED_EDGE('',*,*,#2679,.T.);
#3665 = ORIENTED_EDGE('',*,*,#3666,.T.);
#3666 = EDGE_CURVE('',#2672,#3667,#3669,.T.);
#3667 = VERTEX_POINT('',#3668);
#3668 = CARTESIAN_POINT('',(0.187,0.212,-1.E-15));
#3669 = B_SPLINE_CURVE_WITH_KNOTS('',11,(#3670,#3671,#3672,#3673,#3674,
    #3675,#3676,#3677,#3678,#3679,#3680,#3681,#3682,#3683,#3684,#3685,
    #3686,#3687,#3688,#3689,#3690),.UNSPECIFIED.,.F.,.F.,(12,9,12),(0.,
    0.5,1.),.UNSPECIFIED.);
#3670 = CARTESIAN_POINT('',(0.695,-0.55,2.));
#3671 = CARTESIAN_POINT('',(0.695,-0.55,1.903884848485));
#3672 = CARTESIAN_POINT('',(0.688489800404,-0.540234700606,
    1.810973535354));
#3673 = CARTESIAN_POINT('',(0.676192249373,-0.52178837406,1.720490456758
    ));
#3674 = CARTESIAN_POINT('',(0.658728683782,-0.495593025671,
    1.631723477065));
#3675 = CARTESIAN_POINT('',(0.636623811994,-0.462435717993,
    1.544226934921));
#3676 = CARTESIAN_POINT('',(0.610567588343,-0.423351382511,
    1.457895942512));
#3677 = CARTESIAN_POINT('',(0.58128656224,-0.379429843362,1.372377957888
    ));
#3678 = CARTESIAN_POINT('',(0.549520429794,-0.33178064469,1.287447950962
    ));
#3679 = CARTESIAN_POINT('',(0.516032235277,-0.281548352916,
    1.202772121617));
#3680 = CARTESIAN_POINT('',(0.447137812339,-0.178206718509,
    1.033248443127));
#3681 = CARTESIAN_POINT('',(0.377486780732,-7.373017109778E-02,
    0.861863030708));
#3682 = CARTESIAN_POINT('',(0.343241641914,-2.236246287147E-02,
    0.77532673884));
#3683 = CARTESIAN_POINT('',(0.310353228909,2.697015663774E-02,
    0.687529473042));
#3684 = CARTESIAN_POINT('',(0.279597891369,7.310316294391E-02,
    0.59804745766));
#3685 = CARTESIAN_POINT('',(0.251775327149,0.114837009279,0.506348147046
    ));
#3686 = CARTESIAN_POINT('',(0.227698380749,0.150952428875,0.412026507366
    ));
#3687 = CARTESIAN_POINT('',(0.208216491799,0.180175262303,0.314429850698
    ));
#3688 = CARTESIAN_POINT('',(0.194344345858,0.200983481212,0.213246262626
    ));
#3689 = CARTESIAN_POINT('',(0.187,0.212,0.10843030303));
#3690 = CARTESIAN_POINT('',(0.187,0.212,-4.440892098501E-16));
#3691 = ORIENTED_EDGE('',*,*,#3692,.F.);
#3692 = EDGE_CURVE('',#3509,#3667,#3693,.T.);
#3693 = B_SPLINE_CURVE_WITH_KNOTS('',1,(#3694,#3695),.UNSPECIFIED.,.F.,
  .F.,(2,2),(0.,0.4),.PIECEWISE_BEZIER_KNOTS.);
#3694 = CARTESIAN_POINT('',(0.187,-0.188,-8.881784197001E-16));
#3695 = CARTESIAN_POINT('',(0.187,0.212,-4.440892098501E-16));
#3696 = B_SPLINE_SURFACE_WITH_KNOTS('',1,11,(
    (#3697,#3698,#3699,#3700,#3701,#3702,#3703,#3704,#3705,#3706,#3707
      ,#3708,#3709,#3710,#3711,#3712,#3713,#3714,#3715,#3716,#3717)
    ,(#3718,#3719,#3720,#3721,#3722,#3723,#3724,#3725,#3726,#3727,#3728
      ,#3729,#3730,#3731,#3732,#3733,#3734,#3735,#3736,#3737,#3738
  )),.UNSPECIFIED.,.F.,.F.,.F.,(2,2),(12,9,12),(0.,0.4),(0.,0.5,1.),
  .UNSPECIFIED.);
#3697 = CARTESIAN_POINT('',(0.695,-0.95,2.));
#3698 = CARTESIAN_POINT('',(0.695,-0.95,1.866939393939));
#3699 = CARTESIAN_POINT('',(0.685987361616,-0.936481042424,
    1.738314141414));
#3700 = CARTESIAN_POINT('',(0.668966025859,-0.910949038789,1.61572953439
    ));
#3701 = CARTESIAN_POINT('',(0.64544749019,-0.875671235283,1.500473523771
    ));
#3702 = CARTESIAN_POINT('',(0.617426394567,-0.833639591852,1.39250168902
    ));
#3703 = CARTESIAN_POINT('',(0.586071149207,-0.786606723808,
    1.290065741993));
#3704 = CARTESIAN_POINT('',(0.552367188793,-0.73605078319,1.1926556651)
  );
#3705 = CARTESIAN_POINT('',(0.517234214671,-0.683351322006,
    1.099123881555));
#3706 = CARTESIAN_POINT('',(0.48147518725,-0.629712780875,1.008866664642
    ));
#3707 = CARTESIAN_POINT('',(0.410310938304,-0.522966407457,
    0.833757784362));
#3708 = CARTESIAN_POINT('',(0.342929732705,-0.421894599057,
    0.667957573733));
#3709 = CARTESIAN_POINT('',(0.310955426791,-0.373933140187,
    0.587002669433));
#3710 = CARTESIAN_POINT('',(0.281433855461,-0.32965078319,0.507807180255
    ));
#3711 = CARTESIAN_POINT('',(0.255101452235,-0.290152178354,0.43021725714
    ));
#3712 = CARTESIAN_POINT('',(0.232577909721,-0.25636686458,0.354622901146
    ));
#3713 = CARTESIAN_POINT('',(0.214417187158,-0.229125780738,
    0.280776554071));
#3714 = CARTESIAN_POINT('',(0.200990268284,-0.208985402426,
    0.209668928332));
#3715 = CARTESIAN_POINT('',(0.19184190707,-0.195262860606,0.140586868686
    ));
#3716 = CARTESIAN_POINT('',(0.187,-0.188,7.148484848494E-02));
#3717 = CARTESIAN_POINT('',(0.187,-0.188,-8.881784197001E-16));
#3718 = CARTESIAN_POINT('',(0.695,-0.55,2.));
#3719 = CARTESIAN_POINT('',(0.695,-0.55,1.903884848485));
#3720 = CARTESIAN_POINT('',(0.688489800404,-0.540234700606,
    1.810973535354));
#3721 = CARTESIAN_POINT('',(0.676192249373,-0.52178837406,1.720490456758
    ));
#3722 = CARTESIAN_POINT('',(0.658728683782,-0.495593025671,
    1.631723477065));
#3723 = CARTESIAN_POINT('',(0.636623811994,-0.462435717993,
    1.544226934921));
#3724 = CARTESIAN_POINT('',(0.610567588343,-0.423351382511,
    1.457895942512));
#3725 = CARTESIAN_POINT('',(0.58128656224,-0.379429843362,1.372377957888
    ));
#3726 = CARTESIAN_POINT('',(0.549520429794,-0.33178064469,1.287447950962
    ));
#3727 = CARTESIAN_POINT('',(0.516032235277,-0.281548352916,
    1.202772121617));
#3728 = CARTESIAN_POINT('',(0.447137812339,-0.178206718509,
    1.033248443127));
#3729 = CARTESIAN_POINT('',(0.377486780732,-7.373017109778E-02,
    0.861863030708));
#3730 = CARTESIAN_POINT('',(0.343241641914,-2.236246287147E-02,
    0.77532673884));
#3731 = CARTESIAN_POINT('',(0.310353228909,2.697015663774E-02,
    0.687529473042));
#3732 = CARTESIAN_POINT('',(0.279597891369,7.310316294391E-02,
    0.59804745766));
#3733 = CARTESIAN_POINT('',(0.251775327149,0.114837009279,0.506348147046
    ));
#3734 = CARTESIAN_POINT('',(0.227698380749,0.150952428875,0.412026507366
    ));
#3735 = CARTESIAN_POINT('',(0.208216491799,0.180175262303,0.314429850698
    ));
#3736 = CARTESIAN_POINT('',(0.194344345858,0.200983481212,0.213246262626
    ));
#3737 = CARTESIAN_POINT('',(0.187,0.212,0.10843030303));
#3738 = CARTESIAN_POINT('',(0.187,0.212,-4.440892098501E-16));
#3739 = ADVANCED_FACE('',(#3740),#3750,.F.);
#3740 = FACE_BOUND('',#3741,.F.);
#3741 = EDGE_LOOP('',(#3742,#3743,#3744,#3745));
#3742 = ORIENTED_EDGE('',*,*,#3666,.F.);
#3743 = ORIENTED_EDGE('',*,*,#2696,.T.);
#3744 = ORIENTED_EDGE('',*,*,#3585,.T.);
#3745 = ORIENTED_EDGE('',*,*,#3746,.F.);
#3746 = EDGE_CURVE('',#3667,#3586,#3747,.T.);
#3747 = B_SPLINE_CURVE_WITH_KNOTS('',1,(#3748,#3749),.UNSPECIFIED.,.F.,
  .F.,(2,2),(0.,0.4),.PIECEWISE_BEZIER_KNOTS.);
#3748 = CARTESIAN_POINT('',(0.187,0.212,-4.440892098501E-16));
#3749 = CARTESIAN_POINT('',(-0.213,0.212,0.));
#3750 = B_SPLINE_SURFACE_WITH_KNOTS('',1,11,(
    (#3751,#3752,#3753,#3754,#3755,#3756,#3757,#3758,#3759,#3760,#3761
      ,#3762,#3763,#3764,#3765,#3766,#3767,#3768,#3769,#3770,#3771)
    ,(#3772,#3773,#3774,#3775,#3776,#3777,#3778,#3779,#3780,#3781,#3782
      ,#3783,#3784,#3785,#3786,#3787,#3788,#3789,#3790,#3791,#3792
  )),.UNSPECIFIED.,.F.,.F.,.F.,(2,2),(12,9,12),(0.,0.4),(0.,0.5,1.),
  .UNSPECIFIED.);
#3751 = CARTESIAN_POINT('',(0.695,-0.55,2.));
#3752 = CARTESIAN_POINT('',(0.695,-0.55,1.903884848485));
#3753 = CARTESIAN_POINT('',(0.688489800404,-0.540234700606,
    1.810973535354));
#3754 = CARTESIAN_POINT('',(0.676192249373,-0.52178837406,1.720490456758
    ));
#3755 = CARTESIAN_POINT('',(0.658728683782,-0.495593025671,
    1.631723477065));
#3756 = CARTESIAN_POINT('',(0.636623811994,-0.462435717993,
    1.544226934921));
#3757 = CARTESIAN_POINT('',(0.610567588343,-0.423351382511,
    1.457895942512));
#3758 = CARTESIAN_POINT('',(0.58128656224,-0.379429843362,1.372377957888
    ));
#3759 = CARTESIAN_POINT('',(0.549520429794,-0.33178064469,1.287447950962
    ));
#3760 = CARTESIAN_POINT('',(0.516032235277,-0.281548352916,
    1.202772121617));
#3761 = CARTESIAN_POINT('',(0.447137812339,-0.178206718509,
    1.033248443127));
#3762 = CARTESIAN_POINT('',(0.377486780732,-7.373017109778E-02,
    0.861863030708));
#3763 = CARTESIAN_POINT('',(0.343241641914,-2.236246287147E-02,
    0.77532673884));
#3764 = CARTESIAN_POINT('',(0.310353228909,2.697015663774E-02,
    0.687529473042));
#3765 = CARTESIAN_POINT('',(0.279597891369,7.310316294391E-02,
    0.59804745766));
#3766 = CARTESIAN_POINT('',(0.251775327149,0.114837009279,0.506348147046
    ));
#3767 = CARTESIAN_POINT('',(0.227698380749,0.150952428875,0.412026507366
    ));
#3768 = CARTESIAN_POINT('',(0.208216491799,0.180175262303,0.314429850698
    ));
#3769 = CARTESIAN_POINT('',(0.194344345858,0.200983481212,0.213246262626
    ));
#3770 = CARTESIAN_POINT('',(0.187,0.212,0.10843030303));
#3771 = CARTESIAN_POINT('',(0.187,0.212,-4.440892098501E-16));
#3772 = CARTESIAN_POINT('',(0.295,-0.55,2.));
#3773 = CARTESIAN_POINT('',(0.295,-0.55,1.928515151515));
#3774 = CARTESIAN_POINT('',(0.29015809293,-0.542737139394,1.859413131313
    ));
#3775 = CARTESIAN_POINT('',(0.281009731715,-0.529014597574,
    1.790331071669));
#3776 = CARTESIAN_POINT('',(0.267582812843,-0.508874219262,
    1.719223445928));
#3777 = CARTESIAN_POINT('',(0.249422090278,-0.48163313542,1.645377098855
    ));
#3778 = CARTESIAN_POINT('',(0.226898547766,-0.447847821646,
    1.569782742859));
#3779 = CARTESIAN_POINT('',(0.200566144538,-0.40834921681,1.492192819746
    ));
#3780 = CARTESIAN_POINT('',(0.171044573209,-0.364066859813,
    1.412997330567));
#3781 = CARTESIAN_POINT('',(0.139070267295,-0.316105400943,
    1.332042426267));
#3782 = CARTESIAN_POINT('',(7.168906169559E-02,-0.215033592543,
    1.166242215637));
#3783 = CARTESIAN_POINT('',(5.24812750077E-04,-0.108287219125,
    0.991133335358));
#3784 = CARTESIAN_POINT('',(-3.52342146705E-02,-5.464867799431E-02,
    0.900876118445));
#3785 = CARTESIAN_POINT('',(-7.036718879318E-02,-1.949216810014E-03,
    0.8073443349));
#3786 = CARTESIAN_POINT('',(-0.104071149206,4.860672380865E-02,
    0.709934258007));
#3787 = CARTESIAN_POINT('',(-0.135426394568,9.563959185209E-02,
    0.60749831098));
#3788 = CARTESIAN_POINT('',(-0.163447490189,0.137671235284,
    0.499526476229));
#3789 = CARTESIAN_POINT('',(-0.186966025859,0.172949038789,0.38427046561
    ));
#3790 = CARTESIAN_POINT('',(-0.203987361616,0.198481042424,
    0.261685858586));
#3791 = CARTESIAN_POINT('',(-0.213,0.212,0.133060606061));
#3792 = CARTESIAN_POINT('',(-0.213,0.212,0.));
#3793 = ADVANCED_FACE('',(#3794),#3850,.F.);
#3794 = FACE_BOUND('',#3795,.F.);
#3795 = EDGE_LOOP('',(#3796,#3820,#3821,#3845));
#3796 = ORIENTED_EDGE('',*,*,#3797,.F.);
#3797 = EDGE_CURVE('',#2711,#3798,#3800,.T.);
#3798 = VERTEX_POINT('',#3799);
#3799 = CARTESIAN_POINT('',(1.565,-1.712,2.E-15));
#3800 = B_SPLINE_CURVE_WITH_KNOTS('',10,(#3801,#3802,#3803,#3804,#3805,
    #3806,#3807,#3808,#3809,#3810,#3811,#3812,#3813,#3814,#3815,#3816,
    #3817,#3818,#3819),.UNSPECIFIED.,.F.,.F.,(11,8,11),(0.,0.5,1.),
  .UNSPECIFIED.);
#3801 = CARTESIAN_POINT('',(1.565,-0.95,2.));
#3802 = CARTESIAN_POINT('',(1.565,-0.95,1.90782));
#3803 = CARTESIAN_POINT('',(1.565,-0.960406097778,1.819054074074));
#3804 = CARTESIAN_POINT('',(1.565,-0.979919832381,1.731934436301));
#3805 = CARTESIAN_POINT('',(1.565,-1.007804340353,1.644869734066));
#3806 = CARTESIAN_POINT('',(1.565,-1.043828036876,1.557165965871));
#3807 = CARTESIAN_POINT('',(1.565,-1.086840153511,1.468930744122));
#3808 = CARTESIAN_POINT('',(1.565,-1.135609954754,1.379798128291));
#3809 = CARTESIAN_POINT('',(1.565,-1.188704874032,1.289578116487));
#3810 = CARTESIAN_POINT('',(1.565,-1.30053729171,1.106125987749));
#3811 = CARTESIAN_POINT('',(1.565,-1.417304874032,0.914578116486));
#3812 = CARTESIAN_POINT('',(1.565,-1.475334954753,0.816256461624));
#3813 = CARTESIAN_POINT('',(1.565,-1.531340153512,0.714764077455));
#3814 = CARTESIAN_POINT('',(1.565,-1.583578036876,0.609249299205));
#3815 = CARTESIAN_POINT('',(1.565,-1.630104340353,0.499036400732));
#3816 = CARTESIAN_POINT('',(1.565,-1.668894832381,0.382976102968));
#3817 = CARTESIAN_POINT('',(1.565,-1.697006097778,0.260720740741));
#3818 = CARTESIAN_POINT('',(1.565,-1.712,0.13282));
#3819 = CARTESIAN_POINT('',(1.565,-1.712,1.7763568394E-15));
#3820 = ORIENTED_EDGE('',*,*,#2727,.T.);
#3821 = ORIENTED_EDGE('',*,*,#3822,.T.);
#3822 = EDGE_CURVE('',#2720,#3823,#3825,.T.);
#3823 = VERTEX_POINT('',#3824);
#3824 = CARTESIAN_POINT('',(1.965,-1.712,2.E-15));
#3825 = B_SPLINE_CURVE_WITH_KNOTS('',10,(#3826,#3827,#3828,#3829,#3830,
    #3831,#3832,#3833,#3834,#3835,#3836,#3837,#3838,#3839,#3840,#3841,
    #3842,#3843,#3844),.UNSPECIFIED.,.F.,.F.,(11,8,11),(0.,0.5,1.),
  .UNSPECIFIED.);
#3826 = CARTESIAN_POINT('',(1.965,-0.95,2.));
#3827 = CARTESIAN_POINT('',(1.965,-0.95,1.90782));
#3828 = CARTESIAN_POINT('',(1.965,-0.960406097778,1.819054074074));
#3829 = CARTESIAN_POINT('',(1.965,-0.979919832381,1.731934436301));
#3830 = CARTESIAN_POINT('',(1.965,-1.007804340353,1.644869734066));
#3831 = CARTESIAN_POINT('',(1.965,-1.043828036876,1.557165965871));
#3832 = CARTESIAN_POINT('',(1.965,-1.086840153511,1.468930744122));
#3833 = CARTESIAN_POINT('',(1.965,-1.135609954754,1.379798128291));
#3834 = CARTESIAN_POINT('',(1.965,-1.188704874032,1.289578116487));
#3835 = CARTESIAN_POINT('',(1.965,-1.30053729171,1.106125987749));
#3836 = CARTESIAN_POINT('',(1.965,-1.417304874032,0.914578116486));
#3837 = CARTESIAN_POINT('',(1.965,-1.475334954753,0.816256461624));
#3838 = CARTESIAN_POINT('',(1.965,-1.531340153512,0.714764077455));
#3839 = CARTESIAN_POINT('',(1.965,-1.583578036876,0.609249299205));
#3840 = CARTESIAN_POINT('',(1.965,-1.630104340353,0.499036400733));
#3841 = CARTESIAN_POINT('',(1.965,-1.668894832381,0.382976102968));
#3842 = CARTESIAN_POINT('',(1.965,-1.697006097778,0.260720740741));
#3843 = CARTESIAN_POINT('',(1.965,-1.712,0.13282));
#3844 = CARTESIAN_POINT('',(1.965,-1.712,1.7763568394E-15));
#3845 = ORIENTED_EDGE('',*,*,#3846,.F.);
#3846 = EDGE_CURVE('',#3798,#3823,#3847,.T.);
#3847 = B_SPLINE_CURVE_WITH_KNOTS('',1,(#3848,#3849),.UNSPECIFIED.,.F.,
  .F.,(2,2),(0.,0.4),.PIECEWISE_BEZIER_KNOTS.);
#3848 = CARTESIAN_POINT('',(1.565,-1.712,1.7763568394E-15));
#3849 = CARTESIAN_POINT('',(1.965,-1.712,1.7763568394E-15));
#3850 = B_SPLINE_SURFACE_WITH_KNOTS('',1,10,(
    (#3851,#3852,#3853,#3854,#3855,#3856,#3857,#3858,#3859,#3860,#3861
      ,#3862,#3863,#3864,#3865,#3866,#3867,#3868,#3869)
    ,(#3870,#3871,#3872,#3873,#3874,#3875,#3876,#3877,#3878,#3879,#3880
      ,#3881,#3882,#3883,#3884,#3885,#3886,#3887,#3888
  )),.UNSPECIFIED.,.F.,.F.,.F.,(2,2),(11,8,11),(0.,0.4),(0.,0.5,1.),
  .UNSPECIFIED.);
#3851 = CARTESIAN_POINT('',(1.565,-0.95,2.));
#3852 = CARTESIAN_POINT('',(1.565,-0.95,1.90782));
#3853 = CARTESIAN_POINT('',(1.565,-0.960406097778,1.819054074074));
#3854 = CARTESIAN_POINT('',(1.565,-0.979919832381,1.731934436301));
#3855 = CARTESIAN_POINT('',(1.565,-1.007804340353,1.644869734066));
#3856 = CARTESIAN_POINT('',(1.565,-1.043828036876,1.557165965871));
#3857 = CARTESIAN_POINT('',(1.565,-1.086840153511,1.468930744122));
#3858 = CARTESIAN_POINT('',(1.565,-1.135609954754,1.379798128291));
#3859 = CARTESIAN_POINT('',(1.565,-1.188704874032,1.289578116487));
#3860 = CARTESIAN_POINT('',(1.565,-1.30053729171,1.106125987749));
#3861 = CARTESIAN_POINT('',(1.565,-1.417304874032,0.914578116486));
#3862 = CARTESIAN_POINT('',(1.565,-1.475334954753,0.816256461624));
#3863 = CARTESIAN_POINT('',(1.565,-1.531340153512,0.714764077455));
#3864 = CARTESIAN_POINT('',(1.565,-1.583578036876,0.609249299205));
#3865 = CARTESIAN_POINT('',(1.565,-1.630104340353,0.499036400732));
#3866 = CARTESIAN_POINT('',(1.565,-1.668894832381,0.382976102968));
#3867 = CARTESIAN_POINT('',(1.565,-1.697006097778,0.260720740741));
#3868 = CARTESIAN_POINT('',(1.565,-1.712,0.13282));
#3869 = CARTESIAN_POINT('',(1.565,-1.712,1.7763568394E-15));
#3870 = CARTESIAN_POINT('',(1.965,-0.95,2.));
#3871 = CARTESIAN_POINT('',(1.965,-0.95,1.90782));
#3872 = CARTESIAN_POINT('',(1.965,-0.960406097778,1.819054074074));
#3873 = CARTESIAN_POINT('',(1.965,-0.979919832381,1.731934436301));
#3874 = CARTESIAN_POINT('',(1.965,-1.007804340353,1.644869734066));
#3875 = CARTESIAN_POINT('',(1.965,-1.043828036876,1.557165965871));
#3876 = CARTESIAN_POINT('',(1.965,-1.086840153511,1.468930744122));
#3877 = CARTESIAN_POINT('',(1.965,-1.135609954754,1.379798128291));
#3878 = CARTESIAN_POINT('',(1.965,-1.188704874032,1.289578116487));
#3879 = CARTESIAN_POINT('',(1.965,-1.30053729171,1.106125987749));
#3880 = CARTESIAN_POINT('',(1.965,-1.417304874032,0.914578116486));
#3881 = CARTESIAN_POINT('',(1.965,-1.475334954753,0.816256461624));
#3882 = CARTESIAN_POINT('',(1.965,-1.531340153512,0.714764077455));
#3883 = CARTESIAN_POINT('',(1.965,-1.583578036876,0.609249299205));
#3884 = CARTESIAN_POINT('',(1.965,-1.630104340353,0.499036400733));
#3885 = CARTESIAN_POINT('',(1.965,-1.668894832381,0.382976102968));
#3886 = CARTESIAN_POINT('',(1.965,-1.697006097778,0.260720740741));
#3887 = CARTESIAN_POINT('',(1.965,-1.712,0.13282));
#3888 = CARTESIAN_POINT('',(1.965,-1.712,1.7763568394E-15));
#3889 = ADVANCED_FACE('',(#3890),#3923,.F.);
#3890 = FACE_BOUND('',#3891,.F.);
#3891 = EDGE_LOOP('',(#3892,#3916,#3917,#3918));
#3892 = ORIENTED_EDGE('',*,*,#3893,.F.);
#3893 = EDGE_CURVE('',#2742,#3894,#3896,.T.);
#3894 = VERTEX_POINT('',#3895);
#3895 = CARTESIAN_POINT('',(1.565,-1.312,1.E-15));
#3896 = B_SPLINE_CURVE_WITH_KNOTS('',10,(#3897,#3898,#3899,#3900,#3901,
    #3902,#3903,#3904,#3905,#3906,#3907,#3908,#3909,#3910,#3911,#3912,
    #3913,#3914,#3915),.UNSPECIFIED.,.F.,.F.,(11,8,11),(0.,0.5,1.),
  .UNSPECIFIED.);
#3897 = CARTESIAN_POINT('',(1.565,-0.55,2.));
#3898 = CARTESIAN_POINT('',(1.565,-0.55,1.86718));
#3899 = CARTESIAN_POINT('',(1.565,-0.564993902222,1.739279259259));
#3900 = CARTESIAN_POINT('',(1.565,-0.593105167619,1.617023897032));
#3901 = CARTESIAN_POINT('',(1.565,-0.631895659647,1.500963599268));
#3902 = CARTESIAN_POINT('',(1.565,-0.678421963124,1.390750700795));
#3903 = CARTESIAN_POINT('',(1.565,-0.730659846489,1.285235922545));
#3904 = CARTESIAN_POINT('',(1.565,-0.786665045246,1.183743538376));
#3905 = CARTESIAN_POINT('',(1.565,-0.844695125968,1.085421883513));
#3906 = CARTESIAN_POINT('',(1.565,-0.96146270829,0.893874012251));
#3907 = CARTESIAN_POINT('',(1.565,-1.073295125968,0.710421883513));
#3908 = CARTESIAN_POINT('',(1.565,-1.126390045246,0.62020187171));
#3909 = CARTESIAN_POINT('',(1.565,-1.175159846489,0.531069255878));
#3910 = CARTESIAN_POINT('',(1.565,-1.218171963124,0.442834034129));
#3911 = CARTESIAN_POINT('',(1.565,-1.254195659647,0.355130265934));
#3912 = CARTESIAN_POINT('',(1.565,-1.282080167619,0.268065563699));
#3913 = CARTESIAN_POINT('',(1.565,-1.301593902222,0.180945925926));
#3914 = CARTESIAN_POINT('',(1.565,-1.312,9.218000000002E-02));
#3915 = CARTESIAN_POINT('',(1.565,-1.312,8.881784197001E-16));
#3916 = ORIENTED_EDGE('',*,*,#2751,.T.);
#3917 = ORIENTED_EDGE('',*,*,#3797,.T.);
#3918 = ORIENTED_EDGE('',*,*,#3919,.F.);
#3919 = EDGE_CURVE('',#3894,#3798,#3920,.T.);
#3920 = B_SPLINE_CURVE_WITH_KNOTS('',1,(#3921,#3922),.UNSPECIFIED.,.F.,
  .F.,(2,2),(0.,0.4),.PIECEWISE_BEZIER_KNOTS.);
#3921 = CARTESIAN_POINT('',(1.565,-1.312,8.881784197001E-16));
#3922 = CARTESIAN_POINT('',(1.565,-1.712,1.7763568394E-15));
#3923 = PLANE('',#3924);
#3924 = AXIS2_PLACEMENT_3D('',#3925,#3926,#3927);
#3925 = CARTESIAN_POINT('',(1.565,-1.131,1.));
#3926 = DIRECTION('',(1.,-6.6E-16,7.8E-16));
#3927 = DIRECTION('',(-9.31290393245E-16,-0.90280502473,0.43005009862));
#3928 = ADVANCED_FACE('',(#3929),#3962,.F.);
#3929 = FACE_BOUND('',#3930,.F.);
#3930 = EDGE_LOOP('',(#3931,#3932,#3933,#3957));
#3931 = ORIENTED_EDGE('',*,*,#3822,.F.);
#3932 = ORIENTED_EDGE('',*,*,#2775,.T.);
#3933 = ORIENTED_EDGE('',*,*,#3934,.T.);
#3934 = EDGE_CURVE('',#2768,#3935,#3937,.T.);
#3935 = VERTEX_POINT('',#3936);
#3936 = CARTESIAN_POINT('',(1.965,-1.312,1.E-15));
#3937 = B_SPLINE_CURVE_WITH_KNOTS('',10,(#3938,#3939,#3940,#3941,#3942,
    #3943,#3944,#3945,#3946,#3947,#3948,#3949,#3950,#3951,#3952,#3953,
    #3954,#3955,#3956),.UNSPECIFIED.,.F.,.F.,(11,8,11),(0.,0.5,1.),
  .UNSPECIFIED.);
#3938 = CARTESIAN_POINT('',(1.965,-0.55,2.));
#3939 = CARTESIAN_POINT('',(1.965,-0.55,1.86718));
#3940 = CARTESIAN_POINT('',(1.965,-0.564993902222,1.739279259259));
#3941 = CARTESIAN_POINT('',(1.965,-0.593105167619,1.617023897032));
#3942 = CARTESIAN_POINT('',(1.965,-0.631895659647,1.500963599268));
#3943 = CARTESIAN_POINT('',(1.965,-0.678421963124,1.390750700795));
#3944 = CARTESIAN_POINT('',(1.965,-0.730659846489,1.285235922545));
#3945 = CARTESIAN_POINT('',(1.965,-0.786665045246,1.183743538376));
#3946 = CARTESIAN_POINT('',(1.965,-0.844695125968,1.085421883513));
#3947 = CARTESIAN_POINT('',(1.965,-0.96146270829,0.893874012251));
#3948 = CARTESIAN_POINT('',(1.965,-1.073295125968,0.710421883513));
#3949 = CARTESIAN_POINT('',(1.965,-1.126390045246,0.620201871709));
#3950 = CARTESIAN_POINT('',(1.965,-1.175159846489,0.531069255878));
#3951 = CARTESIAN_POINT('',(1.965,-1.218171963124,0.442834034129));
#3952 = CARTESIAN_POINT('',(1.965,-1.254195659647,0.355130265934));
#3953 = CARTESIAN_POINT('',(1.965,-1.282080167619,0.268065563699));
#3954 = CARTESIAN_POINT('',(1.965,-1.301593902222,0.180945925926));
#3955 = CARTESIAN_POINT('',(1.965,-1.312,9.218000000002E-02));
#3956 = CARTESIAN_POINT('',(1.965,-1.312,8.881784197001E-16));
#3957 = ORIENTED_EDGE('',*,*,#3958,.F.);
#3958 = EDGE_CURVE('',#3823,#3935,#3959,.T.);
#3959 = B_SPLINE_CURVE_WITH_KNOTS('',1,(#3960,#3961),.UNSPECIFIED.,.F.,
  .F.,(2,2),(0.,0.4),.PIECEWISE_BEZIER_KNOTS.);
#3960 = CARTESIAN_POINT('',(1.965,-1.712,1.7763568394E-15));
#3961 = CARTESIAN_POINT('',(1.965,-1.312,8.881784197001E-16));
#3962 = PLANE('',#3963);
#3963 = AXIS2_PLACEMENT_3D('',#3964,#3965,#3966);
#3964 = CARTESIAN_POINT('',(1.965,-1.131,1.));
#3965 = DIRECTION('',(-1.,-2.5E-16,-2.6E-16));
#3966 = DIRECTION('',(-1.138882305413E-16,0.90280502473,-0.43005009862)
  );
#3967 = ADVANCED_FACE('',(#3968),#3978,.F.);
#3968 = FACE_BOUND('',#3969,.F.);
#3969 = EDGE_LOOP('',(#3970,#3971,#3972,#3973));
#3970 = ORIENTED_EDGE('',*,*,#3934,.F.);
#3971 = ORIENTED_EDGE('',*,*,#2792,.T.);
#3972 = ORIENTED_EDGE('',*,*,#3893,.T.);
#3973 = ORIENTED_EDGE('',*,*,#3974,.F.);
#3974 = EDGE_CURVE('',#3935,#3894,#3975,.T.);
#3975 = B_SPLINE_CURVE_WITH_KNOTS('',1,(#3976,#3977),.UNSPECIFIED.,.F.,
  .F.,(2,2),(0.,0.4),.PIECEWISE_BEZIER_KNOTS.);
#3976 = CARTESIAN_POINT('',(1.965,-1.312,8.881784197001E-16));
#3977 = CARTESIAN_POINT('',(1.565,-1.312,8.881784197001E-16));
#3978 = B_SPLINE_SURFACE_WITH_KNOTS('',1,10,(
    (#3979,#3980,#3981,#3982,#3983,#3984,#3985,#3986,#3987,#3988,#3989
      ,#3990,#3991,#3992,#3993,#3994,#3995,#3996,#3997)
    ,(#3998,#3999,#4000,#4001,#4002,#4003,#4004,#4005,#4006,#4007,#4008
      ,#4009,#4010,#4011,#4012,#4013,#4014,#4015,#4016
  )),.UNSPECIFIED.,.F.,.F.,.F.,(2,2),(11,8,11),(0.,0.4),(0.,0.5,1.),
  .UNSPECIFIED.);
#3979 = CARTESIAN_POINT('',(1.965,-0.55,2.));
#3980 = CARTESIAN_POINT('',(1.965,-0.55,1.86718));
#3981 = CARTESIAN_POINT('',(1.965,-0.564993902222,1.739279259259));
#3982 = CARTESIAN_POINT('',(1.965,-0.593105167619,1.617023897032));
#3983 = CARTESIAN_POINT('',(1.965,-0.631895659647,1.500963599268));
#3984 = CARTESIAN_POINT('',(1.965,-0.678421963124,1.390750700795));
#3985 = CARTESIAN_POINT('',(1.965,-0.730659846489,1.285235922545));
#3986 = CARTESIAN_POINT('',(1.965,-0.786665045246,1.183743538376));
#3987 = CARTESIAN_POINT('',(1.965,-0.844695125968,1.085421883513));
#3988 = CARTESIAN_POINT('',(1.965,-0.96146270829,0.893874012251));
#3989 = CARTESIAN_POINT('',(1.965,-1.073295125968,0.710421883513));
#3990 = CARTESIAN_POINT('',(1.965,-1.126390045246,0.620201871709));
#3991 = CARTESIAN_POINT('',(1.965,-1.175159846489,0.531069255878));
#3992 = CARTESIAN_POINT('',(1.965,-1.218171963124,0.442834034129));
#3993 = CARTESIAN_POINT('',(1.965,-1.254195659647,0.355130265934));
#3994 = CARTESIAN_POINT('',(1.965,-1.282080167619,0.268065563699));
#3995 = CARTESIAN_POINT('',(1.965,-1.301593902222,0.180945925926));
#3996 = CARTESIAN_POINT('',(1.965,-1.312,9.218000000002E-02));
#3997 = CARTESIAN_POINT('',(1.965,-1.312,8.881784197001E-16));
#3998 = CARTESIAN_POINT('',(1.565,-0.55,2.));
#3999 = CARTESIAN_POINT('',(1.565,-0.55,1.86718));
#4000 = CARTESIAN_POINT('',(1.565,-0.564993902222,1.739279259259));
#4001 = CARTESIAN_POINT('',(1.565,-0.593105167619,1.617023897032));
#4002 = CARTESIAN_POINT('',(1.565,-0.631895659647,1.500963599268));
#4003 = CARTESIAN_POINT('',(1.565,-0.678421963124,1.390750700795));
#4004 = CARTESIAN_POINT('',(1.565,-0.730659846489,1.285235922545));
#4005 = CARTESIAN_POINT('',(1.565,-0.786665045246,1.183743538376));
#4006 = CARTESIAN_POINT('',(1.565,-0.844695125968,1.085421883513));
#4007 = CARTESIAN_POINT('',(1.565,-0.96146270829,0.893874012251));
#4008 = CARTESIAN_POINT('',(1.565,-1.073295125968,0.710421883513));
#4009 = CARTESIAN_POINT('',(1.565,-1.126390045246,0.62020187171));
#4010 = CARTESIAN_POINT('',(1.565,-1.175159846489,0.531069255878));
#4011 = CARTESIAN_POINT('',(1.565,-1.218171963124,0.442834034129));
#4012 = CARTESIAN_POINT('',(1.565,-1.254195659647,0.355130265934));
#4013 = CARTESIAN_POINT('',(1.565,-1.282080167619,0.268065563699));
#4014 = CARTESIAN_POINT('',(1.565,-1.301593902222,0.180945925926));
#4015 = CARTESIAN_POINT('',(1.565,-1.312,9.218000000002E-02));
#4016 = CARTESIAN_POINT('',(1.565,-1.312,8.881784197001E-16));
#4017 = ADVANCED_FACE('',(#4018),#4032,.T.);
#4018 = FACE_BOUND('',#4019,.T.);
#4019 = EDGE_LOOP('',(#4020,#4021,#4022,#4031));
#4020 = ORIENTED_EDGE('',*,*,#2806,.T.);
#4021 = ORIENTED_EDGE('',*,*,#2817,.T.);
#4022 = ORIENTED_EDGE('',*,*,#4023,.F.);
#4023 = EDGE_CURVE('',#4024,#2807,#4026,.T.);
#4024 = VERTEX_POINT('',#4025);
#4025 = CARTESIAN_POINT('',(2.4,-0.75,11.6));
#4026 = CIRCLE('',#4027,2.5);
#4027 = AXIS2_PLACEMENT_3D('',#4028,#4029,#4030);
#4028 = CARTESIAN_POINT('',(2.4,-0.75,9.1));
#4029 = DIRECTION('',(1.,0.,0.));
#4030 = DIRECTION('',(-0.,1.,0.));
#4031 = ORIENTED_EDGE('',*,*,#4023,.T.);
#4032 = SPHERICAL_SURFACE('',#4033,2.5);
#4033 = AXIS2_PLACEMENT_3D('',#4034,#4035,#4036);
#4034 = CARTESIAN_POINT('',(2.4,-0.75,9.1));
#4035 = DIRECTION('',(2.2E-16,-2.8E-16,-1.));
#4036 = DIRECTION('',(-2.2E-16,-1.,2.8E-16));
#4037 = ADVANCED_FACE('',(#4038),#4063,.F.);
#4038 = FACE_BOUND('',#4039,.F.);
#4039 = EDGE_LOOP('',(#4040,#4048,#4056,#4062));
#4040 = ORIENTED_EDGE('',*,*,#4041,.F.);
#4041 = EDGE_CURVE('',#4042,#2842,#4044,.T.);
#4042 = VERTEX_POINT('',#4043);
#4043 = CARTESIAN_POINT('',(3.089,-0.188,-4.));
#4044 = LINE('',#4045,#4046);
#4045 = CARTESIAN_POINT('',(3.089,-0.188,-4.));
#4046 = VECTOR('',#4047,1.);
#4047 = DIRECTION('',(1.5E-16,7.8E-16,1.));
#4048 = ORIENTED_EDGE('',*,*,#4049,.T.);
#4049 = EDGE_CURVE('',#4042,#4050,#4052,.T.);
#4050 = VERTEX_POINT('',#4051);
#4051 = CARTESIAN_POINT('',(3.089,0.212,-4.));
#4052 = LINE('',#4053,#4054);
#4053 = CARTESIAN_POINT('',(3.089,-0.188,-4.));
#4054 = VECTOR('',#4055,1.);
#4055 = DIRECTION('',(-1.7E-16,1.,-3.E-16));
#4056 = ORIENTED_EDGE('',*,*,#4057,.T.);
#4057 = EDGE_CURVE('',#4050,#2868,#4058,.T.);
#4058 = LINE('',#4059,#4060);
#4059 = CARTESIAN_POINT('',(3.089,0.212,-4.));
#4060 = VECTOR('',#4061,1.);
#4061 = DIRECTION('',(1.5E-16,7.8E-16,1.));
#4062 = ORIENTED_EDGE('',*,*,#2867,.F.);
#4063 = PLANE('',#4064);
#4064 = AXIS2_PLACEMENT_3D('',#4065,#4066,#4067);
#4065 = CARTESIAN_POINT('',(3.089,-0.188,-4.));
#4066 = DIRECTION('',(1.,1.7E-16,-6.7E-16));
#4067 = DIRECTION('',(-1.7E-16,1.,-3.E-16));
#4068 = ADVANCED_FACE('',(#4069),#4087,.F.);
#4069 = FACE_BOUND('',#4070,.F.);
#4070 = EDGE_LOOP('',(#4071,#4079,#4085,#4086));
#4071 = ORIENTED_EDGE('',*,*,#4072,.F.);
#4072 = EDGE_CURVE('',#4073,#2947,#4075,.T.);
#4073 = VERTEX_POINT('',#4074);
#4074 = CARTESIAN_POINT('',(3.489,-0.188,-4.));
#4075 = LINE('',#4076,#4077);
#4076 = CARTESIAN_POINT('',(3.489,-0.188,-4.));
#4077 = VECTOR('',#4078,1.);
#4078 = DIRECTION('',(6.7E-16,3.E-16,1.));
#4079 = ORIENTED_EDGE('',*,*,#4080,.T.);
#4080 = EDGE_CURVE('',#4073,#4042,#4081,.T.);
#4081 = LINE('',#4082,#4083);
#4082 = CARTESIAN_POINT('',(3.489,-0.188,-4.));
#4083 = VECTOR('',#4084,1.);
#4084 = DIRECTION('',(-1.,-1.7E-16,1.5E-16));
#4085 = ORIENTED_EDGE('',*,*,#4041,.T.);
#4086 = ORIENTED_EDGE('',*,*,#2972,.F.);
#4087 = PLANE('',#4088);
#4088 = AXIS2_PLACEMENT_3D('',#4089,#4090,#4091);
#4089 = CARTESIAN_POINT('',(3.489,-0.188,-4.));
#4090 = DIRECTION('',(-1.7E-16,1.,-7.8E-16));
#4091 = DIRECTION('',(-1.,-1.7E-16,1.5E-16));
#4092 = ADVANCED_FACE('',(#4093),#4111,.F.);
#4093 = FACE_BOUND('',#4094,.F.);
#4094 = EDGE_LOOP('',(#4095,#4096,#4104,#4110));
#4095 = ORIENTED_EDGE('',*,*,#4057,.F.);
#4096 = ORIENTED_EDGE('',*,*,#4097,.T.);
#4097 = EDGE_CURVE('',#4050,#4098,#4100,.T.);
#4098 = VERTEX_POINT('',#4099);
#4099 = CARTESIAN_POINT('',(3.489,0.212,-4.));
#4100 = LINE('',#4101,#4102);
#4101 = CARTESIAN_POINT('',(3.089,0.212,-4.));
#4102 = VECTOR('',#4103,1.);
#4103 = DIRECTION('',(1.,1.7E-16,-1.5E-16));
#4104 = ORIENTED_EDGE('',*,*,#4105,.T.);
#4105 = EDGE_CURVE('',#4098,#3028,#4106,.T.);
#4106 = LINE('',#4107,#4108);
#4107 = CARTESIAN_POINT('',(3.489,0.212,-4.));
#4108 = VECTOR('',#4109,1.);
#4109 = DIRECTION('',(1.5E-16,7.8E-16,1.));
#4110 = ORIENTED_EDGE('',*,*,#3027,.F.);
#4111 = PLANE('',#4112);
#4112 = AXIS2_PLACEMENT_3D('',#4113,#4114,#4115);
#4113 = CARTESIAN_POINT('',(3.089,0.212,-4.));
#4114 = DIRECTION('',(1.7E-16,-1.,7.8E-16));
#4115 = DIRECTION('',(1.,1.7E-16,-1.5E-16));
#4116 = ADVANCED_FACE('',(#4117),#4128,.F.);
#4117 = FACE_BOUND('',#4118,.F.);
#4118 = EDGE_LOOP('',(#4119,#4120,#4126,#4127));
#4119 = ORIENTED_EDGE('',*,*,#4105,.F.);
#4120 = ORIENTED_EDGE('',*,*,#4121,.T.);
#4121 = EDGE_CURVE('',#4098,#4073,#4122,.T.);
#4122 = LINE('',#4123,#4124);
#4123 = CARTESIAN_POINT('',(3.489,0.212,-4.));
#4124 = VECTOR('',#4125,1.);
#4125 = DIRECTION('',(1.7E-16,-1.,3.E-16));
#4126 = ORIENTED_EDGE('',*,*,#4072,.T.);
#4127 = ORIENTED_EDGE('',*,*,#3107,.F.);
#4128 = PLANE('',#4129);
#4129 = AXIS2_PLACEMENT_3D('',#4130,#4131,#4132);
#4130 = CARTESIAN_POINT('',(3.489,0.212,-4.));
#4131 = DIRECTION('',(-1.,-1.7E-16,6.7E-16));
#4132 = DIRECTION('',(1.7E-16,-1.,3.E-16));
#4133 = ADVANCED_FACE('',(#4134),#4159,.T.);
#4134 = FACE_BOUND('',#4135,.T.);
#4135 = EDGE_LOOP('',(#4136,#4144,#4152,#4158));
#4136 = ORIENTED_EDGE('',*,*,#4137,.F.);
#4137 = EDGE_CURVE('',#4138,#3162,#4140,.T.);
#4138 = VERTEX_POINT('',#4139);
#4139 = CARTESIAN_POINT('',(4.613,-1.712,-4.));
#4140 = LINE('',#4141,#4142);
#4141 = CARTESIAN_POINT('',(4.613,-1.712,-4.));
#4142 = VECTOR('',#4143,1.);
#4143 = DIRECTION('',(-8.9E-16,3.3E-16,1.));
#4144 = ORIENTED_EDGE('',*,*,#4145,.T.);
#4145 = EDGE_CURVE('',#4138,#4146,#4148,.T.);
#4146 = VERTEX_POINT('',#4147);
#4147 = CARTESIAN_POINT('',(5.013,-1.712,-4.));
#4148 = LINE('',#4149,#4150);
#4149 = CARTESIAN_POINT('',(4.613,-1.712,-4.));
#4150 = VECTOR('',#4151,1.);
#4151 = DIRECTION('',(1.,1.1E-16,8.9E-16));
#4152 = ORIENTED_EDGE('',*,*,#4153,.T.);
#4153 = EDGE_CURVE('',#4146,#3188,#4154,.T.);
#4154 = LINE('',#4155,#4156);
#4155 = CARTESIAN_POINT('',(5.013,-1.712,-4.));
#4156 = VECTOR('',#4157,1.);
#4157 = DIRECTION('',(-8.9E-16,3.3E-16,1.));
#4158 = ORIENTED_EDGE('',*,*,#3187,.F.);
#4159 = PLANE('',#4160);
#4160 = AXIS2_PLACEMENT_3D('',#4161,#4162,#4163);
#4161 = CARTESIAN_POINT('',(4.613,-1.712,-4.));
#4162 = DIRECTION('',(1.1E-16,-1.,3.3E-16));
#4163 = DIRECTION('',(1.,1.1E-16,8.9E-16));
#4164 = ADVANCED_FACE('',(#4165),#4183,.T.);
#4165 = FACE_BOUND('',#4166,.T.);
#4166 = EDGE_LOOP('',(#4167,#4168,#4176,#4182));
#4167 = ORIENTED_EDGE('',*,*,#4153,.F.);
#4168 = ORIENTED_EDGE('',*,*,#4169,.T.);
#4169 = EDGE_CURVE('',#4146,#4170,#4172,.T.);
#4170 = VERTEX_POINT('',#4171);
#4171 = CARTESIAN_POINT('',(5.013,-1.312,-4.));
#4172 = LINE('',#4173,#4174);
#4173 = CARTESIAN_POINT('',(5.013,-1.712,-4.));
#4174 = VECTOR('',#4175,1.);
#4175 = DIRECTION('',(-1.1E-16,1.,-1.18E-15));
#4176 = ORIENTED_EDGE('',*,*,#4177,.T.);
#4177 = EDGE_CURVE('',#4170,#3268,#4178,.T.);
#4178 = LINE('',#4179,#4180);
#4179 = CARTESIAN_POINT('',(5.013,-1.312,-4.));
#4180 = VECTOR('',#4181,1.);
#4181 = DIRECTION('',(0.,1.18E-15,1.));
#4182 = ORIENTED_EDGE('',*,*,#3267,.F.);
#4183 = PLANE('',#4184);
#4184 = AXIS2_PLACEMENT_3D('',#4185,#4186,#4187);
#4185 = CARTESIAN_POINT('',(5.013,-1.712,-4.));
#4186 = DIRECTION('',(1.,1.1E-16,0.));
#4187 = DIRECTION('',(-1.1E-16,1.,-1.18E-15));
#4188 = ADVANCED_FACE('',(#4189),#4207,.T.);
#4189 = FACE_BOUND('',#4190,.T.);
#4190 = EDGE_LOOP('',(#4191,#4192,#4200,#4206));
#4191 = ORIENTED_EDGE('',*,*,#4177,.F.);
#4192 = ORIENTED_EDGE('',*,*,#4193,.T.);
#4193 = EDGE_CURVE('',#4170,#4194,#4196,.T.);
#4194 = VERTEX_POINT('',#4195);
#4195 = CARTESIAN_POINT('',(4.613,-1.312,-4.));
#4196 = LINE('',#4197,#4198);
#4197 = CARTESIAN_POINT('',(5.013,-1.312,-4.));
#4198 = VECTOR('',#4199,1.);
#4199 = DIRECTION('',(-1.,-1.1E-16,-8.9E-16));
#4200 = ORIENTED_EDGE('',*,*,#4201,.T.);
#4201 = EDGE_CURVE('',#4194,#3348,#4202,.T.);
#4202 = LINE('',#4203,#4204);
#4203 = CARTESIAN_POINT('',(4.613,-1.312,-4.));
#4204 = VECTOR('',#4205,1.);
#4205 = DIRECTION('',(-8.9E-16,3.3E-16,1.));
#4206 = ORIENTED_EDGE('',*,*,#3347,.F.);
#4207 = PLANE('',#4208);
#4208 = AXIS2_PLACEMENT_3D('',#4209,#4210,#4211);
#4209 = CARTESIAN_POINT('',(5.013,-1.312,-4.));
#4210 = DIRECTION('',(-1.1E-16,1.,-3.3E-16));
#4211 = DIRECTION('',(-1.,-1.1E-16,-8.9E-16));
#4212 = ADVANCED_FACE('',(#4213),#4224,.T.);
#4213 = FACE_BOUND('',#4214,.T.);
#4214 = EDGE_LOOP('',(#4215,#4216,#4222,#4223));
#4215 = ORIENTED_EDGE('',*,*,#4201,.F.);
#4216 = ORIENTED_EDGE('',*,*,#4217,.T.);
#4217 = EDGE_CURVE('',#4194,#4138,#4218,.T.);
#4218 = LINE('',#4219,#4220);
#4219 = CARTESIAN_POINT('',(4.613,-1.312,-4.));
#4220 = VECTOR('',#4221,1.);
#4221 = DIRECTION('',(1.1E-16,-1.,1.18E-15));
#4222 = ORIENTED_EDGE('',*,*,#4137,.T.);
#4223 = ORIENTED_EDGE('',*,*,#3427,.F.);
#4224 = PLANE('',#4225);
#4225 = AXIS2_PLACEMENT_3D('',#4226,#4227,#4228);
#4226 = CARTESIAN_POINT('',(4.613,-1.312,-4.));
#4227 = DIRECTION('',(-1.,-1.1E-16,0.));
#4228 = DIRECTION('',(1.1E-16,-1.,1.18E-15));
#4229 = ADVANCED_FACE('',(#4230),#4255,.F.);
#4230 = FACE_BOUND('',#4231,.F.);
#4231 = EDGE_LOOP('',(#4232,#4240,#4241,#4249));
#4232 = ORIENTED_EDGE('',*,*,#4233,.F.);
#4233 = EDGE_CURVE('',#3482,#4234,#4236,.T.);
#4234 = VERTEX_POINT('',#4235);
#4235 = CARTESIAN_POINT('',(-0.213,-0.188,-4.));
#4236 = LINE('',#4237,#4238);
#4237 = CARTESIAN_POINT('',(-0.213,-0.188,-4.));
#4238 = VECTOR('',#4239,1.);
#4239 = DIRECTION('',(-3.E-16,0.,-1.));
#4240 = ORIENTED_EDGE('',*,*,#3534,.T.);
#4241 = ORIENTED_EDGE('',*,*,#4242,.T.);
#4242 = EDGE_CURVE('',#3509,#4243,#4245,.T.);
#4243 = VERTEX_POINT('',#4244);
#4244 = CARTESIAN_POINT('',(0.187,-0.188,-4.));
#4245 = LINE('',#4246,#4247);
#4246 = CARTESIAN_POINT('',(0.187,-0.188,-4.));
#4247 = VECTOR('',#4248,1.);
#4248 = DIRECTION('',(-3.E-16,0.,-1.));
#4249 = ORIENTED_EDGE('',*,*,#4250,.F.);
#4250 = EDGE_CURVE('',#4234,#4243,#4251,.T.);
#4251 = LINE('',#4252,#4253);
#4252 = CARTESIAN_POINT('',(-0.213,-0.188,-4.));
#4253 = VECTOR('',#4254,1.);
#4254 = DIRECTION('',(1.,1.7E-16,-3.E-16));
#4255 = PLANE('',#4256);
#4256 = AXIS2_PLACEMENT_3D('',#4257,#4258,#4259);
#4257 = CARTESIAN_POINT('',(-0.213,-0.188,-4.));
#4258 = DIRECTION('',(-1.7E-16,1.,0.));
#4259 = DIRECTION('',(1.,1.7E-16,-3.E-16));
#4260 = ADVANCED_FACE('',(#4261),#4279,.F.);
#4261 = FACE_BOUND('',#4262,.F.);
#4262 = EDGE_LOOP('',(#4263,#4271,#4272,#4273));
#4263 = ORIENTED_EDGE('',*,*,#4264,.F.);
#4264 = EDGE_CURVE('',#3586,#4265,#4267,.T.);
#4265 = VERTEX_POINT('',#4266);
#4266 = CARTESIAN_POINT('',(-0.213,0.212,-4.));
#4267 = LINE('',#4268,#4269);
#4268 = CARTESIAN_POINT('',(-0.213,0.212,-4.));
#4269 = VECTOR('',#4270,1.);
#4270 = DIRECTION('',(-3.E-16,0.,-1.));
#4271 = ORIENTED_EDGE('',*,*,#3613,.T.);
#4272 = ORIENTED_EDGE('',*,*,#4233,.T.);
#4273 = ORIENTED_EDGE('',*,*,#4274,.F.);
#4274 = EDGE_CURVE('',#4265,#4234,#4275,.T.);
#4275 = LINE('',#4276,#4277);
#4276 = CARTESIAN_POINT('',(-0.213,0.212,-4.));
#4277 = VECTOR('',#4278,1.);
#4278 = DIRECTION('',(1.7E-16,-1.,-2.8E-16));
#4279 = PLANE('',#4280);
#4280 = AXIS2_PLACEMENT_3D('',#4281,#4282,#4283);
#4281 = CARTESIAN_POINT('',(-0.213,0.212,-4.));
#4282 = DIRECTION('',(1.,1.7E-16,-4.4E-16));
#4283 = DIRECTION('',(1.7E-16,-1.,-2.8E-16));
#4284 = ADVANCED_FACE('',(#4285),#4303,.F.);
#4285 = FACE_BOUND('',#4286,.F.);
#4286 = EDGE_LOOP('',(#4287,#4288,#4289,#4297));
#4287 = ORIENTED_EDGE('',*,*,#4242,.F.);
#4288 = ORIENTED_EDGE('',*,*,#3692,.T.);
#4289 = ORIENTED_EDGE('',*,*,#4290,.T.);
#4290 = EDGE_CURVE('',#3667,#4291,#4293,.T.);
#4291 = VERTEX_POINT('',#4292);
#4292 = CARTESIAN_POINT('',(0.187,0.212,-4.));
#4293 = LINE('',#4294,#4295);
#4294 = CARTESIAN_POINT('',(0.187,0.212,-4.));
#4295 = VECTOR('',#4296,1.);
#4296 = DIRECTION('',(-4.4E-16,2.8E-16,-1.));
#4297 = ORIENTED_EDGE('',*,*,#4298,.F.);
#4298 = EDGE_CURVE('',#4243,#4291,#4299,.T.);
#4299 = LINE('',#4300,#4301);
#4300 = CARTESIAN_POINT('',(0.187,-0.188,-4.));
#4301 = VECTOR('',#4302,1.);
#4302 = DIRECTION('',(-1.7E-16,1.,2.8E-16));
#4303 = PLANE('',#4304);
#4304 = AXIS2_PLACEMENT_3D('',#4305,#4306,#4307);
#4305 = CARTESIAN_POINT('',(0.187,-0.188,-4.));
#4306 = DIRECTION('',(-1.,-1.7E-16,4.4E-16));
#4307 = DIRECTION('',(-1.7E-16,1.,2.8E-16));
#4308 = ADVANCED_FACE('',(#4309),#4320,.F.);
#4309 = FACE_BOUND('',#4310,.F.);
#4310 = EDGE_LOOP('',(#4311,#4312,#4313,#4314));
#4311 = ORIENTED_EDGE('',*,*,#4290,.F.);
#4312 = ORIENTED_EDGE('',*,*,#3746,.T.);
#4313 = ORIENTED_EDGE('',*,*,#4264,.T.);
#4314 = ORIENTED_EDGE('',*,*,#4315,.F.);
#4315 = EDGE_CURVE('',#4291,#4265,#4316,.T.);
#4316 = LINE('',#4317,#4318);
#4317 = CARTESIAN_POINT('',(0.187,0.212,-4.));
#4318 = VECTOR('',#4319,1.);
#4319 = DIRECTION('',(-1.,-1.7E-16,3.E-16));
#4320 = PLANE('',#4321);
#4321 = AXIS2_PLACEMENT_3D('',#4322,#4323,#4324);
#4322 = CARTESIAN_POINT('',(0.187,0.212,-4.));
#4323 = DIRECTION('',(1.7E-16,-1.,0.));
#4324 = DIRECTION('',(-1.,-1.7E-16,3.E-16));
#4325 = ADVANCED_FACE('',(#4326),#4351,.F.);
#4326 = FACE_BOUND('',#4327,.F.);
#4327 = EDGE_LOOP('',(#4328,#4336,#4337,#4345));
#4328 = ORIENTED_EDGE('',*,*,#4329,.F.);
#4329 = EDGE_CURVE('',#3798,#4330,#4332,.T.);
#4330 = VERTEX_POINT('',#4331);
#4331 = CARTESIAN_POINT('',(1.565,-1.712,-4.));
#4332 = LINE('',#4333,#4334);
#4333 = CARTESIAN_POINT('',(1.565,-1.712,-4.));
#4334 = VECTOR('',#4335,1.);
#4335 = DIRECTION('',(0.,-1.67E-15,-1.));
#4336 = ORIENTED_EDGE('',*,*,#3846,.T.);
#4337 = ORIENTED_EDGE('',*,*,#4338,.T.);
#4338 = EDGE_CURVE('',#3823,#4339,#4341,.T.);
#4339 = VERTEX_POINT('',#4340);
#4340 = CARTESIAN_POINT('',(1.965,-1.712,-4.));
#4341 = LINE('',#4342,#4343);
#4342 = CARTESIAN_POINT('',(1.965,-1.712,-4.));
#4343 = VECTOR('',#4344,1.);
#4344 = DIRECTION('',(0.,-1.67E-15,-1.));
#4345 = ORIENTED_EDGE('',*,*,#4346,.F.);
#4346 = EDGE_CURVE('',#4330,#4339,#4347,.T.);
#4347 = LINE('',#4348,#4349);
#4348 = CARTESIAN_POINT('',(1.565,-1.712,-4.));
#4349 = VECTOR('',#4350,1.);
#4350 = DIRECTION('',(1.,0.,0.));
#4351 = PLANE('',#4352);
#4352 = AXIS2_PLACEMENT_3D('',#4353,#4354,#4355);
#4353 = CARTESIAN_POINT('',(1.565,-1.712,-4.));
#4354 = DIRECTION('',(0.,1.,-1.67E-15));
#4355 = DIRECTION('',(1.,0.,0.));
#4356 = ADVANCED_FACE('',(#4357),#4375,.F.);
#4357 = FACE_BOUND('',#4358,.F.);
#4358 = EDGE_LOOP('',(#4359,#4367,#4368,#4369));
#4359 = ORIENTED_EDGE('',*,*,#4360,.F.);
#4360 = EDGE_CURVE('',#3894,#4361,#4363,.T.);
#4361 = VERTEX_POINT('',#4362);
#4362 = CARTESIAN_POINT('',(1.565,-1.312,-4.));
#4363 = LINE('',#4364,#4365);
#4364 = CARTESIAN_POINT('',(1.565,-1.312,-4.));
#4365 = VECTOR('',#4366,1.);
#4366 = DIRECTION('',(0.,-1.67E-15,-1.));
#4367 = ORIENTED_EDGE('',*,*,#3919,.T.);
#4368 = ORIENTED_EDGE('',*,*,#4329,.T.);
#4369 = ORIENTED_EDGE('',*,*,#4370,.F.);
#4370 = EDGE_CURVE('',#4361,#4330,#4371,.T.);
#4371 = LINE('',#4372,#4373);
#4372 = CARTESIAN_POINT('',(1.565,-1.312,-4.));
#4373 = VECTOR('',#4374,1.);
#4374 = DIRECTION('',(0.,-1.,1.46E-15));
#4375 = PLANE('',#4376);
#4376 = AXIS2_PLACEMENT_3D('',#4377,#4378,#4379);
#4377 = CARTESIAN_POINT('',(1.565,-1.312,-4.));
#4378 = DIRECTION('',(1.,0.,-1.1E-16));
#4379 = DIRECTION('',(1.606E-31,-1.,1.46E-15));
#4380 = ADVANCED_FACE('',(#4381),#4399,.F.);
#4381 = FACE_BOUND('',#4382,.F.);
#4382 = EDGE_LOOP('',(#4383,#4384,#4385,#4393));
#4383 = ORIENTED_EDGE('',*,*,#4338,.F.);
#4384 = ORIENTED_EDGE('',*,*,#3958,.T.);
#4385 = ORIENTED_EDGE('',*,*,#4386,.T.);
#4386 = EDGE_CURVE('',#3935,#4387,#4389,.T.);
#4387 = VERTEX_POINT('',#4388);
#4388 = CARTESIAN_POINT('',(1.965,-1.312,-4.));
#4389 = LINE('',#4390,#4391);
#4390 = CARTESIAN_POINT('',(1.965,-1.312,-4.));
#4391 = VECTOR('',#4392,1.);
#4392 = DIRECTION('',(-1.1E-16,-1.46E-15,-1.));
#4393 = ORIENTED_EDGE('',*,*,#4394,.F.);
#4394 = EDGE_CURVE('',#4339,#4387,#4395,.T.);
#4395 = LINE('',#4396,#4397);
#4396 = CARTESIAN_POINT('',(1.965,-1.712,-4.));
#4397 = VECTOR('',#4398,1.);
#4398 = DIRECTION('',(0.,1.,-1.46E-15));
#4399 = PLANE('',#4400);
#4400 = AXIS2_PLACEMENT_3D('',#4401,#4402,#4403);
#4401 = CARTESIAN_POINT('',(1.965,-1.712,-4.));
#4402 = DIRECTION('',(-1.,0.,1.1E-16));
#4403 = DIRECTION('',(-1.606E-31,1.,-1.46E-15));
#4404 = ADVANCED_FACE('',(#4405),#4416,.F.);
#4405 = FACE_BOUND('',#4406,.F.);
#4406 = EDGE_LOOP('',(#4407,#4408,#4409,#4410));
#4407 = ORIENTED_EDGE('',*,*,#4386,.F.);
#4408 = ORIENTED_EDGE('',*,*,#3974,.T.);
#4409 = ORIENTED_EDGE('',*,*,#4360,.T.);
#4410 = ORIENTED_EDGE('',*,*,#4411,.F.);
#4411 = EDGE_CURVE('',#4387,#4361,#4412,.T.);
#4412 = LINE('',#4413,#4414);
#4413 = CARTESIAN_POINT('',(1.965,-1.312,-4.));
#4414 = VECTOR('',#4415,1.);
#4415 = DIRECTION('',(-1.,-0.,-0.));
#4416 = PLANE('',#4417);
#4417 = AXIS2_PLACEMENT_3D('',#4418,#4419,#4420);
#4418 = CARTESIAN_POINT('',(1.965,-1.312,-4.));
#4419 = DIRECTION('',(0.,-1.,1.67E-15));
#4420 = DIRECTION('',(-1.,0.,0.));
#4421 = ADVANCED_FACE('',(#4422),#4428,.T.);
#4422 = FACE_BOUND('',#4423,.T.);
#4423 = EDGE_LOOP('',(#4424,#4425,#4426,#4427));
#4424 = ORIENTED_EDGE('',*,*,#4097,.T.);
#4425 = ORIENTED_EDGE('',*,*,#4121,.T.);
#4426 = ORIENTED_EDGE('',*,*,#4080,.T.);
#4427 = ORIENTED_EDGE('',*,*,#4049,.T.);
#4428 = PLANE('',#4429);
#4429 = AXIS2_PLACEMENT_3D('',#4430,#4431,#4432);
#4430 = CARTESIAN_POINT('',(3.289,1.2E-02,-4.));
#4431 = DIRECTION('',(0.,0.,-1.));
#4432 = DIRECTION('',(0.,-1.,0.));
#4433 = ADVANCED_FACE('',(#4434),#4440,.F.);
#4434 = FACE_BOUND('',#4435,.F.);
#4435 = EDGE_LOOP('',(#4436,#4437,#4438,#4439));
#4436 = ORIENTED_EDGE('',*,*,#4145,.T.);
#4437 = ORIENTED_EDGE('',*,*,#4169,.T.);
#4438 = ORIENTED_EDGE('',*,*,#4193,.T.);
#4439 = ORIENTED_EDGE('',*,*,#4217,.T.);
#4440 = PLANE('',#4441);
#4441 = AXIS2_PLACEMENT_3D('',#4442,#4443,#4444);
#4442 = CARTESIAN_POINT('',(4.813,-1.512,-4.));
#4443 = DIRECTION('',(1.11E-15,1.11E-15,1.));
#4444 = DIRECTION('',(1.,0.,-1.11E-15));
#4445 = ADVANCED_FACE('',(#4446),#4452,.F.);
#4446 = FACE_BOUND('',#4447,.F.);
#4447 = EDGE_LOOP('',(#4448,#4449,#4450,#4451));
#4448 = ORIENTED_EDGE('',*,*,#4250,.T.);
#4449 = ORIENTED_EDGE('',*,*,#4298,.T.);
#4450 = ORIENTED_EDGE('',*,*,#4315,.T.);
#4451 = ORIENTED_EDGE('',*,*,#4274,.T.);
#4452 = PLANE('',#4453);
#4453 = AXIS2_PLACEMENT_3D('',#4454,#4455,#4456);
#4454 = CARTESIAN_POINT('',(-1.3E-02,1.2E-02,-4.));
#4455 = DIRECTION('',(0.,0.,1.));
#4456 = DIRECTION('',(1.,0.,-0.));
#4457 = ADVANCED_FACE('',(#4458),#4464,.F.);
#4458 = FACE_BOUND('',#4459,.F.);
#4459 = EDGE_LOOP('',(#4460,#4461,#4462,#4463));
#4460 = ORIENTED_EDGE('',*,*,#4346,.T.);
#4461 = ORIENTED_EDGE('',*,*,#4394,.T.);
#4462 = ORIENTED_EDGE('',*,*,#4411,.T.);
#4463 = ORIENTED_EDGE('',*,*,#4370,.T.);
#4464 = PLANE('',#4465);
#4465 = AXIS2_PLACEMENT_3D('',#4466,#4467,#4468);
#4466 = CARTESIAN_POINT('',(1.765,-1.512,-4.));
#4467 = DIRECTION('',(1.11E-15,1.11E-15,1.));
#4468 = DIRECTION('',(1.,0.,-1.11E-15));
#4469 = ( GEOMETRIC_REPRESENTATION_CONTEXT(3) 
GLOBAL_UNCERTAINTY_ASSIGNED_CONTEXT((#4473)) 
GLOBAL_UNIT_ASSIGNED_CONTEXT((#4470,#4471,#4472)) REPRESENTATION_CONTEXT
('Context #1','3D Context with UNIT and UNCERTAINTY') );
#4470 = ( LENGTH_UNIT() NAMED_UNIT(*) SI_UNIT(.MILLI.,.METRE.) );
#4471 = ( NAMED_UNIT(*) PLANE_ANGLE_UNIT() SI_UNIT($,.RADIAN.) );
#4472 = ( NAMED_UNIT(*) SI_UNIT($,.STERADIAN.) SOLID_ANGLE_UNIT() );
#4473 = UNCERTAINTY_MEASURE_WITH_UNIT(LENGTH_MEASURE(1.E-07),#4470,
  'distance_accuracy_value','confusion accuracy');
#4474 = CONTEXT_DEPENDENT_SHAPE_REPRESENTATION(#4475,#4477);
#4475 = ( REPRESENTATION_RELATIONSHIP('','',#2174,#10) 
REPRESENTATION_RELATIONSHIP_WITH_TRANSFORMATION(#4476) 
SHAPE_REPRESENTATION_RELATIONSHIP() );
#4476 = ITEM_DEFINED_TRANSFORMATION('','',#11,#23);
#4477 = PRODUCT_DEFINITION_SHAPE('Placement','Placement of an item',
  #4478);
#4478 = NEXT_ASSEMBLY_USAGE_OCCURRENCE('3','D1','',#5,#2169,$);
#4479 = PRODUCT_RELATED_PRODUCT_CATEGORY('part',$,(#2171));
#4480 = SHAPE_DEFINITION_REPRESENTATION(#4481,#4487);
#4481 = PRODUCT_DEFINITION_SHAPE('','',#4482);
#4482 = PRODUCT_DEFINITION('design','',#4483,#4486);
#4483 = PRODUCT_DEFINITION_FORMATION('','',#4484);
#4484 = PRODUCT('5mm_WS2812B_breakout_PCB','5mm_WS2812B_breakout_PCB',''
  ,(#4485));
#4485 = PRODUCT_CONTEXT('',#2,'mechanical');
#4486 = PRODUCT_DEFINITION_CONTEXT('part definition',#2,'design');
#4487 = ADVANCED_BREP_SHAPE_REPRESENTATION('',(#11,#4488),#5168);
#4488 = MANIFOLD_SOLID_BREP('',#4489);
#4489 = CLOSED_SHELL('',(#4490,#4532,#4563,#4594,#4756,#4918,#4935,#4952
    ,#4969,#4986,#4998,#5015,#5032,#5049,#5066,#5083,#5100,#5117,#5134,
    #5151));
#4490 = ADVANCED_FACE('',(#4491),#4527,.T.);
#4491 = FACE_BOUND('',#4492,.T.);
#4492 = EDGE_LOOP('',(#4493,#4503,#4512,#4520));
#4493 = ORIENTED_EDGE('',*,*,#4494,.T.);
#4494 = EDGE_CURVE('',#4495,#4497,#4499,.T.);
#4495 = VERTEX_POINT('',#4496);
#4496 = CARTESIAN_POINT('',(11.,5.,0.));
#4497 = VERTEX_POINT('',#4498);
#4498 = CARTESIAN_POINT('',(11.,5.,1.51));
#4499 = LINE('',#4500,#4501);
#4500 = CARTESIAN_POINT('',(11.,5.,0.));
#4501 = VECTOR('',#4502,1.);
#4502 = DIRECTION('',(0.,0.,1.));
#4503 = ORIENTED_EDGE('',*,*,#4504,.T.);
#4504 = EDGE_CURVE('',#4497,#4505,#4507,.T.);
#4505 = VERTEX_POINT('',#4506);
#4506 = CARTESIAN_POINT('',(13.5,2.5,1.51));
#4507 = CIRCLE('',#4508,2.499999839417);
#4508 = AXIS2_PLACEMENT_3D('',#4509,#4510,#4511);
#4509 = CARTESIAN_POINT('',(11.000000160583,2.500000160583,1.51));
#4510 = DIRECTION('',(0.,0.,-1.));
#4511 = DIRECTION('',(-6.423314275614E-08,1.,0.));
#4512 = ORIENTED_EDGE('',*,*,#4513,.F.);
#4513 = EDGE_CURVE('',#4514,#4505,#4516,.T.);
#4514 = VERTEX_POINT('',#4515);
#4515 = CARTESIAN_POINT('',(13.5,2.5,0.));
#4516 = LINE('',#4517,#4518);
#4517 = CARTESIAN_POINT('',(13.5,2.5,0.));
#4518 = VECTOR('',#4519,1.);
#4519 = DIRECTION('',(0.,0.,1.));
#4520 = ORIENTED_EDGE('',*,*,#4521,.F.);
#4521 = EDGE_CURVE('',#4495,#4514,#4522,.T.);
#4522 = CIRCLE('',#4523,2.499999839417);
#4523 = AXIS2_PLACEMENT_3D('',#4524,#4525,#4526);
#4524 = CARTESIAN_POINT('',(11.000000160583,2.500000160583,0.));
#4525 = DIRECTION('',(0.,0.,-1.));
#4526 = DIRECTION('',(-6.423314275614E-08,1.,0.));
#4527 = CYLINDRICAL_SURFACE('',#4528,2.499999839417);
#4528 = AXIS2_PLACEMENT_3D('',#4529,#4530,#4531);
#4529 = CARTESIAN_POINT('',(11.000000160583,2.500000160583,0.));
#4530 = DIRECTION('',(0.,0.,-1.));
#4531 = DIRECTION('',(-6.423314275614E-08,1.,0.));
#4532 = ADVANCED_FACE('',(#4533),#4558,.T.);
#4533 = FACE_BOUND('',#4534,.T.);
#4534 = EDGE_LOOP('',(#4535,#4545,#4551,#4552));
#4535 = ORIENTED_EDGE('',*,*,#4536,.T.);
#4536 = EDGE_CURVE('',#4537,#4539,#4541,.T.);
#4537 = VERTEX_POINT('',#4538);
#4538 = CARTESIAN_POINT('',(1.705927002748E-17,5.,0.));
#4539 = VERTEX_POINT('',#4540);
#4540 = CARTESIAN_POINT('',(1.705927002748E-17,5.,1.51));
#4541 = LINE('',#4542,#4543);
#4542 = CARTESIAN_POINT('',(1.705927002748E-17,5.,0.));
#4543 = VECTOR('',#4544,1.);
#4544 = DIRECTION('',(0.,0.,1.));
#4545 = ORIENTED_EDGE('',*,*,#4546,.T.);
#4546 = EDGE_CURVE('',#4539,#4497,#4547,.T.);
#4547 = LINE('',#4548,#4549);
#4548 = CARTESIAN_POINT('',(0.,5.,1.51));
#4549 = VECTOR('',#4550,1.);
#4550 = DIRECTION('',(1.,0.,0.));
#4551 = ORIENTED_EDGE('',*,*,#4494,.F.);
#4552 = ORIENTED_EDGE('',*,*,#4553,.F.);
#4553 = EDGE_CURVE('',#4537,#4495,#4554,.T.);
#4554 = LINE('',#4555,#4556);
#4555 = CARTESIAN_POINT('',(0.,5.,0.));
#4556 = VECTOR('',#4557,1.);
#4557 = DIRECTION('',(1.,0.,0.));
#4558 = PLANE('',#4559);
#4559 = AXIS2_PLACEMENT_3D('',#4560,#4561,#4562);
#4560 = CARTESIAN_POINT('',(0.,5.,0.));
#4561 = DIRECTION('',(0.,1.,0.));
#4562 = DIRECTION('',(1.,0.,0.));
#4563 = ADVANCED_FACE('',(#4564),#4589,.T.);
#4564 = FACE_BOUND('',#4565,.T.);
#4565 = EDGE_LOOP('',(#4566,#4567,#4575,#4583));
#4566 = ORIENTED_EDGE('',*,*,#4513,.T.);
#4567 = ORIENTED_EDGE('',*,*,#4568,.T.);
#4568 = EDGE_CURVE('',#4505,#4569,#4571,.T.);
#4569 = VERTEX_POINT('',#4570);
#4570 = CARTESIAN_POINT('',(13.5,-2.5,1.51));
#4571 = LINE('',#4572,#4573);
#4572 = CARTESIAN_POINT('',(13.5,2.5,1.51));
#4573 = VECTOR('',#4574,1.);
#4574 = DIRECTION('',(0.,-1.,0.));
#4575 = ORIENTED_EDGE('',*,*,#4576,.F.);
#4576 = EDGE_CURVE('',#4577,#4569,#4579,.T.);
#4577 = VERTEX_POINT('',#4578);
#4578 = CARTESIAN_POINT('',(13.5,-2.5,0.));
#4579 = LINE('',#4580,#4581);
#4580 = CARTESIAN_POINT('',(13.5,-2.5,0.));
#4581 = VECTOR('',#4582,1.);
#4582 = DIRECTION('',(0.,0.,1.));
#4583 = ORIENTED_EDGE('',*,*,#4584,.F.);
#4584 = EDGE_CURVE('',#4514,#4577,#4585,.T.);
#4585 = LINE('',#4586,#4587);
#4586 = CARTESIAN_POINT('',(13.5,2.5,0.));
#4587 = VECTOR('',#4588,1.);
#4588 = DIRECTION('',(0.,-1.,0.));
#4589 = PLANE('',#4590);
#4590 = AXIS2_PLACEMENT_3D('',#4591,#4592,#4593);
#4591 = CARTESIAN_POINT('',(13.5,2.5,0.));
#4592 = DIRECTION('',(1.,0.,-0.));
#4593 = DIRECTION('',(0.,-1.,0.));
#4594 = ADVANCED_FACE('',(#4595,#4641,#4652,#4663,#4674,#4685,#4696,
    #4707,#4718,#4729,#4740),#4751,.F.);
#4595 = FACE_BOUND('',#4596,.F.);
#4596 = EDGE_LOOP('',(#4597,#4598,#4599,#4608,#4616,#4625,#4633,#4640));
#4597 = ORIENTED_EDGE('',*,*,#4521,.F.);
#4598 = ORIENTED_EDGE('',*,*,#4553,.F.);
#4599 = ORIENTED_EDGE('',*,*,#4600,.F.);
#4600 = EDGE_CURVE('',#4601,#4537,#4603,.T.);
#4601 = VERTEX_POINT('',#4602);
#4602 = CARTESIAN_POINT('',(-2.5,2.5,0.));
#4603 = CIRCLE('',#4604,2.499999839417);
#4604 = AXIS2_PLACEMENT_3D('',#4605,#4606,#4607);
#4605 = CARTESIAN_POINT('',(-1.605828502949E-07,2.500000160583,0.));
#4606 = DIRECTION('',(0.,0.,-1.));
#4607 = DIRECTION('',(-1.,-6.423314417722E-08,-0.));
#4608 = ORIENTED_EDGE('',*,*,#4609,.F.);
#4609 = EDGE_CURVE('',#4610,#4601,#4612,.T.);
#4610 = VERTEX_POINT('',#4611);
#4611 = CARTESIAN_POINT('',(-2.5,-2.5,0.));
#4612 = LINE('',#4613,#4614);
#4613 = CARTESIAN_POINT('',(-2.5,-2.5,0.));
#4614 = VECTOR('',#4615,1.);
#4615 = DIRECTION('',(0.,1.,0.));
#4616 = ORIENTED_EDGE('',*,*,#4617,.F.);
#4617 = EDGE_CURVE('',#4618,#4610,#4620,.T.);
#4618 = VERTEX_POINT('',#4619);
#4619 = CARTESIAN_POINT('',(0.,-5.,0.));
#4620 = CIRCLE('',#4621,2.499999839417);
#4621 = AXIS2_PLACEMENT_3D('',#4622,#4623,#4624);
#4622 = CARTESIAN_POINT('',(-1.605828502949E-07,-2.500000160583,0.));
#4623 = DIRECTION('',(0.,0.,-1.));
#4624 = DIRECTION('',(6.423314424384E-08,-1.,0.));
#4625 = ORIENTED_EDGE('',*,*,#4626,.F.);
#4626 = EDGE_CURVE('',#4627,#4618,#4629,.T.);
#4627 = VERTEX_POINT('',#4628);
#4628 = CARTESIAN_POINT('',(11.,-5.,0.));
#4629 = LINE('',#4630,#4631);
#4630 = CARTESIAN_POINT('',(11.,-5.,0.));
#4631 = VECTOR('',#4632,1.);
#4632 = DIRECTION('',(-1.,0.,0.));
#4633 = ORIENTED_EDGE('',*,*,#4634,.F.);
#4634 = EDGE_CURVE('',#4577,#4627,#4635,.T.);
#4635 = CIRCLE('',#4636,2.499999839417);
#4636 = AXIS2_PLACEMENT_3D('',#4637,#4638,#4639);
#4637 = CARTESIAN_POINT('',(11.000000160583,-2.500000160583,0.));
#4638 = DIRECTION('',(0.,0.,-1.));
#4639 = DIRECTION('',(1.,6.423314346668E-08,0.));
#4640 = ORIENTED_EDGE('',*,*,#4584,.F.);
#4641 = FACE_BOUND('',#4642,.F.);
#4642 = EDGE_LOOP('',(#4643));
#4643 = ORIENTED_EDGE('',*,*,#4644,.T.);
#4644 = EDGE_CURVE('',#4645,#4645,#4647,.T.);
#4645 = VERTEX_POINT('',#4646);
#4646 = CARTESIAN_POINT('',(0.,-3.04,0.));
#4647 = CIRCLE('',#4648,0.5);
#4648 = AXIS2_PLACEMENT_3D('',#4649,#4650,#4651);
#4649 = CARTESIAN_POINT('',(-2.775557561563E-17,-2.54,0.));
#4650 = DIRECTION('',(-0.,0.,-1.));
#4651 = DIRECTION('',(5.551115123126E-17,-1.,-0.));
#4652 = FACE_BOUND('',#4653,.F.);
#4653 = EDGE_LOOP('',(#4654));
#4654 = ORIENTED_EDGE('',*,*,#4655,.T.);
#4655 = EDGE_CURVE('',#4656,#4656,#4658,.T.);
#4656 = VERTEX_POINT('',#4657);
#4657 = CARTESIAN_POINT('',(4.598,-1.25,0.));
#4658 = CIRCLE('',#4659,0.45);
#4659 = AXIS2_PLACEMENT_3D('',#4660,#4661,#4662);
#4660 = CARTESIAN_POINT('',(4.598,-0.8,0.));
#4661 = DIRECTION('',(-0.,0.,-1.));
#4662 = DIRECTION('',(-0.,-1.,0.));
#4663 = FACE_BOUND('',#4664,.F.);
#4664 = EDGE_LOOP('',(#4665));
#4665 = ORIENTED_EDGE('',*,*,#4666,.T.);
#4666 = EDGE_CURVE('',#4667,#4667,#4669,.T.);
#4667 = VERTEX_POINT('',#4668);
#4668 = CARTESIAN_POINT('',(11.,-3.04,0.));
#4669 = CIRCLE('',#4670,0.5);
#4670 = AXIS2_PLACEMENT_3D('',#4671,#4672,#4673);
#4671 = CARTESIAN_POINT('',(11.,-2.54,0.));
#4672 = DIRECTION('',(-0.,0.,-1.));
#4673 = DIRECTION('',(-0.,-1.,0.));
#4674 = FACE_BOUND('',#4675,.F.);
#4675 = EDGE_LOOP('',(#4676));
#4676 = ORIENTED_EDGE('',*,*,#4677,.T.);
#4677 = EDGE_CURVE('',#4678,#4678,#4680,.T.);
#4678 = VERTEX_POINT('',#4679);
#4679 = CARTESIAN_POINT('',(7.9,-1.25,0.));
#4680 = CIRCLE('',#4681,0.45);
#4681 = AXIS2_PLACEMENT_3D('',#4682,#4683,#4684);
#4682 = CARTESIAN_POINT('',(7.9,-0.8,0.));
#4683 = DIRECTION('',(-0.,0.,-1.));
#4684 = DIRECTION('',(-0.,-1.,0.));
#4685 = FACE_BOUND('',#4686,.F.);
#4686 = EDGE_LOOP('',(#4687));
#4687 = ORIENTED_EDGE('',*,*,#4688,.T.);
#4688 = EDGE_CURVE('',#4689,#4689,#4691,.T.);
#4689 = VERTEX_POINT('',#4690);
#4690 = CARTESIAN_POINT('',(-6.162975822039E-33,-0.5,0.));
#4691 = CIRCLE('',#4692,0.5);
#4692 = AXIS2_PLACEMENT_3D('',#4693,#4694,#4695);
#4693 = CARTESIAN_POINT('',(-2.775557561563E-17,8.326672684689E-17,0.));
#4694 = DIRECTION('',(-0.,0.,-1.));
#4695 = DIRECTION('',(5.551115123126E-17,-1.,-0.));
#4696 = FACE_BOUND('',#4697,.F.);
#4697 = EDGE_LOOP('',(#4698));
#4698 = ORIENTED_EDGE('',*,*,#4699,.T.);
#4699 = EDGE_CURVE('',#4700,#4700,#4702,.T.);
#4700 = VERTEX_POINT('',#4701);
#4701 = CARTESIAN_POINT('',(3.074,0.274,0.));
#4702 = CIRCLE('',#4703,0.45);
#4703 = AXIS2_PLACEMENT_3D('',#4704,#4705,#4706);
#4704 = CARTESIAN_POINT('',(3.074,0.724,0.));
#4705 = DIRECTION('',(-0.,0.,-1.));
#4706 = DIRECTION('',(-0.,-1.,0.));
#4707 = FACE_BOUND('',#4708,.F.);
#4708 = EDGE_LOOP('',(#4709));
#4709 = ORIENTED_EDGE('',*,*,#4710,.T.);
#4710 = EDGE_CURVE('',#4711,#4711,#4713,.T.);
#4711 = VERTEX_POINT('',#4712);
#4712 = CARTESIAN_POINT('',(0.,2.04,0.));
#4713 = CIRCLE('',#4714,0.5);
#4714 = AXIS2_PLACEMENT_3D('',#4715,#4716,#4717);
#4715 = CARTESIAN_POINT('',(-2.775557561563E-17,2.54,0.));
#4716 = DIRECTION('',(-0.,0.,-1.));
#4717 = DIRECTION('',(5.551115123126E-17,-1.,-0.));
#4718 = FACE_BOUND('',#4719,.F.);
#4719 = EDGE_LOOP('',(#4720));
#4720 = ORIENTED_EDGE('',*,*,#4721,.T.);
#4721 = EDGE_CURVE('',#4722,#4722,#4724,.T.);
#4722 = VERTEX_POINT('',#4723);
#4723 = CARTESIAN_POINT('',(6.122,0.274,0.));
#4724 = CIRCLE('',#4725,0.45);
#4725 = AXIS2_PLACEMENT_3D('',#4726,#4727,#4728);
#4726 = CARTESIAN_POINT('',(6.122,0.724,0.));
#4727 = DIRECTION('',(-0.,0.,-1.));
#4728 = DIRECTION('',(-0.,-1.,0.));
#4729 = FACE_BOUND('',#4730,.F.);
#4730 = EDGE_LOOP('',(#4731));
#4731 = ORIENTED_EDGE('',*,*,#4732,.T.);
#4732 = EDGE_CURVE('',#4733,#4733,#4735,.T.);
#4733 = VERTEX_POINT('',#4734);
#4734 = CARTESIAN_POINT('',(11.,-0.5,0.));
#4735 = CIRCLE('',#4736,0.5);
#4736 = AXIS2_PLACEMENT_3D('',#4737,#4738,#4739);
#4737 = CARTESIAN_POINT('',(11.,8.326672684689E-17,0.));
#4738 = DIRECTION('',(-0.,0.,-1.));
#4739 = DIRECTION('',(-0.,-1.,0.));
#4740 = FACE_BOUND('',#4741,.F.);
#4741 = EDGE_LOOP('',(#4742));
#4742 = ORIENTED_EDGE('',*,*,#4743,.T.);
#4743 = EDGE_CURVE('',#4744,#4744,#4746,.T.);
#4744 = VERTEX_POINT('',#4745);
#4745 = CARTESIAN_POINT('',(11.,2.04,0.));
#4746 = CIRCLE('',#4747,0.5);
#4747 = AXIS2_PLACEMENT_3D('',#4748,#4749,#4750);
#4748 = CARTESIAN_POINT('',(11.,2.54,0.));
#4749 = DIRECTION('',(-0.,0.,-1.));
#4750 = DIRECTION('',(-0.,-1.,0.));
#4751 = PLANE('',#4752);
#4752 = AXIS2_PLACEMENT_3D('',#4753,#4754,#4755);
#4753 = CARTESIAN_POINT('',(0.,0.,0.));
#4754 = DIRECTION('',(0.,0.,1.));
#4755 = DIRECTION('',(1.,0.,-0.));
#4756 = ADVANCED_FACE('',(#4757,#4803,#4814,#4825,#4836,#4847,#4858,
    #4869,#4880,#4891,#4902),#4913,.T.);
#4757 = FACE_BOUND('',#4758,.T.);
#4758 = EDGE_LOOP('',(#4759,#4760,#4761,#4770,#4778,#4787,#4795,#4802));
#4759 = ORIENTED_EDGE('',*,*,#4504,.F.);
#4760 = ORIENTED_EDGE('',*,*,#4546,.F.);
#4761 = ORIENTED_EDGE('',*,*,#4762,.F.);
#4762 = EDGE_CURVE('',#4763,#4539,#4765,.T.);
#4763 = VERTEX_POINT('',#4764);
#4764 = CARTESIAN_POINT('',(-2.5,2.5,1.51));
#4765 = CIRCLE('',#4766,2.499999839417);
#4766 = AXIS2_PLACEMENT_3D('',#4767,#4768,#4769);
#4767 = CARTESIAN_POINT('',(-1.605828502949E-07,2.500000160583,1.51));
#4768 = DIRECTION('',(0.,0.,-1.));
#4769 = DIRECTION('',(-1.,-6.423314417722E-08,-0.));
#4770 = ORIENTED_EDGE('',*,*,#4771,.F.);
#4771 = EDGE_CURVE('',#4772,#4763,#4774,.T.);
#4772 = VERTEX_POINT('',#4773);
#4773 = CARTESIAN_POINT('',(-2.5,-2.5,1.51));
#4774 = LINE('',#4775,#4776);
#4775 = CARTESIAN_POINT('',(-2.5,-2.5,1.51));
#4776 = VECTOR('',#4777,1.);
#4777 = DIRECTION('',(0.,1.,0.));
#4778 = ORIENTED_EDGE('',*,*,#4779,.F.);
#4779 = EDGE_CURVE('',#4780,#4772,#4782,.T.);
#4780 = VERTEX_POINT('',#4781);
#4781 = CARTESIAN_POINT('',(0.,-5.,1.51));
#4782 = CIRCLE('',#4783,2.499999839417);
#4783 = AXIS2_PLACEMENT_3D('',#4784,#4785,#4786);
#4784 = CARTESIAN_POINT('',(-1.605828502949E-07,-2.500000160583,1.51));
#4785 = DIRECTION('',(0.,0.,-1.));
#4786 = DIRECTION('',(6.423314424384E-08,-1.,0.));
#4787 = ORIENTED_EDGE('',*,*,#4788,.F.);
#4788 = EDGE_CURVE('',#4789,#4780,#4791,.T.);
#4789 = VERTEX_POINT('',#4790);
#4790 = CARTESIAN_POINT('',(11.,-5.,1.51));
#4791 = LINE('',#4792,#4793);
#4792 = CARTESIAN_POINT('',(11.,-5.,1.51));
#4793 = VECTOR('',#4794,1.);
#4794 = DIRECTION('',(-1.,0.,0.));
#4795 = ORIENTED_EDGE('',*,*,#4796,.F.);
#4796 = EDGE_CURVE('',#4569,#4789,#4797,.T.);
#4797 = CIRCLE('',#4798,2.499999839417);
#4798 = AXIS2_PLACEMENT_3D('',#4799,#4800,#4801);
#4799 = CARTESIAN_POINT('',(11.000000160583,-2.500000160583,1.51));
#4800 = DIRECTION('',(0.,0.,-1.));
#4801 = DIRECTION('',(1.,6.423314346668E-08,0.));
#4802 = ORIENTED_EDGE('',*,*,#4568,.F.);
#4803 = FACE_BOUND('',#4804,.T.);
#4804 = EDGE_LOOP('',(#4805));
#4805 = ORIENTED_EDGE('',*,*,#4806,.T.);
#4806 = EDGE_CURVE('',#4807,#4807,#4809,.T.);
#4807 = VERTEX_POINT('',#4808);
#4808 = CARTESIAN_POINT('',(0.,-3.04,1.51));
#4809 = CIRCLE('',#4810,0.5);
#4810 = AXIS2_PLACEMENT_3D('',#4811,#4812,#4813);
#4811 = CARTESIAN_POINT('',(-2.775557561563E-17,-2.54,1.51));
#4812 = DIRECTION('',(-0.,0.,-1.));
#4813 = DIRECTION('',(5.551115123126E-17,-1.,-0.));
#4814 = FACE_BOUND('',#4815,.T.);
#4815 = EDGE_LOOP('',(#4816));
#4816 = ORIENTED_EDGE('',*,*,#4817,.T.);
#4817 = EDGE_CURVE('',#4818,#4818,#4820,.T.);
#4818 = VERTEX_POINT('',#4819);
#4819 = CARTESIAN_POINT('',(4.598,-1.25,1.51));
#4820 = CIRCLE('',#4821,0.45);
#4821 = AXIS2_PLACEMENT_3D('',#4822,#4823,#4824);
#4822 = CARTESIAN_POINT('',(4.598,-0.8,1.51));
#4823 = DIRECTION('',(-0.,0.,-1.));
#4824 = DIRECTION('',(-0.,-1.,0.));
#4825 = FACE_BOUND('',#4826,.T.);
#4826 = EDGE_LOOP('',(#4827));
#4827 = ORIENTED_EDGE('',*,*,#4828,.T.);
#4828 = EDGE_CURVE('',#4829,#4829,#4831,.T.);
#4829 = VERTEX_POINT('',#4830);
#4830 = CARTESIAN_POINT('',(11.,-3.04,1.51));
#4831 = CIRCLE('',#4832,0.5);
#4832 = AXIS2_PLACEMENT_3D('',#4833,#4834,#4835);
#4833 = CARTESIAN_POINT('',(11.,-2.54,1.51));
#4834 = DIRECTION('',(-0.,0.,-1.));
#4835 = DIRECTION('',(-0.,-1.,0.));
#4836 = FACE_BOUND('',#4837,.T.);
#4837 = EDGE_LOOP('',(#4838));
#4838 = ORIENTED_EDGE('',*,*,#4839,.T.);
#4839 = EDGE_CURVE('',#4840,#4840,#4842,.T.);
#4840 = VERTEX_POINT('',#4841);
#4841 = CARTESIAN_POINT('',(7.9,-1.25,1.51));
#4842 = CIRCLE('',#4843,0.45);
#4843 = AXIS2_PLACEMENT_3D('',#4844,#4845,#4846);
#4844 = CARTESIAN_POINT('',(7.9,-0.8,1.51));
#4845 = DIRECTION('',(-0.,0.,-1.));
#4846 = DIRECTION('',(-0.,-1.,0.));
#4847 = FACE_BOUND('',#4848,.T.);
#4848 = EDGE_LOOP('',(#4849));
#4849 = ORIENTED_EDGE('',*,*,#4850,.T.);
#4850 = EDGE_CURVE('',#4851,#4851,#4853,.T.);
#4851 = VERTEX_POINT('',#4852);
#4852 = CARTESIAN_POINT('',(-6.162975822039E-33,-0.5,1.51));
#4853 = CIRCLE('',#4854,0.5);
#4854 = AXIS2_PLACEMENT_3D('',#4855,#4856,#4857);
#4855 = CARTESIAN_POINT('',(-2.775557561563E-17,8.326672684689E-17,1.51)
  );
#4856 = DIRECTION('',(-0.,0.,-1.));
#4857 = DIRECTION('',(5.551115123126E-17,-1.,-0.));
#4858 = FACE_BOUND('',#4859,.T.);
#4859 = EDGE_LOOP('',(#4860));
#4860 = ORIENTED_EDGE('',*,*,#4861,.T.);
#4861 = EDGE_CURVE('',#4862,#4862,#4864,.T.);
#4862 = VERTEX_POINT('',#4863);
#4863 = CARTESIAN_POINT('',(3.074,0.274,1.51));
#4864 = CIRCLE('',#4865,0.45);
#4865 = AXIS2_PLACEMENT_3D('',#4866,#4867,#4868);
#4866 = CARTESIAN_POINT('',(3.074,0.724,1.51));
#4867 = DIRECTION('',(-0.,0.,-1.));
#4868 = DIRECTION('',(-0.,-1.,0.));
#4869 = FACE_BOUND('',#4870,.T.);
#4870 = EDGE_LOOP('',(#4871));
#4871 = ORIENTED_EDGE('',*,*,#4872,.T.);
#4872 = EDGE_CURVE('',#4873,#4873,#4875,.T.);
#4873 = VERTEX_POINT('',#4874);
#4874 = CARTESIAN_POINT('',(0.,2.04,1.51));
#4875 = CIRCLE('',#4876,0.5);
#4876 = AXIS2_PLACEMENT_3D('',#4877,#4878,#4879);
#4877 = CARTESIAN_POINT('',(-2.775557561563E-17,2.54,1.51));
#4878 = DIRECTION('',(-0.,0.,-1.));
#4879 = DIRECTION('',(5.551115123126E-17,-1.,-0.));
#4880 = FACE_BOUND('',#4881,.T.);
#4881 = EDGE_LOOP('',(#4882));
#4882 = ORIENTED_EDGE('',*,*,#4883,.T.);
#4883 = EDGE_CURVE('',#4884,#4884,#4886,.T.);
#4884 = VERTEX_POINT('',#4885);
#4885 = CARTESIAN_POINT('',(6.122,0.274,1.51));
#4886 = CIRCLE('',#4887,0.45);
#4887 = AXIS2_PLACEMENT_3D('',#4888,#4889,#4890);
#4888 = CARTESIAN_POINT('',(6.122,0.724,1.51));
#4889 = DIRECTION('',(-0.,0.,-1.));
#4890 = DIRECTION('',(-0.,-1.,0.));
#4891 = FACE_BOUND('',#4892,.T.);
#4892 = EDGE_LOOP('',(#4893));
#4893 = ORIENTED_EDGE('',*,*,#4894,.T.);
#4894 = EDGE_CURVE('',#4895,#4895,#4897,.T.);
#4895 = VERTEX_POINT('',#4896);
#4896 = CARTESIAN_POINT('',(11.,-0.5,1.51));
#4897 = CIRCLE('',#4898,0.5);
#4898 = AXIS2_PLACEMENT_3D('',#4899,#4900,#4901);
#4899 = CARTESIAN_POINT('',(11.,8.326672684689E-17,1.51));
#4900 = DIRECTION('',(-0.,0.,-1.));
#4901 = DIRECTION('',(-0.,-1.,0.));
#4902 = FACE_BOUND('',#4903,.T.);
#4903 = EDGE_LOOP('',(#4904));
#4904 = ORIENTED_EDGE('',*,*,#4905,.T.);
#4905 = EDGE_CURVE('',#4906,#4906,#4908,.T.);
#4906 = VERTEX_POINT('',#4907);
#4907 = CARTESIAN_POINT('',(11.,2.04,1.51));
#4908 = CIRCLE('',#4909,0.5);
#4909 = AXIS2_PLACEMENT_3D('',#4910,#4911,#4912);
#4910 = CARTESIAN_POINT('',(11.,2.54,1.51));
#4911 = DIRECTION('',(-0.,0.,-1.));
#4912 = DIRECTION('',(-0.,-1.,0.));
#4913 = PLANE('',#4914);
#4914 = AXIS2_PLACEMENT_3D('',#4915,#4916,#4917);
#4915 = CARTESIAN_POINT('',(0.,0.,1.51));
#4916 = DIRECTION('',(0.,0.,1.));
#4917 = DIRECTION('',(1.,0.,-0.));
#4918 = ADVANCED_FACE('',(#4919),#4930,.T.);
#4919 = FACE_BOUND('',#4920,.T.);
#4920 = EDGE_LOOP('',(#4921,#4927,#4928,#4929));
#4921 = ORIENTED_EDGE('',*,*,#4922,.T.);
#4922 = EDGE_CURVE('',#4601,#4763,#4923,.T.);
#4923 = LINE('',#4924,#4925);
#4924 = CARTESIAN_POINT('',(-2.5,2.5,0.));
#4925 = VECTOR('',#4926,1.);
#4926 = DIRECTION('',(0.,0.,1.));
#4927 = ORIENTED_EDGE('',*,*,#4762,.T.);
#4928 = ORIENTED_EDGE('',*,*,#4536,.F.);
#4929 = ORIENTED_EDGE('',*,*,#4600,.F.);
#4930 = CYLINDRICAL_SURFACE('',#4931,2.499999839417);
#4931 = AXIS2_PLACEMENT_3D('',#4932,#4933,#4934);
#4932 = CARTESIAN_POINT('',(-1.605828502949E-07,2.500000160583,0.));
#4933 = DIRECTION('',(0.,0.,-1.));
#4934 = DIRECTION('',(-1.,-6.423314417722E-08,-0.));
#4935 = ADVANCED_FACE('',(#4936),#4947,.T.);
#4936 = FACE_BOUND('',#4937,.T.);
#4937 = EDGE_LOOP('',(#4938,#4939,#4940,#4946));
#4938 = ORIENTED_EDGE('',*,*,#4576,.T.);
#4939 = ORIENTED_EDGE('',*,*,#4796,.T.);
#4940 = ORIENTED_EDGE('',*,*,#4941,.F.);
#4941 = EDGE_CURVE('',#4627,#4789,#4942,.T.);
#4942 = LINE('',#4943,#4944);
#4943 = CARTESIAN_POINT('',(11.,-5.,0.));
#4944 = VECTOR('',#4945,1.);
#4945 = DIRECTION('',(0.,0.,1.));
#4946 = ORIENTED_EDGE('',*,*,#4634,.F.);
#4947 = CYLINDRICAL_SURFACE('',#4948,2.499999839417);
#4948 = AXIS2_PLACEMENT_3D('',#4949,#4950,#4951);
#4949 = CARTESIAN_POINT('',(11.000000160583,-2.500000160583,0.));
#4950 = DIRECTION('',(0.,0.,-1.));
#4951 = DIRECTION('',(1.,6.423314346668E-08,0.));
#4952 = ADVANCED_FACE('',(#4953),#4964,.T.);
#4953 = FACE_BOUND('',#4954,.T.);
#4954 = EDGE_LOOP('',(#4955,#4961,#4962,#4963));
#4955 = ORIENTED_EDGE('',*,*,#4956,.T.);
#4956 = EDGE_CURVE('',#4610,#4772,#4957,.T.);
#4957 = LINE('',#4958,#4959);
#4958 = CARTESIAN_POINT('',(-2.5,-2.5,0.));
#4959 = VECTOR('',#4960,1.);
#4960 = DIRECTION('',(0.,0.,1.));
#4961 = ORIENTED_EDGE('',*,*,#4771,.T.);
#4962 = ORIENTED_EDGE('',*,*,#4922,.F.);
#4963 = ORIENTED_EDGE('',*,*,#4609,.F.);
#4964 = PLANE('',#4965);
#4965 = AXIS2_PLACEMENT_3D('',#4966,#4967,#4968);
#4966 = CARTESIAN_POINT('',(-2.5,-2.5,0.));
#4967 = DIRECTION('',(-1.,0.,0.));
#4968 = DIRECTION('',(0.,1.,0.));
#4969 = ADVANCED_FACE('',(#4970),#4981,.T.);
#4970 = FACE_BOUND('',#4971,.T.);
#4971 = EDGE_LOOP('',(#4972,#4973,#4974,#4980));
#4972 = ORIENTED_EDGE('',*,*,#4941,.T.);
#4973 = ORIENTED_EDGE('',*,*,#4788,.T.);
#4974 = ORIENTED_EDGE('',*,*,#4975,.F.);
#4975 = EDGE_CURVE('',#4618,#4780,#4976,.T.);
#4976 = LINE('',#4977,#4978);
#4977 = CARTESIAN_POINT('',(0.,-5.,0.));
#4978 = VECTOR('',#4979,1.);
#4979 = DIRECTION('',(0.,0.,1.));
#4980 = ORIENTED_EDGE('',*,*,#4626,.F.);
#4981 = PLANE('',#4982);
#4982 = AXIS2_PLACEMENT_3D('',#4983,#4984,#4985);
#4983 = CARTESIAN_POINT('',(11.,-5.,0.));
#4984 = DIRECTION('',(0.,-1.,0.));
#4985 = DIRECTION('',(-1.,0.,0.));
#4986 = ADVANCED_FACE('',(#4987),#4993,.T.);
#4987 = FACE_BOUND('',#4988,.T.);
#4988 = EDGE_LOOP('',(#4989,#4990,#4991,#4992));
#4989 = ORIENTED_EDGE('',*,*,#4975,.T.);
#4990 = ORIENTED_EDGE('',*,*,#4779,.T.);
#4991 = ORIENTED_EDGE('',*,*,#4956,.F.);
#4992 = ORIENTED_EDGE('',*,*,#4617,.F.);
#4993 = CYLINDRICAL_SURFACE('',#4994,2.499999839417);
#4994 = AXIS2_PLACEMENT_3D('',#4995,#4996,#4997);
#4995 = CARTESIAN_POINT('',(-1.605828502949E-07,-2.500000160583,0.));
#4996 = DIRECTION('',(0.,0.,-1.));
#4997 = DIRECTION('',(6.423314424384E-08,-1.,0.));
#4998 = ADVANCED_FACE('',(#4999),#5010,.F.);
#4999 = FACE_BOUND('',#5000,.T.);
#5000 = EDGE_LOOP('',(#5001,#5002,#5008,#5009));
#5001 = ORIENTED_EDGE('',*,*,#4644,.T.);
#5002 = ORIENTED_EDGE('',*,*,#5003,.T.);
#5003 = EDGE_CURVE('',#4645,#4807,#5004,.T.);
#5004 = LINE('',#5005,#5006);
#5005 = CARTESIAN_POINT('',(0.,-3.04,-4.6E-02));
#5006 = VECTOR('',#5007,1.);
#5007 = DIRECTION('',(0.,0.,1.));
#5008 = ORIENTED_EDGE('',*,*,#4806,.F.);
#5009 = ORIENTED_EDGE('',*,*,#5003,.F.);
#5010 = CYLINDRICAL_SURFACE('',#5011,0.5);
#5011 = AXIS2_PLACEMENT_3D('',#5012,#5013,#5014);
#5012 = CARTESIAN_POINT('',(-2.775557561563E-17,-2.54,-4.6E-02));
#5013 = DIRECTION('',(-0.,0.,-1.));
#5014 = DIRECTION('',(5.551115123126E-17,-1.,-0.));
#5015 = ADVANCED_FACE('',(#5016),#5027,.F.);
#5016 = FACE_BOUND('',#5017,.T.);
#5017 = EDGE_LOOP('',(#5018,#5019,#5025,#5026));
#5018 = ORIENTED_EDGE('',*,*,#4655,.T.);
#5019 = ORIENTED_EDGE('',*,*,#5020,.T.);
#5020 = EDGE_CURVE('',#4656,#4818,#5021,.T.);
#5021 = LINE('',#5022,#5023);
#5022 = CARTESIAN_POINT('',(4.598,-1.25,-4.6E-02));
#5023 = VECTOR('',#5024,1.);
#5024 = DIRECTION('',(0.,0.,1.));
#5025 = ORIENTED_EDGE('',*,*,#4817,.F.);
#5026 = ORIENTED_EDGE('',*,*,#5020,.F.);
#5027 = CYLINDRICAL_SURFACE('',#5028,0.45);
#5028 = AXIS2_PLACEMENT_3D('',#5029,#5030,#5031);
#5029 = CARTESIAN_POINT('',(4.598,-0.8,-4.6E-02));
#5030 = DIRECTION('',(-0.,-0.,-1.));
#5031 = DIRECTION('',(-0.,-1.,0.));
#5032 = ADVANCED_FACE('',(#5033),#5044,.F.);
#5033 = FACE_BOUND('',#5034,.T.);
#5034 = EDGE_LOOP('',(#5035,#5036,#5042,#5043));
#5035 = ORIENTED_EDGE('',*,*,#4666,.T.);
#5036 = ORIENTED_EDGE('',*,*,#5037,.T.);
#5037 = EDGE_CURVE('',#4667,#4829,#5038,.T.);
#5038 = LINE('',#5039,#5040);
#5039 = CARTESIAN_POINT('',(11.,-3.04,-4.6E-02));
#5040 = VECTOR('',#5041,1.);
#5041 = DIRECTION('',(0.,0.,1.));
#5042 = ORIENTED_EDGE('',*,*,#4828,.F.);
#5043 = ORIENTED_EDGE('',*,*,#5037,.F.);
#5044 = CYLINDRICAL_SURFACE('',#5045,0.5);
#5045 = AXIS2_PLACEMENT_3D('',#5046,#5047,#5048);
#5046 = CARTESIAN_POINT('',(11.,-2.54,-4.6E-02));
#5047 = DIRECTION('',(-0.,-0.,-1.));
#5048 = DIRECTION('',(-0.,-1.,0.));
#5049 = ADVANCED_FACE('',(#5050),#5061,.F.);
#5050 = FACE_BOUND('',#5051,.T.);
#5051 = EDGE_LOOP('',(#5052,#5053,#5059,#5060));
#5052 = ORIENTED_EDGE('',*,*,#4677,.T.);
#5053 = ORIENTED_EDGE('',*,*,#5054,.T.);
#5054 = EDGE_CURVE('',#4678,#4840,#5055,.T.);
#5055 = LINE('',#5056,#5057);
#5056 = CARTESIAN_POINT('',(7.9,-1.25,-4.6E-02));
#5057 = VECTOR('',#5058,1.);
#5058 = DIRECTION('',(0.,0.,1.));
#5059 = ORIENTED_EDGE('',*,*,#4839,.F.);
#5060 = ORIENTED_EDGE('',*,*,#5054,.F.);
#5061 = CYLINDRICAL_SURFACE('',#5062,0.45);
#5062 = AXIS2_PLACEMENT_3D('',#5063,#5064,#5065);
#5063 = CARTESIAN_POINT('',(7.9,-0.8,-4.6E-02));
#5064 = DIRECTION('',(-0.,-0.,-1.));
#5065 = DIRECTION('',(-0.,-1.,0.));
#5066 = ADVANCED_FACE('',(#5067),#5078,.F.);
#5067 = FACE_BOUND('',#5068,.T.);
#5068 = EDGE_LOOP('',(#5069,#5070,#5076,#5077));
#5069 = ORIENTED_EDGE('',*,*,#4688,.T.);
#5070 = ORIENTED_EDGE('',*,*,#5071,.T.);
#5071 = EDGE_CURVE('',#4689,#4851,#5072,.T.);
#5072 = LINE('',#5073,#5074);
#5073 = CARTESIAN_POINT('',(-6.162975822039E-33,-0.5,-4.6E-02));
#5074 = VECTOR('',#5075,1.);
#5075 = DIRECTION('',(0.,0.,1.));
#5076 = ORIENTED_EDGE('',*,*,#4850,.F.);
#5077 = ORIENTED_EDGE('',*,*,#5071,.F.);
#5078 = CYLINDRICAL_SURFACE('',#5079,0.5);
#5079 = AXIS2_PLACEMENT_3D('',#5080,#5081,#5082);
#5080 = CARTESIAN_POINT('',(-2.775557561563E-17,8.326672684689E-17,
    -4.6E-02));
#5081 = DIRECTION('',(-0.,0.,-1.));
#5082 = DIRECTION('',(5.551115123126E-17,-1.,-0.));
#5083 = ADVANCED_FACE('',(#5084),#5095,.F.);
#5084 = FACE_BOUND('',#5085,.T.);
#5085 = EDGE_LOOP('',(#5086,#5087,#5093,#5094));
#5086 = ORIENTED_EDGE('',*,*,#4699,.T.);
#5087 = ORIENTED_EDGE('',*,*,#5088,.T.);
#5088 = EDGE_CURVE('',#4700,#4862,#5089,.T.);
#5089 = LINE('',#5090,#5091);
#5090 = CARTESIAN_POINT('',(3.074,0.274,-4.6E-02));
#5091 = VECTOR('',#5092,1.);
#5092 = DIRECTION('',(0.,0.,1.));
#5093 = ORIENTED_EDGE('',*,*,#4861,.F.);
#5094 = ORIENTED_EDGE('',*,*,#5088,.F.);
#5095 = CYLINDRICAL_SURFACE('',#5096,0.45);
#5096 = AXIS2_PLACEMENT_3D('',#5097,#5098,#5099);
#5097 = CARTESIAN_POINT('',(3.074,0.724,-4.6E-02));
#5098 = DIRECTION('',(-0.,-0.,-1.));
#5099 = DIRECTION('',(-0.,-1.,0.));
#5100 = ADVANCED_FACE('',(#5101),#5112,.F.);
#5101 = FACE_BOUND('',#5102,.T.);
#5102 = EDGE_LOOP('',(#5103,#5104,#5110,#5111));
#5103 = ORIENTED_EDGE('',*,*,#4710,.T.);
#5104 = ORIENTED_EDGE('',*,*,#5105,.T.);
#5105 = EDGE_CURVE('',#4711,#4873,#5106,.T.);
#5106 = LINE('',#5107,#5108);
#5107 = CARTESIAN_POINT('',(0.,2.04,-4.6E-02));
#5108 = VECTOR('',#5109,1.);
#5109 = DIRECTION('',(0.,0.,1.));
#5110 = ORIENTED_EDGE('',*,*,#4872,.F.);
#5111 = ORIENTED_EDGE('',*,*,#5105,.F.);
#5112 = CYLINDRICAL_SURFACE('',#5113,0.5);
#5113 = AXIS2_PLACEMENT_3D('',#5114,#5115,#5116);
#5114 = CARTESIAN_POINT('',(-2.775557561563E-17,2.54,-4.6E-02));
#5115 = DIRECTION('',(-0.,0.,-1.));
#5116 = DIRECTION('',(5.551115123126E-17,-1.,-0.));
#5117 = ADVANCED_FACE('',(#5118),#5129,.F.);
#5118 = FACE_BOUND('',#5119,.T.);
#5119 = EDGE_LOOP('',(#5120,#5121,#5127,#5128));
#5120 = ORIENTED_EDGE('',*,*,#4721,.T.);
#5121 = ORIENTED_EDGE('',*,*,#5122,.T.);
#5122 = EDGE_CURVE('',#4722,#4884,#5123,.T.);
#5123 = LINE('',#5124,#5125);
#5124 = CARTESIAN_POINT('',(6.122,0.274,-4.6E-02));
#5125 = VECTOR('',#5126,1.);
#5126 = DIRECTION('',(0.,0.,1.));
#5127 = ORIENTED_EDGE('',*,*,#4883,.F.);
#5128 = ORIENTED_EDGE('',*,*,#5122,.F.);
#5129 = CYLINDRICAL_SURFACE('',#5130,0.45);
#5130 = AXIS2_PLACEMENT_3D('',#5131,#5132,#5133);
#5131 = CARTESIAN_POINT('',(6.122,0.724,-4.6E-02));
#5132 = DIRECTION('',(-0.,-0.,-1.));
#5133 = DIRECTION('',(-0.,-1.,0.));
#5134 = ADVANCED_FACE('',(#5135),#5146,.F.);
#5135 = FACE_BOUND('',#5136,.T.);
#5136 = EDGE_LOOP('',(#5137,#5138,#5144,#5145));
#5137 = ORIENTED_EDGE('',*,*,#4732,.T.);
#5138 = ORIENTED_EDGE('',*,*,#5139,.T.);
#5139 = EDGE_CURVE('',#4733,#4895,#5140,.T.);
#5140 = LINE('',#5141,#5142);
#5141 = CARTESIAN_POINT('',(11.,-0.5,-4.6E-02));
#5142 = VECTOR('',#5143,1.);
#5143 = DIRECTION('',(0.,0.,1.));
#5144 = ORIENTED_EDGE('',*,*,#4894,.F.);
#5145 = ORIENTED_EDGE('',*,*,#5139,.F.);
#5146 = CYLINDRICAL_SURFACE('',#5147,0.5);
#5147 = AXIS2_PLACEMENT_3D('',#5148,#5149,#5150);
#5148 = CARTESIAN_POINT('',(11.,8.326672684689E-17,-4.6E-02));
#5149 = DIRECTION('',(-0.,-0.,-1.));
#5150 = DIRECTION('',(-0.,-1.,0.));
#5151 = ADVANCED_FACE('',(#5152),#5163,.F.);
#5152 = FACE_BOUND('',#5153,.T.);
#5153 = EDGE_LOOP('',(#5154,#5155,#5161,#5162));
#5154 = ORIENTED_EDGE('',*,*,#4743,.T.);
#5155 = ORIENTED_EDGE('',*,*,#5156,.T.);
#5156 = EDGE_CURVE('',#4744,#4906,#5157,.T.);
#5157 = LINE('',#5158,#5159);
#5158 = CARTESIAN_POINT('',(11.,2.04,-4.6E-02));
#5159 = VECTOR('',#5160,1.);
#5160 = DIRECTION('',(0.,0.,1.));
#5161 = ORIENTED_EDGE('',*,*,#4905,.F.);
#5162 = ORIENTED_EDGE('',*,*,#5156,.F.);
#5163 = CYLINDRICAL_SURFACE('',#5164,0.5);
#5164 = AXIS2_PLACEMENT_3D('',#5165,#5166,#5167);
#5165 = CARTESIAN_POINT('',(11.,2.54,-4.6E-02));
#5166 = DIRECTION('',(-0.,-0.,-1.));
#5167 = DIRECTION('',(-0.,-1.,0.));
#5168 = ( GEOMETRIC_REPRESENTATION_CONTEXT(3) 
GLOBAL_UNCERTAINTY_ASSIGNED_CONTEXT((#5172)) 
GLOBAL_UNIT_ASSIGNED_CONTEXT((#5169,#5170,#5171)) REPRESENTATION_CONTEXT
('Context #1','3D Context with UNIT and UNCERTAINTY') );
#5169 = ( LENGTH_UNIT() NAMED_UNIT(*) SI_UNIT(.MILLI.,.METRE.) );
#5170 = ( NAMED_UNIT(*) PLANE_ANGLE_UNIT() SI_UNIT($,.RADIAN.) );
#5171 = ( NAMED_UNIT(*) SI_UNIT($,.STERADIAN.) SOLID_ANGLE_UNIT() );
#5172 = UNCERTAINTY_MEASURE_WITH_UNIT(LENGTH_MEASURE(1.E-07),#5169,
  'distance_accuracy_value','confusion accuracy');
#5173 = CONTEXT_DEPENDENT_SHAPE_REPRESENTATION(#5174,#5176);
#5174 = ( REPRESENTATION_RELATIONSHIP('','',#4487,#10) 
REPRESENTATION_RELATIONSHIP_WITH_TRANSFORMATION(#5175) 
SHAPE_REPRESENTATION_RELATIONSHIP() );
#5175 = ITEM_DEFINED_TRANSFORMATION('','',#11,#27);
#5176 = PRODUCT_DEFINITION_SHAPE('Placement','Placement of an item',
  #5177);
#5177 = NEXT_ASSEMBLY_USAGE_OCCURRENCE('4','=>[0:1:1:4]','',#5,#4482,$);
#5178 = PRODUCT_RELATED_PRODUCT_CATEGORY('part',$,(#4484));
#5179 = MECHANICAL_DESIGN_GEOMETRIC_PRESENTATION_REPRESENTATION('',(
    #5180),#5168);
#5180 = STYLED_ITEM('color',(#5181),#4488);
#5181 = PRESENTATION_STYLE_ASSIGNMENT((#5182));
#5182 = SURFACE_STYLE_USAGE(.BOTH.,#5183);
#5183 = SURFACE_SIDE_STYLE('',(#5184));
#5184 = SURFACE_STYLE_FILL_AREA(#5185);
#5185 = FILL_AREA_STYLE('',(#5186));
#5186 = FILL_AREA_STYLE_COLOUR('',#5187);
#5187 = COLOUR_RGB('',0.313304153717,0.484529207832,0.410020903123);
#5188 = MECHANICAL_DESIGN_GEOMETRIC_PRESENTATION_REPRESENTATION('',(
    #5189,#5197,#5204,#5211,#5218,#5225,#5232,#5239,#5246,#5253,#5260,
    #5267,#5274,#5281,#5288,#5295,#5302,#5309,#5316,#5323,#5330,#5337,
    #5344,#5352,#5359,#5366,#5373,#5380,#5387,#5394,#5401,#5408,#5415,
    #5422,#5429,#5436,#5443,#5450,#5457,#5464,#5471,#5478,#5485,#5492,
    #5499,#5506,#5513,#5520,#5527,#5534,#5541,#5548,#5555,#5562,#5569,
    #5576,#5583,#5590,#5597,#5604,#5611,#5618,#5625,#5632,#5639,#5646,
    #5653,#5660,#5667,#5674,#5681,#5688,#5695,#5702,#5709,#5716),#2151);
#5189 = STYLED_ITEM('color',(#5190),#47);
#5190 = PRESENTATION_STYLE_ASSIGNMENT((#5191));
#5191 = SURFACE_STYLE_USAGE(.BOTH.,#5192);
#5192 = SURFACE_SIDE_STYLE('',(#5193));
#5193 = SURFACE_STYLE_FILL_AREA(#5194);
#5194 = FILL_AREA_STYLE('',(#5195));
#5195 = FILL_AREA_STYLE_COLOUR('',#5196);
#5196 = COLOUR_RGB('',0.147999998088,0.144999993226,0.144999993226);
#5197 = STYLED_ITEM('color',(#5198),#87);
#5198 = PRESENTATION_STYLE_ASSIGNMENT((#5199));
#5199 = SURFACE_STYLE_USAGE(.BOTH.,#5200);
#5200 = SURFACE_SIDE_STYLE('',(#5201));
#5201 = SURFACE_STYLE_FILL_AREA(#5202);
#5202 = FILL_AREA_STYLE('',(#5203));
#5203 = FILL_AREA_STYLE_COLOUR('',#5196);
#5204 = STYLED_ITEM('color',(#5205),#118);
#5205 = PRESENTATION_STYLE_ASSIGNMENT((#5206));
#5206 = SURFACE_STYLE_USAGE(.BOTH.,#5207);
#5207 = SURFACE_SIDE_STYLE('',(#5208));
#5208 = SURFACE_STYLE_FILL_AREA(#5209);
#5209 = FILL_AREA_STYLE('',(#5210));
#5210 = FILL_AREA_STYLE_COLOUR('',#5196);
#5211 = STYLED_ITEM('color',(#5212),#149);
#5212 = PRESENTATION_STYLE_ASSIGNMENT((#5213));
#5213 = SURFACE_STYLE_USAGE(.BOTH.,#5214);
#5214 = SURFACE_SIDE_STYLE('',(#5215));
#5215 = SURFACE_STYLE_FILL_AREA(#5216);
#5216 = FILL_AREA_STYLE('',(#5217));
#5217 = FILL_AREA_STYLE_COLOUR('',#5196);
#5218 = STYLED_ITEM('color',(#5219),#396);
#5219 = PRESENTATION_STYLE_ASSIGNMENT((#5220));
#5220 = SURFACE_STYLE_USAGE(.BOTH.,#5221);
#5221 = SURFACE_SIDE_STYLE('',(#5222));
#5222 = SURFACE_STYLE_FILL_AREA(#5223);
#5223 = FILL_AREA_STYLE('',(#5224));
#5224 = FILL_AREA_STYLE_COLOUR('',#5196);
#5225 = STYLED_ITEM('color',(#5226),#643);
#5226 = PRESENTATION_STYLE_ASSIGNMENT((#5227));
#5227 = SURFACE_STYLE_USAGE(.BOTH.,#5228);
#5228 = SURFACE_SIDE_STYLE('',(#5229));
#5229 = SURFACE_STYLE_FILL_AREA(#5230);
#5230 = FILL_AREA_STYLE('',(#5231));
#5231 = FILL_AREA_STYLE_COLOUR('',#5196);
#5232 = STYLED_ITEM('color',(#5233),#660);
#5233 = PRESENTATION_STYLE_ASSIGNMENT((#5234));
#5234 = SURFACE_STYLE_USAGE(.BOTH.,#5235);
#5235 = SURFACE_SIDE_STYLE('',(#5236));
#5236 = SURFACE_STYLE_FILL_AREA(#5237);
#5237 = FILL_AREA_STYLE('',(#5238));
#5238 = FILL_AREA_STYLE_COLOUR('',#5196);
#5239 = STYLED_ITEM('color',(#5240),#677);
#5240 = PRESENTATION_STYLE_ASSIGNMENT((#5241));
#5241 = SURFACE_STYLE_USAGE(.BOTH.,#5242);
#5242 = SURFACE_SIDE_STYLE('',(#5243));
#5243 = SURFACE_STYLE_FILL_AREA(#5244);
#5244 = FILL_AREA_STYLE('',(#5245));
#5245 = FILL_AREA_STYLE_COLOUR('',#5196);
#5246 = STYLED_ITEM('color',(#5247),#694);
#5247 = PRESENTATION_STYLE_ASSIGNMENT((#5248));
#5248 = SURFACE_STYLE_USAGE(.BOTH.,#5249);
#5249 = SURFACE_SIDE_STYLE('',(#5250));
#5250 = SURFACE_STYLE_FILL_AREA(#5251);
#5251 = FILL_AREA_STYLE('',(#5252));
#5252 = FILL_AREA_STYLE_COLOUR('',#5196);
#5253 = STYLED_ITEM('color',(#5254),#711);
#5254 = PRESENTATION_STYLE_ASSIGNMENT((#5255));
#5255 = SURFACE_STYLE_USAGE(.BOTH.,#5256);
#5256 = SURFACE_SIDE_STYLE('',(#5257));
#5257 = SURFACE_STYLE_FILL_AREA(#5258);
#5258 = FILL_AREA_STYLE('',(#5259));
#5259 = FILL_AREA_STYLE_COLOUR('',#5196);
#5260 = STYLED_ITEM('color',(#5261),#728);
#5261 = PRESENTATION_STYLE_ASSIGNMENT((#5262));
#5262 = SURFACE_STYLE_USAGE(.BOTH.,#5263);
#5263 = SURFACE_SIDE_STYLE('',(#5264));
#5264 = SURFACE_STYLE_FILL_AREA(#5265);
#5265 = FILL_AREA_STYLE('',(#5266));
#5266 = FILL_AREA_STYLE_COLOUR('',#5196);
#5267 = STYLED_ITEM('color',(#5268),#745);
#5268 = PRESENTATION_STYLE_ASSIGNMENT((#5269));
#5269 = SURFACE_STYLE_USAGE(.BOTH.,#5270);
#5270 = SURFACE_SIDE_STYLE('',(#5271));
#5271 = SURFACE_STYLE_FILL_AREA(#5272);
#5272 = FILL_AREA_STYLE('',(#5273));
#5273 = FILL_AREA_STYLE_COLOUR('',#5196);
#5274 = STYLED_ITEM('color',(#5275),#762);
#5275 = PRESENTATION_STYLE_ASSIGNMENT((#5276));
#5276 = SURFACE_STYLE_USAGE(.BOTH.,#5277);
#5277 = SURFACE_SIDE_STYLE('',(#5278));
#5278 = SURFACE_STYLE_FILL_AREA(#5279);
#5279 = FILL_AREA_STYLE('',(#5280));
#5280 = FILL_AREA_STYLE_COLOUR('',#5196);
#5281 = STYLED_ITEM('color',(#5282),#779);
#5282 = PRESENTATION_STYLE_ASSIGNMENT((#5283));
#5283 = SURFACE_STYLE_USAGE(.BOTH.,#5284);
#5284 = SURFACE_SIDE_STYLE('',(#5285));
#5285 = SURFACE_STYLE_FILL_AREA(#5286);
#5286 = FILL_AREA_STYLE('',(#5287));
#5287 = FILL_AREA_STYLE_COLOUR('',#5196);
#5288 = STYLED_ITEM('color',(#5289),#796);
#5289 = PRESENTATION_STYLE_ASSIGNMENT((#5290));
#5290 = SURFACE_STYLE_USAGE(.BOTH.,#5291);
#5291 = SURFACE_SIDE_STYLE('',(#5292));
#5292 = SURFACE_STYLE_FILL_AREA(#5293);
#5293 = FILL_AREA_STYLE('',(#5294));
#5294 = FILL_AREA_STYLE_COLOUR('',#5196);
#5295 = STYLED_ITEM('color',(#5296),#813);
#5296 = PRESENTATION_STYLE_ASSIGNMENT((#5297));
#5297 = SURFACE_STYLE_USAGE(.BOTH.,#5298);
#5298 = SURFACE_SIDE_STYLE('',(#5299));
#5299 = SURFACE_STYLE_FILL_AREA(#5300);
#5300 = FILL_AREA_STYLE('',(#5301));
#5301 = FILL_AREA_STYLE_COLOUR('',#5196);
#5302 = STYLED_ITEM('color',(#5303),#830);
#5303 = PRESENTATION_STYLE_ASSIGNMENT((#5304));
#5304 = SURFACE_STYLE_USAGE(.BOTH.,#5305);
#5305 = SURFACE_SIDE_STYLE('',(#5306));
#5306 = SURFACE_STYLE_FILL_AREA(#5307);
#5307 = FILL_AREA_STYLE('',(#5308));
#5308 = FILL_AREA_STYLE_COLOUR('',#5196);
#5309 = STYLED_ITEM('color',(#5310),#847);
#5310 = PRESENTATION_STYLE_ASSIGNMENT((#5311));
#5311 = SURFACE_STYLE_USAGE(.BOTH.,#5312);
#5312 = SURFACE_SIDE_STYLE('',(#5313));
#5313 = SURFACE_STYLE_FILL_AREA(#5314);
#5314 = FILL_AREA_STYLE('',(#5315));
#5315 = FILL_AREA_STYLE_COLOUR('',#5196);
#5316 = STYLED_ITEM('color',(#5317),#864);
#5317 = PRESENTATION_STYLE_ASSIGNMENT((#5318));
#5318 = SURFACE_STYLE_USAGE(.BOTH.,#5319);
#5319 = SURFACE_SIDE_STYLE('',(#5320));
#5320 = SURFACE_STYLE_FILL_AREA(#5321);
#5321 = FILL_AREA_STYLE('',(#5322));
#5322 = FILL_AREA_STYLE_COLOUR('',#5196);
#5323 = STYLED_ITEM('color',(#5324),#881);
#5324 = PRESENTATION_STYLE_ASSIGNMENT((#5325));
#5325 = SURFACE_STYLE_USAGE(.BOTH.,#5326);
#5326 = SURFACE_SIDE_STYLE('',(#5327));
#5327 = SURFACE_STYLE_FILL_AREA(#5328);
#5328 = FILL_AREA_STYLE('',(#5329));
#5329 = FILL_AREA_STYLE_COLOUR('',#5196);
#5330 = STYLED_ITEM('color',(#5331),#898);
#5331 = PRESENTATION_STYLE_ASSIGNMENT((#5332));
#5332 = SURFACE_STYLE_USAGE(.BOTH.,#5333);
#5333 = SURFACE_SIDE_STYLE('',(#5334));
#5334 = SURFACE_STYLE_FILL_AREA(#5335);
#5335 = FILL_AREA_STYLE('',(#5336));
#5336 = FILL_AREA_STYLE_COLOUR('',#5196);
#5337 = STYLED_ITEM('color',(#5338),#915);
#5338 = PRESENTATION_STYLE_ASSIGNMENT((#5339));
#5339 = SURFACE_STYLE_USAGE(.BOTH.,#5340);
#5340 = SURFACE_SIDE_STYLE('',(#5341));
#5341 = SURFACE_STYLE_FILL_AREA(#5342);
#5342 = FILL_AREA_STYLE('',(#5343));
#5343 = FILL_AREA_STYLE_COLOUR('',#5196);
#5344 = STYLED_ITEM('color',(#5345),#927);
#5345 = PRESENTATION_STYLE_ASSIGNMENT((#5346));
#5346 = SURFACE_STYLE_USAGE(.BOTH.,#5347);
#5347 = SURFACE_SIDE_STYLE('',(#5348));
#5348 = SURFACE_STYLE_FILL_AREA(#5349);
#5349 = FILL_AREA_STYLE('',(#5350));
#5350 = FILL_AREA_STYLE_COLOUR('',#5351);
#5351 = COLOUR_RGB('',0.859000020776,0.737999965183,0.495999988746);
#5352 = STYLED_ITEM('color',(#5353),#958);
#5353 = PRESENTATION_STYLE_ASSIGNMENT((#5354));
#5354 = SURFACE_STYLE_USAGE(.BOTH.,#5355);
#5355 = SURFACE_SIDE_STYLE('',(#5356));
#5356 = SURFACE_STYLE_FILL_AREA(#5357);
#5357 = FILL_AREA_STYLE('',(#5358));
#5358 = FILL_AREA_STYLE_COLOUR('',#5351);
#5359 = STYLED_ITEM('color',(#5360),#982);
#5360 = PRESENTATION_STYLE_ASSIGNMENT((#5361));
#5361 = SURFACE_STYLE_USAGE(.BOTH.,#5362);
#5362 = SURFACE_SIDE_STYLE('',(#5363));
#5363 = SURFACE_STYLE_FILL_AREA(#5364);
#5364 = FILL_AREA_STYLE('',(#5365));
#5365 = FILL_AREA_STYLE_COLOUR('',#5351);
#5366 = STYLED_ITEM('color',(#5367),#1006);
#5367 = PRESENTATION_STYLE_ASSIGNMENT((#5368));
#5368 = SURFACE_STYLE_USAGE(.BOTH.,#5369);
#5369 = SURFACE_SIDE_STYLE('',(#5370));
#5370 = SURFACE_STYLE_FILL_AREA(#5371);
#5371 = FILL_AREA_STYLE('',(#5372));
#5372 = FILL_AREA_STYLE_COLOUR('',#5351);
#5373 = STYLED_ITEM('color',(#5374),#1023);
#5374 = PRESENTATION_STYLE_ASSIGNMENT((#5375));
#5375 = SURFACE_STYLE_USAGE(.BOTH.,#5376);
#5376 = SURFACE_SIDE_STYLE('',(#5377));
#5377 = SURFACE_STYLE_FILL_AREA(#5378);
#5378 = FILL_AREA_STYLE('',(#5379));
#5379 = FILL_AREA_STYLE_COLOUR('',#5351);
#5380 = STYLED_ITEM('color',(#5381),#1054);
#5381 = PRESENTATION_STYLE_ASSIGNMENT((#5382));
#5382 = SURFACE_STYLE_USAGE(.BOTH.,#5383);
#5383 = SURFACE_SIDE_STYLE('',(#5384));
#5384 = SURFACE_STYLE_FILL_AREA(#5385);
#5385 = FILL_AREA_STYLE('',(#5386));
#5386 = FILL_AREA_STYLE_COLOUR('',#5351);
#5387 = STYLED_ITEM('color',(#5388),#1078);
#5388 = PRESENTATION_STYLE_ASSIGNMENT((#5389));
#5389 = SURFACE_STYLE_USAGE(.BOTH.,#5390);
#5390 = SURFACE_SIDE_STYLE('',(#5391));
#5391 = SURFACE_STYLE_FILL_AREA(#5392);
#5392 = FILL_AREA_STYLE('',(#5393));
#5393 = FILL_AREA_STYLE_COLOUR('',#5351);
#5394 = STYLED_ITEM('color',(#5395),#1102);
#5395 = PRESENTATION_STYLE_ASSIGNMENT((#5396));
#5396 = SURFACE_STYLE_USAGE(.BOTH.,#5397);
#5397 = SURFACE_SIDE_STYLE('',(#5398));
#5398 = SURFACE_STYLE_FILL_AREA(#5399);
#5399 = FILL_AREA_STYLE('',(#5400));
#5400 = FILL_AREA_STYLE_COLOUR('',#5351);
#5401 = STYLED_ITEM('color',(#5402),#1119);
#5402 = PRESENTATION_STYLE_ASSIGNMENT((#5403));
#5403 = SURFACE_STYLE_USAGE(.BOTH.,#5404);
#5404 = SURFACE_SIDE_STYLE('',(#5405));
#5405 = SURFACE_STYLE_FILL_AREA(#5406);
#5406 = FILL_AREA_STYLE('',(#5407));
#5407 = FILL_AREA_STYLE_COLOUR('',#5351);
#5408 = STYLED_ITEM('color',(#5409),#1150);
#5409 = PRESENTATION_STYLE_ASSIGNMENT((#5410));
#5410 = SURFACE_STYLE_USAGE(.BOTH.,#5411);
#5411 = SURFACE_SIDE_STYLE('',(#5412));
#5412 = SURFACE_STYLE_FILL_AREA(#5413);
#5413 = FILL_AREA_STYLE('',(#5414));
#5414 = FILL_AREA_STYLE_COLOUR('',#5351);
#5415 = STYLED_ITEM('color',(#5416),#1174);
#5416 = PRESENTATION_STYLE_ASSIGNMENT((#5417));
#5417 = SURFACE_STYLE_USAGE(.BOTH.,#5418);
#5418 = SURFACE_SIDE_STYLE('',(#5419));
#5419 = SURFACE_STYLE_FILL_AREA(#5420);
#5420 = FILL_AREA_STYLE('',(#5421));
#5421 = FILL_AREA_STYLE_COLOUR('',#5351);
#5422 = STYLED_ITEM('color',(#5423),#1198);
#5423 = PRESENTATION_STYLE_ASSIGNMENT((#5424));
#5424 = SURFACE_STYLE_USAGE(.BOTH.,#5425);
#5425 = SURFACE_SIDE_STYLE('',(#5426));
#5426 = SURFACE_STYLE_FILL_AREA(#5427);
#5427 = FILL_AREA_STYLE('',(#5428));
#5428 = FILL_AREA_STYLE_COLOUR('',#5351);
#5429 = STYLED_ITEM('color',(#5430),#1215);
#5430 = PRESENTATION_STYLE_ASSIGNMENT((#5431));
#5431 = SURFACE_STYLE_USAGE(.BOTH.,#5432);
#5432 = SURFACE_SIDE_STYLE('',(#5433));
#5433 = SURFACE_STYLE_FILL_AREA(#5434);
#5434 = FILL_AREA_STYLE('',(#5435));
#5435 = FILL_AREA_STYLE_COLOUR('',#5351);
#5436 = STYLED_ITEM('color',(#5437),#1246);
#5437 = PRESENTATION_STYLE_ASSIGNMENT((#5438));
#5438 = SURFACE_STYLE_USAGE(.BOTH.,#5439);
#5439 = SURFACE_SIDE_STYLE('',(#5440));
#5440 = SURFACE_STYLE_FILL_AREA(#5441);
#5441 = FILL_AREA_STYLE('',(#5442));
#5442 = FILL_AREA_STYLE_COLOUR('',#5351);
#5443 = STYLED_ITEM('color',(#5444),#1270);
#5444 = PRESENTATION_STYLE_ASSIGNMENT((#5445));
#5445 = SURFACE_STYLE_USAGE(.BOTH.,#5446);
#5446 = SURFACE_SIDE_STYLE('',(#5447));
#5447 = SURFACE_STYLE_FILL_AREA(#5448);
#5448 = FILL_AREA_STYLE('',(#5449));
#5449 = FILL_AREA_STYLE_COLOUR('',#5351);
#5450 = STYLED_ITEM('color',(#5451),#1294);
#5451 = PRESENTATION_STYLE_ASSIGNMENT((#5452));
#5452 = SURFACE_STYLE_USAGE(.BOTH.,#5453);
#5453 = SURFACE_SIDE_STYLE('',(#5454));
#5454 = SURFACE_STYLE_FILL_AREA(#5455);
#5455 = FILL_AREA_STYLE('',(#5456));
#5456 = FILL_AREA_STYLE_COLOUR('',#5351);
#5457 = STYLED_ITEM('color',(#5458),#1311);
#5458 = PRESENTATION_STYLE_ASSIGNMENT((#5459));
#5459 = SURFACE_STYLE_USAGE(.BOTH.,#5460);
#5460 = SURFACE_SIDE_STYLE('',(#5461));
#5461 = SURFACE_STYLE_FILL_AREA(#5462);
#5462 = FILL_AREA_STYLE('',(#5463));
#5463 = FILL_AREA_STYLE_COLOUR('',#5351);
#5464 = STYLED_ITEM('color',(#5465),#1342);
#5465 = PRESENTATION_STYLE_ASSIGNMENT((#5466));
#5466 = SURFACE_STYLE_USAGE(.BOTH.,#5467);
#5467 = SURFACE_SIDE_STYLE('',(#5468));
#5468 = SURFACE_STYLE_FILL_AREA(#5469);
#5469 = FILL_AREA_STYLE('',(#5470));
#5470 = FILL_AREA_STYLE_COLOUR('',#5351);
#5471 = STYLED_ITEM('color',(#5472),#1366);
#5472 = PRESENTATION_STYLE_ASSIGNMENT((#5473));
#5473 = SURFACE_STYLE_USAGE(.BOTH.,#5474);
#5474 = SURFACE_SIDE_STYLE('',(#5475));
#5475 = SURFACE_STYLE_FILL_AREA(#5476);
#5476 = FILL_AREA_STYLE('',(#5477));
#5477 = FILL_AREA_STYLE_COLOUR('',#5351);
#5478 = STYLED_ITEM('color',(#5479),#1390);
#5479 = PRESENTATION_STYLE_ASSIGNMENT((#5480));
#5480 = SURFACE_STYLE_USAGE(.BOTH.,#5481);
#5481 = SURFACE_SIDE_STYLE('',(#5482));
#5482 = SURFACE_STYLE_FILL_AREA(#5483);
#5483 = FILL_AREA_STYLE('',(#5484));
#5484 = FILL_AREA_STYLE_COLOUR('',#5351);
#5485 = STYLED_ITEM('color',(#5486),#1407);
#5486 = PRESENTATION_STYLE_ASSIGNMENT((#5487));
#5487 = SURFACE_STYLE_USAGE(.BOTH.,#5488);
#5488 = SURFACE_SIDE_STYLE('',(#5489));
#5489 = SURFACE_STYLE_FILL_AREA(#5490);
#5490 = FILL_AREA_STYLE('',(#5491));
#5491 = FILL_AREA_STYLE_COLOUR('',#5351);
#5492 = STYLED_ITEM('color',(#5493),#1438);
#5493 = PRESENTATION_STYLE_ASSIGNMENT((#5494));
#5494 = SURFACE_STYLE_USAGE(.BOTH.,#5495);
#5495 = SURFACE_SIDE_STYLE('',(#5496));
#5496 = SURFACE_STYLE_FILL_AREA(#5497);
#5497 = FILL_AREA_STYLE('',(#5498));
#5498 = FILL_AREA_STYLE_COLOUR('',#5351);
#5499 = STYLED_ITEM('color',(#5500),#1462);
#5500 = PRESENTATION_STYLE_ASSIGNMENT((#5501));
#5501 = SURFACE_STYLE_USAGE(.BOTH.,#5502);
#5502 = SURFACE_SIDE_STYLE('',(#5503));
#5503 = SURFACE_STYLE_FILL_AREA(#5504);
#5504 = FILL_AREA_STYLE('',(#5505));
#5505 = FILL_AREA_STYLE_COLOUR('',#5351);
#5506 = STYLED_ITEM('color',(#5507),#1486);
#5507 = PRESENTATION_STYLE_ASSIGNMENT((#5508));
#5508 = SURFACE_STYLE_USAGE(.BOTH.,#5509);
#5509 = SURFACE_SIDE_STYLE('',(#5510));
#5510 = SURFACE_STYLE_FILL_AREA(#5511);
#5511 = FILL_AREA_STYLE('',(#5512));
#5512 = FILL_AREA_STYLE_COLOUR('',#5351);
#5513 = STYLED_ITEM('color',(#5514),#1503);
#5514 = PRESENTATION_STYLE_ASSIGNMENT((#5515));
#5515 = SURFACE_STYLE_USAGE(.BOTH.,#5516);
#5516 = SURFACE_SIDE_STYLE('',(#5517));
#5517 = SURFACE_STYLE_FILL_AREA(#5518);
#5518 = FILL_AREA_STYLE('',(#5519));
#5519 = FILL_AREA_STYLE_COLOUR('',#5351);
#5520 = STYLED_ITEM('color',(#5521),#1534);
#5521 = PRESENTATION_STYLE_ASSIGNMENT((#5522));
#5522 = SURFACE_STYLE_USAGE(.BOTH.,#5523);
#5523 = SURFACE_SIDE_STYLE('',(#5524));
#5524 = SURFACE_STYLE_FILL_AREA(#5525);
#5525 = FILL_AREA_STYLE('',(#5526));
#5526 = FILL_AREA_STYLE_COLOUR('',#5351);
#5527 = STYLED_ITEM('color',(#5528),#1558);
#5528 = PRESENTATION_STYLE_ASSIGNMENT((#5529));
#5529 = SURFACE_STYLE_USAGE(.BOTH.,#5530);
#5530 = SURFACE_SIDE_STYLE('',(#5531));
#5531 = SURFACE_STYLE_FILL_AREA(#5532);
#5532 = FILL_AREA_STYLE('',(#5533));
#5533 = FILL_AREA_STYLE_COLOUR('',#5351);
#5534 = STYLED_ITEM('color',(#5535),#1582);
#5535 = PRESENTATION_STYLE_ASSIGNMENT((#5536));
#5536 = SURFACE_STYLE_USAGE(.BOTH.,#5537);
#5537 = SURFACE_SIDE_STYLE('',(#5538));
#5538 = SURFACE_STYLE_FILL_AREA(#5539);
#5539 = FILL_AREA_STYLE('',(#5540));
#5540 = FILL_AREA_STYLE_COLOUR('',#5351);
#5541 = STYLED_ITEM('color',(#5542),#1599);
#5542 = PRESENTATION_STYLE_ASSIGNMENT((#5543));
#5543 = SURFACE_STYLE_USAGE(.BOTH.,#5544);
#5544 = SURFACE_SIDE_STYLE('',(#5545));
#5545 = SURFACE_STYLE_FILL_AREA(#5546);
#5546 = FILL_AREA_STYLE('',(#5547));
#5547 = FILL_AREA_STYLE_COLOUR('',#5351);
#5548 = STYLED_ITEM('color',(#5549),#1630);
#5549 = PRESENTATION_STYLE_ASSIGNMENT((#5550));
#5550 = SURFACE_STYLE_USAGE(.BOTH.,#5551);
#5551 = SURFACE_SIDE_STYLE('',(#5552));
#5552 = SURFACE_STYLE_FILL_AREA(#5553);
#5553 = FILL_AREA_STYLE('',(#5554));
#5554 = FILL_AREA_STYLE_COLOUR('',#5351);
#5555 = STYLED_ITEM('color',(#5556),#1654);
#5556 = PRESENTATION_STYLE_ASSIGNMENT((#5557));
#5557 = SURFACE_STYLE_USAGE(.BOTH.,#5558);
#5558 = SURFACE_SIDE_STYLE('',(#5559));
#5559 = SURFACE_STYLE_FILL_AREA(#5560);
#5560 = FILL_AREA_STYLE('',(#5561));
#5561 = FILL_AREA_STYLE_COLOUR('',#5351);
#5562 = STYLED_ITEM('color',(#5563),#1678);
#5563 = PRESENTATION_STYLE_ASSIGNMENT((#5564));
#5564 = SURFACE_STYLE_USAGE(.BOTH.,#5565);
#5565 = SURFACE_SIDE_STYLE('',(#5566));
#5566 = SURFACE_STYLE_FILL_AREA(#5567);
#5567 = FILL_AREA_STYLE('',(#5568));
#5568 = FILL_AREA_STYLE_COLOUR('',#5351);
#5569 = STYLED_ITEM('color',(#5570),#1695);
#5570 = PRESENTATION_STYLE_ASSIGNMENT((#5571));
#5571 = SURFACE_STYLE_USAGE(.BOTH.,#5572);
#5572 = SURFACE_SIDE_STYLE('',(#5573));
#5573 = SURFACE_STYLE_FILL_AREA(#5574);
#5574 = FILL_AREA_STYLE('',(#5575));
#5575 = FILL_AREA_STYLE_COLOUR('',#5351);
#5576 = STYLED_ITEM('color',(#5577),#1726);
#5577 = PRESENTATION_STYLE_ASSIGNMENT((#5578));
#5578 = SURFACE_STYLE_USAGE(.BOTH.,#5579);
#5579 = SURFACE_SIDE_STYLE('',(#5580));
#5580 = SURFACE_STYLE_FILL_AREA(#5581);
#5581 = FILL_AREA_STYLE('',(#5582));
#5582 = FILL_AREA_STYLE_COLOUR('',#5351);
#5583 = STYLED_ITEM('color',(#5584),#1750);
#5584 = PRESENTATION_STYLE_ASSIGNMENT((#5585));
#5585 = SURFACE_STYLE_USAGE(.BOTH.,#5586);
#5586 = SURFACE_SIDE_STYLE('',(#5587));
#5587 = SURFACE_STYLE_FILL_AREA(#5588);
#5588 = FILL_AREA_STYLE('',(#5589));
#5589 = FILL_AREA_STYLE_COLOUR('',#5351);
#5590 = STYLED_ITEM('color',(#5591),#1774);
#5591 = PRESENTATION_STYLE_ASSIGNMENT((#5592));
#5592 = SURFACE_STYLE_USAGE(.BOTH.,#5593);
#5593 = SURFACE_SIDE_STYLE('',(#5594));
#5594 = SURFACE_STYLE_FILL_AREA(#5595);
#5595 = FILL_AREA_STYLE('',(#5596));
#5596 = FILL_AREA_STYLE_COLOUR('',#5351);
#5597 = STYLED_ITEM('color',(#5598),#1791);
#5598 = PRESENTATION_STYLE_ASSIGNMENT((#5599));
#5599 = SURFACE_STYLE_USAGE(.BOTH.,#5600);
#5600 = SURFACE_SIDE_STYLE('',(#5601));
#5601 = SURFACE_STYLE_FILL_AREA(#5602);
#5602 = FILL_AREA_STYLE('',(#5603));
#5603 = FILL_AREA_STYLE_COLOUR('',#5351);
#5604 = STYLED_ITEM('color',(#5605),#1822);
#5605 = PRESENTATION_STYLE_ASSIGNMENT((#5606));
#5606 = SURFACE_STYLE_USAGE(.BOTH.,#5607);
#5607 = SURFACE_SIDE_STYLE('',(#5608));
#5608 = SURFACE_STYLE_FILL_AREA(#5609);
#5609 = FILL_AREA_STYLE('',(#5610));
#5610 = FILL_AREA_STYLE_COLOUR('',#5351);
#5611 = STYLED_ITEM('color',(#5612),#1846);
#5612 = PRESENTATION_STYLE_ASSIGNMENT((#5613));
#5613 = SURFACE_STYLE_USAGE(.BOTH.,#5614);
#5614 = SURFACE_SIDE_STYLE('',(#5615));
#5615 = SURFACE_STYLE_FILL_AREA(#5616);
#5616 = FILL_AREA_STYLE('',(#5617));
#5617 = FILL_AREA_STYLE_COLOUR('',#5351);
#5618 = STYLED_ITEM('color',(#5619),#1870);
#5619 = PRESENTATION_STYLE_ASSIGNMENT((#5620));
#5620 = SURFACE_STYLE_USAGE(.BOTH.,#5621);
#5621 = SURFACE_SIDE_STYLE('',(#5622));
#5622 = SURFACE_STYLE_FILL_AREA(#5623);
#5623 = FILL_AREA_STYLE('',(#5624));
#5624 = FILL_AREA_STYLE_COLOUR('',#5351);
#5625 = STYLED_ITEM('color',(#5626),#1887);
#5626 = PRESENTATION_STYLE_ASSIGNMENT((#5627));
#5627 = SURFACE_STYLE_USAGE(.BOTH.,#5628);
#5628 = SURFACE_SIDE_STYLE('',(#5629));
#5629 = SURFACE_STYLE_FILL_AREA(#5630);
#5630 = FILL_AREA_STYLE('',(#5631));
#5631 = FILL_AREA_STYLE_COLOUR('',#5351);
#5632 = STYLED_ITEM('color',(#5633),#1918);
#5633 = PRESENTATION_STYLE_ASSIGNMENT((#5634));
#5634 = SURFACE_STYLE_USAGE(.BOTH.,#5635);
#5635 = SURFACE_SIDE_STYLE('',(#5636));
#5636 = SURFACE_STYLE_FILL_AREA(#5637);
#5637 = FILL_AREA_STYLE('',(#5638));
#5638 = FILL_AREA_STYLE_COLOUR('',#5351);
#5639 = STYLED_ITEM('color',(#5640),#1942);
#5640 = PRESENTATION_STYLE_ASSIGNMENT((#5641));
#5641 = SURFACE_STYLE_USAGE(.BOTH.,#5642);
#5642 = SURFACE_SIDE_STYLE('',(#5643));
#5643 = SURFACE_STYLE_FILL_AREA(#5644);
#5644 = FILL_AREA_STYLE('',(#5645));
#5645 = FILL_AREA_STYLE_COLOUR('',#5351);
#5646 = STYLED_ITEM('color',(#5647),#1966);
#5647 = PRESENTATION_STYLE_ASSIGNMENT((#5648));
#5648 = SURFACE_STYLE_USAGE(.BOTH.,#5649);
#5649 = SURFACE_SIDE_STYLE('',(#5650));
#5650 = SURFACE_STYLE_FILL_AREA(#5651);
#5651 = FILL_AREA_STYLE('',(#5652));
#5652 = FILL_AREA_STYLE_COLOUR('',#5351);
#5653 = STYLED_ITEM('color',(#5654),#1983);
#5654 = PRESENTATION_STYLE_ASSIGNMENT((#5655));
#5655 = SURFACE_STYLE_USAGE(.BOTH.,#5656);
#5656 = SURFACE_SIDE_STYLE('',(#5657));
#5657 = SURFACE_STYLE_FILL_AREA(#5658);
#5658 = FILL_AREA_STYLE('',(#5659));
#5659 = FILL_AREA_STYLE_COLOUR('',#5351);
#5660 = STYLED_ITEM('color',(#5661),#2014);
#5661 = PRESENTATION_STYLE_ASSIGNMENT((#5662));
#5662 = SURFACE_STYLE_USAGE(.BOTH.,#5663);
#5663 = SURFACE_SIDE_STYLE('',(#5664));
#5664 = SURFACE_STYLE_FILL_AREA(#5665);
#5665 = FILL_AREA_STYLE('',(#5666));
#5666 = FILL_AREA_STYLE_COLOUR('',#5351);
#5667 = STYLED_ITEM('color',(#5668),#2038);
#5668 = PRESENTATION_STYLE_ASSIGNMENT((#5669));
#5669 = SURFACE_STYLE_USAGE(.BOTH.,#5670);
#5670 = SURFACE_SIDE_STYLE('',(#5671));
#5671 = SURFACE_STYLE_FILL_AREA(#5672);
#5672 = FILL_AREA_STYLE('',(#5673));
#5673 = FILL_AREA_STYLE_COLOUR('',#5351);
#5674 = STYLED_ITEM('color',(#5675),#2062);
#5675 = PRESENTATION_STYLE_ASSIGNMENT((#5676));
#5676 = SURFACE_STYLE_USAGE(.BOTH.,#5677);
#5677 = SURFACE_SIDE_STYLE('',(#5678));
#5678 = SURFACE_STYLE_FILL_AREA(#5679);
#5679 = FILL_AREA_STYLE('',(#5680));
#5680 = FILL_AREA_STYLE_COLOUR('',#5351);
#5681 = STYLED_ITEM('color',(#5682),#2079);
#5682 = PRESENTATION_STYLE_ASSIGNMENT((#5683));
#5683 = SURFACE_STYLE_USAGE(.BOTH.,#5684);
#5684 = SURFACE_SIDE_STYLE('',(#5685));
#5685 = SURFACE_STYLE_FILL_AREA(#5686);
#5686 = FILL_AREA_STYLE('',(#5687));
#5687 = FILL_AREA_STYLE_COLOUR('',#5351);
#5688 = STYLED_ITEM('color',(#5689),#2091);
#5689 = PRESENTATION_STYLE_ASSIGNMENT((#5690));
#5690 = SURFACE_STYLE_USAGE(.BOTH.,#5691);
#5691 = SURFACE_SIDE_STYLE('',(#5692));
#5692 = SURFACE_STYLE_FILL_AREA(#5693);
#5693 = FILL_AREA_STYLE('',(#5694));
#5694 = FILL_AREA_STYLE_COLOUR('',#5351);
#5695 = STYLED_ITEM('color',(#5696),#2103);
#5696 = PRESENTATION_STYLE_ASSIGNMENT((#5697));
#5697 = SURFACE_STYLE_USAGE(.BOTH.,#5698);
#5698 = SURFACE_SIDE_STYLE('',(#5699));
#5699 = SURFACE_STYLE_FILL_AREA(#5700);
#5700 = FILL_AREA_STYLE('',(#5701));
#5701 = FILL_AREA_STYLE_COLOUR('',#5351);
#5702 = STYLED_ITEM('color',(#5703),#2115);
#5703 = PRESENTATION_STYLE_ASSIGNMENT((#5704));
#5704 = SURFACE_STYLE_USAGE(.BOTH.,#5705);
#5705 = SURFACE_SIDE_STYLE('',(#5706));
#5706 = SURFACE_STYLE_FILL_AREA(#5707);
#5707 = FILL_AREA_STYLE('',(#5708));
#5708 = FILL_AREA_STYLE_COLOUR('',#5351);
#5709 = STYLED_ITEM('color',(#5710),#2127);
#5710 = PRESENTATION_STYLE_ASSIGNMENT((#5711));
#5711 = SURFACE_STYLE_USAGE(.BOTH.,#5712);
#5712 = SURFACE_SIDE_STYLE('',(#5713));
#5713 = SURFACE_STYLE_FILL_AREA(#5714);
#5714 = FILL_AREA_STYLE('',(#5715));
#5715 = FILL_AREA_STYLE_COLOUR('',#5351);
#5716 = STYLED_ITEM('color',(#5717),#2139);
#5717 = PRESENTATION_STYLE_ASSIGNMENT((#5718));
#5718 = SURFACE_STYLE_USAGE(.BOTH.,#5719);
#5719 = SURFACE_SIDE_STYLE('',(#5720));
#5720 = SURFACE_STYLE_FILL_AREA(#5721);
#5721 = FILL_AREA_STYLE('',(#5722));
#5722 = FILL_AREA_STYLE_COLOUR('',#5351);
#5723 = MECHANICAL_DESIGN_GEOMETRIC_PRESENTATION_REPRESENTATION('',(
    #5724,#5732,#5739,#5746,#5753,#5761,#5768,#5775,#5782,#5789,#5796,
    #5803,#5810,#5817,#5824,#5831,#5838,#5845,#5852,#5859,#5866,#5873,
    #5880,#5887,#5894,#5901,#5908,#5915,#5922,#5929,#5936,#5943,#5950,
    #5957,#5964,#5971,#5978,#5985,#5992,#5999,#6006,#6013,#6020,#6027,
    #6034,#6041,#6048,#6055,#6062,#6069,#6076,#6083,#6090,#6097,#6104,
    #6111,#6118,#6125),#4469);
#5724 = STYLED_ITEM('color',(#5725),#2177);
#5725 = PRESENTATION_STYLE_ASSIGNMENT((#5726));
#5726 = SURFACE_STYLE_USAGE(.BOTH.,#5727);
#5727 = SURFACE_SIDE_STYLE('',(#5728));
#5728 = SURFACE_STYLE_FILL_AREA(#5729);
#5729 = FILL_AREA_STYLE('',(#5730));
#5730 = FILL_AREA_STYLE_COLOUR('',#5731);
#5731 = COLOUR_RGB('',0.699999984889,9.999999991362E-02,
  5.000000142576E-02);
#5732 = STYLED_ITEM('color',(#5733),#2219);
#5733 = PRESENTATION_STYLE_ASSIGNMENT((#5734));
#5734 = SURFACE_STYLE_USAGE(.BOTH.,#5735);
#5735 = SURFACE_SIDE_STYLE('',(#5736));
#5736 = SURFACE_STYLE_FILL_AREA(#5737);
#5737 = FILL_AREA_STYLE('',(#5738));
#5738 = FILL_AREA_STYLE_COLOUR('',#5731);
#5739 = STYLED_ITEM('color',(#5740),#2249);
#5740 = PRESENTATION_STYLE_ASSIGNMENT((#5741));
#5741 = SURFACE_STYLE_USAGE(.BOTH.,#5742);
#5742 = SURFACE_SIDE_STYLE('',(#5743));
#5743 = SURFACE_STYLE_FILL_AREA(#5744);
#5744 = FILL_AREA_STYLE('',(#5745));
#5745 = FILL_AREA_STYLE_COLOUR('',#5731);
#5746 = STYLED_ITEM('color',(#5747),#2395);
#5747 = PRESENTATION_STYLE_ASSIGNMENT((#5748));
#5748 = SURFACE_STYLE_USAGE(.BOTH.,#5749);
#5749 = SURFACE_SIDE_STYLE('',(#5750));
#5750 = SURFACE_STYLE_FILL_AREA(#5751);
#5751 = FILL_AREA_STYLE('',(#5752));
#5752 = FILL_AREA_STYLE_COLOUR('',#5731);
#5753 = STYLED_ITEM('color',(#5754),#2426);
#5754 = PRESENTATION_STYLE_ASSIGNMENT((#5755));
#5755 = SURFACE_STYLE_USAGE(.BOTH.,#5756);
#5756 = SURFACE_SIDE_STYLE('',(#5757));
#5757 = SURFACE_STYLE_FILL_AREA(#5758);
#5758 = FILL_AREA_STYLE('',(#5759));
#5759 = FILL_AREA_STYLE_COLOUR('',#5760);
#5760 = COLOUR_RGB('',0.823999987314,0.819999987296,0.781000009244);
#5761 = STYLED_ITEM('color',(#5762),#2456);
#5762 = PRESENTATION_STYLE_ASSIGNMENT((#5763));
#5763 = SURFACE_STYLE_USAGE(.BOTH.,#5764);
#5764 = SURFACE_SIDE_STYLE('',(#5765));
#5765 = SURFACE_STYLE_FILL_AREA(#5766);
#5766 = FILL_AREA_STYLE('',(#5767));
#5767 = FILL_AREA_STYLE_COLOUR('',#5760);
#5768 = STYLED_ITEM('color',(#5769),#2479);
#5769 = PRESENTATION_STYLE_ASSIGNMENT((#5770));
#5770 = SURFACE_STYLE_USAGE(.BOTH.,#5771);
#5771 = SURFACE_SIDE_STYLE('',(#5772));
#5772 = SURFACE_STYLE_FILL_AREA(#5773);
#5773 = FILL_AREA_STYLE('',(#5774));
#5774 = FILL_AREA_STYLE_COLOUR('',#5760);
#5775 = STYLED_ITEM('color',(#5776),#2502);
#5776 = PRESENTATION_STYLE_ASSIGNMENT((#5777));
#5777 = SURFACE_STYLE_USAGE(.BOTH.,#5778);
#5778 = SURFACE_SIDE_STYLE('',(#5779));
#5779 = SURFACE_STYLE_FILL_AREA(#5780);
#5780 = FILL_AREA_STYLE('',(#5781));
#5781 = FILL_AREA_STYLE_COLOUR('',#5760);
#5782 = STYLED_ITEM('color',(#5783),#2518);
#5783 = PRESENTATION_STYLE_ASSIGNMENT((#5784));
#5784 = SURFACE_STYLE_USAGE(.BOTH.,#5785);
#5785 = SURFACE_SIDE_STYLE('',(#5786));
#5786 = SURFACE_STYLE_FILL_AREA(#5787);
#5787 = FILL_AREA_STYLE('',(#5788));
#5788 = FILL_AREA_STYLE_COLOUR('',#5760);
#5789 = STYLED_ITEM('color',(#5790),#2548);
#5790 = PRESENTATION_STYLE_ASSIGNMENT((#5791));
#5791 = SURFACE_STYLE_USAGE(.BOTH.,#5792);
#5792 = SURFACE_SIDE_STYLE('',(#5793));
#5793 = SURFACE_STYLE_FILL_AREA(#5794);
#5794 = FILL_AREA_STYLE('',(#5795));
#5795 = FILL_AREA_STYLE_COLOUR('',#5760);
#5796 = STYLED_ITEM('color',(#5797),#2571);
#5797 = PRESENTATION_STYLE_ASSIGNMENT((#5798));
#5798 = SURFACE_STYLE_USAGE(.BOTH.,#5799);
#5799 = SURFACE_SIDE_STYLE('',(#5800));
#5800 = SURFACE_STYLE_FILL_AREA(#5801);
#5801 = FILL_AREA_STYLE('',(#5802));
#5802 = FILL_AREA_STYLE_COLOUR('',#5760);
#5803 = STYLED_ITEM('color',(#5804),#2594);
#5804 = PRESENTATION_STYLE_ASSIGNMENT((#5805));
#5805 = SURFACE_STYLE_USAGE(.BOTH.,#5806);
#5806 = SURFACE_SIDE_STYLE('',(#5807));
#5807 = SURFACE_STYLE_FILL_AREA(#5808);
#5808 = FILL_AREA_STYLE('',(#5809));
#5809 = FILL_AREA_STYLE_COLOUR('',#5760);
#5810 = STYLED_ITEM('color',(#5811),#2610);
#5811 = PRESENTATION_STYLE_ASSIGNMENT((#5812));
#5812 = SURFACE_STYLE_USAGE(.BOTH.,#5813);
#5813 = SURFACE_SIDE_STYLE('',(#5814));
#5814 = SURFACE_STYLE_FILL_AREA(#5815);
#5815 = FILL_AREA_STYLE('',(#5816));
#5816 = FILL_AREA_STYLE_COLOUR('',#5760);
#5817 = STYLED_ITEM('color',(#5818),#2641);
#5818 = PRESENTATION_STYLE_ASSIGNMENT((#5819));
#5819 = SURFACE_STYLE_USAGE(.BOTH.,#5820);
#5820 = SURFACE_SIDE_STYLE('',(#5821));
#5821 = SURFACE_STYLE_FILL_AREA(#5822);
#5822 = FILL_AREA_STYLE('',(#5823));
#5823 = FILL_AREA_STYLE_COLOUR('',#5760);
#5824 = STYLED_ITEM('color',(#5825),#2665);
#5825 = PRESENTATION_STYLE_ASSIGNMENT((#5826));
#5826 = SURFACE_STYLE_USAGE(.BOTH.,#5827);
#5827 = SURFACE_SIDE_STYLE('',(#5828));
#5828 = SURFACE_STYLE_FILL_AREA(#5829);
#5829 = FILL_AREA_STYLE('',(#5830));
#5830 = FILL_AREA_STYLE_COLOUR('',#5760);
#5831 = STYLED_ITEM('color',(#5832),#2689);
#5832 = PRESENTATION_STYLE_ASSIGNMENT((#5833));
#5833 = SURFACE_STYLE_USAGE(.BOTH.,#5834);
#5834 = SURFACE_SIDE_STYLE('',(#5835));
#5835 = SURFACE_STYLE_FILL_AREA(#5836);
#5836 = FILL_AREA_STYLE('',(#5837));
#5837 = FILL_AREA_STYLE_COLOUR('',#5760);
#5838 = STYLED_ITEM('color',(#5839),#2706);
#5839 = PRESENTATION_STYLE_ASSIGNMENT((#5840));
#5840 = SURFACE_STYLE_USAGE(.BOTH.,#5841);
#5841 = SURFACE_SIDE_STYLE('',(#5842));
#5842 = SURFACE_STYLE_FILL_AREA(#5843);
#5843 = FILL_AREA_STYLE('',(#5844));
#5844 = FILL_AREA_STYLE_COLOUR('',#5760);
#5845 = STYLED_ITEM('color',(#5846),#2737);
#5846 = PRESENTATION_STYLE_ASSIGNMENT((#5847));
#5847 = SURFACE_STYLE_USAGE(.BOTH.,#5848);
#5848 = SURFACE_SIDE_STYLE('',(#5849));
#5849 = SURFACE_STYLE_FILL_AREA(#5850);
#5850 = FILL_AREA_STYLE('',(#5851));
#5851 = FILL_AREA_STYLE_COLOUR('',#5760);
#5852 = STYLED_ITEM('color',(#5853),#2761);
#5853 = PRESENTATION_STYLE_ASSIGNMENT((#5854));
#5854 = SURFACE_STYLE_USAGE(.BOTH.,#5855);
#5855 = SURFACE_SIDE_STYLE('',(#5856));
#5856 = SURFACE_STYLE_FILL_AREA(#5857);
#5857 = FILL_AREA_STYLE('',(#5858));
#5858 = FILL_AREA_STYLE_COLOUR('',#5760);
#5859 = STYLED_ITEM('color',(#5860),#2785);
#5860 = PRESENTATION_STYLE_ASSIGNMENT((#5861));
#5861 = SURFACE_STYLE_USAGE(.BOTH.,#5862);
#5862 = SURFACE_SIDE_STYLE('',(#5863));
#5863 = SURFACE_STYLE_FILL_AREA(#5864);
#5864 = FILL_AREA_STYLE('',(#5865));
#5865 = FILL_AREA_STYLE_COLOUR('',#5760);
#5866 = STYLED_ITEM('color',(#5867),#2802);
#5867 = PRESENTATION_STYLE_ASSIGNMENT((#5868));
#5868 = SURFACE_STYLE_USAGE(.BOTH.,#5869);
#5869 = SURFACE_SIDE_STYLE('',(#5870));
#5870 = SURFACE_STYLE_FILL_AREA(#5871);
#5871 = FILL_AREA_STYLE('',(#5872));
#5872 = FILL_AREA_STYLE_COLOUR('',#5731);
#5873 = STYLED_ITEM('color',(#5874),#2837);
#5874 = PRESENTATION_STYLE_ASSIGNMENT((#5875));
#5875 = SURFACE_STYLE_USAGE(.BOTH.,#5876);
#5876 = SURFACE_SIDE_STYLE('',(#5877));
#5877 = SURFACE_STYLE_FILL_AREA(#5878);
#5878 = FILL_AREA_STYLE('',(#5879));
#5879 = FILL_AREA_STYLE_COLOUR('',#5760);
#5880 = STYLED_ITEM('color',(#5881),#2942);
#5881 = PRESENTATION_STYLE_ASSIGNMENT((#5882));
#5882 = SURFACE_STYLE_USAGE(.BOTH.,#5883);
#5883 = SURFACE_SIDE_STYLE('',(#5884));
#5884 = SURFACE_STYLE_FILL_AREA(#5885);
#5885 = FILL_AREA_STYLE('',(#5886));
#5886 = FILL_AREA_STYLE_COLOUR('',#5760);
#5887 = STYLED_ITEM('color',(#5888),#3022);
#5888 = PRESENTATION_STYLE_ASSIGNMENT((#5889));
#5889 = SURFACE_STYLE_USAGE(.BOTH.,#5890);
#5890 = SURFACE_SIDE_STYLE('',(#5891));
#5891 = SURFACE_STYLE_FILL_AREA(#5892);
#5892 = FILL_AREA_STYLE('',(#5893));
#5893 = FILL_AREA_STYLE_COLOUR('',#5760);
#5894 = STYLED_ITEM('color',(#5895),#3102);
#5895 = PRESENTATION_STYLE_ASSIGNMENT((#5896));
#5896 = SURFACE_STYLE_USAGE(.BOTH.,#5897);
#5897 = SURFACE_SIDE_STYLE('',(#5898));
#5898 = SURFACE_STYLE_FILL_AREA(#5899);
#5899 = FILL_AREA_STYLE('',(#5900));
#5900 = FILL_AREA_STYLE_COLOUR('',#5760);
#5901 = STYLED_ITEM('color',(#5902),#3157);
#5902 = PRESENTATION_STYLE_ASSIGNMENT((#5903));
#5903 = SURFACE_STYLE_USAGE(.BOTH.,#5904);
#5904 = SURFACE_SIDE_STYLE('',(#5905));
#5905 = SURFACE_STYLE_FILL_AREA(#5906);
#5906 = FILL_AREA_STYLE('',(#5907));
#5907 = FILL_AREA_STYLE_COLOUR('',#5760);
#5908 = STYLED_ITEM('color',(#5909),#3262);
#5909 = PRESENTATION_STYLE_ASSIGNMENT((#5910));
#5910 = SURFACE_STYLE_USAGE(.BOTH.,#5911);
#5911 = SURFACE_SIDE_STYLE('',(#5912));
#5912 = SURFACE_STYLE_FILL_AREA(#5913);
#5913 = FILL_AREA_STYLE('',(#5914));
#5914 = FILL_AREA_STYLE_COLOUR('',#5760);
#5915 = STYLED_ITEM('color',(#5916),#3342);
#5916 = PRESENTATION_STYLE_ASSIGNMENT((#5917));
#5917 = SURFACE_STYLE_USAGE(.BOTH.,#5918);
#5918 = SURFACE_SIDE_STYLE('',(#5919));
#5919 = SURFACE_STYLE_FILL_AREA(#5920);
#5920 = FILL_AREA_STYLE('',(#5921));
#5921 = FILL_AREA_STYLE_COLOUR('',#5760);
#5922 = STYLED_ITEM('color',(#5923),#3422);
#5923 = PRESENTATION_STYLE_ASSIGNMENT((#5924));
#5924 = SURFACE_STYLE_USAGE(.BOTH.,#5925);
#5925 = SURFACE_SIDE_STYLE('',(#5926));
#5926 = SURFACE_STYLE_FILL_AREA(#5927);
#5927 = FILL_AREA_STYLE('',(#5928));
#5928 = FILL_AREA_STYLE_COLOUR('',#5760);
#5929 = STYLED_ITEM('color',(#5930),#3477);
#5930 = PRESENTATION_STYLE_ASSIGNMENT((#5931));
#5931 = SURFACE_STYLE_USAGE(.BOTH.,#5932);
#5932 = SURFACE_SIDE_STYLE('',(#5933));
#5933 = SURFACE_STYLE_FILL_AREA(#5934);
#5934 = FILL_AREA_STYLE('',(#5935));
#5935 = FILL_AREA_STYLE_COLOUR('',#5760);
#5936 = STYLED_ITEM('color',(#5937),#3581);
#5937 = PRESENTATION_STYLE_ASSIGNMENT((#5938));
#5938 = SURFACE_STYLE_USAGE(.BOTH.,#5939);
#5939 = SURFACE_SIDE_STYLE('',(#5940));
#5940 = SURFACE_STYLE_FILL_AREA(#5941);
#5941 = FILL_AREA_STYLE('',(#5942));
#5942 = FILL_AREA_STYLE_COLOUR('',#5760);
#5943 = STYLED_ITEM('color',(#5944),#3660);
#5944 = PRESENTATION_STYLE_ASSIGNMENT((#5945));
#5945 = SURFACE_STYLE_USAGE(.BOTH.,#5946);
#5946 = SURFACE_SIDE_STYLE('',(#5947));
#5947 = SURFACE_STYLE_FILL_AREA(#5948);
#5948 = FILL_AREA_STYLE('',(#5949));
#5949 = FILL_AREA_STYLE_COLOUR('',#5760);
#5950 = STYLED_ITEM('color',(#5951),#3739);
#5951 = PRESENTATION_STYLE_ASSIGNMENT((#5952));
#5952 = SURFACE_STYLE_USAGE(.BOTH.,#5953);
#5953 = SURFACE_SIDE_STYLE('',(#5954));
#5954 = SURFACE_STYLE_FILL_AREA(#5955);
#5955 = FILL_AREA_STYLE('',(#5956));
#5956 = FILL_AREA_STYLE_COLOUR('',#5760);
#5957 = STYLED_ITEM('color',(#5958),#3793);
#5958 = PRESENTATION_STYLE_ASSIGNMENT((#5959));
#5959 = SURFACE_STYLE_USAGE(.BOTH.,#5960);
#5960 = SURFACE_SIDE_STYLE('',(#5961));
#5961 = SURFACE_STYLE_FILL_AREA(#5962);
#5962 = FILL_AREA_STYLE('',(#5963));
#5963 = FILL_AREA_STYLE_COLOUR('',#5760);
#5964 = STYLED_ITEM('color',(#5965),#3889);
#5965 = PRESENTATION_STYLE_ASSIGNMENT((#5966));
#5966 = SURFACE_STYLE_USAGE(.BOTH.,#5967);
#5967 = SURFACE_SIDE_STYLE('',(#5968));
#5968 = SURFACE_STYLE_FILL_AREA(#5969);
#5969 = FILL_AREA_STYLE('',(#5970));
#5970 = FILL_AREA_STYLE_COLOUR('',#5760);
#5971 = STYLED_ITEM('color',(#5972),#3928);
#5972 = PRESENTATION_STYLE_ASSIGNMENT((#5973));
#5973 = SURFACE_STYLE_USAGE(.BOTH.,#5974);
#5974 = SURFACE_SIDE_STYLE('',(#5975));
#5975 = SURFACE_STYLE_FILL_AREA(#5976);
#5976 = FILL_AREA_STYLE('',(#5977));
#5977 = FILL_AREA_STYLE_COLOUR('',#5760);
#5978 = STYLED_ITEM('color',(#5979),#3967);
#5979 = PRESENTATION_STYLE_ASSIGNMENT((#5980));
#5980 = SURFACE_STYLE_USAGE(.BOTH.,#5981);
#5981 = SURFACE_SIDE_STYLE('',(#5982));
#5982 = SURFACE_STYLE_FILL_AREA(#5983);
#5983 = FILL_AREA_STYLE('',(#5984));
#5984 = FILL_AREA_STYLE_COLOUR('',#5760);
#5985 = STYLED_ITEM('color',(#5986),#4017);
#5986 = PRESENTATION_STYLE_ASSIGNMENT((#5987));
#5987 = SURFACE_STYLE_USAGE(.BOTH.,#5988);
#5988 = SURFACE_SIDE_STYLE('',(#5989));
#5989 = SURFACE_STYLE_FILL_AREA(#5990);
#5990 = FILL_AREA_STYLE('',(#5991));
#5991 = FILL_AREA_STYLE_COLOUR('',#5731);
#5992 = STYLED_ITEM('color',(#5993),#4037);
#5993 = PRESENTATION_STYLE_ASSIGNMENT((#5994));
#5994 = SURFACE_STYLE_USAGE(.BOTH.,#5995);
#5995 = SURFACE_SIDE_STYLE('',(#5996));
#5996 = SURFACE_STYLE_FILL_AREA(#5997);
#5997 = FILL_AREA_STYLE('',(#5998));
#5998 = FILL_AREA_STYLE_COLOUR('',#5760);
#5999 = STYLED_ITEM('color',(#6000),#4068);
#6000 = PRESENTATION_STYLE_ASSIGNMENT((#6001));
#6001 = SURFACE_STYLE_USAGE(.BOTH.,#6002);
#6002 = SURFACE_SIDE_STYLE('',(#6003));
#6003 = SURFACE_STYLE_FILL_AREA(#6004);
#6004 = FILL_AREA_STYLE('',(#6005));
#6005 = FILL_AREA_STYLE_COLOUR('',#5760);
#6006 = STYLED_ITEM('color',(#6007),#4092);
#6007 = PRESENTATION_STYLE_ASSIGNMENT((#6008));
#6008 = SURFACE_STYLE_USAGE(.BOTH.,#6009);
#6009 = SURFACE_SIDE_STYLE('',(#6010));
#6010 = SURFACE_STYLE_FILL_AREA(#6011);
#6011 = FILL_AREA_STYLE('',(#6012));
#6012 = FILL_AREA_STYLE_COLOUR('',#5760);
#6013 = STYLED_ITEM('color',(#6014),#4116);
#6014 = PRESENTATION_STYLE_ASSIGNMENT((#6015));
#6015 = SURFACE_STYLE_USAGE(.BOTH.,#6016);
#6016 = SURFACE_SIDE_STYLE('',(#6017));
#6017 = SURFACE_STYLE_FILL_AREA(#6018);
#6018 = FILL_AREA_STYLE('',(#6019));
#6019 = FILL_AREA_STYLE_COLOUR('',#5760);
#6020 = STYLED_ITEM('color',(#6021),#4133);
#6021 = PRESENTATION_STYLE_ASSIGNMENT((#6022));
#6022 = SURFACE_STYLE_USAGE(.BOTH.,#6023);
#6023 = SURFACE_SIDE_STYLE('',(#6024));
#6024 = SURFACE_STYLE_FILL_AREA(#6025);
#6025 = FILL_AREA_STYLE('',(#6026));
#6026 = FILL_AREA_STYLE_COLOUR('',#5760);
#6027 = STYLED_ITEM('color',(#6028),#4164);
#6028 = PRESENTATION_STYLE_ASSIGNMENT((#6029));
#6029 = SURFACE_STYLE_USAGE(.BOTH.,#6030);
#6030 = SURFACE_SIDE_STYLE('',(#6031));
#6031 = SURFACE_STYLE_FILL_AREA(#6032);
#6032 = FILL_AREA_STYLE('',(#6033));
#6033 = FILL_AREA_STYLE_COLOUR('',#5760);
#6034 = STYLED_ITEM('color',(#6035),#4188);
#6035 = PRESENTATION_STYLE_ASSIGNMENT((#6036));
#6036 = SURFACE_STYLE_USAGE(.BOTH.,#6037);
#6037 = SURFACE_SIDE_STYLE('',(#6038));
#6038 = SURFACE_STYLE_FILL_AREA(#6039);
#6039 = FILL_AREA_STYLE('',(#6040));
#6040 = FILL_AREA_STYLE_COLOUR('',#5760);
#6041 = STYLED_ITEM('color',(#6042),#4212);
#6042 = PRESENTATION_STYLE_ASSIGNMENT((#6043));
#6043 = SURFACE_STYLE_USAGE(.BOTH.,#6044);
#6044 = SURFACE_SIDE_STYLE('',(#6045));
#6045 = SURFACE_STYLE_FILL_AREA(#6046);
#6046 = FILL_AREA_STYLE('',(#6047));
#6047 = FILL_AREA_STYLE_COLOUR('',#5760);
#6048 = STYLED_ITEM('color',(#6049),#4229);
#6049 = PRESENTATION_STYLE_ASSIGNMENT((#6050));
#6050 = SURFACE_STYLE_USAGE(.BOTH.,#6051);
#6051 = SURFACE_SIDE_STYLE('',(#6052));
#6052 = SURFACE_STYLE_FILL_AREA(#6053);
#6053 = FILL_AREA_STYLE('',(#6054));
#6054 = FILL_AREA_STYLE_COLOUR('',#5760);
#6055 = STYLED_ITEM('color',(#6056),#4260);
#6056 = PRESENTATION_STYLE_ASSIGNMENT((#6057));
#6057 = SURFACE_STYLE_USAGE(.BOTH.,#6058);
#6058 = SURFACE_SIDE_STYLE('',(#6059));
#6059 = SURFACE_STYLE_FILL_AREA(#6060);
#6060 = FILL_AREA_STYLE('',(#6061));
#6061 = FILL_AREA_STYLE_COLOUR('',#5760);
#6062 = STYLED_ITEM('color',(#6063),#4284);
#6063 = PRESENTATION_STYLE_ASSIGNMENT((#6064));
#6064 = SURFACE_STYLE_USAGE(.BOTH.,#6065);
#6065 = SURFACE_SIDE_STYLE('',(#6066));
#6066 = SURFACE_STYLE_FILL_AREA(#6067);
#6067 = FILL_AREA_STYLE('',(#6068));
#6068 = FILL_AREA_STYLE_COLOUR('',#5760);
#6069 = STYLED_ITEM('color',(#6070),#4308);
#6070 = PRESENTATION_STYLE_ASSIGNMENT((#6071));
#6071 = SURFACE_STYLE_USAGE(.BOTH.,#6072);
#6072 = SURFACE_SIDE_STYLE('',(#6073));
#6073 = SURFACE_STYLE_FILL_AREA(#6074);
#6074 = FILL_AREA_STYLE('',(#6075));
#6075 = FILL_AREA_STYLE_COLOUR('',#5760);
#6076 = STYLED_ITEM('color',(#6077),#4325);
#6077 = PRESENTATION_STYLE_ASSIGNMENT((#6078));
#6078 = SURFACE_STYLE_USAGE(.BOTH.,#6079);
#6079 = SURFACE_SIDE_STYLE('',(#6080));
#6080 = SURFACE_STYLE_FILL_AREA(#6081);
#6081 = FILL_AREA_STYLE('',(#6082));
#6082 = FILL_AREA_STYLE_COLOUR('',#5760);
#6083 = STYLED_ITEM('color',(#6084),#4356);
#6084 = PRESENTATION_STYLE_ASSIGNMENT((#6085));
#6085 = SURFACE_STYLE_USAGE(.BOTH.,#6086);
#6086 = SURFACE_SIDE_STYLE('',(#6087));
#6087 = SURFACE_STYLE_FILL_AREA(#6088);
#6088 = FILL_AREA_STYLE('',(#6089));
#6089 = FILL_AREA_STYLE_COLOUR('',#5760);
#6090 = STYLED_ITEM('color',(#6091),#4380);
#6091 = PRESENTATION_STYLE_ASSIGNMENT((#6092));
#6092 = SURFACE_STYLE_USAGE(.BOTH.,#6093);
#6093 = SURFACE_SIDE_STYLE('',(#6094));
#6094 = SURFACE_STYLE_FILL_AREA(#6095);
#6095 = FILL_AREA_STYLE('',(#6096));
#6096 = FILL_AREA_STYLE_COLOUR('',#5760);
#6097 = STYLED_ITEM('color',(#6098),#4404);
#6098 = PRESENTATION_STYLE_ASSIGNMENT((#6099));
#6099 = SURFACE_STYLE_USAGE(.BOTH.,#6100);
#6100 = SURFACE_SIDE_STYLE('',(#6101));
#6101 = SURFACE_STYLE_FILL_AREA(#6102);
#6102 = FILL_AREA_STYLE('',(#6103));
#6103 = FILL_AREA_STYLE_COLOUR('',#5760);
#6104 = STYLED_ITEM('color',(#6105),#4421);
#6105 = PRESENTATION_STYLE_ASSIGNMENT((#6106));
#6106 = SURFACE_STYLE_USAGE(.BOTH.,#6107);
#6107 = SURFACE_SIDE_STYLE('',(#6108));
#6108 = SURFACE_STYLE_FILL_AREA(#6109);
#6109 = FILL_AREA_STYLE('',(#6110));
#6110 = FILL_AREA_STYLE_COLOUR('',#5760);
#6111 = STYLED_ITEM('color',(#6112),#4433);
#6112 = PRESENTATION_STYLE_ASSIGNMENT((#6113));
#6113 = SURFACE_STYLE_USAGE(.BOTH.,#6114);
#6114 = SURFACE_SIDE_STYLE('',(#6115));
#6115 = SURFACE_STYLE_FILL_AREA(#6116);
#6116 = FILL_AREA_STYLE('',(#6117));
#6117 = FILL_AREA_STYLE_COLOUR('',#5760);
#6118 = STYLED_ITEM('color',(#6119),#4445);
#6119 = PRESENTATION_STYLE_ASSIGNMENT((#6120));
#6120 = SURFACE_STYLE_USAGE(.BOTH.,#6121);
#6121 = SURFACE_SIDE_STYLE('',(#6122));
#6122 = SURFACE_STYLE_FILL_AREA(#6123);
#6123 = FILL_AREA_STYLE('',(#6124));
#6124 = FILL_AREA_STYLE_COLOUR('',#5760);
#6125 = STYLED_ITEM('color',(#6126),#4457);
#6126 = PRESENTATION_STYLE_ASSIGNMENT((#6127));
#6127 = SURFACE_STYLE_USAGE(.BOTH.,#6128);
#6128 = SURFACE_SIDE_STYLE('',(#6129));
#6129 = SURFACE_STYLE_FILL_AREA(#6130);
#6130 = FILL_AREA_STYLE('',(#6131));
#6131 = FILL_AREA_STYLE_COLOUR('',#5760);
ENDSEC;
END-ISO-10303-21;
